date,campaign_name,campaign_type,city,spend,impressions,clicks,landed,lead_submitted,pay_now_attempt,conversions,gtv
2026-03-01,vrs26_gads_search_brand_natl,search_brand,Mumbai,10313.09,31495,643,643,135,60,32,63467
2026-03-01,vrs26_gads_search_brand_natl,search_brand,Delhi NCR,8189.79,27438,606,606,120,48,24,45375
2026-03-01,vrs26_gads_search_brand_natl,search_brand,Bengaluru,7919.77,24735,573,573,118,48,45,76453
2026-03-01,vrs26_gads_search_brand_natl,search_brand,Hyderabad,6094.96,19123,387,387,89,36,20,44079
2026-03-01,vrs26_gads_search_brand_natl,search_brand,Pune,4184.32,13080,302,302,65,28,13,19187
2026-03-01,vrs26_gads_search_brand_natl,search_brand,Chennai,3370.61,11509,260,260,61,20,12,28987
2026-03-01,vrs26_gads_search_generic_marathon_natl,search_generic,Mumbai,14290.59,45522,1108,1108,145,51,23,40373
2026-03-01,vrs26_gads_search_generic_marathon_natl,search_generic,Delhi NCR,15066.94,50072,1196,1196,133,45,23,47974
2026-03-01,vrs26_gads_search_generic_marathon_natl,search_generic,Bengaluru,11327.74,34203,688,688,77,29,15,33683
2026-03-01,vrs26_gads_search_generic_marathon_natl,search_generic,Hyderabad,7969.32,23152,577,577,77,25,15,21984
2026-03-01,vrs26_gads_search_generic_marathon_natl,search_generic,Pune,5678.93,16332,332,332,35,12,9,25190
2026-03-01,vrs26_gads_search_generic_marathon_natl,search_generic,Chennai,4234.05,13410,307,307,37,12,10,11790
2026-03-02,vrs26_gads_search_brand_natl,search_brand,Mumbai,7642.85,28200,547,547,113,38,26,48872
2026-03-02,vrs26_gads_search_brand_natl,search_brand,Delhi NCR,7565.47,23955,577,577,114,46,25,48874
2026-03-02,vrs26_gads_search_brand_natl,search_brand,Bengaluru,6701.48,23710,488,488,99,39,23,40375
2026-03-02,vrs26_gads_search_brand_natl,search_brand,Hyderabad,3976.79,14561,305,305,62,20,9,21191
2026-03-02,vrs26_gads_search_brand_natl,search_brand,Pune,3167.78,11519,308,308,77,35,26,49371
2026-03-02,vrs26_gads_search_brand_natl,search_brand,Chennai,2703.43,9969,232,232,46,24,13,16387
2026-03-02,vrs26_gads_search_generic_marathon_natl,search_generic,Mumbai,13169.18,53935,1307,1307,163,68,39,72958
2026-03-02,vrs26_gads_search_generic_marathon_natl,search_generic,Delhi NCR,9719.37,34915,754,754,116,51,29,26371
2026-03-02,vrs26_gads_search_generic_marathon_natl,search_generic,Bengaluru,9966.7,36482,880,880,125,37,21,42178
2026-03-02,vrs26_gads_search_generic_marathon_natl,search_generic,Hyderabad,5758.22,21162,389,389,54,19,9,15688
2026-03-02,vrs26_gads_search_generic_marathon_natl,search_generic,Pune,4229.75,14532,300,300,26,11,5,5895
2026-03-02,vrs26_gads_search_generic_marathon_natl,search_generic,Chennai,3572.04,13621,277,277,43,17,11,31689
2026-03-03,vrs26_gads_search_brand_natl,search_brand,Mumbai,7089.86,27234,575,575,116,46,37,66060
2026-03-03,vrs26_gads_search_brand_natl,search_brand,Delhi NCR,7921.65,29387,626,626,136,58,35,73463
2026-03-03,vrs26_gads_search_brand_natl,search_brand,Bengaluru,6263.7,22465,479,479,89,38,20,33479
2026-03-03,vrs26_gads_search_brand_natl,search_brand,Hyderabad,4106.22,14133,252,252,53,22,9,18991
2026-03-03,vrs26_gads_search_brand_natl,search_brand,Pune,3165.81,12686,184,184,35,13,11,25888
2026-03-03,vrs26_gads_search_brand_natl,search_brand,Chennai,2484.89,9660,202,202,35,17,14,34184
2026-03-03,vrs26_gads_search_generic_marathon_natl,search_generic,Mumbai,11137.73,39448,702,702,71,26,20,33077
2026-03-03,vrs26_gads_search_generic_marathon_natl,search_generic,Delhi NCR,9373.04,38247,881,881,118,42,24,33876
2026-03-03,vrs26_gads_search_generic_marathon_natl,search_generic,Bengaluru,9429.71,33624,692,692,109,34,22,37676
2026-03-03,vrs26_gads_search_generic_marathon_natl,search_generic,Hyderabad,7183.08,21900,413,413,43,13,4,4596
2026-03-03,vrs26_gads_search_generic_marathon_natl,search_generic,Pune,4260.45,16206,358,358,41,15,7,12493
2026-03-03,vrs26_gads_search_generic_marathon_natl,search_generic,Chennai,3970.65,13578,238,238,32,10,6,10594
2026-03-04,vrs26_gads_search_brand_natl,search_brand,Mumbai,9018.68,28266,610,610,113,37,24,46374
2026-03-04,vrs26_gads_search_brand_natl,search_brand,Delhi NCR,7650.04,26380,457,457,92,36,23,45677
2026-03-04,vrs26_gads_search_brand_natl,search_brand,Bengaluru,7025.46,23911,454,454,99,43,27,55173
2026-03-04,vrs26_gads_search_brand_natl,search_brand,Hyderabad,4364.25,13515,207,207,47,14,5,11895
2026-03-04,vrs26_gads_search_brand_natl,search_brand,Pune,3385.06,11458,279,279,66,25,18,43178
2026-03-04,vrs26_gads_search_brand_natl,search_brand,Chennai,2266.04,8412,182,182,38,18,9,10790
2026-03-04,vrs26_gads_search_generic_marathon_natl,search_generic,Mumbai,12539.17,44328,1012,1012,114,35,10,12989
2026-03-04,vrs26_gads_search_generic_marathon_natl,search_generic,Delhi NCR,11595.31,41164,634,634,91,31,15,25982
2026-03-04,vrs26_gads_search_generic_marathon_natl,search_generic,Bengaluru,9216.35,32575,660,660,95,35,14,30085
2026-03-04,vrs26_gads_search_generic_marathon_natl,search_generic,Hyderabad,6560.89,20748,493,493,61,22,17,24183
2026-03-04,vrs26_gads_search_generic_marathon_natl,search_generic,Pune,5347.13,19878,298,298,21,4,2,11497
2026-03-04,vrs26_gads_search_generic_marathon_natl,search_generic,Chennai,4008.93,15910,319,319,34,11,8,11991
2026-03-05,vrs26_gads_search_brand_natl,search_brand,Mumbai,8898.48,31193,629,629,115,61,30,51170
2026-03-05,vrs26_gads_search_brand_natl,search_brand,Delhi NCR,7313.36,28833,605,605,121,52,29,56769
2026-03-05,vrs26_gads_search_brand_natl,search_brand,Bengaluru,6184.87,21553,495,495,96,41,30,54069
2026-03-05,vrs26_gads_search_brand_natl,search_brand,Hyderabad,3974.19,12785,281,281,65,33,19,32981
2026-03-05,vrs26_gads_search_brand_natl,search_brand,Pune,3649.35,12410,300,300,67,27,16,34784
2026-03-05,vrs26_gads_search_brand_natl,search_brand,Chennai,3519.37,10782,308,308,60,23,13,22287
2026-03-05,vrs26_gads_search_generic_marathon_natl,search_generic,Mumbai,14076.41,51279,733,733,93,34,15,21984
2026-03-05,vrs26_gads_search_generic_marathon_natl,search_generic,Delhi NCR,9602.57,32774,736,736,80,33,17,27283
2026-03-05,vrs26_gads_search_generic_marathon_natl,search_generic,Bengaluru,10099.88,31763,633,633,90,30,18,22682
2026-03-05,vrs26_gads_search_generic_marathon_natl,search_generic,Hyderabad,6349.45,22977,440,440,59,21,10,10090
2026-03-05,vrs26_gads_search_generic_marathon_natl,search_generic,Pune,4538.95,15304,296,296,36,13,7,9693
2026-03-05,vrs26_gads_search_generic_marathon_natl,search_generic,Chennai,4352.17,13108,293,293,37,19,9,17790
2026-03-06,vrs26_gads_search_brand_natl,search_brand,Mumbai,8081.48,28849,505,505,114,53,29,56369
2026-03-06,vrs26_gads_search_brand_natl,search_brand,Delhi NCR,6455.1,24149,495,495,107,40,21,49675
2026-03-06,vrs26_gads_search_brand_natl,search_brand,Bengaluru,5091.06,19212,391,391,81,34,21,40876
2026-03-06,vrs26_gads_search_brand_natl,search_brand,Hyderabad,4539.15,16127,316,316,64,28,20,39478
2026-03-06,vrs26_gads_search_brand_natl,search_brand,Pune,3509.6,12853,317,317,57,25,11,21088
2026-03-06,vrs26_gads_search_brand_natl,search_brand,Chennai,2116.21,8309,145,145,27,7,4,4296
2026-03-06,vrs26_gads_search_generic_marathon_natl,search_generic,Mumbai,10499.14,35239,714,714,78,29,17,25382
2026-03-06,vrs26_gads_search_generic_marathon_natl,search_generic,Delhi NCR,9843.09,38377,871,871,104,35,19,30580
2026-03-06,vrs26_gads_search_generic_marathon_natl,search_generic,Bengaluru,8485.75,31143,589,589,85,24,11,23288
2026-03-06,vrs26_gads_search_generic_marathon_natl,search_generic,Hyderabad,6321.59,24717,590,590,72,26,21,40878
2026-03-06,vrs26_gads_search_generic_marathon_natl,search_generic,Pune,4656.75,12913,235,235,30,14,7,10493
2026-03-06,vrs26_gads_search_generic_marathon_natl,search_generic,Chennai,3736.69,12925,267,267,33,10,5,7394
2026-03-07,vrs26_gads_search_brand_natl,search_brand,Mumbai,7168.96,25514,476,476,88,35,30,56269
2026-03-07,vrs26_gads_search_brand_natl,search_brand,Delhi NCR,5149.15,19484,488,488,102,41,27,30071
2026-03-07,vrs26_gads_search_brand_natl,search_brand,Bengaluru,6672.01,20889,412,412,90,33,19,32479
2026-03-07,vrs26_gads_search_brand_natl,search_brand,Hyderabad,4204.84,16609,396,396,73,31,15,26485
2026-03-07,vrs26_gads_search_brand_natl,search_brand,Pune,2997.01,10790,252,252,52,22,15,31585
2026-03-07,vrs26_gads_search_brand_natl,search_brand,Chennai,2269.3,8937,187,187,40,15,10,18290
2026-03-07,vrs26_gads_search_generic_marathon_natl,search_generic,Mumbai,10030.62,35163,818,818,79,28,15,25884
2026-03-07,vrs26_gads_search_generic_marathon_natl,search_generic,Delhi NCR,8945.16,35394,859,859,109,46,23,38875
2026-03-07,vrs26_gads_search_generic_marathon_natl,search_generic,Bengaluru,8767.49,31908,693,693,79,29,21,42678
2026-03-07,vrs26_gads_search_generic_marathon_natl,search_generic,Hyderabad,6471.27,23723,517,517,57,18,9,11391
2026-03-07,vrs26_gads_search_generic_marathon_natl,search_generic,Pune,4088.69,15108,369,369,44,15,8,13192
2026-03-07,vrs26_gads_search_generic_marathon_natl,search_generic,Chennai,3294.03,12490,197,197,25,13,5,9795
2026-03-08,vrs26_gads_search_brand_natl,search_brand,Mumbai,6932.14,22973,398,398,81,24,19,31179
2026-03-08,vrs26_gads_search_brand_natl,search_brand,Delhi NCR,5377.04,19953,512,512,110,43,24,42075
2026-03-08,vrs26_gads_search_brand_natl,search_brand,Bengaluru,6102.51,22346,497,497,109,57,51,92047
2026-03-08,vrs26_gads_search_brand_natl,search_brand,Hyderabad,4422.82,18027,432,432,90,38,27,45173
2026-03-08,vrs26_gads_search_brand_natl,search_brand,Pune,2744.62,9388,227,227,47,15,10,10290
2026-03-08,vrs26_gads_search_brand_natl,search_brand,Chennai,2306.32,8361,204,204,54,17,14,20186
2026-03-08,vrs26_gads_search_generic_marathon_natl,search_generic,Mumbai,9996.73,39161,664,664,86,34,24,47475
2026-03-08,vrs26_gads_search_generic_marathon_natl,search_generic,Delhi NCR,9668.16,30285,755,755,98,30,14,33685
2026-03-08,vrs26_gads_search_generic_marathon_natl,search_generic,Bengaluru,8195.73,30377,747,747,75,36,21,37279
2026-03-08,vrs26_gads_search_generic_marathon_natl,search_generic,Hyderabad,5941.62,26710,625,625,73,25,9,18189
2026-03-08,vrs26_gads_search_generic_marathon_natl,search_generic,Pune,3890.28,15833,287,287,34,15,10,9889
2026-03-08,vrs26_gads_search_generic_marathon_natl,search_generic,Chennai,3063.13,11983,234,234,27,7,5,6695
2026-03-09,vrs26_gads_search_brand_natl,search_brand,Mumbai,5688.6,23183,561,561,121,45,23,49077
2026-03-09,vrs26_gads_search_brand_natl,search_brand,Delhi NCR,5988.32,21253,419,419,90,46,26,55773
2026-03-09,vrs26_gads_search_brand_natl,search_brand,Bengaluru,4735.59,19324,437,437,62,25,21,38878
2026-03-09,vrs26_gads_search_brand_natl,search_brand,Hyderabad,3008.79,10464,260,260,65,23,14,15386
2026-03-09,vrs26_gads_search_brand_natl,search_brand,Pune,2549.68,9751,201,201,43,22,13,25185
2026-03-09,vrs26_gads_search_brand_natl,search_brand,Chennai,1910.11,8041,178,178,33,17,8,7192
2026-03-09,vrs26_gads_search_generic_marathon_natl,search_generic,Mumbai,8501.65,36390,760,760,92,28,17,27983
2026-03-09,vrs26_gads_search_generic_marathon_natl,search_generic,Delhi NCR,7290.87,33072,544,544,65,28,13,19386
2026-03-09,vrs26_gads_search_generic_marathon_natl,search_generic,Bengaluru,7556.28,31248,607,607,80,31,17,22682
2026-03-09,vrs26_gads_search_generic_marathon_natl,search_generic,Hyderabad,5389.91,21938,482,482,50,17,3,4597
2026-03-09,vrs26_gads_search_generic_marathon_natl,search_generic,Pune,3650.27,14843,304,304,33,8,2,3998
2026-03-09,vrs26_gads_search_generic_marathon_natl,search_generic,Chennai,2514.15,10753,256,256,32,9,8,10992
2026-03-10,vrs26_gads_search_brand_natl,search_brand,Mumbai,7929.19,30434,612,612,122,45,26,36372
2026-03-10,vrs26_gads_search_brand_natl,search_brand,Delhi NCR,6507.33,24235,641,641,129,47,28,49972
2026-03-10,vrs26_gads_search_brand_natl,search_brand,Bengaluru,5853.46,20418,417,417,92,45,22,33577
2026-03-10,vrs26_gads_search_brand_natl,search_brand,Hyderabad,3810.47,13934,286,286,50,17,8,14992
2026-03-10,vrs26_gads_search_brand_natl,search_brand,Pune,2830.63,11790,298,298,70,29,14,15085
2026-03-10,vrs26_gads_search_brand_natl,search_brand,Chennai,2291.03,7699,167,167,28,11,7,10993
2026-03-10,vrs26_gads_search_generic_marathon_natl,search_generic,Mumbai,10462.23,41895,1101,1101,125,45,25,39573
2026-03-10,vrs26_gads_search_generic_marathon_natl,search_generic,Delhi NCR,9884.64,32773,699,699,75,16,11,20089
2026-03-10,vrs26_gads_search_generic_marathon_natl,search_generic,Bengaluru,8279.21,27093,536,536,72,22,12,23288
2026-03-10,vrs26_gads_search_generic_marathon_natl,search_generic,Hyderabad,6675.26,26543,469,469,49,14,12,22088
2026-03-10,vrs26_gads_search_generic_marathon_natl,search_generic,Pune,4140.54,14491,296,296,40,15,9,22390
2026-03-10,vrs26_gads_search_generic_marathon_natl,search_generic,Chennai,3267.35,12831,275,275,23,10,6,9093
2026-03-11,vrs26_gads_search_brand_natl,search_brand,Mumbai,6513.3,24448,527,527,97,30,22,35177
2026-03-11,vrs26_gads_search_brand_natl,search_brand,Delhi NCR,5757.81,20179,322,322,66,20,12,18286
2026-03-11,vrs26_gads_search_brand_natl,search_brand,Bengaluru,5254.31,19899,433,433,92,36,19,26479
2026-03-11,vrs26_gads_search_brand_natl,search_brand,Hyderabad,4142.31,13715,305,305,72,30,25,41771
2026-03-11,vrs26_gads_search_brand_natl,search_brand,Pune,3014.63,11239,314,314,68,25,15,23185
2026-03-11,vrs26_gads_search_brand_natl,search_brand,Chennai,2337.25,9506,108,108,22,7,5,7895
2026-03-11,vrs26_gads_search_generic_marathon_natl,search_generic,Mumbai,11302.5,42223,940,940,114,36,16,31182
2026-03-11,vrs26_gads_search_generic_marathon_natl,search_generic,Delhi NCR,8115.24,30613,807,807,94,35,27,41472
2026-03-11,vrs26_gads_search_generic_marathon_natl,search_generic,Bengaluru,8152.37,31189,668,668,79,31,11,20989
2026-03-11,vrs26_gads_search_generic_marathon_natl,search_generic,Hyderabad,4522.94,18025,359,359,46,16,10,21389
2026-03-11,vrs26_gads_search_generic_marathon_natl,search_generic,Pune,3556.76,11507,256,256,45,19,13,28487
2026-03-11,vrs26_gads_search_generic_marathon_natl,search_generic,Chennai,3840.41,13839,305,305,34,10,4,7296
2026-03-12,vrs26_gads_search_brand_natl,search_brand,Mumbai,6301.19,24095,504,504,101,50,37,55460
2026-03-12,vrs26_gads_search_brand_natl,search_brand,Delhi NCR,4636.5,18394,323,323,68,34,18,33881
2026-03-12,vrs26_gads_search_brand_natl,search_brand,Bengaluru,5409.27,22374,535,535,111,40,35,84462
2026-03-12,vrs26_gads_search_brand_natl,search_brand,Hyderabad,3580.85,12443,245,245,50,20,13,24885
2026-03-12,vrs26_gads_search_brand_natl,search_brand,Pune,2618.15,9322,219,219,35,13,7,7691
2026-03-12,vrs26_gads_search_brand_natl,search_brand,Chennai,2218.96,7628,169,169,35,13,7,13393
2026-03-12,vrs26_gads_search_generic_marathon_natl,search_generic,Mumbai,10349.43,45450,1004,1004,123,35,18,36281
2026-03-12,vrs26_gads_search_generic_marathon_natl,search_generic,Delhi NCR,7190.76,29332,629,629,78,29,23,38275
2026-03-12,vrs26_gads_search_generic_marathon_natl,search_generic,Bengaluru,6984.96,24871,628,628,75,29,12,31188
2026-03-12,vrs26_gads_search_generic_marathon_natl,search_generic,Hyderabad,5093.8,18683,461,461,56,20,19,40379
2026-03-12,vrs26_gads_search_generic_marathon_natl,search_generic,Pune,3772.98,14978,279,279,39,13,9,16090
2026-03-12,vrs26_gads_search_generic_marathon_natl,search_generic,Chennai,2802.97,11004,206,206,22,9,4,7796
2026-03-13,vrs26_gads_search_brand_natl,search_brand,Mumbai,6978.49,25375,630,630,126,56,36,53963
2026-03-13,vrs26_gads_search_brand_natl,search_brand,Delhi NCR,6399.69,23563,456,456,84,34,15,27684
2026-03-13,vrs26_gads_search_brand_natl,search_brand,Bengaluru,5777.38,21962,577,577,127,51,29,51270
2026-03-13,vrs26_gads_search_brand_natl,search_brand,Hyderabad,3595.25,13897,240,240,48,12,8,14392
2026-03-13,vrs26_gads_search_brand_natl,search_brand,Pune,3181.94,11904,298,298,70,23,12,16188
2026-03-13,vrs26_gads_search_brand_natl,search_brand,Chennai,2430.97,8340,152,152,25,10,8,14791
2026-03-13,vrs26_gads_search_generic_marathon_natl,search_generic,Mumbai,11585.41,41311,810,810,104,37,23,37977
2026-03-13,vrs26_gads_search_generic_marathon_natl,search_generic,Delhi NCR,8737.94,32577,559,559,74,29,16,24584
2026-03-13,vrs26_gads_search_generic_marathon_natl,search_generic,Bengaluru,8963.93,35192,761,761,113,36,27,45973
2026-03-13,vrs26_gads_search_generic_marathon_natl,search_generic,Hyderabad,5321.15,20097,459,459,75,25,11,15589
2026-03-13,vrs26_gads_search_generic_marathon_natl,search_generic,Pune,4047.38,15077,280,280,43,15,8,23891
2026-03-13,vrs26_gads_search_generic_marathon_natl,search_generic,Chennai,2798.86,11491,244,244,31,11,8,13992
2026-03-14,vrs26_gads_search_brand_natl,search_brand,Mumbai,4682.55,18562,354,354,72,25,12,30288
2026-03-14,vrs26_gads_search_brand_natl,search_brand,Delhi NCR,4106.63,17187,333,333,71,27,14,39285
2026-03-14,vrs26_gads_search_brand_natl,search_brand,Bengaluru,3362.46,11835,229,229,59,24,17,24482
2026-03-14,vrs26_gads_search_brand_natl,search_brand,Hyderabad,2766.02,9549,181,181,55,24,15,20685
2026-03-14,vrs26_gads_search_brand_natl,search_brand,Pune,2035.57,7516,178,178,29,10,5,5195
2026-03-14,vrs26_gads_search_brand_natl,search_brand,Chennai,1598.4,6527,134,134,20,8,4,3396
2026-03-14,vrs26_gads_search_generic_marathon_natl,search_generic,Mumbai,7633.32,33921,851,851,110,45,24,46275
2026-03-14,vrs26_gads_search_generic_marathon_natl,search_generic,Delhi NCR,5728.84,23053,417,417,57,19,7,11893
2026-03-14,vrs26_gads_search_generic_marathon_natl,search_generic,Bengaluru,5735.76,18266,377,377,47,18,9,12991
2026-03-14,vrs26_gads_search_generic_marathon_natl,search_generic,Hyderabad,3234.47,12560,258,258,38,12,4,6396
2026-03-14,vrs26_gads_search_generic_marathon_natl,search_generic,Pune,2758.27,9706,235,235,28,11,7,12093
2026-03-14,vrs26_gads_search_generic_marathon_natl,search_generic,Chennai,2023.24,6708,132,132,10,1,1,1999
2026-03-14,vrs26_gads_search_generic_10k_natl,search_generic,Mumbai,4323.07,17098,371,371,43,25,13,25887
2026-03-14,vrs26_gads_search_generic_10k_natl,search_generic,Delhi NCR,3502.43,12248,251,251,22,7,5,11594
2026-03-14,vrs26_gads_search_generic_10k_natl,search_generic,Bengaluru,3877.8,14825,330,330,42,18,10,17290
2026-03-14,vrs26_gads_search_generic_10k_natl,search_generic,Hyderabad,2590.96,9154,191,191,23,9,3,4097
2026-03-14,vrs26_gads_search_generic_10k_natl,search_generic,Pune,1392.01,5042,82,82,10,3,1,1999
2026-03-14,vrs26_gads_search_generic_10k_natl,search_generic,Chennai,1438.3,6051,116,116,9,1,1,1299
2026-03-15,vrs26_gads_search_brand_natl,search_brand,Mumbai,5006.92,16498,332,332,76,31,27,47772
2026-03-15,vrs26_gads_search_brand_natl,search_brand,Delhi NCR,3918.96,14059,340,340,64,35,32,45164
2026-03-15,vrs26_gads_search_brand_natl,search_brand,Bengaluru,4476.84,17441,414,414,80,31,17,31780
2026-03-15,vrs26_gads_search_brand_natl,search_brand,Hyderabad,2603.5,9188,249,249,60,24,16,26782
2026-03-15,vrs26_gads_search_brand_natl,search_brand,Pune,2255.21,7315,158,158,37,11,3,5097
2026-03-15,vrs26_gads_search_brand_natl,search_brand,Chennai,1775.88,7348,223,223,55,22,19,30779
2026-03-15,vrs26_gads_search_generic_marathon_natl,search_generic,Mumbai,7447.92,28892,601,601,52,22,8,11491
2026-03-15,vrs26_gads_search_generic_marathon_natl,search_generic,Delhi NCR,5958.14,19590,494,494,63,22,12,22988
2026-03-15,vrs26_gads_search_generic_marathon_natl,search_generic,Bengaluru,6479.59,23885,381,381,39,12,4,6896
2026-03-15,vrs26_gads_search_generic_marathon_natl,search_generic,Hyderabad,4318.4,17248,350,350,42,16,9,12490
2026-03-15,vrs26_gads_search_generic_marathon_natl,search_generic,Pune,2491.41,8201,200,200,25,6,3,3696
2026-03-15,vrs26_gads_search_generic_marathon_natl,search_generic,Chennai,2589.83,8697,190,190,28,5,5,3695
2026-03-15,vrs26_gads_search_generic_10k_natl,search_generic,Mumbai,4374.68,17745,357,357,39,16,9,16690
2026-03-15,vrs26_gads_search_generic_10k_natl,search_generic,Delhi NCR,4488.58,16130,311,311,46,20,7,13693
2026-03-15,vrs26_gads_search_generic_10k_natl,search_generic,Bengaluru,3442.97,11931,250,250,33,15,13,36986
2026-03-15,vrs26_gads_search_generic_10k_natl,search_generic,Hyderabad,2826.11,11641,252,252,30,11,9,13791
2026-03-15,vrs26_gads_search_generic_10k_natl,search_generic,Pune,1831.07,6243,132,132,17,3,1,1299
2026-03-15,vrs26_gads_search_generic_10k_natl,search_generic,Chennai,1532.56,4971,132,132,15,10,6,8694
2026-03-16,vrs26_gads_search_brand_natl,search_brand,Mumbai,5787.29,18722,452,452,76,25,22,42277
2026-03-16,vrs26_gads_search_brand_natl,search_brand,Delhi NCR,4571.47,17062,363,363,64,25,14,32786
2026-03-16,vrs26_gads_search_brand_natl,search_brand,Bengaluru,5044.21,20017,426,426,69,29,21,36476
2026-03-16,vrs26_gads_search_brand_natl,search_brand,Hyderabad,3334.49,12308,268,268,61,25,18,29180
2026-03-16,vrs26_gads_search_brand_natl,search_brand,Pune,2013.94,7125,141,141,26,12,3,4097
2026-03-16,vrs26_gads_search_brand_natl,search_brand,Chennai,1914.86,6961,133,133,33,12,5,6794
2026-03-16,vrs26_gads_search_generic_marathon_natl,search_generic,Mumbai,9044.42,28475,523,523,55,22,14,17685
2026-03-16,vrs26_gads_search_generic_marathon_natl,search_generic,Delhi NCR,7087.49,23498,561,561,70,17,6,14893
2026-03-16,vrs26_gads_search_generic_marathon_natl,search_generic,Bengaluru,5815.55,19007,412,412,53,18,10,19889
2026-03-16,vrs26_gads_search_generic_marathon_natl,search_generic,Hyderabad,5324.4,20356,484,484,61,17,10,14789
2026-03-16,vrs26_gads_search_generic_marathon_natl,search_generic,Pune,3381.7,10338,219,219,20,7,4,6396
2026-03-16,vrs26_gads_search_generic_marathon_natl,search_generic,Chennai,2474.04,9010,166,166,25,9,2,1798
2026-03-16,vrs26_gads_search_generic_10k_natl,search_generic,Mumbai,5409.73,21927,309,309,39,16,10,13090
2026-03-16,vrs26_gads_search_generic_10k_natl,search_generic,Delhi NCR,3757,14371,360,360,44,13,9,13291
2026-03-16,vrs26_gads_search_generic_10k_natl,search_generic,Bengaluru,4386.73,14124,310,310,38,12,10,16190
2026-03-16,vrs26_gads_search_generic_10k_natl,search_generic,Hyderabad,2942.73,8924,137,137,21,9,6,15393
2026-03-16,vrs26_gads_search_generic_10k_natl,search_generic,Pune,2549.51,8634,169,169,15,3,2,3998
2026-03-16,vrs26_gads_search_generic_10k_natl,search_generic,Chennai,1877,7451,160,160,15,6,3,3797
2026-03-17,vrs26_gads_search_brand_natl,search_brand,Mumbai,5259.79,22044,456,456,93,33,16,41484
2026-03-17,vrs26_gads_search_brand_natl,search_brand,Delhi NCR,4194.89,18133,380,380,79,39,24,54175
2026-03-17,vrs26_gads_search_brand_natl,search_brand,Bengaluru,3434.25,11057,264,264,49,23,12,21887
2026-03-17,vrs26_gads_search_brand_natl,search_brand,Hyderabad,3210.47,10602,268,268,46,21,8,13692
2026-03-17,vrs26_gads_search_brand_natl,search_brand,Pune,1903,8636,201,201,55,17,10,11190
2026-03-17,vrs26_gads_search_brand_natl,search_brand,Chennai,1737.15,6225,119,119,26,13,8,19591
2026-03-17,vrs26_gads_search_generic_marathon_natl,search_generic,Mumbai,6538.29,27316,477,477,59,23,17,27382
2026-03-17,vrs26_gads_search_generic_marathon_natl,search_generic,Delhi NCR,6711.27,27654,645,645,74,27,15,31183
2026-03-17,vrs26_gads_search_generic_marathon_natl,search_generic,Bengaluru,6368.61,23494,485,485,49,18,15,25785
2026-03-17,vrs26_gads_search_generic_marathon_natl,search_generic,Hyderabad,4086.89,17047,378,378,54,17,7,5192
2026-03-17,vrs26_gads_search_generic_marathon_natl,search_generic,Pune,2789.67,11124,188,188,25,10,6,12092
2026-03-17,vrs26_gads_search_generic_marathon_natl,search_generic,Chennai,2355.36,8987,179,179,27,7,4,6096
2026-03-17,vrs26_gads_search_generic_10k_natl,search_generic,Mumbai,4526.14,18010,316,316,42,14,10,11689
2026-03-17,vrs26_gads_search_generic_10k_natl,search_generic,Delhi NCR,4006.62,15607,274,274,34,14,11,13289
2026-03-17,vrs26_gads_search_generic_10k_natl,search_generic,Bengaluru,3629.09,13911,228,228,27,11,7,16693
2026-03-17,vrs26_gads_search_generic_10k_natl,search_generic,Hyderabad,2507.41,9236,199,199,24,11,6,7194
2026-03-17,vrs26_gads_search_generic_10k_natl,search_generic,Pune,1887.68,7758,95,95,15,5,2,2098
2026-03-17,vrs26_gads_search_generic_10k_natl,search_generic,Chennai,1664.18,6861,184,184,22,10,4,11096
2026-03-18,vrs26_gads_search_brand_natl,search_brand,Mumbai,7097.25,23865,510,510,120,60,37,71762
2026-03-18,vrs26_gads_search_brand_natl,search_brand,Delhi NCR,5836.04,21361,433,433,87,31,15,26385
2026-03-18,vrs26_gads_search_brand_natl,search_brand,Bengaluru,6236.36,20447,378,378,82,30,25,56672
2026-03-18,vrs26_gads_search_brand_natl,search_brand,Hyderabad,3289.97,11102,230,230,51,21,14,38585
2026-03-18,vrs26_gads_search_brand_natl,search_brand,Pune,2331.56,8437,206,206,47,13,7,13391
2026-03-18,vrs26_gads_search_brand_natl,search_brand,Chennai,2183.03,6987,161,161,35,17,9,12291
2026-03-18,vrs26_gads_search_generic_marathon_natl,search_generic,Mumbai,10527.2,36228,787,787,108,37,24,58372
2026-03-18,vrs26_gads_search_generic_marathon_natl,search_generic,Delhi NCR,7475.42,23174,495,495,57,20,8,13092
2026-03-18,vrs26_gads_search_generic_marathon_natl,search_generic,Bengaluru,8995.91,24974,703,703,108,41,22,32675
2026-03-18,vrs26_gads_search_generic_marathon_natl,search_generic,Hyderabad,5185.04,16911,355,355,39,19,9,16991
2026-03-18,vrs26_gads_search_generic_marathon_natl,search_generic,Pune,4390.41,14885,260,260,37,14,11,17588
2026-03-18,vrs26_gads_search_generic_marathon_natl,search_generic,Chennai,2849.85,9733,232,232,34,14,7,9892
2026-03-18,vrs26_gads_search_generic_10k_natl,search_generic,Mumbai,7061.84,25154,470,470,46,25,9,13791
2026-03-18,vrs26_gads_search_generic_10k_natl,search_generic,Delhi NCR,5550.82,17377,397,397,51,23,12,17388
2026-03-18,vrs26_gads_search_generic_10k_natl,search_generic,Bengaluru,5036.93,17058,461,461,46,14,12,15888
2026-03-18,vrs26_gads_search_generic_10k_natl,search_generic,Hyderabad,3272.64,11824,255,255,35,14,10,12290
2026-03-18,vrs26_gads_search_generic_10k_natl,search_generic,Pune,1989.78,5511,118,118,11,6,3,4895
2026-03-18,vrs26_gads_search_generic_10k_natl,search_generic,Chennai,1987.25,6116,139,139,16,7,4,16796
2026-03-19,vrs26_gads_search_brand_natl,search_brand,Mumbai,5214.47,17113,347,347,69,29,17,42081
2026-03-19,vrs26_gads_search_brand_natl,search_brand,Delhi NCR,3676.89,15214,331,331,70,32,16,32783
2026-03-19,vrs26_gads_search_brand_natl,search_brand,Bengaluru,4476.63,19244,418,418,84,35,17,32883
2026-03-19,vrs26_gads_search_brand_natl,search_brand,Hyderabad,2565.47,10059,171,171,35,18,10,24189
2026-03-19,vrs26_gads_search_brand_natl,search_brand,Pune,1879.59,6359,143,143,37,18,12,20087
2026-03-19,vrs26_gads_search_brand_natl,search_brand,Chennai,1466.29,6079,128,128,26,12,7,12692
2026-03-19,vrs26_gads_search_generic_marathon_natl,search_generic,Mumbai,7004.43,24895,493,493,59,25,12,28186
2026-03-19,vrs26_gads_search_generic_marathon_natl,search_generic,Delhi NCR,6249.31,21742,489,489,54,24,16,22184
2026-03-19,vrs26_gads_search_generic_marathon_natl,search_generic,Bengaluru,6298.42,22944,437,437,46,14,9,16990
2026-03-19,vrs26_gads_search_generic_marathon_natl,search_generic,Hyderabad,3520.52,12802,215,215,23,7,6,7093
2026-03-19,vrs26_gads_search_generic_marathon_natl,search_generic,Pune,2953.44,11624,242,242,36,12,8,13091
2026-03-19,vrs26_gads_search_generic_marathon_natl,search_generic,Chennai,2151.36,8290,187,187,26,10,9,18891
2026-03-19,vrs26_gads_search_generic_10k_natl,search_generic,Mumbai,4745.05,16638,348,348,44,13,6,8694
2026-03-19,vrs26_gads_search_generic_10k_natl,search_generic,Delhi NCR,3496.28,13747,246,246,28,15,11,19688
2026-03-19,vrs26_gads_search_generic_10k_natl,search_generic,Bengaluru,3540.22,11025,308,308,38,9,3,6396
2026-03-19,vrs26_gads_search_generic_10k_natl,search_generic,Hyderabad,2664.77,11894,272,272,28,4,4,2896
2026-03-19,vrs26_gads_search_generic_10k_natl,search_generic,Pune,1780.78,6452,150,150,18,6,5,3895
2026-03-19,vrs26_gads_search_generic_10k_natl,search_generic,Chennai,1569.2,6016,100,100,4,3,2,1798
2026-03-20,vrs26_gads_search_brand_natl,search_brand,Mumbai,4291.61,15969,336,336,87,37,23,39075
2026-03-20,vrs26_gads_search_brand_natl,search_brand,Delhi NCR,4007.97,13914,247,247,55,27,19,37180
2026-03-20,vrs26_gads_search_brand_natl,search_brand,Bengaluru,3991.23,11840,253,253,46,25,18,36282
2026-03-20,vrs26_gads_search_brand_natl,search_brand,Hyderabad,2675.24,10482,194,194,46,18,15,18884
2026-03-20,vrs26_gads_search_brand_natl,search_brand,Pune,1844.9,6665,130,130,30,16,8,13392
2026-03-20,vrs26_gads_search_brand_natl,search_brand,Chennai,1777.74,6375,140,140,33,17,14,28885
2026-03-20,vrs26_gads_search_generic_marathon_natl,search_generic,Mumbai,7833.62,28288,520,520,81,24,15,29385
2026-03-20,vrs26_gads_search_generic_marathon_natl,search_generic,Delhi NCR,5380.65,17463,281,281,31,10,5,17795
2026-03-20,vrs26_gads_search_generic_marathon_natl,search_generic,Bengaluru,6035.94,22235,337,337,30,10,6,7494
2026-03-20,vrs26_gads_search_generic_marathon_natl,search_generic,Hyderabad,3184.1,11862,255,255,28,12,8,16692
2026-03-20,vrs26_gads_search_generic_marathon_natl,search_generic,Pune,2553.42,8954,205,205,23,7,6,13194
2026-03-20,vrs26_gads_search_generic_marathon_natl,search_generic,Chennai,2180.37,7990,185,185,27,10,8,15492
2026-03-20,vrs26_gads_search_generic_10k_natl,search_generic,Mumbai,4917.43,16982,363,363,42,12,6,5092
2026-03-20,vrs26_gads_search_generic_10k_natl,search_generic,Delhi NCR,3090.55,11550,267,267,21,10,6,14094
2026-03-20,vrs26_gads_search_generic_10k_natl,search_generic,Bengaluru,3546.96,11948,254,254,40,16,9,20989
2026-03-20,vrs26_gads_search_generic_10k_natl,search_generic,Hyderabad,2360.82,8559,235,235,27,11,8,16791
2026-03-20,vrs26_gads_search_generic_10k_natl,search_generic,Pune,1743.04,6446,146,146,18,6,1,2999
2026-03-20,vrs26_gads_search_generic_10k_natl,search_generic,Chennai,1499.98,5073,136,136,15,7,6,8894
2026-03-20,vrs26_gads_display_remarketing_natl,display,Mumbai,3332.58,11218,293,293,32,9,7,7493
2026-03-20,vrs26_gads_display_remarketing_natl,display,Delhi NCR,2874.91,10554,206,206,10,5,2,7298
2026-03-20,vrs26_gads_display_remarketing_natl,display,Bengaluru,2572.23,9631,170,170,12,4,0,0
2026-03-20,vrs26_gads_display_remarketing_natl,display,Hyderabad,1529.92,5619,135,135,19,7,2,4298
2026-03-20,vrs26_gads_display_remarketing_natl,display,Pune,1467.07,5248,123,123,8,2,2,9498
2026-03-20,vrs26_gads_display_remarketing_natl,display,Chennai,1092.38,3878,64,64,3,0,0,0
2026-03-21,vrs26_gads_search_brand_natl,search_brand,Mumbai,5455.17,17895,420,420,91,32,21,56077
2026-03-21,vrs26_gads_search_brand_natl,search_brand,Delhi NCR,3626.5,12062,211,211,55,24,15,30283
2026-03-21,vrs26_gads_search_brand_natl,search_brand,Bengaluru,5039.34,18363,373,373,78,33,14,28286
2026-03-21,vrs26_gads_search_brand_natl,search_brand,Hyderabad,2699.48,8061,181,181,35,15,6,27593
2026-03-21,vrs26_gads_search_brand_natl,search_brand,Pune,2005.56,6299,113,113,32,16,10,17189
2026-03-21,vrs26_gads_search_brand_natl,search_brand,Chennai,1439.07,4421,68,68,10,6,4,6096
2026-03-21,vrs26_gads_search_generic_marathon_natl,search_generic,Mumbai,8101.5,25276,567,567,79,33,17,34183
2026-03-21,vrs26_gads_search_generic_marathon_natl,search_generic,Delhi NCR,6766.49,23917,565,565,76,23,13,30586
2026-03-21,vrs26_gads_search_generic_marathon_natl,search_generic,Bengaluru,5551.15,19501,427,427,51,19,12,31488
2026-03-21,vrs26_gads_search_generic_marathon_natl,search_generic,Hyderabad,3937.38,14727,325,325,35,12,6,11194
2026-03-21,vrs26_gads_search_generic_marathon_natl,search_generic,Pune,2766.05,9175,177,177,23,7,2,3798
2026-03-21,vrs26_gads_search_generic_marathon_natl,search_generic,Chennai,2495.67,8117,175,175,18,4,3,4997
2026-03-21,vrs26_gads_search_generic_10k_natl,search_generic,Mumbai,5878.27,19686,353,353,41,15,8,9291
2026-03-21,vrs26_gads_search_generic_10k_natl,search_generic,Delhi NCR,3151.46,9996,231,231,21,7,4,11096
2026-03-21,vrs26_gads_search_generic_10k_natl,search_generic,Bengaluru,3545.99,12706,257,257,34,11,8,11090
2026-03-21,vrs26_gads_search_generic_10k_natl,search_generic,Hyderabad,2446.71,7988,164,164,16,3,1,799
2026-03-21,vrs26_gads_search_generic_10k_natl,search_generic,Pune,1992.4,6824,126,126,10,3,2,5297
2026-03-21,vrs26_gads_search_generic_10k_natl,search_generic,Chennai,1691.43,6611,132,132,14,8,5,9194
2026-03-21,vrs26_gads_display_remarketing_natl,display,Mumbai,3481.79,11900,256,256,27,9,4,7695
2026-03-21,vrs26_gads_display_remarketing_natl,display,Delhi NCR,3258.75,11556,190,190,10,2,1,799
2026-03-21,vrs26_gads_display_remarketing_natl,display,Bengaluru,2414.46,8017,218,218,21,13,10,13589
2026-03-21,vrs26_gads_display_remarketing_natl,display,Hyderabad,2149.21,6741,137,137,9,2,1,799
2026-03-21,vrs26_gads_display_remarketing_natl,display,Pune,1445.18,4910,110,110,8,4,3,5797
2026-03-21,vrs26_gads_display_remarketing_natl,display,Chennai,1280.29,4210,122,122,6,4,0,0
2026-03-22,vrs26_gads_search_brand_natl,search_brand,Mumbai,5545.2,19427,386,386,86,42,22,29878
2026-03-22,vrs26_gads_search_brand_natl,search_brand,Delhi NCR,4890.9,16742,368,368,81,34,11,20789
2026-03-22,vrs26_gads_search_brand_natl,search_brand,Bengaluru,4803.27,16380,243,243,39,11,8,19190
2026-03-22,vrs26_gads_search_brand_natl,search_brand,Hyderabad,2713.62,9127,174,174,43,16,12,23787
2026-03-22,vrs26_gads_search_brand_natl,search_brand,Pune,1882.21,7109,138,138,26,16,10,18888
2026-03-22,vrs26_gads_search_brand_natl,search_brand,Chennai,1604.36,4979,110,110,21,7,4,5495
2026-03-22,vrs26_gads_search_generic_marathon_natl,search_generic,Mumbai,8736.82,30421,677,677,98,43,26,41173
2026-03-22,vrs26_gads_search_generic_marathon_natl,search_generic,Delhi NCR,6672.31,23985,542,542,73,27,14,24984
2026-03-22,vrs26_gads_search_generic_marathon_natl,search_generic,Bengaluru,6291.1,21787,280,280,34,12,9,15890
2026-03-22,vrs26_gads_search_generic_marathon_natl,search_generic,Hyderabad,4244.52,14536,314,314,41,16,9,21091
2026-03-22,vrs26_gads_search_generic_marathon_natl,search_generic,Pune,3201.78,11084,177,177,22,9,4,5795
2026-03-22,vrs26_gads_search_generic_marathon_natl,search_generic,Chennai,2188.22,6832,146,146,30,15,2,4998
2026-03-22,vrs26_gads_search_generic_10k_natl,search_generic,Mumbai,5203.28,17656,331,331,40,14,8,22291
2026-03-22,vrs26_gads_search_generic_10k_natl,search_generic,Delhi NCR,4194.07,13100,283,283,41,10,9,19390
2026-03-22,vrs26_gads_search_generic_10k_natl,search_generic,Bengaluru,3973.7,12991,205,205,22,6,4,5896
2026-03-22,vrs26_gads_search_generic_10k_natl,search_generic,Hyderabad,2926.18,9093,149,149,15,4,4,7296
2026-03-22,vrs26_gads_search_generic_10k_natl,search_generic,Pune,2023.8,6610,93,93,5,1,1,1999
2026-03-22,vrs26_gads_search_generic_10k_natl,search_generic,Chennai,1469.34,5893,133,133,18,7,2,998
2026-03-22,vrs26_gads_display_remarketing_natl,display,Mumbai,3750.02,12475,251,251,20,8,6,7894
2026-03-22,vrs26_gads_display_remarketing_natl,display,Delhi NCR,3402.77,13739,257,257,21,10,5,8095
2026-03-22,vrs26_gads_display_remarketing_natl,display,Bengaluru,3157.34,10205,244,244,25,10,5,9395
2026-03-22,vrs26_gads_display_remarketing_natl,display,Hyderabad,1864.73,6389,137,137,11,3,3,8097
2026-03-22,vrs26_gads_display_remarketing_natl,display,Pune,1448.24,4959,76,76,6,5,2,12998
2026-03-22,vrs26_gads_display_remarketing_natl,display,Chennai,1219.67,3912,75,75,4,0,0,0
2026-03-23,vrs26_gads_search_brand_natl,search_brand,Mumbai,4698.93,14545,305,305,66,20,9,18991
2026-03-23,vrs26_gads_search_brand_natl,search_brand,Delhi NCR,5101.97,15900,295,295,78,42,22,49977
2026-03-23,vrs26_gads_search_brand_natl,search_brand,Bengaluru,4221.33,14427,332,332,66,26,11,25187
2026-03-23,vrs26_gads_search_brand_natl,search_brand,Hyderabad,2902.73,9514,186,186,36,16,10,16589
2026-03-23,vrs26_gads_search_brand_natl,search_brand,Pune,2212.44,8089,135,135,25,10,6,10993
2026-03-23,vrs26_gads_search_brand_natl,search_brand,Chennai,1905.79,6634,127,127,30,8,2,3298
2026-03-23,vrs26_gads_search_generic_marathon_natl,search_generic,Mumbai,8496.86,26160,538,538,65,25,14,23385
2026-03-23,vrs26_gads_search_generic_marathon_natl,search_generic,Delhi NCR,6767.72,25120,585,585,97,40,28,50070
2026-03-23,vrs26_gads_search_generic_marathon_natl,search_generic,Bengaluru,5777.38,17935,390,390,58,21,16,29982
2026-03-23,vrs26_gads_search_generic_marathon_natl,search_generic,Hyderabad,4301.57,14211,301,301,38,12,7,8993
2026-03-23,vrs26_gads_search_generic_marathon_natl,search_generic,Pune,2812.89,9542,217,217,31,12,9,12189
2026-03-23,vrs26_gads_search_generic_marathon_natl,search_generic,Chennai,2599.01,10264,219,219,28,8,6,7394
2026-03-23,vrs26_gads_search_generic_10k_natl,search_generic,Mumbai,5224.36,17722,416,416,26,8,6,8194
2026-03-23,vrs26_gads_search_generic_10k_natl,search_generic,Delhi NCR,3838.36,14622,316,316,34,9,5,15995
2026-03-23,vrs26_gads_search_generic_10k_natl,search_generic,Bengaluru,3906.41,15463,291,291,35,15,5,8194
2026-03-23,vrs26_gads_search_generic_10k_natl,search_generic,Hyderabad,2902.9,9106,183,183,19,5,4,6596
2026-03-23,vrs26_gads_search_generic_10k_natl,search_generic,Pune,2114.05,6986,200,200,25,10,3,6297
2026-03-23,vrs26_gads_search_generic_10k_natl,search_generic,Chennai,1438.4,4286,86,86,16,6,3,10797
2026-03-23,vrs26_gads_display_remarketing_natl,display,Mumbai,3709.05,11850,207,207,19,5,2,1798
2026-03-23,vrs26_gads_display_remarketing_natl,display,Delhi NCR,3321.39,10855,216,216,4,1,1,6499
2026-03-23,vrs26_gads_display_remarketing_natl,display,Bengaluru,2681.39,9882,192,192,13,4,0,0
2026-03-23,vrs26_gads_display_remarketing_natl,display,Hyderabad,2024.05,7195,186,186,19,3,1,1299
2026-03-23,vrs26_gads_display_remarketing_natl,display,Pune,1706.49,5456,73,73,6,1,0,0
2026-03-23,vrs26_gads_display_remarketing_natl,display,Chennai,1126,3762,74,74,7,2,0,0
2026-03-24,vrs26_gads_search_brand_natl,search_brand,Mumbai,5475.9,18994,410,410,102,51,34,63664
2026-03-24,vrs26_gads_search_brand_natl,search_brand,Delhi NCR,4821.68,14870,313,313,54,26,18,46481
2026-03-24,vrs26_gads_search_brand_natl,search_brand,Bengaluru,5332.05,18908,375,375,76,32,19,26380
2026-03-24,vrs26_gads_search_brand_natl,search_brand,Hyderabad,3141.1,10282,189,189,43,20,11,13089
2026-03-24,vrs26_gads_search_brand_natl,search_brand,Pune,1866.8,6078,143,143,26,13,4,6296
2026-03-24,vrs26_gads_search_brand_natl,search_brand,Chennai,1663.21,6061,147,147,32,14,8,16392
2026-03-24,vrs26_gads_search_generic_marathon_natl,search_generic,Mumbai,8819.65,33025,558,558,74,26,14,27582
2026-03-24,vrs26_gads_search_generic_marathon_natl,search_generic,Delhi NCR,7784.7,24613,590,590,78,28,16,34883
2026-03-24,vrs26_gads_search_generic_marathon_natl,search_generic,Bengaluru,6458.5,18077,336,336,42,14,7,10893
2026-03-24,vrs26_gads_search_generic_marathon_natl,search_generic,Hyderabad,4220.39,12909,293,293,31,11,8,12591
2026-03-24,vrs26_gads_search_generic_marathon_natl,search_generic,Pune,3200.33,12442,327,327,45,16,9,10090
2026-03-24,vrs26_gads_search_generic_marathon_natl,search_generic,Chennai,2109.8,7063,135,135,14,3,1,799
2026-03-24,vrs26_gads_search_generic_10k_natl,search_generic,Mumbai,6444.21,20710,414,414,59,21,11,12589
2026-03-24,vrs26_gads_search_generic_10k_natl,search_generic,Delhi NCR,4229.33,15028,326,326,38,16,13,23486
2026-03-24,vrs26_gads_search_generic_10k_natl,search_generic,Bengaluru,3246.91,10644,182,182,19,7,6,11494
2026-03-24,vrs26_gads_search_generic_10k_natl,search_generic,Hyderabad,2731.93,8282,195,195,26,9,6,6894
2026-03-24,vrs26_gads_search_generic_10k_natl,search_generic,Pune,1972.75,6853,122,122,10,3,1,1299
2026-03-24,vrs26_gads_search_generic_10k_natl,search_generic,Chennai,1960.16,6554,142,142,20,9,3,5597
2026-03-24,vrs26_gads_display_remarketing_natl,display,Mumbai,3464.87,11461,203,203,11,3,2,4998
2026-03-24,vrs26_gads_display_remarketing_natl,display,Delhi NCR,3849.33,13019,353,353,18,6,3,9296
2026-03-24,vrs26_gads_display_remarketing_natl,display,Bengaluru,2812.31,10250,136,136,13,3,2,2598
2026-03-24,vrs26_gads_display_remarketing_natl,display,Hyderabad,2415.26,8835,211,211,12,5,2,2098
2026-03-24,vrs26_gads_display_remarketing_natl,display,Pune,1547.12,4510,112,112,3,1,1,1299
2026-03-24,vrs26_gads_display_remarketing_natl,display,Chennai,1350.07,3240,70,70,7,3,3,6297
2026-03-25,vrs26_gads_search_brand_natl,search_brand,Mumbai,4073.74,14386,342,342,68,29,19,43380
2026-03-25,vrs26_gads_search_brand_natl,search_brand,Delhi NCR,4760.57,17995,375,375,77,30,22,56376
2026-03-25,vrs26_gads_search_brand_natl,search_brand,Bengaluru,4252.95,16061,284,284,58,19,11,11689
2026-03-25,vrs26_gads_search_brand_natl,search_brand,Hyderabad,2904.54,10876,291,291,79,31,15,20185
2026-03-25,vrs26_gads_search_brand_natl,search_brand,Pune,2466.01,7601,210,210,42,10,7,10893
2026-03-25,vrs26_gads_search_brand_natl,search_brand,Chennai,1304.93,4167,97,97,18,5,4,5396
2026-03-25,vrs26_gads_search_generic_marathon_natl,search_generic,Mumbai,8475.11,26736,524,524,72,22,9,21288
2026-03-25,vrs26_gads_search_generic_marathon_natl,search_generic,Delhi NCR,6212.8,22589,380,380,58,20,9,9591
2026-03-25,vrs26_gads_search_generic_marathon_natl,search_generic,Bengaluru,5304.39,19139,385,385,49,18,13,23387
2026-03-25,vrs26_gads_search_generic_marathon_natl,search_generic,Hyderabad,3973.92,13753,361,361,42,12,8,25591
2026-03-25,vrs26_gads_search_generic_marathon_natl,search_generic,Pune,2565.65,9020,205,205,32,7,0,0
2026-03-25,vrs26_gads_search_generic_marathon_natl,search_generic,Chennai,2352.13,8056,153,153,18,5,2,1798
2026-03-25,vrs26_gads_search_generic_10k_natl,search_generic,Mumbai,5088.34,18839,331,331,43,15,7,10692
2026-03-25,vrs26_gads_search_generic_10k_natl,search_generic,Delhi NCR,4166.04,13385,291,291,33,15,8,10992
2026-03-25,vrs26_gads_search_generic_10k_natl,search_generic,Bengaluru,3871.26,13592,314,314,33,11,6,7994
2026-03-25,vrs26_gads_search_generic_10k_natl,search_generic,Hyderabad,2329.52,8408,159,159,15,6,4,3896
2026-03-25,vrs26_gads_search_generic_10k_natl,search_generic,Pune,1592.41,6137,122,122,18,7,5,6895
2026-03-25,vrs26_gads_search_generic_10k_natl,search_generic,Chennai,1194.96,3853,92,92,14,7,5,5595
2026-03-25,vrs26_gads_display_remarketing_natl,display,Mumbai,3493.47,11160,265,265,11,6,1,2999
2026-03-25,vrs26_gads_display_remarketing_natl,display,Delhi NCR,2898.88,10442,199,199,17,4,2,6797
2026-03-25,vrs26_gads_display_remarketing_natl,display,Bengaluru,2752.2,10348,186,186,20,4,2,3798
2026-03-25,vrs26_gads_display_remarketing_natl,display,Hyderabad,2008.3,7018,174,174,10,3,1,3499
2026-03-25,vrs26_gads_display_remarketing_natl,display,Pune,1363.33,4959,131,131,9,5,1,2999
2026-03-25,vrs26_gads_display_remarketing_natl,display,Chennai,1165.71,3590,79,79,8,5,2,1598
2026-03-26,vrs26_gads_search_brand_natl,search_brand,Mumbai,4250.56,15491,337,337,71,21,10,23389
2026-03-26,vrs26_gads_search_brand_natl,search_brand,Delhi NCR,4006.94,15723,377,377,89,39,34,60364
2026-03-26,vrs26_gads_search_brand_natl,search_brand,Bengaluru,3329.81,11270,294,294,72,24,15,25983
2026-03-26,vrs26_gads_search_brand_natl,search_brand,Hyderabad,2664.88,10444,186,186,52,26,17,38682
2026-03-26,vrs26_gads_search_brand_natl,search_brand,Pune,1711.44,6703,86,86,19,7,5,11295
2026-03-26,vrs26_gads_search_brand_natl,search_brand,Chennai,1426.51,4180,107,107,30,9,5,10595
2026-03-26,vrs26_gads_search_generic_marathon_natl,search_generic,Mumbai,5947.76,23183,400,400,46,21,10,10090
2026-03-26,vrs26_gads_search_generic_marathon_natl,search_generic,Delhi NCR,6801.1,25106,603,603,73,26,19,48880
2026-03-26,vrs26_gads_search_generic_marathon_natl,search_generic,Bengaluru,5285.9,20537,498,498,65,30,17,41581
2026-03-26,vrs26_gads_search_generic_marathon_natl,search_generic,Hyderabad,3137.89,10454,132,132,14,6,4,9796
2026-03-26,vrs26_gads_search_generic_marathon_natl,search_generic,Pune,2225.79,7811,159,159,16,5,3,2897
2026-03-26,vrs26_gads_search_generic_marathon_natl,search_generic,Chennai,2017.91,7320,119,119,15,4,3,4297
2026-03-26,vrs26_gads_search_generic_10k_natl,search_generic,Mumbai,3906.69,13060,243,243,26,14,12,24988
2026-03-26,vrs26_gads_search_generic_10k_natl,search_generic,Delhi NCR,3699.99,15170,287,287,30,8,0,0
2026-03-26,vrs26_gads_search_generic_10k_natl,search_generic,Bengaluru,3349.25,9717,205,205,26,5,3,3297
2026-03-26,vrs26_gads_search_generic_10k_natl,search_generic,Hyderabad,2151.03,8082,175,175,32,5,3,3096
2026-03-26,vrs26_gads_search_generic_10k_natl,search_generic,Pune,1604.48,5213,116,116,16,5,4,7096
2026-03-26,vrs26_gads_search_generic_10k_natl,search_generic,Chennai,1340.98,5105,108,108,13,6,5,6695
2026-03-26,vrs26_gads_display_remarketing_natl,display,Mumbai,3330.26,12696,307,307,33,16,6,7493
2026-03-26,vrs26_gads_display_remarketing_natl,display,Delhi NCR,2664.13,9979,265,265,13,2,1,1299
2026-03-26,vrs26_gads_display_remarketing_natl,display,Bengaluru,1957.59,7194,166,166,10,5,2,3298
2026-03-26,vrs26_gads_display_remarketing_natl,display,Hyderabad,1758.01,5907,147,147,9,2,1,499
2026-03-26,vrs26_gads_display_remarketing_natl,display,Pune,1167.75,3935,79,79,9,3,1,2999
2026-03-26,vrs26_gads_display_remarketing_natl,display,Chennai,1161.58,4345,107,107,11,2,2,6297
2026-03-27,vrs26_gads_search_brand_natl,search_brand,Mumbai,3870.24,16178,365,365,78,35,22,50077
2026-03-27,vrs26_gads_search_brand_natl,search_brand,Delhi NCR,2472.04,9970,211,211,61,24,13,23586
2026-03-27,vrs26_gads_search_brand_natl,search_brand,Bengaluru,3021.75,11846,288,288,80,30,17,31382
2026-03-27,vrs26_gads_search_brand_natl,search_brand,Hyderabad,2161.4,7860,155,155,29,11,9,16591
2026-03-27,vrs26_gads_search_brand_natl,search_brand,Pune,1545.83,5055,119,119,17,9,8,15392
2026-03-27,vrs26_gads_search_brand_natl,search_brand,Chennai,1109.57,4356,81,81,16,7,2,7798
2026-03-27,vrs26_gads_search_generic_marathon_natl,search_generic,Mumbai,5210.4,22041,612,612,56,14,8,17491
2026-03-27,vrs26_gads_search_generic_marathon_natl,search_generic,Delhi NCR,4358.85,19097,431,431,56,16,7,9793
2026-03-27,vrs26_gads_search_generic_marathon_natl,search_generic,Bengaluru,4503.81,19183,442,442,53,15,6,10894
2026-03-27,vrs26_gads_search_generic_marathon_natl,search_generic,Hyderabad,3190.12,12272,294,294,43,11,4,4896
2026-03-27,vrs26_gads_search_generic_marathon_natl,search_generic,Pune,1966.82,7246,190,190,28,11,6,12094
2026-03-27,vrs26_gads_search_generic_marathon_natl,search_generic,Chennai,1495.84,5757,112,112,18,6,4,7296
2026-03-27,vrs26_gads_search_generic_10k_natl,search_generic,Mumbai,3351.75,12746,278,278,29,6,4,13795
2026-03-27,vrs26_gads_search_generic_10k_natl,search_generic,Delhi NCR,3361.23,13566,300,300,37,15,6,14094
2026-03-27,vrs26_gads_search_generic_10k_natl,search_generic,Bengaluru,2466.7,9686,224,224,35,10,4,10395
2026-03-27,vrs26_gads_search_generic_10k_natl,search_generic,Hyderabad,1614.35,6438,99,99,18,3,2,2798
2026-03-27,vrs26_gads_search_generic_10k_natl,search_generic,Pune,1188.19,4281,83,83,4,1,1,998
2026-03-27,vrs26_gads_search_generic_10k_natl,search_generic,Chennai,1107.79,4785,86,86,9,2,0,0
2026-03-27,vrs26_gads_display_remarketing_natl,display,Mumbai,2737.88,12423,230,230,15,8,6,14992
2026-03-27,vrs26_gads_display_remarketing_natl,display,Delhi NCR,2128.86,9160,203,203,12,4,3,5796
2026-03-27,vrs26_gads_display_remarketing_natl,display,Bengaluru,1876.9,7959,144,144,10,3,2,2098
2026-03-27,vrs26_gads_display_remarketing_natl,display,Hyderabad,1350.11,5273,93,93,11,4,2,998
2026-03-27,vrs26_gads_display_remarketing_natl,display,Pune,992.37,3956,104,104,6,4,2,4998
2026-03-27,vrs26_gads_display_remarketing_natl,display,Chennai,731.38,2857,45,45,4,1,1,499
2026-03-28,vrs26_gads_search_brand_natl,search_brand,Mumbai,3661.44,14505,310,310,52,23,10,14990
2026-03-28,vrs26_gads_search_brand_natl,search_brand,Delhi NCR,3223.76,13826,253,253,54,18,16,23884
2026-03-28,vrs26_gads_search_brand_natl,search_brand,Bengaluru,3086.07,10297,185,185,33,13,9,13591
2026-03-28,vrs26_gads_search_brand_natl,search_brand,Hyderabad,2056.64,7135,159,159,31,7,2,2098
2026-03-28,vrs26_gads_search_brand_natl,search_brand,Pune,1784.66,7467,189,189,47,21,12,24087
2026-03-28,vrs26_gads_search_brand_natl,search_brand,Chennai,1189.17,5161,89,89,16,6,4,5796
2026-03-28,vrs26_gads_search_generic_marathon_natl,search_generic,Mumbai,6407.17,26139,494,494,53,21,10,17690
2026-03-28,vrs26_gads_search_generic_marathon_natl,search_generic,Delhi NCR,4259.34,16224,243,243,23,7,6,9294
2026-03-28,vrs26_gads_search_generic_marathon_natl,search_generic,Bengaluru,4505.57,18573,384,384,42,17,6,9094
2026-03-28,vrs26_gads_search_generic_marathon_natl,search_generic,Hyderabad,2738.17,9879,210,210,30,13,5,5695
2026-03-28,vrs26_gads_search_generic_marathon_natl,search_generic,Pune,2125.07,7567,134,134,20,5,3,4797
2026-03-28,vrs26_gads_search_generic_marathon_natl,search_generic,Chennai,1890.28,6794,141,141,22,7,5,4395
2026-03-28,vrs26_gads_search_generic_10k_natl,search_generic,Mumbai,3880.69,15342,316,316,44,15,10,19889
2026-03-28,vrs26_gads_search_generic_10k_natl,search_generic,Delhi NCR,2736.19,10320,228,228,14,6,2,1598
2026-03-28,vrs26_gads_search_generic_10k_natl,search_generic,Bengaluru,2506.05,10280,243,243,23,8,6,10993
2026-03-28,vrs26_gads_search_generic_10k_natl,search_generic,Hyderabad,2104.07,7906,145,145,17,2,1,1598
2026-03-28,vrs26_gads_search_generic_10k_natl,search_generic,Pune,1499.44,6196,116,116,12,3,1,2999
2026-03-28,vrs26_gads_search_generic_10k_natl,search_generic,Chennai,1121.31,3670,77,77,9,3,2,3298
2026-03-28,vrs26_gads_display_remarketing_natl,display,Mumbai,2586.19,10162,212,212,17,9,6,6694
2026-03-28,vrs26_gads_display_remarketing_natl,display,Delhi NCR,2551.15,10669,206,206,5,3,1,499
2026-03-28,vrs26_gads_display_remarketing_natl,display,Bengaluru,2095.85,9556,228,228,14,4,4,5096
2026-03-28,vrs26_gads_display_remarketing_natl,display,Hyderabad,1427.23,5781,91,91,2,0,0,0
2026-03-28,vrs26_gads_display_remarketing_natl,display,Pune,925.09,3874,84,84,9,2,1,1999
2026-03-28,vrs26_gads_display_remarketing_natl,display,Chennai,800.31,3151,59,59,4,3,1,1999
2026-03-29,vrs26_gads_search_brand_natl,search_brand,Mumbai,3293.05,13201,323,323,71,31,21,36078
2026-03-29,vrs26_gads_search_brand_natl,search_brand,Delhi NCR,2398.47,10631,154,154,31,17,9,15891
2026-03-29,vrs26_gads_search_brand_natl,search_brand,Bengaluru,2684.71,10733,268,268,59,23,14,27385
2026-03-29,vrs26_gads_search_brand_natl,search_brand,Hyderabad,2066.95,8548,168,168,36,14,9,15191
2026-03-29,vrs26_gads_search_brand_natl,search_brand,Pune,1293.43,5145,119,119,24,16,11,17188
2026-03-29,vrs26_gads_search_brand_natl,search_brand,Chennai,768.98,3791,82,82,17,6,6,11294
2026-03-29,vrs26_gads_search_generic_marathon_natl,search_generic,Mumbai,4564.62,17636,317,317,34,15,11,16588
2026-03-29,vrs26_gads_search_generic_marathon_natl,search_generic,Delhi NCR,3921.08,16839,378,378,40,14,8,11692
2026-03-29,vrs26_gads_search_generic_marathon_natl,search_generic,Bengaluru,3617.28,15901,333,333,33,13,5,9694
2026-03-29,vrs26_gads_search_generic_marathon_natl,search_generic,Hyderabad,3267.99,13431,199,199,23,8,5,11895
2026-03-29,vrs26_gads_search_generic_marathon_natl,search_generic,Pune,1509.4,6310,108,108,15,6,4,6096
2026-03-29,vrs26_gads_search_generic_marathon_natl,search_generic,Chennai,1397.02,6546,97,97,14,6,4,4196
2026-03-29,vrs26_gads_search_generic_10k_natl,search_generic,Mumbai,3010.31,12399,262,262,27,14,4,8596
2026-03-29,vrs26_gads_search_generic_10k_natl,search_generic,Delhi NCR,2659.05,11237,205,205,18,5,4,5896
2026-03-29,vrs26_gads_search_generic_10k_natl,search_generic,Bengaluru,2462.29,11074,288,288,31,7,4,6096
2026-03-29,vrs26_gads_search_generic_10k_natl,search_generic,Hyderabad,1342.23,5994,125,125,11,7,1,6499
2026-03-29,vrs26_gads_search_generic_10k_natl,search_generic,Pune,1159.79,5101,86,86,9,3,3,6297
2026-03-29,vrs26_gads_search_generic_10k_natl,search_generic,Chennai,909.96,3861,63,63,5,2,1,799
2026-03-29,vrs26_gads_display_remarketing_natl,display,Mumbai,2311.26,8625,187,187,17,7,5,9494
2026-03-29,vrs26_gads_display_remarketing_natl,display,Delhi NCR,1795.04,7535,180,180,13,3,1,1299
2026-03-29,vrs26_gads_display_remarketing_natl,display,Bengaluru,1844.06,6980,110,110,8,0,0,0
2026-03-29,vrs26_gads_display_remarketing_natl,display,Hyderabad,1208.41,4971,113,113,7,2,0,0
2026-03-29,vrs26_gads_display_remarketing_natl,display,Pune,872.43,3314,55,55,5,4,3,8597
2026-03-29,vrs26_gads_display_remarketing_natl,display,Chennai,626.51,2526,56,56,6,0,0,0
2026-03-30,vrs26_gads_search_brand_natl,search_brand,Mumbai,3249.66,12181,316,316,58,25,14,34985
2026-03-30,vrs26_gads_search_brand_natl,search_brand,Delhi NCR,2487.64,9674,223,223,41,16,14,25086
2026-03-30,vrs26_gads_search_brand_natl,search_brand,Bengaluru,2528.23,10889,242,242,37,15,5,8195
2026-03-30,vrs26_gads_search_brand_natl,search_brand,Hyderabad,1662.51,7032,154,154,40,14,6,17294
2026-03-30,vrs26_gads_search_brand_natl,search_brand,Pune,1352.69,5836,148,148,28,11,8,13691
2026-03-30,vrs26_gads_search_brand_natl,search_brand,Chennai,1006.72,4280,107,107,29,10,7,12492
2026-03-30,vrs26_gads_search_generic_marathon_natl,search_generic,Mumbai,4541.78,18588,374,374,49,17,7,13593
2026-03-30,vrs26_gads_search_generic_marathon_natl,search_generic,Delhi NCR,4300.6,20317,448,448,53,20,13,26884
2026-03-30,vrs26_gads_search_generic_marathon_natl,search_generic,Bengaluru,3219.01,14332,332,332,34,15,7,19792
2026-03-30,vrs26_gads_search_generic_marathon_natl,search_generic,Hyderabad,2557.11,12030,168,168,26,12,9,16391
2026-03-30,vrs26_gads_search_generic_marathon_natl,search_generic,Pune,1864.96,7806,158,158,18,6,4,3696
2026-03-30,vrs26_gads_search_generic_marathon_natl,search_generic,Chennai,1475.13,5962,91,91,13,4,2,8498
2026-03-30,vrs26_gads_search_generic_10k_natl,search_generic,Mumbai,3067.16,13599,254,254,32,9,5,6295
2026-03-30,vrs26_gads_search_generic_10k_natl,search_generic,Delhi NCR,2650.1,11370,206,206,22,9,6,18493
2026-03-30,vrs26_gads_search_generic_10k_natl,search_generic,Bengaluru,2054.57,7585,88,88,14,5,3,2597
2026-03-30,vrs26_gads_search_generic_10k_natl,search_generic,Hyderabad,1578.61,6516,138,138,21,3,2,2098
2026-03-30,vrs26_gads_search_generic_10k_natl,search_generic,Pune,1086.14,4047,76,76,13,6,4,6096
2026-03-30,vrs26_gads_search_generic_10k_natl,search_generic,Chennai,905.69,3936,78,78,7,1,0,0
2026-03-30,vrs26_gads_display_remarketing_natl,display,Mumbai,1927.46,7145,144,144,9,3,0,0
2026-03-30,vrs26_gads_display_remarketing_natl,display,Delhi NCR,1909.54,8211,166,166,12,5,5,20094
2026-03-30,vrs26_gads_display_remarketing_natl,display,Bengaluru,2003.51,9638,233,233,11,7,6,11394
2026-03-30,vrs26_gads_display_remarketing_natl,display,Hyderabad,1135.96,4623,133,133,5,3,1,998
2026-03-30,vrs26_gads_display_remarketing_natl,display,Pune,851.33,3695,102,102,10,4,3,3597
2026-03-30,vrs26_gads_display_remarketing_natl,display,Chennai,678.91,3062,88,88,10,5,4,6096
2026-03-31,vrs26_gads_search_brand_natl,search_brand,Mumbai,3438.76,11828,230,230,51,19,10,25790
2026-03-31,vrs26_gads_search_brand_natl,search_brand,Delhi NCR,2893.8,11248,284,284,67,26,12,12688
2026-03-31,vrs26_gads_search_brand_natl,search_brand,Bengaluru,2952.85,11011,253,253,67,25,13,21485
2026-03-31,vrs26_gads_search_brand_natl,search_brand,Hyderabad,2066.08,8299,150,150,29,14,8,13492
2026-03-31,vrs26_gads_search_brand_natl,search_brand,Pune,1310.26,5422,97,97,20,9,8,12891
2026-03-31,vrs26_gads_search_brand_natl,search_brand,Chennai,1063.97,4120,67,67,17,6,3,8097
2026-03-31,vrs26_gads_search_generic_marathon_natl,search_generic,Mumbai,5222.36,21283,526,526,68,19,11,14487
2026-03-31,vrs26_gads_search_generic_marathon_natl,search_generic,Delhi NCR,4560.59,18170,421,421,55,23,15,39485
2026-03-31,vrs26_gads_search_generic_marathon_natl,search_generic,Bengaluru,4139.21,14374,333,333,42,13,5,10695
2026-03-31,vrs26_gads_search_generic_marathon_natl,search_generic,Hyderabad,2465.99,10337,233,233,25,13,4,5396
2026-03-31,vrs26_gads_search_generic_marathon_natl,search_generic,Pune,2010.49,7171,155,155,17,6,4,7295
2026-03-31,vrs26_gads_search_generic_marathon_natl,search_generic,Chennai,1662.01,7388,162,162,17,9,5,7595
2026-03-31,vrs26_gads_search_generic_10k_natl,search_generic,Mumbai,3139.02,11690,194,194,19,6,5,7395
2026-03-31,vrs26_gads_search_generic_10k_natl,search_generic,Delhi NCR,3002.38,11219,186,186,20,9,6,8194
2026-03-31,vrs26_gads_search_generic_10k_natl,search_generic,Bengaluru,2464.03,8253,226,226,24,8,6,10394
2026-03-31,vrs26_gads_search_generic_10k_natl,search_generic,Hyderabad,1699.94,7720,186,186,16,4,4,3596
2026-03-31,vrs26_gads_search_generic_10k_natl,search_generic,Pune,1277.82,5429,75,75,9,5,3,6797
2026-03-31,vrs26_gads_search_generic_10k_natl,search_generic,Chennai,1086.69,4354,108,108,7,4,2,2098
2026-03-31,vrs26_gads_display_remarketing_natl,display,Mumbai,2686.09,9805,218,218,12,4,1,1299
2026-03-31,vrs26_gads_display_remarketing_natl,display,Delhi NCR,2081.6,9994,156,156,17,1,0,0
2026-03-31,vrs26_gads_display_remarketing_natl,display,Bengaluru,1702.15,7222,132,132,10,3,1,3499
2026-03-31,vrs26_gads_display_remarketing_natl,display,Hyderabad,1249.69,5584,122,122,9,4,1,799
2026-03-31,vrs26_gads_display_remarketing_natl,display,Pune,1013.17,3635,79,79,8,6,2,3798
2026-03-31,vrs26_gads_display_remarketing_natl,display,Chennai,769.72,3257,59,59,7,3,0,0
2026-04-01,vrs26_gads_search_brand_natl,search_brand,Mumbai,2606.8,10427,203,203,42,20,10,27990
2026-04-01,vrs26_gads_search_brand_natl,search_brand,Delhi NCR,2252.46,9313,215,215,47,21,14,39085
2026-04-01,vrs26_gads_search_brand_natl,search_brand,Bengaluru,1738.3,6283,105,105,22,11,8,10091
2026-04-01,vrs26_gads_search_brand_natl,search_brand,Hyderabad,1262.68,4901,141,141,34,15,10,16188
2026-04-01,vrs26_gads_search_brand_natl,search_brand,Pune,896.81,4107,95,95,9,3,3,5597
2026-04-01,vrs26_gads_search_brand_natl,search_brand,Chennai,746.12,3195,59,59,13,4,3,2997
2026-04-01,vrs26_gads_search_generic_marathon_natl,search_generic,Mumbai,3664.41,12781,243,243,34,11,3,9796
2026-04-01,vrs26_gads_search_generic_marathon_natl,search_generic,Delhi NCR,3642.4,14592,333,333,37,13,8,20791
2026-04-01,vrs26_gads_search_generic_marathon_natl,search_generic,Bengaluru,2765.6,13138,205,205,23,5,2,1598
2026-04-01,vrs26_gads_search_generic_marathon_natl,search_generic,Hyderabad,1879.25,7317,131,131,15,7,3,2597
2026-04-01,vrs26_gads_search_generic_marathon_natl,search_generic,Pune,984.89,3894,96,96,20,8,7,7993
2026-04-01,vrs26_gads_search_generic_marathon_natl,search_generic,Chennai,952.7,3628,65,65,2,1,1,1299
2026-04-01,vrs26_gads_search_generic_10k_natl,search_generic,Mumbai,2299.95,8721,180,180,21,4,2,5998
2026-04-01,vrs26_gads_search_generic_10k_natl,search_generic,Delhi NCR,1874.11,7468,180,180,13,5,2,3397
2026-04-01,vrs26_gads_search_generic_10k_natl,search_generic,Bengaluru,1811.03,7030,183,183,19,9,4,5396
2026-04-01,vrs26_gads_search_generic_10k_natl,search_generic,Hyderabad,1192.48,4694,100,100,13,3,2,2598
2026-04-01,vrs26_gads_search_generic_10k_natl,search_generic,Pune,883.01,3290,80,80,9,2,0,0
2026-04-01,vrs26_gads_search_generic_10k_natl,search_generic,Chennai,711.58,2678,49,49,2,0,0,0
2026-04-01,vrs26_gads_pmax_all_natl,pmax,Mumbai,3810.57,14484,338,338,37,12,8,28691
2026-04-01,vrs26_gads_pmax_all_natl,pmax,Delhi NCR,2433.95,9781,223,223,19,3,2,5097
2026-04-01,vrs26_gads_pmax_all_natl,pmax,Bengaluru,2789.44,10145,181,181,9,1,1,1598
2026-04-01,vrs26_gads_pmax_all_natl,pmax,Hyderabad,2011.81,8637,242,242,22,7,5,12895
2026-04-01,vrs26_gads_pmax_all_natl,pmax,Pune,1249.78,5225,93,93,8,2,2,1798
2026-04-01,vrs26_gads_pmax_all_natl,pmax,Chennai,1045.45,3468,75,75,11,4,1,1999
2026-04-01,vrs26_gads_pmax_mum,pmax,Mumbai,5885.34,23566,558,558,59,19,11,20789
2026-04-01,vrs26_gads_pmax_mum,pmax,Delhi NCR,427.95,1841,23,23,1,0,0,0
2026-04-01,vrs26_gads_pmax_mum,pmax,Bengaluru,273.97,981,19,19,2,1,1,799
2026-04-01,vrs26_gads_pmax_mum,pmax,Hyderabad,208.59,916,30,30,8,4,2,3798
2026-04-01,vrs26_gads_pmax_mum,pmax,Pune,193.91,889,18,18,5,1,0,0
2026-04-01,vrs26_gads_pmax_mum,pmax,Chennai,137.63,497,4,4,0,0,0,0
2026-04-01,vrs26_gads_display_remarketing_natl,display,Mumbai,2008.59,8082,166,166,15,4,1,499
2026-04-01,vrs26_gads_display_remarketing_natl,display,Delhi NCR,1469.95,5850,86,86,9,4,1,6499
2026-04-01,vrs26_gads_display_remarketing_natl,display,Bengaluru,1238.2,4605,91,91,6,2,0,0
2026-04-01,vrs26_gads_display_remarketing_natl,display,Hyderabad,799.13,3169,59,59,3,1,0,0
2026-04-01,vrs26_gads_display_remarketing_natl,display,Pune,561.29,2506,53,53,6,1,1,799
2026-04-01,vrs26_gads_display_remarketing_natl,display,Chennai,501.96,1975,48,48,3,1,1,1999
2026-04-02,vrs26_gads_search_brand_natl,search_brand,Mumbai,1937.67,7020,148,148,26,12,7,14291
2026-04-02,vrs26_gads_search_brand_natl,search_brand,Delhi NCR,1919.82,8396,243,243,41,14,6,14394
2026-04-02,vrs26_gads_search_brand_natl,search_brand,Bengaluru,1537.44,7402,166,166,38,15,10,9090
2026-04-02,vrs26_gads_search_brand_natl,search_brand,Hyderabad,1133.45,5491,84,84,20,3,1,799
2026-04-02,vrs26_gads_search_brand_natl,search_brand,Pune,833.67,3212,71,71,19,10,8,12091
2026-04-02,vrs26_gads_search_brand_natl,search_brand,Chennai,638.14,2820,62,62,11,6,5,6595
2026-04-02,vrs26_gads_search_generic_marathon_natl,search_generic,Mumbai,3147.62,12413,286,286,32,8,5,13094
2026-04-02,vrs26_gads_search_generic_marathon_natl,search_generic,Delhi NCR,2768.96,10949,208,208,32,10,6,13094
2026-04-02,vrs26_gads_search_generic_marathon_natl,search_generic,Bengaluru,2116.39,9308,183,183,22,3,3,3097
2026-04-02,vrs26_gads_search_generic_marathon_natl,search_generic,Hyderabad,1606.5,7577,115,115,18,7,4,5896
2026-04-02,vrs26_gads_search_generic_marathon_natl,search_generic,Pune,1122.86,4466,111,111,14,3,1,2499
2026-04-02,vrs26_gads_search_generic_marathon_natl,search_generic,Chennai,930.25,3879,93,93,12,2,1,1299
2026-04-02,vrs26_gads_search_generic_10k_natl,search_generic,Mumbai,2127.22,9126,195,195,27,11,6,14694
2026-04-02,vrs26_gads_search_generic_10k_natl,search_generic,Delhi NCR,1496.47,5180,99,99,10,2,2,7298
2026-04-02,vrs26_gads_search_generic_10k_natl,search_generic,Bengaluru,1329.57,6051,131,131,17,6,3,8097
2026-04-02,vrs26_gads_search_generic_10k_natl,search_generic,Hyderabad,1004.71,4308,113,113,9,2,2,3897
2026-04-02,vrs26_gads_search_generic_10k_natl,search_generic,Pune,776.15,2794,53,53,6,1,1,2999
2026-04-02,vrs26_gads_search_generic_10k_natl,search_generic,Chennai,650.67,2592,50,50,6,2,2,1798
2026-04-02,vrs26_gads_pmax_all_natl,pmax,Mumbai,2898.76,11466,287,287,28,7,4,11296
2026-04-02,vrs26_gads_pmax_all_natl,pmax,Delhi NCR,2466.22,10522,210,210,19,5,4,12796
2026-04-02,vrs26_gads_pmax_all_natl,pmax,Bengaluru,2214.16,9149,148,148,18,4,2,2098
2026-04-02,vrs26_gads_pmax_all_natl,pmax,Hyderabad,1637.81,6251,104,104,14,8,1,2999
2026-04-02,vrs26_gads_pmax_all_natl,pmax,Pune,1090.34,4546,87,87,11,2,1,1299
2026-04-02,vrs26_gads_pmax_all_natl,pmax,Chennai,923.72,3457,111,111,16,8,5,11895
2026-04-02,vrs26_gads_pmax_mum,pmax,Mumbai,4923.65,20750,490,490,61,19,9,18491
2026-04-02,vrs26_gads_pmax_mum,pmax,Delhi NCR,276.72,1052,12,12,2,1,0,0
2026-04-02,vrs26_gads_pmax_mum,pmax,Bengaluru,338.68,1382,22,22,4,1,1,799
2026-04-02,vrs26_gads_pmax_mum,pmax,Hyderabad,195.16,806,25,25,4,2,1,799
2026-04-02,vrs26_gads_pmax_mum,pmax,Pune,127.78,573,12,12,2,2,1,799
2026-04-02,vrs26_gads_pmax_mum,pmax,Chennai,138.14,618,12,12,0,0,0,0
2026-04-02,vrs26_gads_display_remarketing_natl,display,Mumbai,1498.2,6737,139,139,12,3,2,4298
2026-04-02,vrs26_gads_display_remarketing_natl,display,Delhi NCR,1260.4,5629,95,95,9,2,1,1999
2026-04-02,vrs26_gads_display_remarketing_natl,display,Bengaluru,995.7,4023,90,90,12,5,3,12497
2026-04-02,vrs26_gads_display_remarketing_natl,display,Hyderabad,819.01,3299,84,84,8,5,4,3896
2026-04-02,vrs26_gads_display_remarketing_natl,display,Pune,571.66,2226,35,35,3,0,0,0
2026-04-02,vrs26_gads_display_remarketing_natl,display,Chennai,393.63,1623,31,31,3,2,0,0
2026-04-03,vrs26_gads_search_brand_natl,search_brand,Mumbai,2408.88,8660,163,163,30,11,8,10891
2026-04-03,vrs26_gads_search_brand_natl,search_brand,Delhi NCR,1767.38,7207,143,143,29,13,8,12491
2026-04-03,vrs26_gads_search_brand_natl,search_brand,Bengaluru,1680.78,6650,160,160,29,12,10,13289
2026-04-03,vrs26_gads_search_brand_natl,search_brand,Hyderabad,1446.78,4877,85,85,9,3,1,799
2026-04-03,vrs26_gads_search_brand_natl,search_brand,Pune,884.98,3707,83,83,15,4,2,4597
2026-04-03,vrs26_gads_search_brand_natl,search_brand,Chennai,749.65,2530,52,52,8,4,0,0
2026-04-03,vrs26_gads_search_generic_marathon_natl,search_generic,Mumbai,3505,14165,305,305,42,17,8,10792
2026-04-03,vrs26_gads_search_generic_marathon_natl,search_generic,Delhi NCR,2635.2,11792,248,248,26,10,5,13395
2026-04-03,vrs26_gads_search_generic_marathon_natl,search_generic,Bengaluru,2524.06,11112,208,208,29,10,3,5097
2026-04-03,vrs26_gads_search_generic_marathon_natl,search_generic,Hyderabad,1933.04,8337,215,215,20,9,2,2798
2026-04-03,vrs26_gads_search_generic_marathon_natl,search_generic,Pune,1410.84,5916,103,103,6,3,1,1999
2026-04-03,vrs26_gads_search_generic_marathon_natl,search_generic,Chennai,1055.76,3825,92,92,14,3,2,2498
2026-04-03,vrs26_gads_search_generic_10k_natl,search_generic,Mumbai,1913.12,6899,157,157,23,6,3,5497
2026-04-03,vrs26_gads_search_generic_10k_natl,search_generic,Delhi NCR,1824.57,6868,129,129,12,4,3,6797
2026-04-03,vrs26_gads_search_generic_10k_natl,search_generic,Bengaluru,1888.75,6107,140,140,13,2,1,499
2026-04-03,vrs26_gads_search_generic_10k_natl,search_generic,Hyderabad,1125.24,4655,76,76,6,3,1,1299
2026-04-03,vrs26_gads_search_generic_10k_natl,search_generic,Pune,878.91,2721,56,56,4,2,2,3298
2026-04-03,vrs26_gads_search_generic_10k_natl,search_generic,Chennai,620.3,2847,55,55,4,3,1,3499
2026-04-03,vrs26_gads_pmax_all_natl,pmax,Mumbai,3059.21,11498,253,253,32,16,5,6195
2026-04-03,vrs26_gads_pmax_all_natl,pmax,Delhi NCR,2844.26,10995,247,247,30,12,7,15693
2026-04-03,vrs26_gads_pmax_all_natl,pmax,Bengaluru,2369.05,8608,145,145,16,6,5,14095
2026-04-03,vrs26_gads_pmax_all_natl,pmax,Hyderabad,1681.56,6769,101,101,11,1,0,0
2026-04-03,vrs26_gads_pmax_all_natl,pmax,Pune,1359.98,5143,123,123,16,4,3,8097
2026-04-03,vrs26_gads_pmax_all_natl,pmax,Chennai,1234.15,4748,83,83,9,2,0,0
2026-04-03,vrs26_gads_pmax_mum,pmax,Mumbai,5637.43,22391,495,495,63,21,16,25784
2026-04-03,vrs26_gads_pmax_mum,pmax,Delhi NCR,314.85,1279,35,35,3,3,1,499
2026-04-03,vrs26_gads_pmax_mum,pmax,Bengaluru,295.46,1235,27,27,4,1,1,6998
2026-04-03,vrs26_gads_pmax_mum,pmax,Hyderabad,207.49,875,20,20,0,0,0,0
2026-04-03,vrs26_gads_pmax_mum,pmax,Pune,152.67,644,8,8,0,0,0,0
2026-04-03,vrs26_gads_pmax_mum,pmax,Chennai,95.94,393,9,9,2,1,1,1299
2026-04-03,vrs26_gads_display_remarketing_natl,display,Mumbai,1373.12,5415,115,115,8,4,4,7096
2026-04-03,vrs26_gads_display_remarketing_natl,display,Delhi NCR,1261.53,4960,72,72,5,1,0,0
2026-04-03,vrs26_gads_display_remarketing_natl,display,Bengaluru,1444.05,5234,131,131,10,3,1,1999
2026-04-03,vrs26_gads_display_remarketing_natl,display,Hyderabad,834.9,3598,43,43,5,3,2,6797
2026-04-03,vrs26_gads_display_remarketing_natl,display,Pune,707.84,3312,74,74,6,5,2,3298
2026-04-03,vrs26_gads_display_remarketing_natl,display,Chennai,566.71,2271,26,26,2,0,0,0
2026-04-04,vrs26_gads_search_brand_natl,search_brand,Mumbai,2706.46,10508,183,183,33,14,8,17492
2026-04-04,vrs26_gads_search_brand_natl,search_brand,Delhi NCR,2159.78,8628,186,186,33,19,14,21883
2026-04-04,vrs26_gads_search_brand_natl,search_brand,Bengaluru,1982.8,7772,148,148,36,13,10,23787
2026-04-04,vrs26_gads_search_brand_natl,search_brand,Hyderabad,1396.13,5584,131,131,30,19,14,24386
2026-04-04,vrs26_gads_search_brand_natl,search_brand,Pune,1066.93,3714,67,67,16,6,1,2999
2026-04-04,vrs26_gads_search_brand_natl,search_brand,Chennai,730.8,2404,55,55,10,4,2,1298
2026-04-04,vrs26_gads_search_generic_marathon_natl,search_generic,Mumbai,3770.54,15209,224,224,26,9,6,20892
2026-04-04,vrs26_gads_search_generic_marathon_natl,search_generic,Delhi NCR,2899.01,12266,287,287,32,11,8,26391
2026-04-04,vrs26_gads_search_generic_marathon_natl,search_generic,Bengaluru,3282.4,12771,286,286,35,14,7,11593
2026-04-04,vrs26_gads_search_generic_marathon_natl,search_generic,Hyderabad,2203.1,7670,194,194,20,8,7,12693
2026-04-04,vrs26_gads_search_generic_marathon_natl,search_generic,Pune,1176.89,4660,115,115,10,0,0,0
2026-04-04,vrs26_gads_search_generic_marathon_natl,search_generic,Chennai,1346.14,5280,92,92,11,3,3,2397
2026-04-04,vrs26_gads_search_generic_10k_natl,search_generic,Mumbai,2295.39,8188,196,196,22,11,4,5796
2026-04-04,vrs26_gads_search_generic_10k_natl,search_generic,Delhi NCR,1937.91,7324,113,113,12,3,1,499
2026-04-04,vrs26_gads_search_generic_10k_natl,search_generic,Bengaluru,1766.24,7855,149,149,26,15,12,23088
2026-04-04,vrs26_gads_search_generic_10k_natl,search_generic,Hyderabad,1585.99,6449,136,136,13,7,4,4896
2026-04-04,vrs26_gads_search_generic_10k_natl,search_generic,Pune,950.21,2888,68,68,11,6,5,13095
2026-04-04,vrs26_gads_search_generic_10k_natl,search_generic,Chennai,734.63,2857,64,64,9,2,1,1299
2026-04-04,vrs26_gads_pmax_all_natl,pmax,Mumbai,3471.25,11482,224,224,21,4,1,3499
2026-04-04,vrs26_gads_pmax_all_natl,pmax,Delhi NCR,3038.61,11893,280,280,36,13,9,13291
2026-04-04,vrs26_gads_pmax_all_natl,pmax,Bengaluru,2755.63,11308,227,227,22,9,7,15593
2026-04-04,vrs26_gads_pmax_all_natl,pmax,Hyderabad,2038.5,6385,146,146,18,5,3,3797
2026-04-04,vrs26_gads_pmax_all_natl,pmax,Pune,1662.19,6211,123,123,10,4,4,5295
2026-04-04,vrs26_gads_pmax_all_natl,pmax,Chennai,1132.5,3812,79,79,8,2,2,1298
2026-04-04,vrs26_gads_pmax_mum,pmax,Mumbai,6276.65,23674,463,463,50,20,12,32487
2026-04-04,vrs26_gads_pmax_mum,pmax,Delhi NCR,336.15,1355,32,32,3,0,0,0
2026-04-04,vrs26_gads_pmax_mum,pmax,Bengaluru,423.34,1672,48,48,10,4,3,2897
2026-04-04,vrs26_gads_pmax_mum,pmax,Hyderabad,238.64,928,32,32,6,3,1,1299
2026-04-04,vrs26_gads_pmax_mum,pmax,Pune,146.06,588,7,7,1,0,0,0
2026-04-04,vrs26_gads_pmax_mum,pmax,Chennai,111.33,456,10,10,1,1,0,0
2026-04-04,vrs26_gads_display_remarketing_natl,display,Mumbai,1491.98,5968,155,155,9,5,2,2098
2026-04-04,vrs26_gads_display_remarketing_natl,display,Delhi NCR,1612.14,6167,153,153,8,3,2,7798
2026-04-04,vrs26_gads_display_remarketing_natl,display,Bengaluru,1466.63,5778,144,144,12,5,4,4196
2026-04-04,vrs26_gads_display_remarketing_natl,display,Hyderabad,1015.96,3393,65,65,6,0,0,0
2026-04-04,vrs26_gads_display_remarketing_natl,display,Pune,778.91,3076,53,53,0,0,0,0
2026-04-04,vrs26_gads_display_remarketing_natl,display,Chennai,587.15,2629,56,56,6,0,0,0
2026-04-05,vrs26_gads_search_brand_natl,search_brand,Mumbai,2456.43,11215,225,225,47,17,12,23787
2026-04-05,vrs26_gads_search_brand_natl,search_brand,Delhi NCR,1845.89,7051,119,119,24,6,5,7395
2026-04-05,vrs26_gads_search_brand_natl,search_brand,Bengaluru,1722.05,7297,174,174,26,11,7,18192
2026-04-05,vrs26_gads_search_brand_natl,search_brand,Hyderabad,1332.07,4840,103,103,22,12,4,3696
2026-04-05,vrs26_gads_search_brand_natl,search_brand,Pune,823.42,3408,90,90,24,6,4,6596
2026-04-05,vrs26_gads_search_brand_natl,search_brand,Chennai,730.52,2877,63,63,15,8,6,12394
2026-04-05,vrs26_gads_search_generic_marathon_natl,search_generic,Mumbai,3526.92,16242,329,329,33,12,8,13991
2026-04-05,vrs26_gads_search_generic_marathon_natl,search_generic,Delhi NCR,2579.53,10225,238,238,26,9,8,12492
2026-04-05,vrs26_gads_search_generic_marathon_natl,search_generic,Bengaluru,2761.21,10601,255,255,44,16,10,20690
2026-04-05,vrs26_gads_search_generic_marathon_natl,search_generic,Hyderabad,1758.69,7114,173,173,23,8,7,14693
2026-04-05,vrs26_gads_search_generic_marathon_natl,search_generic,Pune,1381.58,6668,148,148,23,8,6,9894
2026-04-05,vrs26_gads_search_generic_marathon_natl,search_generic,Chennai,1014.95,4263,104,104,17,9,4,4495
2026-04-05,vrs26_gads_search_generic_10k_natl,search_generic,Mumbai,2100.54,7326,155,155,24,7,5,9594
2026-04-05,vrs26_gads_search_generic_10k_natl,search_generic,Delhi NCR,1973,6422,113,113,10,3,3,3597
2026-04-05,vrs26_gads_search_generic_10k_natl,search_generic,Bengaluru,1485.85,6391,128,128,13,5,1,799
2026-04-05,vrs26_gads_search_generic_10k_natl,search_generic,Hyderabad,1170.86,4806,87,87,8,3,2,3998
2026-04-05,vrs26_gads_search_generic_10k_natl,search_generic,Pune,800.48,3002,83,83,12,2,2,2098
2026-04-05,vrs26_gads_search_generic_10k_natl,search_generic,Chennai,694.25,2503,52,52,6,1,0,0
2026-04-05,vrs26_gads_pmax_all_natl,pmax,Mumbai,2952.35,12685,240,240,36,13,9,26190
2026-04-05,vrs26_gads_pmax_all_natl,pmax,Delhi NCR,2995.58,11362,241,241,31,11,3,3096
2026-04-05,vrs26_gads_pmax_all_natl,pmax,Bengaluru,2464.35,9979,201,201,30,9,5,9295
2026-04-05,vrs26_gads_pmax_all_natl,pmax,Hyderabad,1884.55,6802,104,104,10,6,4,15995
2026-04-05,vrs26_gads_pmax_all_natl,pmax,Pune,1240.55,4523,72,72,9,3,2,3798
2026-04-05,vrs26_gads_pmax_all_natl,pmax,Chennai,971.44,3504,89,89,7,2,1,1999
2026-04-05,vrs26_gads_pmax_mum,pmax,Mumbai,5377.02,23061,451,451,58,21,13,24987
2026-04-05,vrs26_gads_pmax_mum,pmax,Delhi NCR,363.87,1545,30,30,5,3,2,1598
2026-04-05,vrs26_gads_pmax_mum,pmax,Bengaluru,353.97,1380,20,20,1,0,0,0
2026-04-05,vrs26_gads_pmax_mum,pmax,Hyderabad,265.16,1071,23,23,6,3,1,799
2026-04-05,vrs26_gads_pmax_mum,pmax,Pune,171.9,695,11,11,0,0,0,0
2026-04-05,vrs26_gads_pmax_mum,pmax,Chennai,150.87,550,10,10,1,0,0,0
2026-04-05,vrs26_gads_display_remarketing_natl,display,Mumbai,1695.71,7208,157,157,13,3,2,3298
2026-04-05,vrs26_gads_display_remarketing_natl,display,Delhi NCR,1346.14,5448,117,117,9,4,2,1298
2026-04-05,vrs26_gads_display_remarketing_natl,display,Bengaluru,1304.37,5065,100,100,2,0,0,0
2026-04-05,vrs26_gads_display_remarketing_natl,display,Hyderabad,860.59,3150,63,63,5,1,0,0
2026-04-05,vrs26_gads_display_remarketing_natl,display,Pune,566.26,2231,40,40,2,0,0,0
2026-04-05,vrs26_gads_display_remarketing_natl,display,Chennai,395.66,1330,33,33,4,1,0,0
2026-04-06,vrs26_gads_search_brand_natl,search_brand,Mumbai,1927.65,7644,177,177,42,14,7,24792
2026-04-06,vrs26_gads_search_brand_natl,search_brand,Delhi NCR,1447.88,5985,148,148,28,16,14,22185
2026-04-06,vrs26_gads_search_brand_natl,search_brand,Bengaluru,1369.83,5870,139,139,28,8,7,11292
2026-04-06,vrs26_gads_search_brand_natl,search_brand,Hyderabad,1073.32,4462,88,88,19,7,4,4896
2026-04-06,vrs26_gads_search_brand_natl,search_brand,Pune,633.12,2893,54,54,11,8,6,13394
2026-04-06,vrs26_gads_search_brand_natl,search_brand,Chennai,502.74,2035,49,49,8,5,5,6695
2026-04-06,vrs26_gads_search_generic_marathon_natl,search_generic,Mumbai,2302.65,10065,181,181,18,10,4,12296
2026-04-06,vrs26_gads_search_generic_marathon_natl,search_generic,Delhi NCR,2453.98,10563,196,196,31,8,5,17595
2026-04-06,vrs26_gads_search_generic_marathon_natl,search_generic,Bengaluru,2421.89,11991,277,277,34,15,9,13591
2026-04-06,vrs26_gads_search_generic_marathon_natl,search_generic,Hyderabad,1218.68,5479,93,93,15,4,2,3998
2026-04-06,vrs26_gads_search_generic_marathon_natl,search_generic,Pune,968.26,4053,112,112,14,5,3,8097
2026-04-06,vrs26_gads_search_generic_marathon_natl,search_generic,Chennai,798.86,3429,83,83,7,4,3,3897
2026-04-06,vrs26_gads_search_generic_10k_natl,search_generic,Mumbai,1738.64,7297,139,139,16,4,4,7296
2026-04-06,vrs26_gads_search_generic_10k_natl,search_generic,Delhi NCR,1413.88,6310,168,168,23,6,4,6096
2026-04-06,vrs26_gads_search_generic_10k_natl,search_generic,Bengaluru,1039.14,4724,84,84,11,5,2,4298
2026-04-06,vrs26_gads_search_generic_10k_natl,search_generic,Hyderabad,1012.8,4352,96,96,3,0,0,0
2026-04-06,vrs26_gads_search_generic_10k_natl,search_generic,Pune,678.38,3554,57,57,4,1,0,0
2026-04-06,vrs26_gads_search_generic_10k_natl,search_generic,Chennai,536.74,2243,58,58,8,3,0,0
2026-04-06,vrs26_gads_pmax_all_natl,pmax,Mumbai,2845.3,11722,148,148,13,5,3,4797
2026-04-06,vrs26_gads_pmax_all_natl,pmax,Delhi NCR,2237.53,8943,218,218,25,10,6,8894
2026-04-06,vrs26_gads_pmax_all_natl,pmax,Bengaluru,1637.7,7332,163,163,23,12,7,22592
2026-04-06,vrs26_gads_pmax_all_natl,pmax,Hyderabad,1525.16,5849,124,124,19,8,7,10393
2026-04-06,vrs26_gads_pmax_all_natl,pmax,Pune,842.24,4263,92,92,10,3,1,799
2026-04-06,vrs26_gads_pmax_all_natl,pmax,Chennai,675.17,2780,67,67,8,4,1,499
2026-04-06,vrs26_gads_pmax_mum,pmax,Mumbai,4471.75,18785,399,399,37,17,9,18891
2026-04-06,vrs26_gads_pmax_mum,pmax,Delhi NCR,244.58,827,19,19,1,0,0,0
2026-04-06,vrs26_gads_pmax_mum,pmax,Bengaluru,155.77,616,18,18,1,0,0,0
2026-04-06,vrs26_gads_pmax_mum,pmax,Hyderabad,147.36,527,8,8,1,0,0,0
2026-04-06,vrs26_gads_pmax_mum,pmax,Pune,118.84,435,10,10,0,0,0,0
2026-04-06,vrs26_gads_pmax_mum,pmax,Chennai,77.61,398,7,7,0,0,0,0
2026-04-06,vrs26_gads_display_remarketing_natl,display,Mumbai,1325.49,5719,115,115,12,3,1,6499
2026-04-06,vrs26_gads_display_remarketing_natl,display,Delhi NCR,1100.33,5194,117,117,12,1,1,1299
2026-04-06,vrs26_gads_display_remarketing_natl,display,Bengaluru,926.05,3985,101,101,5,4,3,4997
2026-04-06,vrs26_gads_display_remarketing_natl,display,Hyderabad,630.28,2756,64,64,4,1,1,1299
2026-04-06,vrs26_gads_display_remarketing_natl,display,Pune,484.24,1942,43,43,5,2,1,1299
2026-04-06,vrs26_gads_display_remarketing_natl,display,Chennai,348.29,1498,33,33,2,1,1,998
2026-04-07,vrs26_gads_search_brand_natl,search_brand,Mumbai,2043.27,8618,129,129,28,9,3,3597
2026-04-07,vrs26_gads_search_brand_natl,search_brand,Delhi NCR,1691.45,7547,178,178,40,14,11,14889
2026-04-07,vrs26_gads_search_brand_natl,search_brand,Bengaluru,1458.82,5674,156,156,38,16,12,13888
2026-04-07,vrs26_gads_search_brand_natl,search_brand,Hyderabad,1222.27,4719,68,68,10,4,2,10497
2026-04-07,vrs26_gads_search_brand_natl,search_brand,Pune,735.4,2923,69,69,17,7,6,13394
2026-04-07,vrs26_gads_search_brand_natl,search_brand,Chennai,691.25,3127,56,56,18,5,3,11796
2026-04-07,vrs26_gads_search_generic_marathon_natl,search_generic,Mumbai,2909.83,10963,228,228,29,14,12,21688
2026-04-07,vrs26_gads_search_generic_marathon_natl,search_generic,Delhi NCR,2870.85,12130,239,239,34,13,5,6895
2026-04-07,vrs26_gads_search_generic_marathon_natl,search_generic,Bengaluru,2172.39,8406,179,179,18,8,3,6297
2026-04-07,vrs26_gads_search_generic_marathon_natl,search_generic,Hyderabad,1636.16,7315,128,128,10,4,1,799
2026-04-07,vrs26_gads_search_generic_marathon_natl,search_generic,Pune,968.45,3974,91,91,12,2,2,1598
2026-04-07,vrs26_gads_search_generic_marathon_natl,search_generic,Chennai,904.4,3859,71,71,11,4,3,8597
2026-04-07,vrs26_gads_search_generic_10k_natl,search_generic,Mumbai,1709.54,6568,146,146,16,4,1,1299
2026-04-07,vrs26_gads_search_generic_10k_natl,search_generic,Delhi NCR,1583.31,7179,143,143,15,4,2,2098
2026-04-07,vrs26_gads_search_generic_10k_natl,search_generic,Bengaluru,1227.87,4705,83,83,12,5,3,12996
2026-04-07,vrs26_gads_search_generic_10k_natl,search_generic,Hyderabad,1204.9,4902,103,103,7,2,1,1999
2026-04-07,vrs26_gads_search_generic_10k_natl,search_generic,Pune,699.64,2786,46,46,6,1,0,0
2026-04-07,vrs26_gads_search_generic_10k_natl,search_generic,Chennai,813.94,3299,67,67,9,2,1,1299
2026-04-07,vrs26_gads_pmax_all_natl,pmax,Mumbai,2785.91,12036,229,229,21,5,1,2999
2026-04-07,vrs26_gads_pmax_all_natl,pmax,Delhi NCR,2210.75,7348,153,153,23,9,5,13194
2026-04-07,vrs26_gads_pmax_all_natl,pmax,Bengaluru,2429.17,10135,223,223,24,9,6,12894
2026-04-07,vrs26_gads_pmax_all_natl,pmax,Hyderabad,1524.62,6132,117,117,12,3,2,2098
2026-04-07,vrs26_gads_pmax_all_natl,pmax,Pune,1105.88,4114,69,69,7,1,0,0
2026-04-07,vrs26_gads_pmax_all_natl,pmax,Chennai,953.3,4245,113,113,17,5,4,9896
2026-04-07,vrs26_gads_pmax_mum,pmax,Mumbai,4605.32,20449,596,596,75,27,23,58276
2026-04-07,vrs26_gads_pmax_mum,pmax,Delhi NCR,355.76,1466,34,34,2,0,0,0
2026-04-07,vrs26_gads_pmax_mum,pmax,Bengaluru,413.65,1732,32,32,2,0,0,0
2026-04-07,vrs26_gads_pmax_mum,pmax,Hyderabad,219.3,894,11,11,0,0,0,0
2026-04-07,vrs26_gads_pmax_mum,pmax,Pune,185.13,818,14,14,1,1,1,1299
2026-04-07,vrs26_gads_pmax_mum,pmax,Chennai,102.69,432,10,10,1,0,0,0
2026-04-07,vrs26_gads_display_remarketing_natl,display,Mumbai,1470.07,6118,132,132,10,2,2,3798
2026-04-07,vrs26_gads_display_remarketing_natl,display,Delhi NCR,1102.18,4334,107,107,8,4,2,1298
2026-04-07,vrs26_gads_display_remarketing_natl,display,Bengaluru,1147.02,4895,90,90,7,3,2,4298
2026-04-07,vrs26_gads_display_remarketing_natl,display,Hyderabad,745.74,2972,63,63,3,1,0,0
2026-04-07,vrs26_gads_display_remarketing_natl,display,Pune,548.86,2251,52,52,6,0,0,0
2026-04-07,vrs26_gads_display_remarketing_natl,display,Chennai,415.53,1811,42,42,5,0,0,0
2026-04-08,vrs26_gads_search_brand_natl,search_brand,Mumbai,2101.55,8506,223,223,51,21,16,34683
2026-04-08,vrs26_gads_search_brand_natl,search_brand,Delhi NCR,1608.26,7238,127,127,27,15,11,29088
2026-04-08,vrs26_gads_search_brand_natl,search_brand,Bengaluru,1249.59,4584,100,100,17,12,8,10492
2026-04-08,vrs26_gads_search_brand_natl,search_brand,Hyderabad,1111.84,4622,92,92,23,10,7,15193
2026-04-08,vrs26_gads_search_brand_natl,search_brand,Pune,709.26,2596,41,41,9,4,2,3298
2026-04-08,vrs26_gads_search_brand_natl,search_brand,Chennai,554.16,2687,72,72,18,8,5,9895
2026-04-08,vrs26_gads_search_generic_marathon_natl,search_generic,Mumbai,2946.96,13156,291,291,15,7,2,9498
2026-04-08,vrs26_gads_search_generic_marathon_natl,search_generic,Delhi NCR,2271.79,10477,263,263,26,11,5,6195
2026-04-08,vrs26_gads_search_generic_marathon_natl,search_generic,Bengaluru,2095.68,9043,187,187,24,6,2,4298
2026-04-08,vrs26_gads_search_generic_marathon_natl,search_generic,Hyderabad,1521.51,5336,137,137,14,8,5,5895
2026-04-08,vrs26_gads_search_generic_marathon_natl,search_generic,Pune,1028.84,4087,64,64,9,1,0,0
2026-04-08,vrs26_gads_search_generic_marathon_natl,search_generic,Chennai,855.11,3813,86,86,9,3,3,6297
2026-04-08,vrs26_gads_search_generic_10k_natl,search_generic,Mumbai,1524.76,6347,132,132,15,5,1,1999
2026-04-08,vrs26_gads_search_generic_10k_natl,search_generic,Delhi NCR,1479.31,6032,110,110,19,7,3,9596
2026-04-08,vrs26_gads_search_generic_10k_natl,search_generic,Bengaluru,1396.76,5037,83,83,8,2,1,799
2026-04-08,vrs26_gads_search_generic_10k_natl,search_generic,Hyderabad,1069.58,4592,97,97,10,3,2,3998
2026-04-08,vrs26_gads_search_generic_10k_natl,search_generic,Pune,679.8,2969,82,82,5,2,0,0
2026-04-08,vrs26_gads_search_generic_10k_natl,search_generic,Chennai,620.26,2704,62,62,5,0,0,0
2026-04-08,vrs26_gads_pmax_all_natl,pmax,Mumbai,2736.03,11408,209,209,24,8,5,6695
2026-04-08,vrs26_gads_pmax_all_natl,pmax,Delhi NCR,2159.8,10734,252,252,32,11,6,10193
2026-04-08,vrs26_gads_pmax_all_natl,pmax,Bengaluru,1786.12,7575,95,95,13,2,2,2098
2026-04-08,vrs26_gads_pmax_all_natl,pmax,Hyderabad,1643.54,5455,105,105,11,7,4,5396
2026-04-08,vrs26_gads_pmax_all_natl,pmax,Pune,1075.99,4799,108,108,11,4,3,6297
2026-04-08,vrs26_gads_pmax_all_natl,pmax,Chennai,895.27,3387,56,56,8,3,1,499
2026-04-08,vrs26_gads_pmax_mum,pmax,Mumbai,4579.13,19050,493,493,69,25,13,22486
2026-04-08,vrs26_gads_pmax_mum,pmax,Delhi NCR,245.46,1015,20,20,1,1,1,2999
2026-04-08,vrs26_gads_pmax_mum,pmax,Bengaluru,221.49,929,28,28,3,2,2,5997
2026-04-08,vrs26_gads_pmax_mum,pmax,Hyderabad,215.29,847,9,9,2,1,1,799
2026-04-08,vrs26_gads_pmax_mum,pmax,Pune,145.61,672,7,7,0,0,0,0
2026-04-08,vrs26_gads_pmax_mum,pmax,Chennai,94.01,391,9,9,1,0,0,0
2026-04-08,vrs26_gads_pmax_blr,pmax,Mumbai,325.9,1263,24,24,2,0,0,0
2026-04-08,vrs26_gads_pmax_blr,pmax,Delhi NCR,228.21,962,15,15,2,2,1,1999
2026-04-08,vrs26_gads_pmax_blr,pmax,Bengaluru,3947.13,18210,382,382,47,16,10,28788
2026-04-08,vrs26_gads_pmax_blr,pmax,Hyderabad,154.36,633,15,15,4,1,0,0
2026-04-08,vrs26_gads_pmax_blr,pmax,Pune,74.34,292,7,7,2,2,2,4298
2026-04-08,vrs26_gads_pmax_blr,pmax,Chennai,65.8,263,6,6,1,1,0,0
2026-04-08,vrs26_gads_display_remarketing_natl,display,Mumbai,1477.82,6413,173,173,15,6,1,799
2026-04-08,vrs26_gads_display_remarketing_natl,display,Delhi NCR,921.36,3253,53,53,0,0,0,0
2026-04-08,vrs26_gads_display_remarketing_natl,display,Bengaluru,1133.22,5138,121,121,14,4,4,7796
2026-04-08,vrs26_gads_display_remarketing_natl,display,Hyderabad,652.64,2720,63,63,5,1,1,1299
2026-04-08,vrs26_gads_display_remarketing_natl,display,Pune,499.76,2140,41,41,4,1,0,0
2026-04-08,vrs26_gads_display_remarketing_natl,display,Chennai,393.03,1650,40,40,2,0,0,0
2026-04-09,vrs26_gads_search_brand_natl,search_brand,Mumbai,2322.6,9801,223,223,57,27,24,40575
2026-04-09,vrs26_gads_search_brand_natl,search_brand,Delhi NCR,1866.09,5782,108,108,18,7,5,13095
2026-04-09,vrs26_gads_search_brand_natl,search_brand,Bengaluru,1867.75,6376,170,170,34,13,8,9792
2026-04-09,vrs26_gads_search_brand_natl,search_brand,Hyderabad,1298.56,4164,85,85,20,11,11,16289
2026-04-09,vrs26_gads_search_brand_natl,search_brand,Pune,914.95,3693,70,70,19,6,6,11194
2026-04-09,vrs26_gads_search_brand_natl,search_brand,Chennai,708.16,2322,39,39,6,4,2,2798
2026-04-09,vrs26_gads_search_generic_marathon_natl,search_generic,Mumbai,3613.06,13333,244,244,37,12,6,10493
2026-04-09,vrs26_gads_search_generic_marathon_natl,search_generic,Delhi NCR,2747.58,9805,232,232,41,10,7,16193
2026-04-09,vrs26_gads_search_generic_marathon_natl,search_generic,Bengaluru,2527.14,9304,174,174,21,7,4,14995
2026-04-09,vrs26_gads_search_generic_marathon_natl,search_generic,Hyderabad,1768.99,6819,128,128,15,4,1,2999
2026-04-09,vrs26_gads_search_generic_marathon_natl,search_generic,Pune,1293.82,4806,116,116,14,5,2,3196
2026-04-09,vrs26_gads_search_generic_marathon_natl,search_generic,Chennai,1171.27,4523,80,80,12,9,6,8594
2026-04-09,vrs26_gads_search_generic_10k_natl,search_generic,Mumbai,2041.42,8186,175,175,14,5,4,7596
2026-04-09,vrs26_gads_search_generic_10k_natl,search_generic,Delhi NCR,1917.18,7201,152,152,18,7,4,4896
2026-04-09,vrs26_gads_search_generic_10k_natl,search_generic,Bengaluru,1905.27,7237,163,163,17,4,2,1598
2026-04-09,vrs26_gads_search_generic_10k_natl,search_generic,Hyderabad,1073.76,3703,62,62,5,2,1,799
2026-04-09,vrs26_gads_search_generic_10k_natl,search_generic,Pune,781.69,3132,67,67,4,1,0,0
2026-04-09,vrs26_gads_search_generic_10k_natl,search_generic,Chennai,568.17,2407,42,42,5,4,0,0
2026-04-09,vrs26_gads_pmax_all_natl,pmax,Mumbai,3502.67,13954,361,361,43,16,10,21888
2026-04-09,vrs26_gads_pmax_all_natl,pmax,Delhi NCR,2879.96,10993,199,199,20,8,4,6796
2026-04-09,vrs26_gads_pmax_all_natl,pmax,Bengaluru,2834.92,10618,244,244,24,6,3,6396
2026-04-09,vrs26_gads_pmax_all_natl,pmax,Hyderabad,1497.24,5321,95,95,6,3,2,2098
2026-04-09,vrs26_gads_pmax_all_natl,pmax,Pune,1122.07,4585,94,94,12,5,4,5595
2026-04-09,vrs26_gads_pmax_all_natl,pmax,Chennai,767.02,3189,65,65,7,2,2,4998
2026-04-09,vrs26_gads_pmax_mum,pmax,Mumbai,5620.51,22133,398,398,42,12,7,16592
2026-04-09,vrs26_gads_pmax_mum,pmax,Delhi NCR,394.07,1412,29,29,5,1,0,0
2026-04-09,vrs26_gads_pmax_mum,pmax,Bengaluru,298.57,1060,18,18,1,0,0,0
2026-04-09,vrs26_gads_pmax_mum,pmax,Hyderabad,216.77,781,18,18,4,2,1,1299
2026-04-09,vrs26_gads_pmax_mum,pmax,Pune,131.95,477,15,15,3,1,0,0
2026-04-09,vrs26_gads_pmax_mum,pmax,Chennai,71.7,286,8,8,1,0,0,0
2026-04-09,vrs26_gads_pmax_blr,pmax,Mumbai,310.85,1180,24,24,4,1,1,1299
2026-04-09,vrs26_gads_pmax_blr,pmax,Delhi NCR,354.18,1326,27,27,6,2,2,1598
2026-04-09,vrs26_gads_pmax_blr,pmax,Bengaluru,4722.02,19399,429,429,43,11,5,17795
2026-04-09,vrs26_gads_pmax_blr,pmax,Hyderabad,182.48,613,7,7,1,0,0,0
2026-04-09,vrs26_gads_pmax_blr,pmax,Pune,166.1,631,15,15,1,1,1,6499
2026-04-09,vrs26_gads_pmax_blr,pmax,Chennai,134.67,579,8,8,1,1,1,799
2026-04-09,vrs26_gads_display_remarketing_natl,display,Mumbai,1640.61,6634,184,184,10,4,3,3097
2026-04-09,vrs26_gads_display_remarketing_natl,display,Delhi NCR,1262.96,5363,110,110,6,2,0,0
2026-04-09,vrs26_gads_display_remarketing_natl,display,Bengaluru,1227.05,4208,67,67,3,1,0,0
2026-04-09,vrs26_gads_display_remarketing_natl,display,Hyderabad,851.72,3733,61,61,3,1,1,799
2026-04-09,vrs26_gads_display_remarketing_natl,display,Pune,664.8,2675,61,61,3,1,1,799
2026-04-09,vrs26_gads_display_remarketing_natl,display,Chennai,568.48,1914,51,51,6,2,2,2098
2026-04-10,vrs26_gads_search_brand_natl,search_brand,Mumbai,2314.59,8405,159,159,33,13,6,8894
2026-04-10,vrs26_gads_search_brand_natl,search_brand,Delhi NCR,1956.6,8467,157,157,34,6,2,998
2026-04-10,vrs26_gads_search_brand_natl,search_brand,Bengaluru,1927.19,7949,148,148,34,16,4,5195
2026-04-10,vrs26_gads_search_brand_natl,search_brand,Hyderabad,1236.28,4937,121,121,14,2,2,3798
2026-04-10,vrs26_gads_search_brand_natl,search_brand,Pune,902.01,2854,70,70,13,5,2,2098
2026-04-10,vrs26_gads_search_brand_natl,search_brand,Chennai,764.79,3047,87,87,19,1,1,1999
2026-04-10,vrs26_gads_search_generic_marathon_natl,search_generic,Mumbai,4128.92,15556,388,388,47,12,8,9391
2026-04-10,vrs26_gads_search_generic_marathon_natl,search_generic,Delhi NCR,2653.41,11331,224,224,28,11,4,7496
2026-04-10,vrs26_gads_search_generic_marathon_natl,search_generic,Bengaluru,2394.26,9207,183,183,19,5,4,7596
2026-04-10,vrs26_gads_search_generic_marathon_natl,search_generic,Hyderabad,1880.34,5675,128,128,14,7,1,499
2026-04-10,vrs26_gads_search_generic_marathon_natl,search_generic,Pune,1182.51,4414,106,106,9,2,1,1999
2026-04-10,vrs26_gads_search_generic_marathon_natl,search_generic,Chennai,1062.68,4664,114,114,17,5,4,5596
2026-04-10,vrs26_gads_search_generic_10k_natl,search_generic,Mumbai,1959.12,7110,172,172,20,10,6,15393
2026-04-10,vrs26_gads_search_generic_10k_natl,search_generic,Delhi NCR,2104.37,7934,197,197,11,4,3,5996
2026-04-10,vrs26_gads_search_generic_10k_natl,search_generic,Bengaluru,1644.2,5951,144,144,18,6,3,5797
2026-04-10,vrs26_gads_search_generic_10k_natl,search_generic,Hyderabad,984.66,3680,74,74,4,2,1,2999
2026-04-10,vrs26_gads_search_generic_10k_natl,search_generic,Pune,929.14,3219,60,60,11,1,1,799
2026-04-10,vrs26_gads_search_generic_10k_natl,search_generic,Chennai,779.84,3083,53,53,9,4,2,2098
2026-04-10,vrs26_gads_pmax_all_natl,pmax,Mumbai,2909.54,11242,221,221,28,12,7,9692
2026-04-10,vrs26_gads_pmax_all_natl,pmax,Delhi NCR,3307.49,13865,221,221,23,7,4,8796
2026-04-10,vrs26_gads_pmax_all_natl,pmax,Bengaluru,2596.42,9800,145,145,20,2,0,0
2026-04-10,vrs26_gads_pmax_all_natl,pmax,Hyderabad,1803.95,6430,127,127,6,2,1,1999
2026-04-10,vrs26_gads_pmax_all_natl,pmax,Pune,1256.76,4490,84,84,7,2,2,2798
2026-04-10,vrs26_gads_pmax_all_natl,pmax,Chennai,902.88,3398,78,78,14,5,4,10495
2026-04-10,vrs26_gads_pmax_mum,pmax,Mumbai,5746.45,21978,404,404,31,14,8,12391
2026-04-10,vrs26_gads_pmax_mum,pmax,Delhi NCR,300.89,1062,22,22,5,1,0,0
2026-04-10,vrs26_gads_pmax_mum,pmax,Bengaluru,322.96,1001,33,33,0,0,0,0
2026-04-10,vrs26_gads_pmax_mum,pmax,Hyderabad,196.46,784,18,18,2,1,1,1999
2026-04-10,vrs26_gads_pmax_mum,pmax,Pune,150.94,546,12,12,1,1,1,799
2026-04-10,vrs26_gads_pmax_mum,pmax,Chennai,108.38,401,13,13,3,0,0,0
2026-04-10,vrs26_gads_pmax_blr,pmax,Mumbai,348.26,1521,25,25,3,3,2,4498
2026-04-10,vrs26_gads_pmax_blr,pmax,Delhi NCR,276.5,1161,15,15,1,1,1,1999
2026-04-10,vrs26_gads_pmax_blr,pmax,Bengaluru,4959.55,19110,424,424,47,16,8,11592
2026-04-10,vrs26_gads_pmax_blr,pmax,Hyderabad,159.13,679,18,18,2,1,1,799
2026-04-10,vrs26_gads_pmax_blr,pmax,Pune,110.07,387,7,7,1,0,0,0
2026-04-10,vrs26_gads_pmax_blr,pmax,Chennai,97.44,354,9,9,0,0,0,0
2026-04-10,vrs26_gads_display_remarketing_natl,display,Mumbai,1660.8,5853,118,118,7,3,0,0
2026-04-10,vrs26_gads_display_remarketing_natl,display,Delhi NCR,1235.08,5299,132,132,5,0,0,0
2026-04-10,vrs26_gads_display_remarketing_natl,display,Bengaluru,1530.73,5081,96,96,7,1,1,799
2026-04-10,vrs26_gads_display_remarketing_natl,display,Hyderabad,772.22,3300,65,65,6,2,1,1299
2026-04-10,vrs26_gads_display_remarketing_natl,display,Pune,587.33,2364,47,47,2,0,0,0
2026-04-10,vrs26_gads_display_remarketing_natl,display,Chennai,514.84,1784,34,34,4,1,1,799
2026-04-11,vrs26_gads_search_brand_natl,search_brand,Mumbai,2306.81,8151,163,163,33,11,7,14393
2026-04-11,vrs26_gads_search_brand_natl,search_brand,Delhi NCR,1760.51,7280,175,175,30,6,4,6596
2026-04-11,vrs26_gads_search_brand_natl,search_brand,Bengaluru,1614.25,5926,160,160,34,11,10,20490
2026-04-11,vrs26_gads_search_brand_natl,search_brand,Hyderabad,1189.17,4476,104,104,21,11,7,12892
2026-04-11,vrs26_gads_search_brand_natl,search_brand,Pune,827.29,3402,85,85,20,9,6,14594
2026-04-11,vrs26_gads_search_brand_natl,search_brand,Chennai,697.16,2403,54,54,13,6,3,3997
2026-04-11,vrs26_gads_search_generic_marathon_natl,search_generic,Mumbai,3725.7,14614,385,385,43,19,12,18888
2026-04-11,vrs26_gads_search_generic_marathon_natl,search_generic,Delhi NCR,2802.5,10902,265,265,31,14,8,14992
2026-04-11,vrs26_gads_search_generic_marathon_natl,search_generic,Bengaluru,2332.3,8834,194,194,23,9,8,9992
2026-04-11,vrs26_gads_search_generic_marathon_natl,search_generic,Hyderabad,1321.04,6495,159,159,19,7,4,4995
2026-04-11,vrs26_gads_search_generic_marathon_natl,search_generic,Pune,1255.26,4556,109,109,11,5,2,2798
2026-04-11,vrs26_gads_search_generic_marathon_natl,search_generic,Chennai,833.1,3386,78,78,10,5,3,4097
2026-04-11,vrs26_gads_search_generic_10k_natl,search_generic,Mumbai,1756.38,5603,163,163,13,5,4,3096
2026-04-11,vrs26_gads_search_generic_10k_natl,search_generic,Delhi NCR,1812.2,7745,154,154,26,9,5,11895
2026-04-11,vrs26_gads_search_generic_10k_natl,search_generic,Bengaluru,1561.34,6173,142,142,18,6,4,8296
2026-04-11,vrs26_gads_search_generic_10k_natl,search_generic,Hyderabad,1220.51,4412,117,117,16,5,3,3696
2026-04-11,vrs26_gads_search_generic_10k_natl,search_generic,Pune,816.8,2629,48,48,8,1,0,0
2026-04-11,vrs26_gads_search_generic_10k_natl,search_generic,Chennai,582.18,2252,58,58,7,2,1,799
2026-04-11,vrs26_gads_pmax_all_natl,pmax,Mumbai,3320.55,12261,236,236,24,7,4,17295
2026-04-11,vrs26_gads_pmax_all_natl,pmax,Delhi NCR,2170.77,9151,111,111,7,2,0,0
2026-04-11,vrs26_gads_pmax_all_natl,pmax,Bengaluru,2302.11,9159,240,240,34,14,8,23991
2026-04-11,vrs26_gads_pmax_all_natl,pmax,Hyderabad,1721.05,5076,102,102,9,1,0,0
2026-04-11,vrs26_gads_pmax_all_natl,pmax,Pune,1325.55,5813,176,176,13,5,2,3298
2026-04-11,vrs26_gads_pmax_all_natl,pmax,Chennai,945.54,3779,72,72,3,1,1,499
2026-04-11,vrs26_gads_pmax_mum,pmax,Mumbai,5297.88,20660,448,448,54,20,16,29683
2026-04-11,vrs26_gads_pmax_mum,pmax,Delhi NCR,319.3,1225,27,27,4,3,2,7797
2026-04-11,vrs26_gads_pmax_mum,pmax,Bengaluru,230.73,973,24,24,3,2,2,3397
2026-04-11,vrs26_gads_pmax_mum,pmax,Hyderabad,210.98,917,25,25,5,4,4,4396
2026-04-11,vrs26_gads_pmax_mum,pmax,Pune,134.86,525,14,14,1,0,0,0
2026-04-11,vrs26_gads_pmax_mum,pmax,Chennai,102.65,416,7,7,1,1,1,799
2026-04-11,vrs26_gads_pmax_blr,pmax,Mumbai,365.03,1301,28,28,3,0,0,0
2026-04-11,vrs26_gads_pmax_blr,pmax,Delhi NCR,253.89,1090,41,41,4,1,0,0
2026-04-11,vrs26_gads_pmax_blr,pmax,Bengaluru,4452.99,17348,353,353,37,9,3,2897
2026-04-11,vrs26_gads_pmax_blr,pmax,Hyderabad,208.22,885,24,24,1,1,1,1999
2026-04-11,vrs26_gads_pmax_blr,pmax,Pune,125.31,553,13,13,4,3,3,4097
2026-04-11,vrs26_gads_pmax_blr,pmax,Chennai,83.73,328,6,6,0,0,0,0
2026-04-11,vrs26_gads_display_remarketing_natl,display,Mumbai,1388.84,5792,110,110,4,0,0,0
2026-04-11,vrs26_gads_display_remarketing_natl,display,Delhi NCR,1395.53,5803,132,132,5,0,0,0
2026-04-11,vrs26_gads_display_remarketing_natl,display,Bengaluru,1194.89,4169,97,97,6,4,2,3998
2026-04-11,vrs26_gads_display_remarketing_natl,display,Hyderabad,880.32,3656,89,89,7,4,2,6797
2026-04-11,vrs26_gads_display_remarketing_natl,display,Pune,567.28,2345,49,49,2,0,0,0
2026-04-11,vrs26_gads_display_remarketing_natl,display,Chennai,385.2,1364,30,30,4,2,2,1598
2026-04-12,vrs26_gads_search_brand_natl,search_brand,Mumbai,1914.27,7709,164,164,40,17,10,12390
2026-04-12,vrs26_gads_search_brand_natl,search_brand,Delhi NCR,1885.06,8315,169,169,39,21,17,41482
2026-04-12,vrs26_gads_search_brand_natl,search_brand,Bengaluru,1492.38,6650,129,129,30,13,6,7794
2026-04-12,vrs26_gads_search_brand_natl,search_brand,Hyderabad,1048.28,4015,61,61,16,6,3,3696
2026-04-12,vrs26_gads_search_brand_natl,search_brand,Pune,765.92,2933,67,67,19,8,6,13894
2026-04-12,vrs26_gads_search_brand_natl,search_brand,Chennai,580.93,2334,38,38,10,6,6,7394
2026-04-12,vrs26_gads_search_generic_marathon_natl,search_generic,Mumbai,3373.51,14137,274,274,36,15,9,17991
2026-04-12,vrs26_gads_search_generic_marathon_natl,search_generic,Delhi NCR,2518.26,9887,197,197,27,11,4,5296
2026-04-12,vrs26_gads_search_generic_marathon_natl,search_generic,Bengaluru,1980.75,7927,187,187,23,14,9,12091
2026-04-12,vrs26_gads_search_generic_marathon_natl,search_generic,Hyderabad,1586.76,5521,121,121,13,2,0,0
2026-04-12,vrs26_gads_search_generic_marathon_natl,search_generic,Pune,885.06,3727,67,67,7,1,1,2999
2026-04-12,vrs26_gads_search_generic_marathon_natl,search_generic,Chennai,890.27,3320,68,68,6,2,1,799
2026-04-12,vrs26_gads_search_generic_10k_natl,search_generic,Mumbai,1801.69,7468,112,112,13,6,3,9997
2026-04-12,vrs26_gads_search_generic_10k_natl,search_generic,Delhi NCR,1314.21,5772,157,157,10,1,0,0
2026-04-12,vrs26_gads_search_generic_10k_natl,search_generic,Bengaluru,1494.42,6644,146,146,23,7,2,2598
2026-04-12,vrs26_gads_search_generic_10k_natl,search_generic,Hyderabad,1171.77,4695,71,71,7,2,2,2598
2026-04-12,vrs26_gads_search_generic_10k_natl,search_generic,Pune,628.75,2457,56,56,6,1,1,2598
2026-04-12,vrs26_gads_search_generic_10k_natl,search_generic,Chennai,684.71,2818,52,52,0,0,0,0
2026-04-12,vrs26_gads_pmax_all_natl,pmax,Mumbai,2958.13,12128,280,280,24,6,3,8597
2026-04-12,vrs26_gads_pmax_all_natl,pmax,Delhi NCR,2499.82,9510,148,148,19,9,5,6794
2026-04-12,vrs26_gads_pmax_all_natl,pmax,Bengaluru,2038.2,7903,141,141,15,7,4,10595
2026-04-12,vrs26_gads_pmax_all_natl,pmax,Hyderabad,1452.83,6251,144,144,18,3,2,4998
2026-04-12,vrs26_gads_pmax_all_natl,pmax,Pune,1097.71,4340,86,86,7,4,3,8997
2026-04-12,vrs26_gads_pmax_all_natl,pmax,Chennai,744.45,2972,74,74,6,2,0,0
2026-04-12,vrs26_gads_pmax_mum,pmax,Mumbai,4729.2,21717,428,428,45,21,13,26085
2026-04-12,vrs26_gads_pmax_mum,pmax,Delhi NCR,293.25,1143,23,23,3,2,1,2499
2026-04-12,vrs26_gads_pmax_mum,pmax,Bengaluru,286.99,1090,17,17,1,0,0,0
2026-04-12,vrs26_gads_pmax_mum,pmax,Hyderabad,175.22,693,11,11,1,1,1,1299
2026-04-12,vrs26_gads_pmax_mum,pmax,Pune,169.79,638,7,7,1,1,1,799
2026-04-12,vrs26_gads_pmax_mum,pmax,Chennai,110.67,447,10,10,2,0,0,0
2026-04-12,vrs26_gads_pmax_blr,pmax,Mumbai,339.25,1352,35,35,7,1,1,799
2026-04-12,vrs26_gads_pmax_blr,pmax,Delhi NCR,253.45,1075,15,15,0,0,0,0
2026-04-12,vrs26_gads_pmax_blr,pmax,Bengaluru,4033.16,18084,418,418,52,16,14,21886
2026-04-12,vrs26_gads_pmax_blr,pmax,Hyderabad,177.26,703,15,15,4,0,0,0
2026-04-12,vrs26_gads_pmax_blr,pmax,Pune,116.38,433,12,12,1,0,0,0
2026-04-12,vrs26_gads_pmax_blr,pmax,Chennai,106.51,456,9,9,1,1,1,6499
2026-04-12,vrs26_gads_display_remarketing_natl,display,Mumbai,1319.07,4680,76,76,5,0,0,0
2026-04-12,vrs26_gads_display_remarketing_natl,display,Delhi NCR,1041.34,4253,82,82,7,0,0,0
2026-04-12,vrs26_gads_display_remarketing_natl,display,Bengaluru,1099.53,4432,90,90,10,2,1,799
2026-04-12,vrs26_gads_display_remarketing_natl,display,Hyderabad,845.15,3527,60,60,6,1,1,799
2026-04-12,vrs26_gads_display_remarketing_natl,display,Pune,617.94,2423,65,65,7,0,0,0
2026-04-12,vrs26_gads_display_remarketing_natl,display,Chennai,398.63,1761,57,57,6,4,0,0
2026-04-13,vrs26_gads_search_brand_natl,search_brand,Mumbai,1987.89,7430,158,158,38,11,7,14593
2026-04-13,vrs26_gads_search_brand_natl,search_brand,Delhi NCR,1710.79,7625,157,157,36,15,7,17193
2026-04-13,vrs26_gads_search_brand_natl,search_brand,Bengaluru,1166.27,5135,95,95,19,10,4,5396
2026-04-13,vrs26_gads_search_brand_natl,search_brand,Hyderabad,998.13,4142,73,73,14,3,2,1298
2026-04-13,vrs26_gads_search_brand_natl,search_brand,Pune,733.14,3153,76,76,13,2,0,0
2026-04-13,vrs26_gads_search_brand_natl,search_brand,Chennai,540.56,2272,50,50,12,5,4,7796
2026-04-13,vrs26_gads_search_generic_marathon_natl,search_generic,Mumbai,2905.23,11215,198,198,22,7,7,8293
2026-04-13,vrs26_gads_search_generic_marathon_natl,search_generic,Delhi NCR,2292.62,9540,212,212,43,19,17,26282
2026-04-13,vrs26_gads_search_generic_marathon_natl,search_generic,Bengaluru,2375.52,10298,193,193,26,8,6,7594
2026-04-13,vrs26_gads_search_generic_marathon_natl,search_generic,Hyderabad,1193.07,5353,74,74,7,2,0,0
2026-04-13,vrs26_gads_search_generic_marathon_natl,search_generic,Pune,981.04,4512,114,114,13,2,1,799
2026-04-13,vrs26_gads_search_generic_marathon_natl,search_generic,Chennai,683.2,3129,51,51,10,5,2,4498
2026-04-13,vrs26_gads_search_generic_10k_natl,search_generic,Mumbai,1633.39,7116,149,149,26,11,6,13293
2026-04-13,vrs26_gads_search_generic_10k_natl,search_generic,Delhi NCR,1706.36,6646,127,127,19,5,4,7795
2026-04-13,vrs26_gads_search_generic_10k_natl,search_generic,Bengaluru,1251.4,5104,134,134,14,2,0,0
2026-04-13,vrs26_gads_search_generic_10k_natl,search_generic,Hyderabad,916.09,3359,58,58,8,2,0,0
2026-04-13,vrs26_gads_search_generic_10k_natl,search_generic,Pune,598.46,2006,56,56,10,4,3,8297
2026-04-13,vrs26_gads_search_generic_10k_natl,search_generic,Chennai,482.09,1968,41,41,8,5,3,3797
2026-04-13,vrs26_gads_pmax_all_natl,pmax,Mumbai,2727.55,11118,231,231,29,14,8,9792
2026-04-13,vrs26_gads_pmax_all_natl,pmax,Delhi NCR,2528.69,9948,228,228,20,7,6,6694
2026-04-13,vrs26_gads_pmax_all_natl,pmax,Bengaluru,2002.28,8568,221,221,20,6,1,799
2026-04-13,vrs26_gads_pmax_all_natl,pmax,Hyderabad,1132.1,4202,82,82,8,1,1,499
2026-04-13,vrs26_gads_pmax_all_natl,pmax,Pune,962.59,3964,94,94,5,2,1,6499
2026-04-13,vrs26_gads_pmax_all_natl,pmax,Chennai,665.74,3067,75,75,9,2,0,0
2026-04-13,vrs26_gads_pmax_mum,pmax,Mumbai,4522.65,18762,441,441,44,20,12,13188
2026-04-13,vrs26_gads_pmax_mum,pmax,Delhi NCR,214.45,906,23,23,1,0,0,0
2026-04-13,vrs26_gads_pmax_mum,pmax,Bengaluru,213.39,823,20,20,0,0,0,0
2026-04-13,vrs26_gads_pmax_mum,pmax,Hyderabad,200.6,815,16,16,2,2,1,799
2026-04-13,vrs26_gads_pmax_mum,pmax,Pune,109.65,452,4,4,1,0,0,0
2026-04-13,vrs26_gads_pmax_mum,pmax,Chennai,91.83,343,6,6,1,0,0,0
2026-04-13,vrs26_gads_pmax_blr,pmax,Mumbai,300.68,1214,35,35,0,0,0,0
2026-04-13,vrs26_gads_pmax_blr,pmax,Delhi NCR,217.16,1045,37,37,5,1,1,1299
2026-04-13,vrs26_gads_pmax_blr,pmax,Bengaluru,3840.56,17803,405,405,41,11,2,1598
2026-04-13,vrs26_gads_pmax_blr,pmax,Hyderabad,147.32,584,25,25,2,0,0,0
2026-04-13,vrs26_gads_pmax_blr,pmax,Pune,86.2,339,3,3,0,0,0,0
2026-04-13,vrs26_gads_pmax_blr,pmax,Chennai,74.44,301,3,3,0,0,0,0
2026-04-13,vrs26_gads_display_remarketing_natl,display,Mumbai,1342.52,5391,104,104,5,1,0,0
2026-04-13,vrs26_gads_display_remarketing_natl,display,Delhi NCR,955.01,3908,92,92,10,6,4,5195
2026-04-13,vrs26_gads_display_remarketing_natl,display,Bengaluru,865.33,3211,71,71,3,0,0,0
2026-04-13,vrs26_gads_display_remarketing_natl,display,Hyderabad,802.5,3709,83,83,10,6,3,3397
2026-04-13,vrs26_gads_display_remarketing_natl,display,Pune,578.64,2659,59,59,4,2,0,0
2026-04-13,vrs26_gads_display_remarketing_natl,display,Chennai,396.85,1857,33,33,2,1,0,0
2026-04-14,vrs26_gads_search_brand_natl,search_brand,Mumbai,1768.85,7446,134,134,36,18,8,12492
2026-04-14,vrs26_gads_search_brand_natl,search_brand,Delhi NCR,1655.65,6927,152,152,33,7,2,3298
2026-04-14,vrs26_gads_search_brand_natl,search_brand,Bengaluru,1203.46,4804,77,77,20,8,6,7693
2026-04-14,vrs26_gads_search_brand_natl,search_brand,Hyderabad,1059.44,4400,88,88,23,8,4,8095
2026-04-14,vrs26_gads_search_brand_natl,search_brand,Pune,665.5,2788,51,51,13,6,6,12094
2026-04-14,vrs26_gads_search_brand_natl,search_brand,Chennai,499.7,2018,40,40,6,2,2,6998
2026-04-14,vrs26_gads_search_generic_marathon_natl,search_generic,Mumbai,2334.41,11146,282,282,33,9,7,7693
2026-04-14,vrs26_gads_search_generic_marathon_natl,search_generic,Delhi NCR,2216.14,9706,274,274,35,16,10,21388
2026-04-14,vrs26_gads_search_generic_marathon_natl,search_generic,Bengaluru,2069.34,9743,282,282,36,17,6,9993
2026-04-14,vrs26_gads_search_generic_marathon_natl,search_generic,Hyderabad,1698.54,6803,114,114,16,4,4,3696
2026-04-14,vrs26_gads_search_generic_marathon_natl,search_generic,Pune,922.48,3909,82,82,8,1,1,2999
2026-04-14,vrs26_gads_search_generic_marathon_natl,search_generic,Chennai,774.42,3053,77,77,16,5,4,9795
2026-04-14,vrs26_gads_search_generic_10k_natl,search_generic,Mumbai,1636.27,6953,142,142,17,6,5,11395
2026-04-14,vrs26_gads_search_generic_10k_natl,search_generic,Delhi NCR,1454.92,6005,144,144,18,11,8,14491
2026-04-14,vrs26_gads_search_generic_10k_natl,search_generic,Bengaluru,1267.69,5287,110,110,11,4,4,7296
2026-04-14,vrs26_gads_search_generic_10k_natl,search_generic,Hyderabad,844.75,3442,56,56,8,2,0,0
2026-04-14,vrs26_gads_search_generic_10k_natl,search_generic,Pune,615.25,2616,51,51,3,1,1,1299
2026-04-14,vrs26_gads_search_generic_10k_natl,search_generic,Chennai,506.59,2084,49,49,6,3,3,7296
2026-04-14,vrs26_gads_pmax_all_natl,pmax,Mumbai,2582.12,10640,269,269,34,12,6,17094
2026-04-14,vrs26_gads_pmax_all_natl,pmax,Delhi NCR,1870.09,8942,190,190,19,6,6,14594
2026-04-14,vrs26_gads_pmax_all_natl,pmax,Bengaluru,2107.98,8704,181,181,25,8,2,1598
2026-04-14,vrs26_gads_pmax_all_natl,pmax,Hyderabad,1323.92,5389,155,155,23,11,3,3397
2026-04-14,vrs26_gads_pmax_all_natl,pmax,Pune,993.42,4314,80,80,11,6,2,1598
2026-04-14,vrs26_gads_pmax_all_natl,pmax,Chennai,742.45,3375,69,69,3,2,2,5498
2026-04-14,vrs26_gads_pmax_mum,pmax,Mumbai,4350.79,17360,317,317,42,14,5,4495
2026-04-14,vrs26_gads_pmax_mum,pmax,Delhi NCR,229,818,10,10,0,0,0,0
2026-04-14,vrs26_gads_pmax_mum,pmax,Bengaluru,234.32,915,14,14,2,1,0,0
2026-04-14,vrs26_gads_pmax_mum,pmax,Hyderabad,125.3,563,9,9,0,0,0,0
2026-04-14,vrs26_gads_pmax_mum,pmax,Pune,114.88,442,11,11,1,1,0,0
2026-04-14,vrs26_gads_pmax_mum,pmax,Chennai,85.15,348,8,8,0,0,0,0
2026-04-14,vrs26_gads_pmax_blr,pmax,Mumbai,354.76,1624,32,32,2,2,1,6499
2026-04-14,vrs26_gads_pmax_blr,pmax,Delhi NCR,198,828,16,16,1,0,0,0
2026-04-14,vrs26_gads_pmax_blr,pmax,Bengaluru,3564.58,13641,294,294,34,9,4,11596
2026-04-14,vrs26_gads_pmax_blr,pmax,Hyderabad,155.98,582,10,10,0,0,0,0
2026-04-14,vrs26_gads_pmax_blr,pmax,Pune,117.97,471,5,5,0,0,0,0
2026-04-14,vrs26_gads_pmax_blr,pmax,Chennai,89.25,400,9,9,1,0,0,0
2026-04-14,vrs26_gads_display_remarketing_natl,display,Mumbai,1353.06,5396,94,94,5,1,0,0
2026-04-14,vrs26_gads_display_remarketing_natl,display,Delhi NCR,912.1,3815,71,71,5,1,1,1598
2026-04-14,vrs26_gads_display_remarketing_natl,display,Bengaluru,915.91,4344,95,95,9,2,2,3498
2026-04-14,vrs26_gads_display_remarketing_natl,display,Hyderabad,647.17,2490,59,59,6,3,1,2598
2026-04-14,vrs26_gads_display_remarketing_natl,display,Pune,535.51,2336,38,38,3,1,0,0
2026-04-14,vrs26_gads_display_remarketing_natl,display,Chennai,380.35,1530,31,31,3,2,2,1598
2026-04-15,vrs26_gads_search_brand_natl,search_brand,Mumbai,1730.52,6640,119,119,26,12,6,9194
2026-04-15,vrs26_gads_search_brand_natl,search_brand,Delhi NCR,1403.7,6461,118,118,30,16,13,25386
2026-04-15,vrs26_gads_search_brand_natl,search_brand,Bengaluru,1131.17,4598,110,110,28,11,8,17090
2026-04-15,vrs26_gads_search_brand_natl,search_brand,Hyderabad,804.18,3168,56,56,12,5,3,2897
2026-04-15,vrs26_gads_search_brand_natl,search_brand,Pune,612.59,2404,57,57,7,2,1,2499
2026-04-15,vrs26_gads_search_brand_natl,search_brand,Chennai,368.74,1472,35,35,9,5,3,4597
2026-04-15,vrs26_gads_search_generic_marathon_natl,search_generic,Mumbai,2565.24,11048,279,279,36,13,7,18592
2026-04-15,vrs26_gads_search_generic_marathon_natl,search_generic,Delhi NCR,1805.48,7374,157,157,17,7,5,15795
2026-04-15,vrs26_gads_search_generic_marathon_natl,search_generic,Bengaluru,1632.62,6538,83,83,8,3,2,1798
2026-04-15,vrs26_gads_search_generic_marathon_natl,search_generic,Hyderabad,1302.82,5926,101,101,19,7,7,18192
2026-04-15,vrs26_gads_search_generic_marathon_natl,search_generic,Pune,856.97,3180,58,58,11,4,1,2999
2026-04-15,vrs26_gads_search_generic_marathon_natl,search_generic,Chennai,680.49,2794,62,62,10,3,0,0
2026-04-15,vrs26_gads_search_generic_10k_natl,search_generic,Mumbai,1584.98,7364,114,114,13,4,2,4298
2026-04-15,vrs26_gads_search_generic_10k_natl,search_generic,Delhi NCR,1293.79,5673,131,131,19,6,2,4298
2026-04-15,vrs26_gads_search_generic_10k_natl,search_generic,Bengaluru,1021.72,4637,100,100,13,8,2,3998
2026-04-15,vrs26_gads_search_generic_10k_natl,search_generic,Hyderabad,778.21,3128,55,55,5,3,3,3597
2026-04-15,vrs26_gads_search_generic_10k_natl,search_generic,Pune,560.2,2486,45,45,6,4,3,6297
2026-04-15,vrs26_gads_search_generic_10k_natl,search_generic,Chennai,346.53,1413,22,22,2,0,0,0
2026-04-15,vrs26_gads_pmax_all_natl,pmax,Mumbai,2293.24,9392,143,143,19,9,6,14394
2026-04-15,vrs26_gads_pmax_all_natl,pmax,Delhi NCR,1571.69,7165,132,132,19,7,5,10595
2026-04-15,vrs26_gads_pmax_all_natl,pmax,Bengaluru,1720.23,8054,146,146,21,6,2,7298
2026-04-15,vrs26_gads_pmax_all_natl,pmax,Hyderabad,1149.72,4809,89,89,7,2,1,499
2026-04-15,vrs26_gads_pmax_all_natl,pmax,Pune,1042.14,4667,142,142,13,5,1,1999
2026-04-15,vrs26_gads_pmax_all_natl,pmax,Chennai,717.49,2546,40,40,5,2,1,799
2026-04-15,vrs26_gads_pmax_mum,pmax,Mumbai,3849.88,17131,374,374,50,18,9,15391
2026-04-15,vrs26_gads_pmax_mum,pmax,Delhi NCR,218.03,913,21,21,2,1,1,1299
2026-04-15,vrs26_gads_pmax_mum,pmax,Bengaluru,192.78,857,24,24,2,0,0,0
2026-04-15,vrs26_gads_pmax_mum,pmax,Hyderabad,113.97,519,6,6,1,0,0,0
2026-04-15,vrs26_gads_pmax_mum,pmax,Pune,106.23,491,9,9,0,0,0,0
2026-04-15,vrs26_gads_pmax_mum,pmax,Chennai,57.28,230,5,5,0,0,0,0
2026-04-15,vrs26_gads_pmax_blr,pmax,Mumbai,317.25,1402,35,35,2,0,0,0
2026-04-15,vrs26_gads_pmax_blr,pmax,Delhi NCR,206.64,757,16,16,2,1,0,0
2026-04-15,vrs26_gads_pmax_blr,pmax,Bengaluru,3046.39,12893,297,297,33,14,10,20990
2026-04-15,vrs26_gads_pmax_blr,pmax,Hyderabad,187.6,825,14,14,1,0,0,0
2026-04-15,vrs26_gads_pmax_blr,pmax,Pune,112.65,498,15,15,3,2,1,499
2026-04-15,vrs26_gads_pmax_blr,pmax,Chennai,85.81,400,5,5,0,0,0,0
2026-04-15,vrs26_gads_display_remarketing_natl,display,Mumbai,1212.36,5767,106,106,13,3,1,1598
2026-04-15,vrs26_gads_display_remarketing_natl,display,Delhi NCR,872.71,3085,73,73,6,3,2,1598
2026-04-15,vrs26_gads_display_remarketing_natl,display,Bengaluru,779.42,2875,52,52,4,3,0,0
2026-04-15,vrs26_gads_display_remarketing_natl,display,Hyderabad,572.07,2584,66,66,4,1,0,0
2026-04-15,vrs26_gads_display_remarketing_natl,display,Pune,429.01,2067,33,33,5,1,0,0
2026-04-15,vrs26_gads_display_remarketing_natl,display,Chennai,323.51,1374,29,29,2,1,1,499
2026-04-15,vrs26_gads_yt_instream_natl,youtube,Mumbai,1396.01,6227,178,178,13,7,1,1999
2026-04-15,vrs26_gads_yt_instream_natl,youtube,Delhi NCR,1091.99,4358,94,94,8,1,1,2499
2026-04-15,vrs26_gads_yt_instream_natl,youtube,Bengaluru,952.08,4467,109,109,10,3,2,3298
2026-04-15,vrs26_gads_yt_instream_natl,youtube,Hyderabad,680.92,2973,60,60,2,0,0,0
2026-04-15,vrs26_gads_yt_instream_natl,youtube,Pune,591.59,2217,48,48,4,3,0,0
2026-04-15,vrs26_gads_yt_instream_natl,youtube,Chennai,407.4,1790,46,46,1,0,0,0
2026-04-16,vrs26_gads_search_brand_natl,search_brand,Mumbai,1843.5,6397,137,137,36,16,12,37387
2026-04-16,vrs26_gads_search_brand_natl,search_brand,Delhi NCR,1667.47,6317,172,172,43,23,20,52978
2026-04-16,vrs26_gads_search_brand_natl,search_brand,Bengaluru,1484.34,6217,138,138,25,15,10,21490
2026-04-16,vrs26_gads_search_brand_natl,search_brand,Hyderabad,956.22,4390,107,107,23,9,5,5895
2026-04-16,vrs26_gads_search_brand_natl,search_brand,Pune,586.38,2038,36,36,8,3,2,4298
2026-04-16,vrs26_gads_search_brand_natl,search_brand,Chennai,624.96,2333,48,48,11,5,3,3396
2026-04-16,vrs26_gads_search_generic_marathon_natl,search_generic,Mumbai,2783.77,11852,203,203,12,3,1,3499
2026-04-16,vrs26_gads_search_generic_marathon_natl,search_generic,Delhi NCR,2612.73,11466,196,196,19,6,4,4896
2026-04-16,vrs26_gads_search_generic_marathon_natl,search_generic,Bengaluru,1856.43,7502,141,141,17,6,5,10095
2026-04-16,vrs26_gads_search_generic_marathon_natl,search_generic,Hyderabad,1247.53,4553,103,103,14,4,4,5395
2026-04-16,vrs26_gads_search_generic_marathon_natl,search_generic,Pune,1168.82,5088,109,109,9,2,1,1299
2026-04-16,vrs26_gads_search_generic_marathon_natl,search_generic,Chennai,799.56,3201,71,71,11,4,3,6797
2026-04-16,vrs26_gads_search_generic_10k_natl,search_generic,Mumbai,1462.39,6582,122,122,12,6,5,6395
2026-04-16,vrs26_gads_search_generic_10k_natl,search_generic,Delhi NCR,1492.05,6347,140,140,16,6,2,6498
2026-04-16,vrs26_gads_search_generic_10k_natl,search_generic,Bengaluru,1384.5,5532,140,140,16,3,1,499
2026-04-16,vrs26_gads_search_generic_10k_natl,search_generic,Hyderabad,1135.32,4794,123,123,13,5,3,2897
2026-04-16,vrs26_gads_search_generic_10k_natl,search_generic,Pune,691.45,2909,75,75,12,5,4,5796
2026-04-16,vrs26_gads_search_generic_10k_natl,search_generic,Chennai,446.18,1804,40,40,7,3,2,1298
2026-04-16,vrs26_gads_pmax_all_natl,pmax,Mumbai,2790.11,10808,227,227,24,10,10,21988
2026-04-16,vrs26_gads_pmax_all_natl,pmax,Delhi NCR,2450.29,9572,135,135,8,2,2,9498
2026-04-16,vrs26_gads_pmax_all_natl,pmax,Bengaluru,1666.31,6596,139,139,17,5,3,2597
2026-04-16,vrs26_gads_pmax_all_natl,pmax,Hyderabad,1433.82,6316,127,127,11,2,2,3998
2026-04-16,vrs26_gads_pmax_all_natl,pmax,Pune,882.25,3716,94,94,12,3,1,799
2026-04-16,vrs26_gads_pmax_all_natl,pmax,Chennai,832.81,3645,89,89,13,5,3,6997
2026-04-16,vrs26_gads_pmax_mum,pmax,Mumbai,4603.34,16602,328,328,33,16,7,11693
2026-04-16,vrs26_gads_pmax_mum,pmax,Delhi NCR,193.78,715,14,14,1,0,0,0
2026-04-16,vrs26_gads_pmax_mum,pmax,Bengaluru,237.64,832,24,24,1,1,1,2999
2026-04-16,vrs26_gads_pmax_mum,pmax,Hyderabad,146.14,555,6,6,1,0,0,0
2026-04-16,vrs26_gads_pmax_mum,pmax,Pune,110.71,468,11,11,3,1,0,0
2026-04-16,vrs26_gads_pmax_mum,pmax,Chennai,80.56,381,9,9,2,1,1,1999
2026-04-16,vrs26_gads_pmax_blr,pmax,Mumbai,249.96,998,25,25,4,1,0,0
2026-04-16,vrs26_gads_pmax_blr,pmax,Delhi NCR,200.63,901,18,18,0,0,0,0
2026-04-16,vrs26_gads_pmax_blr,pmax,Bengaluru,3939.57,16692,403,403,51,18,11,20489
2026-04-16,vrs26_gads_pmax_blr,pmax,Hyderabad,129.94,454,13,13,0,0,0,0
2026-04-16,vrs26_gads_pmax_blr,pmax,Pune,96.94,374,4,4,4,3,0,0
2026-04-16,vrs26_gads_pmax_blr,pmax,Chennai,66.38,230,5,5,0,0,0,0
2026-04-16,vrs26_gads_display_remarketing_natl,display,Mumbai,1450.38,5056,128,128,10,2,2,4798
2026-04-16,vrs26_gads_display_remarketing_natl,display,Delhi NCR,960.88,4294,89,89,8,2,1,2499
2026-04-16,vrs26_gads_display_remarketing_natl,display,Bengaluru,1017.76,4372,78,78,3,0,0,0
2026-04-16,vrs26_gads_display_remarketing_natl,display,Hyderabad,643.27,2406,40,40,3,0,0,0
2026-04-16,vrs26_gads_display_remarketing_natl,display,Pune,503.64,1974,39,39,1,0,0,0
2026-04-16,vrs26_gads_display_remarketing_natl,display,Chennai,382.98,1433,34,34,4,0,0,0
2026-04-16,vrs26_gads_yt_instream_natl,youtube,Mumbai,1458.41,6691,125,125,8,3,2,2098
2026-04-16,vrs26_gads_yt_instream_natl,youtube,Delhi NCR,1166.93,5362,111,111,11,3,2,3298
2026-04-16,vrs26_gads_yt_instream_natl,youtube,Bengaluru,1330.44,5764,123,123,5,1,1,799
2026-04-16,vrs26_gads_yt_instream_natl,youtube,Hyderabad,1013.09,3962,85,85,5,3,0,0
2026-04-16,vrs26_gads_yt_instream_natl,youtube,Pune,573.28,2401,50,50,2,0,0,0
2026-04-16,vrs26_gads_yt_instream_natl,youtube,Chennai,518.75,1939,42,42,2,1,0,0
2026-04-17,vrs26_gads_search_brand_natl,search_brand,Mumbai,1998.69,8238,215,215,36,16,8,20092
2026-04-17,vrs26_gads_search_brand_natl,search_brand,Delhi NCR,1664.51,6611,133,133,31,16,10,21688
2026-04-17,vrs26_gads_search_brand_natl,search_brand,Bengaluru,1374.37,5729,115,115,22,7,6,16593
2026-04-17,vrs26_gads_search_brand_natl,search_brand,Hyderabad,1029.12,4579,109,109,20,4,3,4896
2026-04-17,vrs26_gads_search_brand_natl,search_brand,Pune,787.16,3311,48,48,9,4,2,3298
2026-04-17,vrs26_gads_search_brand_natl,search_brand,Chennai,625.17,2541,61,61,14,5,4,4195
2026-04-17,vrs26_gads_search_generic_marathon_natl,search_generic,Mumbai,3183.39,11439,211,211,32,12,8,23892
2026-04-17,vrs26_gads_search_generic_marathon_natl,search_generic,Delhi NCR,2576.99,8189,139,139,19,8,8,14991
2026-04-17,vrs26_gads_search_generic_marathon_natl,search_generic,Bengaluru,2125.34,7700,195,195,26,11,4,11096
2026-04-17,vrs26_gads_search_generic_marathon_natl,search_generic,Hyderabad,1297.02,5192,128,128,13,6,5,6694
2026-04-17,vrs26_gads_search_generic_marathon_natl,search_generic,Pune,929.66,3502,76,76,7,5,3,5797
2026-04-17,vrs26_gads_search_generic_marathon_natl,search_generic,Chennai,818.5,3218,62,62,8,2,0,0
2026-04-17,vrs26_gads_search_generic_10k_natl,search_generic,Mumbai,1867.85,6716,128,128,8,4,4,5695
2026-04-17,vrs26_gads_search_generic_10k_natl,search_generic,Delhi NCR,1638.3,7171,145,145,20,4,3,4097
2026-04-17,vrs26_gads_search_generic_10k_natl,search_generic,Bengaluru,1349.61,5374,144,144,17,7,5,10095
2026-04-17,vrs26_gads_search_generic_10k_natl,search_generic,Hyderabad,883.28,3851,92,92,10,5,3,2097
2026-04-17,vrs26_gads_search_generic_10k_natl,search_generic,Pune,625.08,2374,43,43,5,2,2,3897
2026-04-17,vrs26_gads_search_generic_10k_natl,search_generic,Chennai,539.6,2116,38,38,1,1,0,0
2026-04-17,vrs26_gads_pmax_all_natl,pmax,Mumbai,2609.53,10230,218,218,24,6,4,5396
2026-04-17,vrs26_gads_pmax_all_natl,pmax,Delhi NCR,2382.88,9520,253,253,17,1,1,499
2026-04-17,vrs26_gads_pmax_all_natl,pmax,Bengaluru,2225.91,9712,186,186,21,6,2,1598
2026-04-17,vrs26_gads_pmax_all_natl,pmax,Hyderabad,1437.78,5539,100,100,16,7,3,3397
2026-04-17,vrs26_gads_pmax_all_natl,pmax,Pune,1052.66,4123,89,89,10,2,2,2798
2026-04-17,vrs26_gads_pmax_all_natl,pmax,Chennai,790.64,3379,60,60,6,0,0,0
2026-04-17,vrs26_gads_pmax_mum,pmax,Mumbai,4552.09,16492,413,413,38,12,7,15093
2026-04-17,vrs26_gads_pmax_mum,pmax,Delhi NCR,335.54,1240,27,27,4,1,0,0
2026-04-17,vrs26_gads_pmax_mum,pmax,Bengaluru,305.4,1375,32,32,2,1,1,799
2026-04-17,vrs26_gads_pmax_mum,pmax,Hyderabad,165.58,686,10,10,4,2,1,799
2026-04-17,vrs26_gads_pmax_mum,pmax,Pune,145.21,565,11,11,4,1,1,1299
2026-04-17,vrs26_gads_pmax_mum,pmax,Chennai,105.44,447,5,5,0,0,0,0
2026-04-17,vrs26_gads_pmax_blr,pmax,Mumbai,325.77,1410,27,27,4,2,1,799
2026-04-17,vrs26_gads_pmax_blr,pmax,Delhi NCR,304.95,1218,24,24,1,1,0,0
2026-04-17,vrs26_gads_pmax_blr,pmax,Bengaluru,3810.87,14472,293,293,30,9,5,11094
2026-04-17,vrs26_gads_pmax_blr,pmax,Hyderabad,187.15,799,14,14,2,0,0,0
2026-04-17,vrs26_gads_pmax_blr,pmax,Pune,136.07,521,11,11,2,2,1,799
2026-04-17,vrs26_gads_pmax_blr,pmax,Chennai,125.33,430,7,7,1,0,0,0
2026-04-17,vrs26_gads_display_remarketing_natl,display,Mumbai,1535.05,4839,118,118,10,4,1,2999
2026-04-17,vrs26_gads_display_remarketing_natl,display,Delhi NCR,998.2,3857,91,91,5,2,1,1999
2026-04-17,vrs26_gads_display_remarketing_natl,display,Bengaluru,990.59,3885,70,70,4,1,0,0
2026-04-17,vrs26_gads_display_remarketing_natl,display,Hyderabad,706.34,2519,43,43,2,1,1,1999
2026-04-17,vrs26_gads_display_remarketing_natl,display,Pune,533.3,2102,31,31,3,1,0,0
2026-04-17,vrs26_gads_display_remarketing_natl,display,Chennai,414.31,1636,33,33,3,1,1,799
2026-04-17,vrs26_gads_yt_instream_natl,youtube,Mumbai,1491.97,4705,83,83,7,2,1,499
2026-04-17,vrs26_gads_yt_instream_natl,youtube,Delhi NCR,1571.54,5909,128,128,11,3,3,6297
2026-04-17,vrs26_gads_yt_instream_natl,youtube,Bengaluru,1241.78,4647,112,112,3,2,1,1999
2026-04-17,vrs26_gads_yt_instream_natl,youtube,Hyderabad,816.14,3710,88,88,5,3,2,3798
2026-04-17,vrs26_gads_yt_instream_natl,youtube,Pune,652.39,2608,45,45,3,2,0,0
2026-04-17,vrs26_gads_yt_instream_natl,youtube,Chennai,554.6,2138,53,53,2,1,0,0
2026-04-18,vrs26_gads_search_brand_natl,search_brand,Mumbai,2067.1,7891,158,158,30,14,12,18987
2026-04-18,vrs26_gads_search_brand_natl,search_brand,Delhi NCR,1879.18,6942,153,153,38,18,14,25584
2026-04-18,vrs26_gads_search_brand_natl,search_brand,Bengaluru,1734.88,7312,110,110,19,7,4,4396
2026-04-18,vrs26_gads_search_brand_natl,search_brand,Hyderabad,1256.72,4578,100,100,22,8,7,11093
2026-04-18,vrs26_gads_search_brand_natl,search_brand,Pune,893.08,3242,57,57,15,7,5,5195
2026-04-18,vrs26_gads_search_brand_natl,search_brand,Chennai,710.51,2387,45,45,9,2,1,799
2026-04-18,vrs26_gads_search_generic_marathon_natl,search_generic,Mumbai,3242.59,11972,216,216,27,4,3,8097
2026-04-18,vrs26_gads_search_generic_marathon_natl,search_generic,Delhi NCR,2783.85,10176,180,180,21,8,5,10695
2026-04-18,vrs26_gads_search_generic_marathon_natl,search_generic,Bengaluru,2275.38,8262,155,155,17,6,3,5597
2026-04-18,vrs26_gads_search_generic_marathon_natl,search_generic,Hyderabad,1780.83,6599,131,131,21,8,4,5396
2026-04-18,vrs26_gads_search_generic_marathon_natl,search_generic,Pune,1434.7,5136,139,139,23,13,6,11394
2026-04-18,vrs26_gads_search_generic_marathon_natl,search_generic,Chennai,966.33,3860,98,98,20,10,6,9894
2026-04-18,vrs26_gads_search_generic_10k_natl,search_generic,Mumbai,1904.02,7245,161,161,29,8,5,12694
2026-04-18,vrs26_gads_search_generic_10k_natl,search_generic,Delhi NCR,1618.5,6414,137,137,17,6,2,5498
2026-04-18,vrs26_gads_search_generic_10k_natl,search_generic,Bengaluru,1716.04,6212,134,134,22,7,6,17793
2026-04-18,vrs26_gads_search_generic_10k_natl,search_generic,Hyderabad,1202.63,4693,102,102,12,2,0,0
2026-04-18,vrs26_gads_search_generic_10k_natl,search_generic,Pune,742.99,2874,58,58,9,5,2,1598
2026-04-18,vrs26_gads_search_generic_10k_natl,search_generic,Chennai,700.24,2740,53,53,5,0,0,0
2026-04-18,vrs26_gads_pmax_all_natl,pmax,Mumbai,3570.32,14924,333,333,36,13,6,7494
2026-04-18,vrs26_gads_pmax_all_natl,pmax,Delhi NCR,2054.23,8436,156,156,12,3,0,0
2026-04-18,vrs26_gads_pmax_all_natl,pmax,Bengaluru,2697.26,8841,199,199,19,8,2,6498
2026-04-18,vrs26_gads_pmax_all_natl,pmax,Hyderabad,1616.01,5769,102,102,11,1,1,3499
2026-04-18,vrs26_gads_pmax_all_natl,pmax,Pune,1222.05,4785,106,106,15,4,4,10396
2026-04-18,vrs26_gads_pmax_all_natl,pmax,Chennai,831.02,2958,61,61,6,4,3,4597
2026-04-18,vrs26_gads_pmax_mum,pmax,Mumbai,5078,18350,414,414,52,22,16,21084
2026-04-18,vrs26_gads_pmax_mum,pmax,Delhi NCR,361.03,1358,21,21,2,1,0,0
2026-04-18,vrs26_gads_pmax_mum,pmax,Bengaluru,372.59,1550,18,18,2,1,1,799
2026-04-18,vrs26_gads_pmax_mum,pmax,Hyderabad,229.41,809,15,15,2,0,0,0
2026-04-18,vrs26_gads_pmax_mum,pmax,Pune,215.68,788,21,21,1,0,0,0
2026-04-18,vrs26_gads_pmax_mum,pmax,Chennai,149.39,558,14,14,2,0,0,0
2026-04-18,vrs26_gads_pmax_blr,pmax,Mumbai,331.6,1280,32,32,5,2,0,0
2026-04-18,vrs26_gads_pmax_blr,pmax,Delhi NCR,241.85,947,20,20,5,4,3,2097
2026-04-18,vrs26_gads_pmax_blr,pmax,Bengaluru,4634.72,17596,503,503,39,15,6,10394
2026-04-18,vrs26_gads_pmax_blr,pmax,Hyderabad,171.63,647,12,12,0,0,0,0
2026-04-18,vrs26_gads_pmax_blr,pmax,Pune,107.7,378,6,6,1,0,0,0
2026-04-18,vrs26_gads_pmax_blr,pmax,Chennai,97.31,380,11,11,0,0,0,0
2026-04-18,vrs26_gads_display_remarketing_natl,display,Mumbai,1502.09,6364,114,114,7,1,0,0
2026-04-18,vrs26_gads_display_remarketing_natl,display,Delhi NCR,1251.98,4817,120,120,11,6,3,3397
2026-04-18,vrs26_gads_display_remarketing_natl,display,Bengaluru,1148.08,4169,87,87,5,1,0,0
2026-04-18,vrs26_gads_display_remarketing_natl,display,Hyderabad,915.16,3910,81,81,6,2,0,0
2026-04-18,vrs26_gads_display_remarketing_natl,display,Pune,571.69,2272,58,58,0,0,0,0
2026-04-18,vrs26_gads_display_remarketing_natl,display,Chennai,524.32,1669,42,42,2,1,0,0
2026-04-18,vrs26_gads_yt_instream_natl,youtube,Mumbai,1766.22,6087,137,137,11,3,3,2597
2026-04-18,vrs26_gads_yt_instream_natl,youtube,Delhi NCR,1632.61,6144,148,148,11,4,2,3298
2026-04-18,vrs26_gads_yt_instream_natl,youtube,Bengaluru,1400.95,4823,121,121,5,3,1,799
2026-04-18,vrs26_gads_yt_instream_natl,youtube,Hyderabad,1150.52,4605,85,85,5,0,0,0
2026-04-18,vrs26_gads_yt_instream_natl,youtube,Pune,755.2,3130,62,62,6,1,0,0
2026-04-18,vrs26_gads_yt_instream_natl,youtube,Chennai,521.89,1916,45,45,0,0,0,0
2026-04-19,vrs26_gads_search_brand_natl,search_brand,Mumbai,2162.16,7951,185,185,34,15,9,14890
2026-04-19,vrs26_gads_search_brand_natl,search_brand,Delhi NCR,1845.82,7217,187,187,39,10,9,15590
2026-04-19,vrs26_gads_search_brand_natl,search_brand,Bengaluru,1536.07,7320,155,155,31,13,6,8894
2026-04-19,vrs26_gads_search_brand_natl,search_brand,Hyderabad,1028.15,3985,94,94,13,4,2,5498
2026-04-19,vrs26_gads_search_brand_natl,search_brand,Pune,673.5,2410,39,39,5,4,3,4797
2026-04-19,vrs26_gads_search_brand_natl,search_brand,Chennai,632.03,2905,39,39,13,5,5,3895
2026-04-19,vrs26_gads_search_generic_marathon_natl,search_generic,Mumbai,2766.87,11172,223,223,27,7,4,4296
2026-04-19,vrs26_gads_search_generic_marathon_natl,search_generic,Delhi NCR,2681.23,11192,234,234,35,13,5,7595
2026-04-19,vrs26_gads_search_generic_marathon_natl,search_generic,Bengaluru,2472.7,10910,268,268,34,11,5,8895
2026-04-19,vrs26_gads_search_generic_marathon_natl,search_generic,Hyderabad,1464.94,5052,126,126,10,6,5,13795
2026-04-19,vrs26_gads_search_generic_marathon_natl,search_generic,Pune,1139.07,4379,72,72,9,6,2,9097
2026-04-19,vrs26_gads_search_generic_marathon_natl,search_generic,Chennai,988.79,3740,76,76,7,1,1,2999
2026-04-19,vrs26_gads_search_generic_10k_natl,search_generic,Mumbai,1911.77,7355,178,178,20,8,7,13692
2026-04-19,vrs26_gads_search_generic_10k_natl,search_generic,Delhi NCR,1545.5,6105,123,123,10,2,0,0
2026-04-19,vrs26_gads_search_generic_10k_natl,search_generic,Bengaluru,1435.96,4954,122,122,11,5,3,4097
2026-04-19,vrs26_gads_search_generic_10k_natl,search_generic,Hyderabad,1180.1,4479,94,94,14,6,4,5796
2026-04-19,vrs26_gads_search_generic_10k_natl,search_generic,Pune,643.9,2307,54,54,5,3,2,3298
2026-04-19,vrs26_gads_search_generic_10k_natl,search_generic,Chennai,554.51,1873,44,44,6,4,3,3597
2026-04-19,vrs26_gads_pmax_all_natl,pmax,Mumbai,2728.66,10876,223,223,23,7,4,10996
2026-04-19,vrs26_gads_pmax_all_natl,pmax,Delhi NCR,2378.08,9074,189,189,21,11,4,4196
2026-04-19,vrs26_gads_pmax_all_natl,pmax,Bengaluru,2351.61,10226,175,175,20,9,5,12194
2026-04-19,vrs26_gads_pmax_all_natl,pmax,Hyderabad,1591.57,6181,152,152,14,4,3,4597
2026-04-19,vrs26_gads_pmax_all_natl,pmax,Pune,1111.76,4206,84,84,15,6,2,4298
2026-04-19,vrs26_gads_pmax_all_natl,pmax,Chennai,897.43,3765,82,82,10,3,2,2098
2026-04-19,vrs26_gads_pmax_mum,pmax,Mumbai,4907.97,18581,492,492,56,19,12,18888
2026-04-19,vrs26_gads_pmax_mum,pmax,Delhi NCR,318.12,1257,23,23,1,0,0,0
2026-04-19,vrs26_gads_pmax_mum,pmax,Bengaluru,260.4,874,18,18,0,0,0,0
2026-04-19,vrs26_gads_pmax_mum,pmax,Hyderabad,201.24,839,17,17,2,1,1,799
2026-04-19,vrs26_gads_pmax_mum,pmax,Pune,124.71,507,12,12,1,1,1,2999
2026-04-19,vrs26_gads_pmax_mum,pmax,Chennai,95.86,433,7,7,2,0,0,0
2026-04-19,vrs26_gads_pmax_blr,pmax,Mumbai,264.38,1050,22,22,3,1,1,2999
2026-04-19,vrs26_gads_pmax_blr,pmax,Delhi NCR,273.01,1073,24,24,2,0,0,0
2026-04-19,vrs26_gads_pmax_blr,pmax,Bengaluru,4277.94,16410,418,418,48,11,7,17691
2026-04-19,vrs26_gads_pmax_blr,pmax,Hyderabad,146.12,581,7,7,0,0,0,0
2026-04-19,vrs26_gads_pmax_blr,pmax,Pune,91.29,391,9,9,2,0,0,0
2026-04-19,vrs26_gads_pmax_blr,pmax,Chennai,98.08,417,6,6,3,1,1,1598
2026-04-19,vrs26_gads_display_remarketing_natl,display,Mumbai,1514.94,6155,135,135,15,3,2,7298
2026-04-19,vrs26_gads_display_remarketing_natl,display,Delhi NCR,978.3,4041,86,86,10,3,1,1999
2026-04-19,vrs26_gads_display_remarketing_natl,display,Bengaluru,1028.69,3522,86,86,8,2,1,1299
2026-04-19,vrs26_gads_display_remarketing_natl,display,Hyderabad,870.17,3210,69,69,7,3,2,3298
2026-04-19,vrs26_gads_display_remarketing_natl,display,Pune,626.06,2123,54,54,4,2,0,0
2026-04-19,vrs26_gads_display_remarketing_natl,display,Chennai,435.66,1668,28,28,2,0,0,0
2026-04-19,vrs26_gads_yt_instream_natl,youtube,Mumbai,1786.41,5799,129,129,12,2,1,1999
2026-04-19,vrs26_gads_yt_instream_natl,youtube,Delhi NCR,1463.52,5610,108,108,6,2,2,1598
2026-04-19,vrs26_gads_yt_instream_natl,youtube,Bengaluru,1276.54,4288,98,98,5,3,2,1798
2026-04-19,vrs26_gads_yt_instream_natl,youtube,Hyderabad,913.27,3739,68,68,0,0,0,0
2026-04-19,vrs26_gads_yt_instream_natl,youtube,Pune,704.79,2739,51,51,3,1,0,0
2026-04-19,vrs26_gads_yt_instream_natl,youtube,Chennai,521.23,2072,46,46,3,1,1,1299
2026-04-20,vrs26_gads_search_brand_natl,search_brand,Mumbai,1796.27,7496,175,175,31,11,8,12991
2026-04-20,vrs26_gads_search_brand_natl,search_brand,Delhi NCR,1393.03,5750,124,124,21,9,5,7695
2026-04-20,vrs26_gads_search_brand_natl,search_brand,Bengaluru,1375.74,5128,155,155,32,9,3,7797
2026-04-20,vrs26_gads_search_brand_natl,search_brand,Hyderabad,890.85,3595,66,66,12,3,3,4097
2026-04-20,vrs26_gads_search_brand_natl,search_brand,Pune,692.49,2689,53,53,11,9,6,9394
2026-04-20,vrs26_gads_search_brand_natl,search_brand,Chennai,575.72,2123,58,58,10,5,5,6195
2026-04-20,vrs26_gads_search_generic_marathon_natl,search_generic,Mumbai,2465.61,10391,182,182,16,6,2,2098
2026-04-20,vrs26_gads_search_generic_marathon_natl,search_generic,Delhi NCR,2293.18,8938,248,248,28,8,3,4097
2026-04-20,vrs26_gads_search_generic_marathon_natl,search_generic,Bengaluru,1922.94,7942,176,176,24,7,4,18095
2026-04-20,vrs26_gads_search_generic_marathon_natl,search_generic,Hyderabad,1405.32,6063,109,109,17,8,6,14392
2026-04-20,vrs26_gads_search_generic_marathon_natl,search_generic,Pune,1024.07,4497,101,101,11,3,1,799
2026-04-20,vrs26_gads_search_generic_marathon_natl,search_generic,Chennai,716.41,3771,62,62,12,4,2,2098
2026-04-20,vrs26_gads_search_generic_10k_natl,search_generic,Mumbai,1485.38,5617,94,94,14,5,2,8498
2026-04-20,vrs26_gads_search_generic_10k_natl,search_generic,Delhi NCR,1495.84,6290,129,129,18,8,5,11194
2026-04-20,vrs26_gads_search_generic_10k_natl,search_generic,Bengaluru,1332.85,5118,106,106,12,4,1,1299
2026-04-20,vrs26_gads_search_generic_10k_natl,search_generic,Hyderabad,807.47,3636,78,78,10,2,1,799
2026-04-20,vrs26_gads_search_generic_10k_natl,search_generic,Pune,666.73,2938,60,60,4,2,2,2598
2026-04-20,vrs26_gads_search_generic_10k_natl,search_generic,Chennai,418.6,1728,29,29,3,2,2,1598
2026-04-20,vrs26_gads_pmax_all_natl,pmax,Mumbai,2676.88,10911,221,221,22,9,2,1598
2026-04-20,vrs26_gads_pmax_all_natl,pmax,Delhi NCR,2177.07,8987,201,201,17,9,3,5297
2026-04-20,vrs26_gads_pmax_all_natl,pmax,Bengaluru,1916.51,8755,146,146,13,4,2,9097
2026-04-20,vrs26_gads_pmax_all_natl,pmax,Hyderabad,1093.67,3968,85,85,8,2,0,0
2026-04-20,vrs26_gads_pmax_all_natl,pmax,Pune,995.12,4205,105,105,12,6,5,11494
2026-04-20,vrs26_gads_pmax_all_natl,pmax,Chennai,580.37,2706,57,57,8,4,2,3998
2026-04-20,vrs26_gads_pmax_mum,pmax,Mumbai,4155.97,18268,318,318,48,23,18,38682
2026-04-20,vrs26_gads_pmax_mum,pmax,Delhi NCR,272.1,1238,33,33,5,2,1,2999
2026-04-20,vrs26_gads_pmax_mum,pmax,Bengaluru,250.1,1038,28,28,2,0,0,0
2026-04-20,vrs26_gads_pmax_mum,pmax,Hyderabad,152.01,566,10,10,0,0,0,0
2026-04-20,vrs26_gads_pmax_mum,pmax,Pune,131.12,547,17,17,1,0,0,0
2026-04-20,vrs26_gads_pmax_mum,pmax,Chennai,81.78,343,4,4,0,0,0,0
2026-04-20,vrs26_gads_pmax_blr,pmax,Mumbai,336.71,1393,20,20,2,0,0,0
2026-04-20,vrs26_gads_pmax_blr,pmax,Delhi NCR,273.43,1053,21,21,2,0,0,0
2026-04-20,vrs26_gads_pmax_blr,pmax,Bengaluru,3418.59,13575,257,257,26,5,4,9796
2026-04-20,vrs26_gads_pmax_blr,pmax,Hyderabad,163.3,684,10,10,0,0,0,0
2026-04-20,vrs26_gads_pmax_blr,pmax,Pune,111.94,525,12,12,1,0,0,0
2026-04-20,vrs26_gads_pmax_blr,pmax,Chennai,92.56,375,5,5,2,2,1,2499
2026-04-20,vrs26_gads_display_remarketing_natl,display,Mumbai,1400.85,6373,123,123,11,5,3,4297
2026-04-20,vrs26_gads_display_remarketing_natl,display,Delhi NCR,950.9,3247,70,70,5,2,1,799
2026-04-20,vrs26_gads_display_remarketing_natl,display,Bengaluru,914.17,3660,103,103,8,4,2,4298
2026-04-20,vrs26_gads_display_remarketing_natl,display,Hyderabad,646.55,2987,72,72,8,2,2,2098
2026-04-20,vrs26_gads_display_remarketing_natl,display,Pune,401.29,1628,36,36,3,2,0,0
2026-04-20,vrs26_gads_display_remarketing_natl,display,Chennai,341.39,1582,44,44,4,1,1,1999
2026-04-20,vrs26_gads_yt_instream_natl,youtube,Mumbai,1384.78,5285,79,79,3,2,0,0
2026-04-20,vrs26_gads_yt_instream_natl,youtube,Delhi NCR,1274.25,5023,95,95,4,1,0,0
2026-04-20,vrs26_gads_yt_instream_natl,youtube,Bengaluru,1201.3,5319,108,108,8,1,0,0
2026-04-20,vrs26_gads_yt_instream_natl,youtube,Hyderabad,903.52,3884,70,70,8,1,0,0
2026-04-20,vrs26_gads_yt_instream_natl,youtube,Pune,503.44,2339,57,57,5,3,2,8498
2026-04-20,vrs26_gads_yt_instream_natl,youtube,Chennai,422.33,1599,33,33,3,2,1,799
2026-04-21,vrs26_gads_search_brand_natl,search_brand,Mumbai,1358.77,5746,133,133,24,6,2,7798
2026-04-21,vrs26_gads_search_brand_natl,search_brand,Delhi NCR,1343.43,6031,125,125,26,15,14,22286
2026-04-21,vrs26_gads_search_brand_natl,search_brand,Bengaluru,1304.27,5618,130,130,24,11,10,13990
2026-04-21,vrs26_gads_search_brand_natl,search_brand,Hyderabad,816.33,3554,71,71,15,4,4,10096
2026-04-21,vrs26_gads_search_brand_natl,search_brand,Pune,536.12,2540,70,70,17,5,4,3396
2026-04-21,vrs26_gads_search_brand_natl,search_brand,Chennai,518.3,2561,64,64,13,6,2,3298
2026-04-21,vrs26_gads_search_generic_marathon_natl,search_generic,Mumbai,2220.2,10347,293,293,34,13,5,7395
2026-04-21,vrs26_gads_search_generic_marathon_natl,search_generic,Delhi NCR,1914.49,8457,156,156,18,4,2,3298
2026-04-21,vrs26_gads_search_generic_marathon_natl,search_generic,Bengaluru,1817.46,7978,198,198,28,7,5,10194
2026-04-21,vrs26_gads_search_generic_marathon_natl,search_generic,Hyderabad,980.76,4684,77,77,7,3,1,1999
2026-04-21,vrs26_gads_search_generic_marathon_natl,search_generic,Pune,966.21,3951,82,82,14,8,5,9595
2026-04-21,vrs26_gads_search_generic_marathon_natl,search_generic,Chennai,690.66,3118,57,57,11,5,4,5095
2026-04-21,vrs26_gads_search_generic_10k_natl,search_generic,Mumbai,1456.73,6259,139,139,17,6,5,10994
2026-04-21,vrs26_gads_search_generic_10k_natl,search_generic,Delhi NCR,1210.54,5210,129,129,24,10,8,11892
2026-04-21,vrs26_gads_search_generic_10k_natl,search_generic,Bengaluru,1022.17,4271,70,70,10,4,2,6998
2026-04-21,vrs26_gads_search_generic_10k_natl,search_generic,Hyderabad,736.33,3043,56,56,11,4,2,3298
2026-04-21,vrs26_gads_search_generic_10k_natl,search_generic,Pune,522.03,2361,40,40,7,3,0,0
2026-04-21,vrs26_gads_search_generic_10k_natl,search_generic,Chennai,477.31,2280,49,49,6,3,2,2098
2026-04-21,vrs26_gads_pmax_all_natl,pmax,Mumbai,2271.91,8881,169,169,18,8,7,15192
2026-04-21,vrs26_gads_pmax_all_natl,pmax,Delhi NCR,1817.47,7968,153,153,25,7,3,5797
2026-04-21,vrs26_gads_pmax_all_natl,pmax,Bengaluru,1414.72,6009,117,117,6,3,2,14596
2026-04-21,vrs26_gads_pmax_all_natl,pmax,Hyderabad,1323.84,5867,113,113,12,5,4,5096
2026-04-21,vrs26_gads_pmax_all_natl,pmax,Pune,750.81,2952,71,71,12,6,2,4298
2026-04-21,vrs26_gads_pmax_all_natl,pmax,Chennai,671.95,3228,59,59,9,1,0,0
2026-04-21,vrs26_gads_pmax_mum,pmax,Mumbai,3449.93,16215,363,363,31,8,4,8296
2026-04-21,vrs26_gads_pmax_mum,pmax,Delhi NCR,248.05,1071,28,28,4,3,3,5297
2026-04-21,vrs26_gads_pmax_mum,pmax,Bengaluru,275.81,1187,34,34,3,3,2,7798
2026-04-21,vrs26_gads_pmax_mum,pmax,Hyderabad,217.49,873,24,24,2,0,0,0
2026-04-21,vrs26_gads_pmax_mum,pmax,Pune,129.72,554,12,12,2,2,0,0
2026-04-21,vrs26_gads_pmax_mum,pmax,Chennai,86.9,368,6,6,0,0,0,0
2026-04-21,vrs26_gads_pmax_blr,pmax,Mumbai,239.23,990,17,17,1,1,0,0
2026-04-21,vrs26_gads_pmax_blr,pmax,Delhi NCR,197.16,927,15,15,4,0,0,0
2026-04-21,vrs26_gads_pmax_blr,pmax,Bengaluru,3105.53,15010,401,401,51,19,15,20984
2026-04-21,vrs26_gads_pmax_blr,pmax,Hyderabad,149.74,680,12,12,2,2,0,0
2026-04-21,vrs26_gads_pmax_blr,pmax,Pune,83.91,357,8,8,0,0,0,0
2026-04-21,vrs26_gads_pmax_blr,pmax,Chennai,67.23,235,3,3,0,0,0,0
2026-04-21,vrs26_gads_display_remarketing_natl,display,Mumbai,1116.88,5011,111,111,8,3,2,7298
2026-04-21,vrs26_gads_display_remarketing_natl,display,Delhi NCR,990.68,4227,80,80,2,1,1,499
2026-04-21,vrs26_gads_display_remarketing_natl,display,Bengaluru,714.42,3229,62,62,3,0,0,0
2026-04-21,vrs26_gads_display_remarketing_natl,display,Hyderabad,597.19,2909,69,69,5,0,0,0
2026-04-21,vrs26_gads_display_remarketing_natl,display,Pune,386.31,2019,51,51,0,0,0,0
2026-04-21,vrs26_gads_display_remarketing_natl,display,Chennai,263.35,1195,26,26,1,0,0,0
2026-04-21,vrs26_gads_yt_instream_natl,youtube,Mumbai,1459.34,6156,155,155,12,3,1,799
2026-04-21,vrs26_gads_yt_instream_natl,youtube,Delhi NCR,1186.35,4588,94,94,5,1,1,2499
2026-04-21,vrs26_gads_yt_instream_natl,youtube,Bengaluru,936.82,3780,98,98,7,2,2,3298
2026-04-21,vrs26_gads_yt_instream_natl,youtube,Hyderabad,545.26,2244,55,55,6,1,1,499
2026-04-21,vrs26_gads_yt_instream_natl,youtube,Pune,482.81,1925,49,49,3,1,1,1299
2026-04-21,vrs26_gads_yt_instream_natl,youtube,Chennai,362.44,1653,39,39,1,1,0,0
2026-04-22,vrs26_gads_search_brand_natl,search_brand,Mumbai,1919,7326,177,177,33,18,15,41683
2026-04-22,vrs26_gads_search_brand_natl,search_brand,Delhi NCR,1427.9,6173,134,134,37,13,10,24890
2026-04-22,vrs26_gads_search_brand_natl,search_brand,Bengaluru,1395.5,5595,107,107,24,8,6,12793
2026-04-22,vrs26_gads_search_brand_natl,search_brand,Hyderabad,854.93,3309,64,64,14,4,2,3298
2026-04-22,vrs26_gads_search_brand_natl,search_brand,Pune,559.96,2262,40,40,7,2,2,3597
2026-04-22,vrs26_gads_search_brand_natl,search_brand,Chennai,503.42,2055,50,50,11,3,0,0
2026-04-22,vrs26_gads_search_generic_marathon_natl,search_generic,Mumbai,2674.38,11873,235,235,29,9,6,9694
2026-04-22,vrs26_gads_search_generic_marathon_natl,search_generic,Delhi NCR,2283.51,9393,183,183,16,9,5,11195
2026-04-22,vrs26_gads_search_generic_marathon_natl,search_generic,Bengaluru,1860.82,7358,175,175,15,5,4,6695
2026-04-22,vrs26_gads_search_generic_marathon_natl,search_generic,Hyderabad,1291.58,5348,102,102,10,7,5,12294
2026-04-22,vrs26_gads_search_generic_marathon_natl,search_generic,Pune,990.46,3577,97,97,13,3,3,2597
2026-04-22,vrs26_gads_search_generic_marathon_natl,search_generic,Chennai,634.12,2912,71,71,9,5,5,11294
2026-04-22,vrs26_gads_search_generic_10k_natl,search_generic,Mumbai,1749.01,6487,144,144,12,4,1,1999
2026-04-22,vrs26_gads_search_generic_10k_natl,search_generic,Delhi NCR,1461.38,6447,124,124,12,1,0,0
2026-04-22,vrs26_gads_search_generic_10k_natl,search_generic,Bengaluru,1129.04,5241,127,127,20,8,5,4495
2026-04-22,vrs26_gads_search_generic_10k_natl,search_generic,Hyderabad,799.26,3480,84,84,12,8,6,11194
2026-04-22,vrs26_gads_search_generic_10k_natl,search_generic,Pune,540.69,2139,69,69,8,2,0,0
2026-04-22,vrs26_gads_search_generic_10k_natl,search_generic,Chennai,468.98,1971,55,55,6,2,0,0
2026-04-22,vrs26_gads_pmax_all_natl,pmax,Mumbai,2803.61,13121,325,325,50,19,9,12091
2026-04-22,vrs26_gads_pmax_all_natl,pmax,Delhi NCR,2026.81,7795,145,145,14,4,4,12796
2026-04-22,vrs26_gads_pmax_all_natl,pmax,Bengaluru,1826.45,7296,203,203,24,9,6,12693
2026-04-22,vrs26_gads_pmax_all_natl,pmax,Hyderabad,986.73,4672,116,116,8,3,1,799
2026-04-22,vrs26_gads_pmax_all_natl,pmax,Pune,1072.58,4074,98,98,18,12,7,12893
2026-04-22,vrs26_gads_pmax_all_natl,pmax,Chennai,634.42,2685,66,66,4,1,1,799
2026-04-22,vrs26_gads_pmax_mum,pmax,Mumbai,3949.21,14966,334,334,52,18,10,18490
2026-04-22,vrs26_gads_pmax_mum,pmax,Delhi NCR,317,1265,32,32,6,2,2,9997
2026-04-22,vrs26_gads_pmax_mum,pmax,Bengaluru,295.63,994,16,16,1,0,0,0
2026-04-22,vrs26_gads_pmax_mum,pmax,Hyderabad,209.1,915,12,12,2,0,0,0
2026-04-22,vrs26_gads_pmax_mum,pmax,Pune,123.32,532,10,10,1,0,0,0
2026-04-22,vrs26_gads_pmax_mum,pmax,Chennai,101.28,428,6,6,2,1,1,799
2026-04-22,vrs26_gads_pmax_blr,pmax,Mumbai,237.74,822,11,11,1,0,0,0
2026-04-22,vrs26_gads_pmax_blr,pmax,Delhi NCR,233.63,1021,17,17,2,1,1,799
2026-04-22,vrs26_gads_pmax_blr,pmax,Bengaluru,3555.07,14885,410,410,56,15,6,8594
2026-04-22,vrs26_gads_pmax_blr,pmax,Hyderabad,153.61,554,11,11,1,1,0,0
2026-04-22,vrs26_gads_pmax_blr,pmax,Pune,103.44,426,9,9,1,0,0,0
2026-04-22,vrs26_gads_pmax_blr,pmax,Chennai,71.58,318,1,1,0,0,0,0
2026-04-22,vrs26_gads_display_remarketing_natl,display,Mumbai,1207.46,5304,94,94,3,2,0,0
2026-04-22,vrs26_gads_display_remarketing_natl,display,Delhi NCR,1074.29,3995,89,89,5,0,0,0
2026-04-22,vrs26_gads_display_remarketing_natl,display,Bengaluru,831.43,3354,90,90,5,4,2,1798
2026-04-22,vrs26_gads_display_remarketing_natl,display,Hyderabad,695.25,3197,87,87,5,1,1,3499
2026-04-22,vrs26_gads_display_remarketing_natl,display,Pune,473.67,1751,39,39,2,2,1,1999
2026-04-22,vrs26_gads_display_remarketing_natl,display,Chennai,329.17,1389,24,24,1,0,0,0
2026-04-22,vrs26_gads_yt_instream_natl,youtube,Mumbai,1467.86,6168,130,130,6,2,0,0
2026-04-22,vrs26_gads_yt_instream_natl,youtube,Delhi NCR,1366.16,6313,129,129,8,2,2,7298
2026-04-22,vrs26_gads_yt_instream_natl,youtube,Bengaluru,1109.88,4640,106,106,9,3,1,2999
2026-04-22,vrs26_gads_yt_instream_natl,youtube,Hyderabad,757.25,3381,76,76,7,1,1,799
2026-04-22,vrs26_gads_yt_instream_natl,youtube,Pune,558.81,2274,36,36,4,2,2,1598
2026-04-22,vrs26_gads_yt_instream_natl,youtube,Chennai,376.02,1609,40,40,5,2,2,3298
2026-04-23,vrs26_gads_search_brand_natl,search_brand,Mumbai,2004.46,8311,169,169,34,11,6,6994
2026-04-23,vrs26_gads_search_brand_natl,search_brand,Delhi NCR,1904.13,7324,108,108,17,13,10,13589
2026-04-23,vrs26_gads_search_brand_natl,search_brand,Bengaluru,1336.06,4751,103,103,24,8,6,17593
2026-04-23,vrs26_gads_search_brand_natl,search_brand,Hyderabad,1290.44,4944,104,104,18,9,4,13496
2026-04-23,vrs26_gads_search_brand_natl,search_brand,Pune,950.36,3507,61,61,14,3,1,2499
2026-04-23,vrs26_gads_search_brand_natl,search_brand,Chennai,585.05,1997,36,36,8,3,2,2397
2026-04-23,vrs26_gads_search_generic_marathon_natl,search_generic,Mumbai,3586.11,13175,253,253,22,8,4,5896
2026-04-23,vrs26_gads_search_generic_marathon_natl,search_generic,Delhi NCR,2089.49,7850,154,154,18,4,3,6297
2026-04-23,vrs26_gads_search_generic_marathon_natl,search_generic,Bengaluru,2357.31,10997,215,215,30,9,3,4596
2026-04-23,vrs26_gads_search_generic_marathon_natl,search_generic,Hyderabad,1635.22,7459,145,145,19,10,5,10595
2026-04-23,vrs26_gads_search_generic_marathon_natl,search_generic,Pune,1241.42,4866,126,126,20,6,2,2498
2026-04-23,vrs26_gads_search_generic_marathon_natl,search_generic,Chennai,885.78,3802,58,58,5,3,2,3097
2026-04-23,vrs26_gads_search_generic_10k_natl,search_generic,Mumbai,2097.77,8339,183,183,21,8,7,9193
2026-04-23,vrs26_gads_search_generic_10k_natl,search_generic,Delhi NCR,1678.32,6935,119,119,13,5,3,3297
2026-04-23,vrs26_gads_search_generic_10k_natl,search_generic,Bengaluru,1384.84,5111,122,122,15,7,5,8895
2026-04-23,vrs26_gads_search_generic_10k_natl,search_generic,Hyderabad,956.33,3745,68,68,4,1,1,799
2026-04-23,vrs26_gads_search_generic_10k_natl,search_generic,Pune,660.28,2602,60,60,10,4,2,2098
2026-04-23,vrs26_gads_search_generic_10k_natl,search_generic,Chennai,672.15,2608,64,64,6,3,2,3798
2026-04-23,vrs26_gads_pmax_all_natl,pmax,Mumbai,2690,10449,223,223,24,10,8,25191
2026-04-23,vrs26_gads_pmax_all_natl,pmax,Delhi NCR,2546.24,9905,187,187,21,12,4,6896
2026-04-23,vrs26_gads_pmax_all_natl,pmax,Bengaluru,2498.89,10655,216,216,24,6,3,8097
2026-04-23,vrs26_gads_pmax_all_natl,pmax,Hyderabad,1534.66,5880,148,148,20,5,3,4597
2026-04-23,vrs26_gads_pmax_all_natl,pmax,Pune,1131.68,4422,89,89,7,3,3,5297
2026-04-23,vrs26_gads_pmax_all_natl,pmax,Chennai,928.27,3735,84,84,8,4,3,3397
2026-04-23,vrs26_gads_pmax_mum,pmax,Mumbai,4921.6,20388,401,401,44,15,3,5597
2026-04-23,vrs26_gads_pmax_mum,pmax,Delhi NCR,362.88,1405,30,30,4,0,0,0
2026-04-23,vrs26_gads_pmax_mum,pmax,Bengaluru,288.44,1096,25,25,1,0,0,0
2026-04-23,vrs26_gads_pmax_mum,pmax,Hyderabad,220.19,904,14,14,4,1,0,0
2026-04-23,vrs26_gads_pmax_mum,pmax,Pune,141.7,478,12,12,0,0,0,0
2026-04-23,vrs26_gads_pmax_mum,pmax,Chennai,118.06,449,12,12,1,1,1,499
2026-04-23,vrs26_gads_pmax_blr,pmax,Mumbai,304.99,1160,37,37,3,1,1,799
2026-04-23,vrs26_gads_pmax_blr,pmax,Delhi NCR,231.25,870,16,16,2,2,0,0
2026-04-23,vrs26_gads_pmax_blr,pmax,Bengaluru,4350.67,16208,342,342,37,13,6,8894
2026-04-23,vrs26_gads_pmax_blr,pmax,Hyderabad,160.03,646,21,21,2,0,0,0
2026-04-23,vrs26_gads_pmax_blr,pmax,Pune,135.28,425,9,9,1,1,0,0
2026-04-23,vrs26_gads_pmax_blr,pmax,Chennai,94.65,381,5,5,1,0,0,0
2026-04-23,vrs26_gads_display_remarketing_natl,display,Mumbai,1366.08,5688,117,117,10,3,1,2499
2026-04-23,vrs26_gads_display_remarketing_natl,display,Delhi NCR,1292.1,5621,123,123,11,6,3,3196
2026-04-23,vrs26_gads_display_remarketing_natl,display,Bengaluru,1130.53,4586,82,82,6,1,1,1299
2026-04-23,vrs26_gads_display_remarketing_natl,display,Hyderabad,746.91,2880,72,72,3,0,0,0
2026-04-23,vrs26_gads_display_remarketing_natl,display,Pune,592.21,2123,54,54,5,2,1,799
2026-04-23,vrs26_gads_display_remarketing_natl,display,Chennai,459.43,1551,33,33,3,1,1,1299
2026-04-23,vrs26_gads_yt_instream_natl,youtube,Mumbai,1689.02,6495,122,122,2,1,0,0
2026-04-23,vrs26_gads_yt_instream_natl,youtube,Delhi NCR,1600.4,6049,147,147,10,4,3,9297
2026-04-23,vrs26_gads_yt_instream_natl,youtube,Bengaluru,1228.04,4496,74,74,6,1,1,1999
2026-04-23,vrs26_gads_yt_instream_natl,youtube,Hyderabad,1080.11,4347,102,102,7,3,2,2798
2026-04-23,vrs26_gads_yt_instream_natl,youtube,Pune,656.56,2525,50,50,2,0,0,0
2026-04-23,vrs26_gads_yt_instream_natl,youtube,Chennai,574.75,2433,58,58,3,0,0,0
2026-04-24,vrs26_gads_search_brand_natl,search_brand,Mumbai,2065.16,8024,161,161,40,22,11,31888
2026-04-24,vrs26_gads_search_brand_natl,search_brand,Delhi NCR,1546.46,6070,161,161,41,20,15,27585
2026-04-24,vrs26_gads_search_brand_natl,search_brand,Bengaluru,1681.57,6854,154,154,26,5,3,6297
2026-04-24,vrs26_gads_search_brand_natl,search_brand,Hyderabad,839.24,3450,78,78,15,8,4,4196
2026-04-24,vrs26_gads_search_brand_natl,search_brand,Pune,690.79,2769,53,53,10,6,3,4097
2026-04-24,vrs26_gads_search_brand_natl,search_brand,Chennai,517.33,2112,46,46,9,3,2,1598
2026-04-24,vrs26_gads_search_generic_marathon_natl,search_generic,Mumbai,3003.29,14237,316,316,37,12,5,6195
2026-04-24,vrs26_gads_search_generic_marathon_natl,search_generic,Delhi NCR,2648.3,10232,239,239,37,12,9,20291
2026-04-24,vrs26_gads_search_generic_marathon_natl,search_generic,Bengaluru,1577.23,6231,131,131,18,8,6,7194
2026-04-24,vrs26_gads_search_generic_marathon_natl,search_generic,Hyderabad,1476.44,5850,124,124,16,7,4,4696
2026-04-24,vrs26_gads_search_generic_marathon_natl,search_generic,Pune,1045.09,4277,86,86,12,4,3,4796
2026-04-24,vrs26_gads_search_generic_marathon_natl,search_generic,Chennai,978.14,3385,60,60,4,0,0,0
2026-04-24,vrs26_gads_search_generic_10k_natl,search_generic,Mumbai,1703.96,7129,196,196,21,8,3,8896
2026-04-24,vrs26_gads_search_generic_10k_natl,search_generic,Delhi NCR,1584.07,5699,120,120,16,8,5,6395
2026-04-24,vrs26_gads_search_generic_10k_natl,search_generic,Bengaluru,1317.36,5906,128,128,16,5,1,499
2026-04-24,vrs26_gads_search_generic_10k_natl,search_generic,Hyderabad,998.24,4206,109,109,12,8,5,15594
2026-04-24,vrs26_gads_search_generic_10k_natl,search_generic,Pune,682.12,2745,67,67,10,3,1,799
2026-04-24,vrs26_gads_search_generic_10k_natl,search_generic,Chennai,490.13,1757,45,45,1,0,0,0
2026-04-24,vrs26_gads_pmax_all_natl,pmax,Mumbai,3184.89,13330,305,305,29,9,6,5494
2026-04-24,vrs26_gads_pmax_all_natl,pmax,Delhi NCR,2225.81,8082,199,199,23,5,1,1299
2026-04-24,vrs26_gads_pmax_all_natl,pmax,Bengaluru,1763.07,6606,167,167,24,7,7,10893
2026-04-24,vrs26_gads_pmax_all_natl,pmax,Hyderabad,1304.31,5074,107,107,12,6,3,2597
2026-04-24,vrs26_gads_pmax_all_natl,pmax,Pune,960.12,3563,63,63,3,1,0,0
2026-04-24,vrs26_gads_pmax_all_natl,pmax,Chennai,866.79,3074,71,71,6,3,2,3298
2026-04-24,vrs26_gads_pmax_mum,pmax,Mumbai,4596.62,20335,402,402,45,20,12,19888
2026-04-24,vrs26_gads_pmax_mum,pmax,Delhi NCR,256.25,1204,9,9,1,0,0,0
2026-04-24,vrs26_gads_pmax_mum,pmax,Bengaluru,251.7,1035,16,16,0,0,0,0
2026-04-24,vrs26_gads_pmax_mum,pmax,Hyderabad,184.41,782,15,15,3,1,1,4998
2026-04-24,vrs26_gads_pmax_mum,pmax,Pune,121.11,430,16,16,2,1,1,1299
2026-04-24,vrs26_gads_pmax_mum,pmax,Chennai,95.33,415,8,8,0,0,0,0
2026-04-24,vrs26_gads_pmax_blr,pmax,Mumbai,262.24,1042,19,19,1,0,0,0
2026-04-24,vrs26_gads_pmax_blr,pmax,Delhi NCR,279.9,1203,36,36,3,2,1,998
2026-04-24,vrs26_gads_pmax_blr,pmax,Bengaluru,3972.3,17802,404,404,37,6,4,10594
2026-04-24,vrs26_gads_pmax_blr,pmax,Hyderabad,127.99,512,19,19,1,0,0,0
2026-04-24,vrs26_gads_pmax_blr,pmax,Pune,88.76,370,3,3,0,0,0,0
2026-04-24,vrs26_gads_pmax_blr,pmax,Chennai,68.4,260,7,7,1,0,0,0
2026-04-24,vrs26_gads_display_remarketing_natl,display,Mumbai,1338.56,5384,110,110,6,2,1,3499
2026-04-24,vrs26_gads_display_remarketing_natl,display,Delhi NCR,1060.69,4529,93,93,9,1,0,0
2026-04-24,vrs26_gads_display_remarketing_natl,display,Bengaluru,1031.58,4588,115,115,11,2,0,0
2026-04-24,vrs26_gads_display_remarketing_natl,display,Hyderabad,697.71,2761,52,52,3,1,1,1299
2026-04-24,vrs26_gads_display_remarketing_natl,display,Pune,535.07,2178,38,38,4,1,0,0
2026-04-24,vrs26_gads_display_remarketing_natl,display,Chennai,418.32,1894,42,42,5,1,0,0
2026-04-24,vrs26_gads_yt_instream_natl,youtube,Mumbai,1755.19,7353,180,180,18,5,3,10297
2026-04-24,vrs26_gads_yt_instream_natl,youtube,Delhi NCR,1485.77,5558,81,81,3,1,1,1999
2026-04-24,vrs26_gads_yt_instream_natl,youtube,Bengaluru,974.28,3280,41,41,1,0,0,0
2026-04-24,vrs26_gads_yt_instream_natl,youtube,Hyderabad,864.75,3471,65,65,4,1,1,499
2026-04-24,vrs26_gads_yt_instream_natl,youtube,Pune,666.03,2809,43,43,4,1,0,0
2026-04-24,vrs26_gads_yt_instream_natl,youtube,Chennai,465.22,1879,40,40,4,2,1,799
2026-04-25,vrs26_gads_search_brand_natl,search_brand,Mumbai,2216.23,7370,114,114,25,13,11,20989
2026-04-25,vrs26_gads_search_brand_natl,search_brand,Delhi NCR,2221.56,8393,213,213,41,17,13,13087
2026-04-25,vrs26_gads_search_brand_natl,search_brand,Bengaluru,1642.99,6218,138,138,24,9,7,12193
2026-04-25,vrs26_gads_search_brand_natl,search_brand,Hyderabad,1177.09,4314,108,108,20,12,7,8293
2026-04-25,vrs26_gads_search_brand_natl,search_brand,Pune,1015.9,3721,80,80,22,12,10,36187
2026-04-25,vrs26_gads_search_brand_natl,search_brand,Chennai,772.32,2958,84,84,17,6,3,8297
2026-04-25,vrs26_gads_search_generic_marathon_natl,search_generic,Mumbai,3570.77,12554,223,223,18,5,4,9396
2026-04-25,vrs26_gads_search_generic_marathon_natl,search_generic,Delhi NCR,2781.7,10343,230,230,30,12,9,16388
2026-04-25,vrs26_gads_search_generic_marathon_natl,search_generic,Bengaluru,2314.74,7957,158,158,13,3,0,0
2026-04-25,vrs26_gads_search_generic_marathon_natl,search_generic,Hyderabad,1888.3,7358,142,142,19,10,4,3395
2026-04-25,vrs26_gads_search_generic_marathon_natl,search_generic,Pune,1492.41,4996,112,112,10,3,2,1598
2026-04-25,vrs26_gads_search_generic_marathon_natl,search_generic,Chennai,1173.28,4159,95,95,12,5,3,4797
2026-04-25,vrs26_gads_search_generic_10k_natl,search_generic,Mumbai,2316.7,8840,190,190,22,8,4,8596
2026-04-25,vrs26_gads_search_generic_10k_natl,search_generic,Delhi NCR,1803.26,6575,160,160,17,7,4,6096
2026-04-25,vrs26_gads_search_generic_10k_natl,search_generic,Bengaluru,1737.08,6843,152,152,11,1,0,0
2026-04-25,vrs26_gads_search_generic_10k_natl,search_generic,Hyderabad,1156.64,4573,100,100,12,4,0,0
2026-04-25,vrs26_gads_search_generic_10k_natl,search_generic,Pune,778.02,2756,67,67,11,6,2,2798
2026-04-25,vrs26_gads_search_generic_10k_natl,search_generic,Chennai,558.54,2116,49,49,6,3,2,8997
2026-04-25,vrs26_gads_pmax_all_natl,pmax,Mumbai,2872.7,10543,252,252,33,11,7,9693
2026-04-25,vrs26_gads_pmax_all_natl,pmax,Delhi NCR,3228.47,9966,292,292,22,12,4,5396
2026-04-25,vrs26_gads_pmax_all_natl,pmax,Bengaluru,2616.84,9129,224,224,16,6,3,3797
2026-04-25,vrs26_gads_pmax_all_natl,pmax,Hyderabad,1754.75,6241,102,102,14,6,5,8395
2026-04-25,vrs26_gads_pmax_all_natl,pmax,Pune,1262.88,4459,104,104,11,4,2,8498
2026-04-25,vrs26_gads_pmax_all_natl,pmax,Chennai,963.68,3186,57,57,5,3,2,2098
2026-04-25,vrs26_gads_pmax_mum,pmax,Mumbai,5676.9,19316,378,378,28,6,3,4597
2026-04-25,vrs26_gads_pmax_mum,pmax,Delhi NCR,322.86,1202,22,22,2,0,0,0
2026-04-25,vrs26_gads_pmax_mum,pmax,Bengaluru,314.86,988,21,21,4,3,3,8597
2026-04-25,vrs26_gads_pmax_mum,pmax,Hyderabad,239.97,951,16,16,2,0,0,0
2026-04-25,vrs26_gads_pmax_mum,pmax,Pune,123.58,468,14,14,4,0,0,0
2026-04-25,vrs26_gads_pmax_mum,pmax,Chennai,106.38,345,11,11,1,0,0,0
2026-04-25,vrs26_gads_pmax_blr,pmax,Mumbai,345.13,1134,20,20,3,0,0,0
2026-04-25,vrs26_gads_pmax_blr,pmax,Delhi NCR,288.09,1135,22,22,3,1,1,1999
2026-04-25,vrs26_gads_pmax_blr,pmax,Bengaluru,4788.77,15629,324,324,48,20,16,25482
2026-04-25,vrs26_gads_pmax_blr,pmax,Hyderabad,214.29,835,13,13,1,1,1,1299
2026-04-25,vrs26_gads_pmax_blr,pmax,Pune,151.22,566,4,4,0,0,0,0
2026-04-25,vrs26_gads_pmax_blr,pmax,Chennai,127.25,515,12,12,3,1,1,1299
2026-04-25,vrs26_gads_display_remarketing_natl,display,Mumbai,1642.91,6064,153,153,6,3,2,1798
2026-04-25,vrs26_gads_display_remarketing_natl,display,Delhi NCR,1361.94,5116,81,81,10,1,0,0
2026-04-25,vrs26_gads_display_remarketing_natl,display,Bengaluru,1262.31,4565,86,86,3,1,1,1999
2026-04-25,vrs26_gads_display_remarketing_natl,display,Hyderabad,872.47,3381,54,54,6,2,1,799
2026-04-25,vrs26_gads_display_remarketing_natl,display,Pune,610.01,2190,46,46,5,2,0,0
2026-04-25,vrs26_gads_display_remarketing_natl,display,Chennai,513.04,1914,37,37,2,1,1,1299
2026-04-25,vrs26_gads_yt_instream_natl,youtube,Mumbai,2074.45,7474,189,189,13,5,3,6097
2026-04-25,vrs26_gads_yt_instream_natl,youtube,Delhi NCR,1835.6,6715,123,123,3,2,0,0
2026-04-25,vrs26_gads_yt_instream_natl,youtube,Bengaluru,1122.81,3883,94,94,7,5,2,2798
2026-04-25,vrs26_gads_yt_instream_natl,youtube,Hyderabad,1277.15,4210,89,89,9,5,4,6596
2026-04-25,vrs26_gads_yt_instream_natl,youtube,Pune,772.48,2556,60,60,0,0,0,0
2026-04-25,vrs26_gads_yt_instream_natl,youtube,Chennai,571.89,2147,41,41,6,2,0,0
2026-04-26,vrs26_gads_search_brand_natl,search_brand,Mumbai,2535.86,8855,209,209,40,17,8,10892
2026-04-26,vrs26_gads_search_brand_natl,search_brand,Delhi NCR,1828.38,6578,173,173,40,13,6,7994
2026-04-26,vrs26_gads_search_brand_natl,search_brand,Bengaluru,1698.78,6197,173,173,31,11,9,17391
2026-04-26,vrs26_gads_search_brand_natl,search_brand,Hyderabad,1384.32,5397,91,91,26,10,7,14992
2026-04-26,vrs26_gads_search_brand_natl,search_brand,Pune,1086.34,4158,81,81,14,6,4,4396
2026-04-26,vrs26_gads_search_brand_natl,search_brand,Chennai,820.5,2498,41,41,6,2,2,1598
2026-04-26,vrs26_gads_search_generic_marathon_natl,search_generic,Mumbai,3684.89,14090,325,325,41,12,10,16990
2026-04-26,vrs26_gads_search_generic_marathon_natl,search_generic,Delhi NCR,3108.41,11626,251,251,42,13,6,16593
2026-04-26,vrs26_gads_search_generic_marathon_natl,search_generic,Bengaluru,2766.67,9228,170,170,25,11,3,2597
2026-04-26,vrs26_gads_search_generic_marathon_natl,search_generic,Hyderabad,1657.55,5261,128,128,15,5,4,4096
2026-04-26,vrs26_gads_search_generic_marathon_natl,search_generic,Pune,1379.28,4719,96,96,15,5,3,2297
2026-04-26,vrs26_gads_search_generic_marathon_natl,search_generic,Chennai,1074.71,4304,112,112,9,1,0,0
2026-04-26,vrs26_gads_search_generic_10k_natl,search_generic,Mumbai,2285.29,8078,141,141,17,5,4,10296
2026-04-26,vrs26_gads_search_generic_10k_natl,search_generic,Delhi NCR,1902.78,7123,174,174,21,7,5,9894
2026-04-26,vrs26_gads_search_generic_10k_natl,search_generic,Bengaluru,1574.7,6057,125,125,27,4,2,2598
2026-04-26,vrs26_gads_search_generic_10k_natl,search_generic,Hyderabad,1345.43,5052,113,113,10,4,4,9896
2026-04-26,vrs26_gads_search_generic_10k_natl,search_generic,Pune,715,2675,50,50,2,0,0,0
2026-04-26,vrs26_gads_search_generic_10k_natl,search_generic,Chennai,811.44,2711,51,51,9,3,3,4297
2026-04-26,vrs26_gads_pmax_all_natl,pmax,Mumbai,3449.87,12534,191,191,19,12,9,8990
2026-04-26,vrs26_gads_pmax_all_natl,pmax,Delhi NCR,3211.79,11032,201,201,23,8,6,15192
2026-04-26,vrs26_gads_pmax_all_natl,pmax,Bengaluru,2290.06,8644,141,141,19,8,5,6895
2026-04-26,vrs26_gads_pmax_all_natl,pmax,Hyderabad,1754.19,6023,112,112,8,4,2,4298
2026-04-26,vrs26_gads_pmax_all_natl,pmax,Pune,1309.65,4536,69,69,6,0,0,0
2026-04-26,vrs26_gads_pmax_all_natl,pmax,Chennai,1116.29,3616,76,76,9,2,1,1299
2026-04-26,vrs26_gads_pmax_mum,pmax,Mumbai,5620.42,17514,354,354,48,20,14,21685
2026-04-26,vrs26_gads_pmax_mum,pmax,Delhi NCR,460.16,1803,29,29,7,2,1,1999
2026-04-26,vrs26_gads_pmax_mum,pmax,Bengaluru,407.39,1316,25,25,3,0,0,0
2026-04-26,vrs26_gads_pmax_mum,pmax,Hyderabad,231.22,802,18,18,3,3,1,1299
2026-04-26,vrs26_gads_pmax_mum,pmax,Pune,160.54,577,16,16,1,0,0,0
2026-04-26,vrs26_gads_pmax_mum,pmax,Chennai,135.92,519,9,9,1,0,0,0
2026-04-26,vrs26_gads_pmax_blr,pmax,Mumbai,338.83,1028,21,21,5,2,1,499
2026-04-26,vrs26_gads_pmax_blr,pmax,Delhi NCR,332.04,1235,22,22,3,2,2,2098
2026-04-26,vrs26_gads_pmax_blr,pmax,Bengaluru,4982.58,18194,388,388,49,17,12,18588
2026-04-26,vrs26_gads_pmax_blr,pmax,Hyderabad,221.01,778,8,8,1,1,1,1999
2026-04-26,vrs26_gads_pmax_blr,pmax,Pune,132.14,504,19,19,3,0,0,0
2026-04-26,vrs26_gads_pmax_blr,pmax,Chennai,109.6,445,9,9,1,0,0,0
2026-04-26,vrs26_gads_display_remarketing_natl,display,Mumbai,1708.13,6417,101,101,8,1,0,0
2026-04-26,vrs26_gads_display_remarketing_natl,display,Delhi NCR,1475.46,4868,94,94,6,3,0,0
2026-04-26,vrs26_gads_display_remarketing_natl,display,Bengaluru,1278.83,5109,79,79,7,3,2,7298
2026-04-26,vrs26_gads_display_remarketing_natl,display,Hyderabad,896.96,3455,60,60,4,2,1,799
2026-04-26,vrs26_gads_display_remarketing_natl,display,Pune,629.05,2492,45,45,4,1,0,0
2026-04-26,vrs26_gads_display_remarketing_natl,display,Chennai,487.56,1693,23,23,1,0,0,0
2026-04-26,vrs26_gads_yt_instream_natl,youtube,Mumbai,2155.52,8216,153,153,10,2,1,799
2026-04-26,vrs26_gads_yt_instream_natl,youtube,Delhi NCR,1718.75,5809,125,125,7,1,1,3499
2026-04-26,vrs26_gads_yt_instream_natl,youtube,Bengaluru,1537.02,5920,94,94,5,2,2,3998
2026-04-26,vrs26_gads_yt_instream_natl,youtube,Hyderabad,1156.66,4106,103,103,7,2,2,2798
2026-04-26,vrs26_gads_yt_instream_natl,youtube,Pune,648.38,2427,64,64,3,2,1,1999
2026-04-26,vrs26_gads_yt_instream_natl,youtube,Chennai,698.77,2549,43,43,5,2,1,1299
2026-04-27,vrs26_gads_search_brand_natl,search_brand,Mumbai,2460.91,8491,212,212,43,23,12,18788
2026-04-27,vrs26_gads_search_brand_natl,search_brand,Delhi NCR,1912.87,6794,123,123,30,11,9,19191
2026-04-27,vrs26_gads_search_brand_natl,search_brand,Bengaluru,1966.19,7637,118,118,16,8,5,4395
2026-04-27,vrs26_gads_search_brand_natl,search_brand,Hyderabad,1491.71,5350,114,114,29,11,9,14891
2026-04-27,vrs26_gads_search_brand_natl,search_brand,Pune,999.14,3653,73,73,14,8,7,12893
2026-04-27,vrs26_gads_search_brand_natl,search_brand,Chennai,789.07,2633,56,56,10,3,3,4797
2026-04-27,vrs26_gads_search_generic_marathon_natl,search_generic,Mumbai,3336.41,11748,256,256,36,16,11,21888
2026-04-27,vrs26_gads_search_generic_marathon_natl,search_generic,Delhi NCR,3604.39,10909,288,288,45,17,9,10391
2026-04-27,vrs26_gads_search_generic_marathon_natl,search_generic,Bengaluru,2772.66,9558,199,199,24,6,3,10596
2026-04-27,vrs26_gads_search_generic_marathon_natl,search_generic,Hyderabad,1741.06,6666,152,152,19,10,5,9795
2026-04-27,vrs26_gads_search_generic_marathon_natl,search_generic,Pune,1364.71,4892,103,103,21,6,4,6396
2026-04-27,vrs26_gads_search_generic_marathon_natl,search_generic,Chennai,1240.63,4230,93,93,8,4,1,998
2026-04-27,vrs26_gads_search_generic_10k_natl,search_generic,Mumbai,2167.43,9293,190,190,23,9,4,3895
2026-04-27,vrs26_gads_search_generic_10k_natl,search_generic,Delhi NCR,1836.85,6282,102,102,13,6,1,2499
2026-04-27,vrs26_gads_search_generic_10k_natl,search_generic,Bengaluru,1829.14,6393,129,129,17,6,2,3498
2026-04-27,vrs26_gads_search_generic_10k_natl,search_generic,Hyderabad,1438.51,5653,170,170,15,8,5,11094
2026-04-27,vrs26_gads_search_generic_10k_natl,search_generic,Pune,910.21,3377,73,73,9,3,2,3798
2026-04-27,vrs26_gads_search_generic_10k_natl,search_generic,Chennai,697.77,2316,46,46,8,1,1,3499
2026-04-27,vrs26_gads_pmax_all_natl,pmax,Mumbai,4118.67,14476,291,291,41,14,7,12393
2026-04-27,vrs26_gads_pmax_all_natl,pmax,Delhi NCR,2574.95,9196,251,251,18,9,5,14595
2026-04-27,vrs26_gads_pmax_all_natl,pmax,Bengaluru,2628.38,10131,195,195,21,8,3,13797
2026-04-27,vrs26_gads_pmax_all_natl,pmax,Hyderabad,1684.99,6372,111,111,9,6,2,1798
2026-04-27,vrs26_gads_pmax_all_natl,pmax,Pune,1471.12,5360,114,114,15,10,7,12892
2026-04-27,vrs26_gads_pmax_all_natl,pmax,Chennai,1026.75,3830,90,90,13,6,1,499
2026-04-27,vrs26_gads_pmax_mum,pmax,Mumbai,5917.38,20306,464,464,44,20,10,30989
2026-04-27,vrs26_gads_pmax_mum,pmax,Delhi NCR,403.52,1479,34,34,1,1,1,799
2026-04-27,vrs26_gads_pmax_mum,pmax,Bengaluru,370.71,1365,36,36,2,0,0,0
2026-04-27,vrs26_gads_pmax_mum,pmax,Hyderabad,221.94,813,12,12,0,0,0,0
2026-04-27,vrs26_gads_pmax_mum,pmax,Pune,172.97,624,4,4,1,0,0,0
2026-04-27,vrs26_gads_pmax_mum,pmax,Chennai,128.4,523,12,12,0,0,0,0
2026-04-27,vrs26_gads_pmax_blr,pmax,Mumbai,417.05,1452,23,23,5,1,0,0
2026-04-27,vrs26_gads_pmax_blr,pmax,Delhi NCR,372.85,1005,15,15,1,0,0,0
2026-04-27,vrs26_gads_pmax_blr,pmax,Bengaluru,4980.3,16212,431,431,47,19,9,21890
2026-04-27,vrs26_gads_pmax_blr,pmax,Hyderabad,216.03,672,16,16,1,0,0,0
2026-04-27,vrs26_gads_pmax_blr,pmax,Pune,180.45,647,12,12,2,0,0,0
2026-04-27,vrs26_gads_pmax_blr,pmax,Chennai,123.25,473,13,13,0,0,0,0
2026-04-27,vrs26_gads_display_remarketing_natl,display,Mumbai,1848.7,6478,142,142,13,8,4,5596
2026-04-27,vrs26_gads_display_remarketing_natl,display,Delhi NCR,1321.32,5090,111,111,5,1,0,0
2026-04-27,vrs26_gads_display_remarketing_natl,display,Bengaluru,1370.32,5085,142,142,9,2,1,799
2026-04-27,vrs26_gads_display_remarketing_natl,display,Hyderabad,906.7,3044,54,54,3,0,0,0
2026-04-27,vrs26_gads_display_remarketing_natl,display,Pune,713.36,2748,82,82,8,4,3,16996
2026-04-27,vrs26_gads_display_remarketing_natl,display,Chennai,499.52,1894,35,35,3,2,0,0
2026-04-27,vrs26_gads_yt_instream_natl,youtube,Mumbai,2116.42,7212,153,153,10,2,1,1999
2026-04-27,vrs26_gads_yt_instream_natl,youtube,Delhi NCR,1915.85,7327,139,139,3,0,0,0
2026-04-27,vrs26_gads_yt_instream_natl,youtube,Bengaluru,1587.23,5143,85,85,7,5,2,7298
2026-04-27,vrs26_gads_yt_instream_natl,youtube,Hyderabad,1046.48,3855,90,90,8,4,1,3499
2026-04-27,vrs26_gads_yt_instream_natl,youtube,Pune,835.09,2804,50,50,0,0,0,0
2026-04-27,vrs26_gads_yt_instream_natl,youtube,Chennai,638.85,2150,48,48,2,0,0,0
2026-04-28,vrs26_gads_search_brand_natl,search_brand,Mumbai,1989.97,7865,154,154,38,15,12,22788
2026-04-28,vrs26_gads_search_brand_natl,search_brand,Delhi NCR,1599.63,6084,136,136,19,13,9,14490
2026-04-28,vrs26_gads_search_brand_natl,search_brand,Bengaluru,1324.64,6248,112,112,23,8,5,5795
2026-04-28,vrs26_gads_search_brand_natl,search_brand,Hyderabad,1242.29,4601,72,72,11,5,0,0
2026-04-28,vrs26_gads_search_brand_natl,search_brand,Pune,757.12,2589,50,50,10,4,4,5096
2026-04-28,vrs26_gads_search_brand_natl,search_brand,Chennai,683.97,2875,37,37,3,1,1,6499
2026-04-28,vrs26_gads_search_generic_marathon_natl,search_generic,Mumbai,2990.6,12500,279,279,35,16,10,14390
2026-04-28,vrs26_gads_search_generic_marathon_natl,search_generic,Delhi NCR,2533.75,9052,190,190,20,12,7,14393
2026-04-28,vrs26_gads_search_generic_marathon_natl,search_generic,Bengaluru,1945.7,8144,189,189,25,8,4,15895
2026-04-28,vrs26_gads_search_generic_marathon_natl,search_generic,Hyderabad,1543.63,6331,133,133,11,4,2,2798
2026-04-28,vrs26_gads_search_generic_marathon_natl,search_generic,Pune,1056.75,3951,67,67,6,2,1,799
2026-04-28,vrs26_gads_search_generic_marathon_natl,search_generic,Chennai,1033.78,4162,86,86,11,4,3,5597
2026-04-28,vrs26_gads_search_generic_10k_natl,search_generic,Mumbai,2049.82,7829,132,132,13,3,3,3796
2026-04-28,vrs26_gads_search_generic_10k_natl,search_generic,Delhi NCR,1447.39,5074,80,80,7,4,4,7895
2026-04-28,vrs26_gads_search_generic_10k_natl,search_generic,Bengaluru,1308.21,4873,83,83,4,1,0,0
2026-04-28,vrs26_gads_search_generic_10k_natl,search_generic,Hyderabad,930.18,3406,66,66,2,1,0,0
2026-04-28,vrs26_gads_search_generic_10k_natl,search_generic,Pune,663.74,2250,55,55,13,9,5,10995
2026-04-28,vrs26_gads_search_generic_10k_natl,search_generic,Chennai,613.84,2537,46,46,5,3,1,1299
2026-04-28,vrs26_gads_pmax_all_natl,pmax,Mumbai,2916.36,12324,350,350,41,20,9,16191
2026-04-28,vrs26_gads_pmax_all_natl,pmax,Delhi NCR,2239.34,8383,210,210,21,7,5,18595
2026-04-28,vrs26_gads_pmax_all_natl,pmax,Bengaluru,2285.11,8193,153,153,11,4,2,2598
2026-04-28,vrs26_gads_pmax_all_natl,pmax,Hyderabad,1511.61,5550,128,128,11,6,3,5297
2026-04-28,vrs26_gads_pmax_all_natl,pmax,Pune,956.77,3644,78,78,8,3,3,3297
2026-04-28,vrs26_gads_pmax_all_natl,pmax,Chennai,756.69,3188,67,67,9,1,1,1299
2026-04-28,vrs26_gads_pmax_mum,pmax,Mumbai,4743.03,18672,418,418,45,18,12,31488
2026-04-28,vrs26_gads_pmax_mum,pmax,Delhi NCR,258.3,1054,28,28,3,1,0,0
2026-04-28,vrs26_gads_pmax_mum,pmax,Bengaluru,271.17,1065,20,20,1,0,0,0
2026-04-28,vrs26_gads_pmax_mum,pmax,Hyderabad,218.91,747,5,5,0,0,0,0
2026-04-28,vrs26_gads_pmax_mum,pmax,Pune,121.28,486,10,10,1,0,0,0
2026-04-28,vrs26_gads_pmax_mum,pmax,Chennai,85.52,298,6,6,1,0,0,0
2026-04-28,vrs26_gads_pmax_blr,pmax,Mumbai,325.94,1277,30,30,2,1,1,1299
2026-04-28,vrs26_gads_pmax_blr,pmax,Delhi NCR,206.05,832,21,21,2,0,0,0
2026-04-28,vrs26_gads_pmax_blr,pmax,Bengaluru,4110.89,15241,295,295,37,10,5,7994
2026-04-28,vrs26_gads_pmax_blr,pmax,Hyderabad,148.76,586,9,9,1,0,0,0
2026-04-28,vrs26_gads_pmax_blr,pmax,Pune,106.31,480,8,8,1,1,1,1999
2026-04-28,vrs26_gads_pmax_blr,pmax,Chennai,69.73,255,7,7,1,1,0,0
2026-04-28,vrs26_gads_display_remarketing_natl,display,Mumbai,1303.16,4798,86,86,12,5,3,5297
2026-04-28,vrs26_gads_display_remarketing_natl,display,Delhi NCR,1175.51,4433,79,79,7,4,0,0
2026-04-28,vrs26_gads_display_remarketing_natl,display,Bengaluru,1009.13,3645,68,68,4,2,2,2098
2026-04-28,vrs26_gads_display_remarketing_natl,display,Hyderabad,768.13,2963,66,66,3,0,0,0
2026-04-28,vrs26_gads_display_remarketing_natl,display,Pune,557.27,2190,51,51,3,0,0,0
2026-04-28,vrs26_gads_display_remarketing_natl,display,Chennai,446.7,1639,26,26,2,1,1,2999
2026-04-28,vrs26_gads_yt_instream_natl,youtube,Mumbai,1649.75,7830,144,144,10,3,2,7798
2026-04-28,vrs26_gads_yt_instream_natl,youtube,Delhi NCR,1621.36,5893,152,152,13,3,2,3998
2026-04-28,vrs26_gads_yt_instream_natl,youtube,Bengaluru,1319.37,4998,103,103,4,1,1,1299
2026-04-28,vrs26_gads_yt_instream_natl,youtube,Hyderabad,691.46,2725,54,54,3,1,1,499
2026-04-28,vrs26_gads_yt_instream_natl,youtube,Pune,574.26,2302,31,31,3,1,0,0
2026-04-28,vrs26_gads_yt_instream_natl,youtube,Chennai,572.56,2515,46,46,2,1,0,0
2026-04-29,vrs26_gads_search_brand_natl,search_brand,Mumbai,2995.36,10470,240,240,38,18,8,19290
2026-04-29,vrs26_gads_search_brand_natl,search_brand,Delhi NCR,2673.29,8902,185,185,45,21,15,28585
2026-04-29,vrs26_gads_search_brand_natl,search_brand,Bengaluru,1944.95,6409,172,172,27,10,3,14997
2026-04-29,vrs26_gads_search_brand_natl,search_brand,Hyderabad,1579.83,5342,127,127,29,13,12,23787
2026-04-29,vrs26_gads_search_brand_natl,search_brand,Pune,1058.68,3492,96,96,15,6,4,14496
2026-04-29,vrs26_gads_search_brand_natl,search_brand,Chennai,823.45,2853,42,42,7,3,3,6797
2026-04-29,vrs26_gads_search_generic_marathon_natl,search_generic,Mumbai,4532.58,15352,322,322,51,17,13,12687
2026-04-29,vrs26_gads_search_generic_marathon_natl,search_generic,Delhi NCR,3399.39,10519,206,206,28,10,2,3998
2026-04-29,vrs26_gads_search_generic_marathon_natl,search_generic,Bengaluru,3443.05,11205,232,232,21,9,7,14093
2026-04-29,vrs26_gads_search_generic_marathon_natl,search_generic,Hyderabad,2362.8,8553,160,160,14,8,7,8693
2026-04-29,vrs26_gads_search_generic_marathon_natl,search_generic,Pune,1299.33,4435,89,89,14,7,5,11095
2026-04-29,vrs26_gads_search_generic_marathon_natl,search_generic,Chennai,1150.22,4145,120,120,15,5,1,799
2026-04-29,vrs26_gads_search_generic_10k_natl,search_generic,Mumbai,2689.97,8646,178,178,17,5,3,7497
2026-04-29,vrs26_gads_search_generic_10k_natl,search_generic,Delhi NCR,2162.02,7268,189,189,23,12,5,8194
2026-04-29,vrs26_gads_search_generic_10k_natl,search_generic,Bengaluru,1849.7,5967,110,110,13,4,4,4796
2026-04-29,vrs26_gads_search_generic_10k_natl,search_generic,Hyderabad,1622.95,6101,105,105,13,2,0,0
2026-04-29,vrs26_gads_search_generic_10k_natl,search_generic,Pune,1084.51,3042,57,57,10,5,1,6499
2026-04-29,vrs26_gads_search_generic_10k_natl,search_generic,Chennai,814.45,2832,58,58,7,5,2,1598
2026-04-29,vrs26_gads_pmax_all_natl,pmax,Mumbai,4353.95,13388,261,261,33,16,10,9389
2026-04-29,vrs26_gads_pmax_all_natl,pmax,Delhi NCR,3223.44,10618,179,179,25,15,8,11992
2026-04-29,vrs26_gads_pmax_all_natl,pmax,Bengaluru,3136.26,10809,202,202,19,6,2,3397
2026-04-29,vrs26_gads_pmax_all_natl,pmax,Hyderabad,1936.43,6550,146,146,7,3,2,2598
2026-04-29,vrs26_gads_pmax_all_natl,pmax,Pune,1595.34,4957,113,113,13,4,1,1598
2026-04-29,vrs26_gads_pmax_all_natl,pmax,Chennai,1302.98,4894,107,107,8,2,2,7298
2026-04-29,vrs26_gads_pmax_mum,pmax,Mumbai,6364.39,21294,389,389,43,14,6,14294
2026-04-29,vrs26_gads_pmax_mum,pmax,Delhi NCR,550.18,1892,50,50,5,1,1,1299
2026-04-29,vrs26_gads_pmax_mum,pmax,Bengaluru,507.79,1854,43,43,7,2,1,2999
2026-04-29,vrs26_gads_pmax_mum,pmax,Hyderabad,447.08,1820,52,52,11,2,1,1299
2026-04-29,vrs26_gads_pmax_mum,pmax,Pune,234.46,684,17,17,2,0,0,0
2026-04-29,vrs26_gads_pmax_mum,pmax,Chennai,202.77,701,10,10,5,3,2,2897
2026-04-29,vrs26_gads_pmax_blr,pmax,Mumbai,339.69,1159,29,29,2,0,0,0
2026-04-29,vrs26_gads_pmax_blr,pmax,Delhi NCR,433.21,1548,31,31,4,0,0,0
2026-04-29,vrs26_gads_pmax_blr,pmax,Bengaluru,5903.02,18726,419,419,41,13,9,15391
2026-04-29,vrs26_gads_pmax_blr,pmax,Hyderabad,243.47,864,15,15,2,0,0,0
2026-04-29,vrs26_gads_pmax_blr,pmax,Pune,198.33,692,14,14,4,1,0,0
2026-04-29,vrs26_gads_pmax_blr,pmax,Chennai,123.99,514,14,14,1,0,0,0
2026-04-29,vrs26_gads_display_remarketing_natl,display,Mumbai,2004.94,7754,152,152,7,5,2,4298
2026-04-29,vrs26_gads_display_remarketing_natl,display,Delhi NCR,1693.71,5183,114,114,12,3,3,5097
2026-04-29,vrs26_gads_display_remarketing_natl,display,Bengaluru,1516,5562,92,92,3,1,1,1299
2026-04-29,vrs26_gads_display_remarketing_natl,display,Hyderabad,997.8,3582,74,74,6,1,0,0
2026-04-29,vrs26_gads_display_remarketing_natl,display,Pune,773.99,2540,50,50,0,0,0,0
2026-04-29,vrs26_gads_display_remarketing_natl,display,Chennai,681.26,2482,44,44,4,1,1,799
2026-04-29,vrs26_gads_yt_instream_natl,youtube,Mumbai,2456.75,8955,194,194,17,4,3,7297
2026-04-29,vrs26_gads_yt_instream_natl,youtube,Delhi NCR,1680.6,5509,97,97,3,1,0,0
2026-04-29,vrs26_gads_yt_instream_natl,youtube,Bengaluru,2043.65,6815,160,160,14,3,2,2098
2026-04-29,vrs26_gads_yt_instream_natl,youtube,Hyderabad,1243.34,3895,74,74,8,5,1,499
2026-04-29,vrs26_gads_yt_instream_natl,youtube,Pune,1089.61,4081,80,80,4,0,0,0
2026-04-29,vrs26_gads_yt_instream_natl,youtube,Chennai,857.68,2539,60,60,6,2,1,1299
2026-04-30,vrs26_gads_search_brand_natl,search_brand,Mumbai,2709.99,9850,270,270,76,24,16,23384
2026-04-30,vrs26_gads_search_brand_natl,search_brand,Delhi NCR,2446.67,8961,179,179,33,16,5,11695
2026-04-30,vrs26_gads_search_brand_natl,search_brand,Bengaluru,2080.72,7303,154,154,29,12,8,24892
2026-04-30,vrs26_gads_search_brand_natl,search_brand,Hyderabad,1635.1,6557,110,110,27,11,3,4396
2026-04-30,vrs26_gads_search_brand_natl,search_brand,Pune,1088.79,3281,66,66,8,2,1,799
2026-04-30,vrs26_gads_search_brand_natl,search_brand,Chennai,830.92,2914,61,61,18,7,5,11894
2026-04-30,vrs26_gads_search_generic_marathon_natl,search_generic,Mumbai,4276.54,17388,343,343,40,17,9,19490
2026-04-30,vrs26_gads_search_generic_marathon_natl,search_generic,Delhi NCR,4031.17,13258,231,231,33,9,6,14493
2026-04-30,vrs26_gads_search_generic_marathon_natl,search_generic,Bengaluru,3044.44,10448,232,232,33,12,5,5294
2026-04-30,vrs26_gads_search_generic_marathon_natl,search_generic,Hyderabad,1945.88,6417,124,124,23,4,1,1999
2026-04-30,vrs26_gads_search_generic_marathon_natl,search_generic,Pune,1325.01,4125,87,87,6,2,2,6497
2026-04-30,vrs26_gads_search_generic_marathon_natl,search_generic,Chennai,1150.16,3741,84,84,12,5,3,10497
2026-04-30,vrs26_gads_search_generic_10k_natl,search_generic,Mumbai,2779.77,10885,289,289,27,12,7,10493
2026-04-30,vrs26_gads_search_generic_10k_natl,search_generic,Delhi NCR,2205.29,7166,142,142,17,6,4,8296
2026-04-30,vrs26_gads_search_generic_10k_natl,search_generic,Bengaluru,1883.37,5724,102,102,14,7,3,4797
2026-04-30,vrs26_gads_search_generic_10k_natl,search_generic,Hyderabad,1260,4052,85,85,12,9,6,5494
2026-04-30,vrs26_gads_search_generic_10k_natl,search_generic,Pune,1021.43,3631,96,96,12,3,2,3798
2026-04-30,vrs26_gads_search_generic_10k_natl,search_generic,Chennai,812.17,3223,52,52,6,3,0,0
2026-04-30,vrs26_gads_pmax_all_natl,pmax,Mumbai,4443.89,15404,273,273,28,7,3,9796
2026-04-30,vrs26_gads_pmax_all_natl,pmax,Delhi NCR,2839.45,11304,188,188,19,5,2,2598
2026-04-30,vrs26_gads_pmax_all_natl,pmax,Bengaluru,3050.57,11783,332,332,39,12,7,15593
2026-04-30,vrs26_gads_pmax_all_natl,pmax,Hyderabad,1970.51,7568,151,151,16,6,5,11594
2026-04-30,vrs26_gads_pmax_all_natl,pmax,Pune,1680.61,5655,97,97,9,3,1,499
2026-04-30,vrs26_gads_pmax_all_natl,pmax,Chennai,1165.54,4407,102,102,9,7,6,10493
2026-04-30,vrs26_gads_pmax_mum,pmax,Mumbai,6778.32,23086,531,531,54,18,11,12089
2026-04-30,vrs26_gads_pmax_mum,pmax,Delhi NCR,342.24,1394,35,35,4,0,0,0
2026-04-30,vrs26_gads_pmax_mum,pmax,Bengaluru,368.74,1224,25,25,2,2,1,499
2026-04-30,vrs26_gads_pmax_mum,pmax,Hyderabad,230.61,860,21,21,1,1,1,1999
2026-04-30,vrs26_gads_pmax_mum,pmax,Pune,211.64,731,11,11,1,0,0,0
2026-04-30,vrs26_gads_pmax_mum,pmax,Chennai,162.6,510,11,11,2,1,1,499
2026-04-30,vrs26_gads_pmax_blr,pmax,Mumbai,446.56,1587,41,41,7,3,2,1598
2026-04-30,vrs26_gads_pmax_blr,pmax,Delhi NCR,394.12,1404,36,36,4,1,1,799
2026-04-30,vrs26_gads_pmax_blr,pmax,Bengaluru,5710.63,17963,378,378,43,17,9,19790
2026-04-30,vrs26_gads_pmax_blr,pmax,Hyderabad,225.24,812,14,14,0,0,0,0
2026-04-30,vrs26_gads_pmax_blr,pmax,Pune,140.75,555,9,9,2,0,0,0
2026-04-30,vrs26_gads_pmax_blr,pmax,Chennai,139.13,527,7,7,0,0,0,0
2026-04-30,vrs26_gads_display_remarketing_natl,display,Mumbai,1727.44,6417,134,134,4,1,1,2499
2026-04-30,vrs26_gads_display_remarketing_natl,display,Delhi NCR,1780.37,5650,174,174,11,3,1,799
2026-04-30,vrs26_gads_display_remarketing_natl,display,Bengaluru,1409.35,3817,76,76,3,3,1,1299
2026-04-30,vrs26_gads_display_remarketing_natl,display,Hyderabad,1127.77,3670,94,94,6,2,1,3499
2026-04-30,vrs26_gads_display_remarketing_natl,display,Pune,799.23,3183,69,69,7,3,3,5297
2026-04-30,vrs26_gads_display_remarketing_natl,display,Chennai,627.36,2152,47,47,2,0,0,0
2026-04-30,vrs26_gads_yt_instream_natl,youtube,Mumbai,2011.61,6510,111,111,10,7,5,5395
2026-04-30,vrs26_gads_yt_instream_natl,youtube,Delhi NCR,2178.78,7894,164,164,7,3,1,799
2026-04-30,vrs26_gads_yt_instream_natl,youtube,Bengaluru,1938.57,6524,123,123,6,3,2,1298
2026-04-30,vrs26_gads_yt_instream_natl,youtube,Hyderabad,1438.46,5471,143,143,9,2,1,799
2026-04-30,vrs26_gads_yt_instream_natl,youtube,Pune,840.24,3159,82,82,8,2,1,1299
2026-04-30,vrs26_gads_yt_instream_natl,youtube,Chennai,724.2,2676,71,71,3,1,0,0
2026-05-01,vrs26_gads_search_brand_natl,search_brand,Mumbai,2374.24,7226,129,129,26,12,6,10194
2026-05-01,vrs26_gads_search_brand_natl,search_brand,Delhi NCR,2171.11,7482,162,162,31,16,11,19189
2026-05-01,vrs26_gads_search_brand_natl,search_brand,Bengaluru,2166.53,7243,163,163,41,10,6,16893
2026-05-01,vrs26_gads_search_brand_natl,search_brand,Hyderabad,1139.69,3918,91,91,17,7,5,8695
2026-05-01,vrs26_gads_search_brand_natl,search_brand,Pune,999.37,3309,60,60,11,6,4,5396
2026-05-01,vrs26_gads_search_brand_natl,search_brand,Chennai,742.25,2715,51,51,16,6,3,8097
2026-05-01,vrs26_gads_search_generic_marathon_natl,search_generic,Mumbai,3819.85,12879,368,368,52,26,21,41378
2026-05-01,vrs26_gads_search_generic_marathon_natl,search_generic,Delhi NCR,2789.27,10909,243,243,20,6,6,6694
2026-05-01,vrs26_gads_search_generic_marathon_natl,search_generic,Bengaluru,3062.58,11073,224,224,26,12,7,16693
2026-05-01,vrs26_gads_search_generic_marathon_natl,search_generic,Hyderabad,1920.94,6712,118,118,13,4,4,4196
2026-05-01,vrs26_gads_search_generic_marathon_natl,search_generic,Pune,1344.59,4655,121,121,13,6,2,2798
2026-05-01,vrs26_gads_search_generic_marathon_natl,search_generic,Chennai,1083.58,3903,78,78,7,1,1,1999
2026-05-01,vrs26_gads_search_generic_10k_natl,search_generic,Mumbai,2534.96,8960,229,229,25,8,3,5297
2026-05-01,vrs26_gads_search_generic_10k_natl,search_generic,Delhi NCR,1943.49,7456,176,176,26,10,7,8993
2026-05-01,vrs26_gads_search_generic_10k_natl,search_generic,Bengaluru,1644.96,5435,83,83,9,4,1,1999
2026-05-01,vrs26_gads_search_generic_10k_natl,search_generic,Hyderabad,1187.21,4165,88,88,12,4,2,1598
2026-05-01,vrs26_gads_search_generic_10k_natl,search_generic,Pune,853.69,2881,63,63,8,5,3,10297
2026-05-01,vrs26_gads_search_generic_10k_natl,search_generic,Chennai,690.93,2625,61,61,7,2,1,1999
2026-05-01,vrs26_gads_pmax_all_natl,pmax,Mumbai,4052.44,15032,329,329,31,12,10,15590
2026-05-01,vrs26_gads_pmax_all_natl,pmax,Delhi NCR,2374.61,7531,111,111,12,10,5,15395
2026-05-01,vrs26_gads_pmax_all_natl,pmax,Bengaluru,2702.08,8304,245,245,23,5,3,5297
2026-05-01,vrs26_gads_pmax_all_natl,pmax,Hyderabad,1808.45,5980,126,126,12,2,0,0
2026-05-01,vrs26_gads_pmax_all_natl,pmax,Pune,1401.17,5097,132,132,16,3,2,4798
2026-05-01,vrs26_gads_pmax_all_natl,pmax,Chennai,1128.62,3581,63,63,8,1,1,1299
2026-05-01,vrs26_gads_pmax_mum,pmax,Mumbai,6064.17,22390,536,536,63,28,16,30084
2026-05-01,vrs26_gads_pmax_mum,pmax,Delhi NCR,328.54,1148,23,23,2,1,1,2598
2026-05-01,vrs26_gads_pmax_mum,pmax,Bengaluru,341.73,1216,26,26,6,1,1,799
2026-05-01,vrs26_gads_pmax_mum,pmax,Hyderabad,180.03,554,13,13,2,0,0,0
2026-05-01,vrs26_gads_pmax_mum,pmax,Pune,164.93,700,13,13,2,1,0,0
2026-05-01,vrs26_gads_pmax_mum,pmax,Chennai,115.5,451,6,6,2,1,0,0
2026-05-01,vrs26_gads_pmax_blr,pmax,Mumbai,307.85,1120,19,19,6,4,2,2897
2026-05-01,vrs26_gads_pmax_blr,pmax,Delhi NCR,329.01,1180,34,34,4,1,0,0
2026-05-01,vrs26_gads_pmax_blr,pmax,Bengaluru,5191.19,18174,444,444,55,22,15,19085
2026-05-01,vrs26_gads_pmax_blr,pmax,Hyderabad,205,713,23,23,0,0,0,0
2026-05-01,vrs26_gads_pmax_blr,pmax,Pune,123.08,404,10,10,0,0,0,0
2026-05-01,vrs26_gads_pmax_blr,pmax,Chennai,116.34,425,12,12,0,0,0,0
2026-05-01,vrs26_gads_display_remarketing_natl,display,Mumbai,1968.27,7195,166,166,6,0,0,0
2026-05-01,vrs26_gads_display_remarketing_natl,display,Delhi NCR,1417.94,5123,138,138,11,2,1,1999
2026-05-01,vrs26_gads_display_remarketing_natl,display,Bengaluru,1172.4,3920,69,69,6,0,0,0
2026-05-01,vrs26_gads_display_remarketing_natl,display,Hyderabad,860.22,3140,53,53,4,0,0,0
2026-05-01,vrs26_gads_display_remarketing_natl,display,Pune,661.34,2017,36,36,5,2,1,499
2026-05-01,vrs26_gads_display_remarketing_natl,display,Chennai,561.27,1861,36,36,2,0,0,0
2026-05-01,vrs26_gads_yt_instream_natl,youtube,Mumbai,1941.24,7212,145,145,11,3,0,0
2026-05-01,vrs26_gads_yt_instream_natl,youtube,Delhi NCR,1793.55,6903,146,146,9,2,1,799
2026-05-01,vrs26_gads_yt_instream_natl,youtube,Bengaluru,1852.6,6315,158,158,12,3,3,3597
2026-05-01,vrs26_gads_yt_instream_natl,youtube,Hyderabad,893.28,3078,79,79,3,0,0,0
2026-05-01,vrs26_gads_yt_instream_natl,youtube,Pune,894.92,3073,55,55,3,1,0,0
2026-05-01,vrs26_gads_yt_instream_natl,youtube,Chennai,741.73,3004,68,68,4,0,0,0
2026-05-01,vrs26_gads_search_competitor_natl,search_generic,Mumbai,1234.74,4619,110,110,11,5,4,12596
2026-05-01,vrs26_gads_search_competitor_natl,search_generic,Delhi NCR,977.37,3621,94,94,19,10,7,11192
2026-05-01,vrs26_gads_search_competitor_natl,search_generic,Bengaluru,843.86,3114,62,62,5,2,1,1999
2026-05-01,vrs26_gads_search_competitor_natl,search_generic,Hyderabad,648.59,2344,58,58,6,2,2,2098
2026-05-01,vrs26_gads_search_competitor_natl,search_generic,Pune,401.75,1327,31,31,4,3,0,0
2026-05-01,vrs26_gads_search_competitor_natl,search_generic,Chennai,321.32,1095,25,25,2,1,0,0
2026-05-02,vrs26_gads_search_brand_natl,search_brand,Mumbai,2604.64,8993,261,261,56,23,19,28379
2026-05-02,vrs26_gads_search_brand_natl,search_brand,Delhi NCR,1797.76,7519,166,166,24,5,2,4498
2026-05-02,vrs26_gads_search_brand_natl,search_brand,Bengaluru,2115.07,7821,171,171,34,14,8,15791
2026-05-02,vrs26_gads_search_brand_natl,search_brand,Hyderabad,1539.87,4852,73,73,13,7,5,12194
2026-05-02,vrs26_gads_search_brand_natl,search_brand,Pune,1211.76,3847,80,80,17,5,5,13595
2026-05-02,vrs26_gads_search_brand_natl,search_brand,Chennai,1015.02,3443,67,67,13,8,4,5695
2026-05-02,vrs26_gads_search_generic_marathon_natl,search_generic,Mumbai,3397.85,10708,234,234,29,12,4,3696
2026-05-02,vrs26_gads_search_generic_marathon_natl,search_generic,Delhi NCR,3340.61,10673,213,213,25,10,5,4395
2026-05-02,vrs26_gads_search_generic_marathon_natl,search_generic,Bengaluru,3445.11,11489,223,223,18,7,6,13294
2026-05-02,vrs26_gads_search_generic_marathon_natl,search_generic,Hyderabad,2195.83,8638,156,156,19,7,1,4998
2026-05-02,vrs26_gads_search_generic_marathon_natl,search_generic,Pune,1557.95,5251,97,97,13,3,1,6499
2026-05-02,vrs26_gads_search_generic_marathon_natl,search_generic,Chennai,1093.28,4113,84,84,10,3,2,1598
2026-05-02,vrs26_gads_search_generic_10k_natl,search_generic,Mumbai,2954.01,10073,198,198,22,12,9,23489
2026-05-02,vrs26_gads_search_generic_10k_natl,search_generic,Delhi NCR,2001.7,7120,133,133,16,5,3,3997
2026-05-02,vrs26_gads_search_generic_10k_natl,search_generic,Bengaluru,1700.93,5493,93,93,7,4,1,1598
2026-05-02,vrs26_gads_search_generic_10k_natl,search_generic,Hyderabad,1186.91,4602,95,95,14,5,3,5097
2026-05-02,vrs26_gads_search_generic_10k_natl,search_generic,Pune,926.28,2777,51,51,7,1,1,1999
2026-05-02,vrs26_gads_search_generic_10k_natl,search_generic,Chennai,723.19,2693,61,61,11,4,3,3797
2026-05-02,vrs26_gads_pmax_all_natl,pmax,Mumbai,3985.91,14340,364,364,42,12,5,6195
2026-05-02,vrs26_gads_pmax_all_natl,pmax,Delhi NCR,3059.02,9564,122,122,11,4,1,1999
2026-05-02,vrs26_gads_pmax_all_natl,pmax,Bengaluru,2974.95,8595,205,205,28,6,4,6796
2026-05-02,vrs26_gads_pmax_all_natl,pmax,Hyderabad,1889.92,5687,115,115,16,9,4,10496
2026-05-02,vrs26_gads_pmax_all_natl,pmax,Pune,1247.71,4268,98,98,11,2,1,799
2026-05-02,vrs26_gads_pmax_all_natl,pmax,Chennai,1279.8,4505,100,100,14,5,2,6596
2026-05-02,vrs26_gads_pmax_mum,pmax,Mumbai,6398.4,24263,531,531,58,24,14,16285
2026-05-02,vrs26_gads_pmax_mum,pmax,Delhi NCR,381.12,1279,25,25,5,4,3,4297
2026-05-02,vrs26_gads_pmax_mum,pmax,Bengaluru,295.27,1037,19,19,3,0,0,0
2026-05-02,vrs26_gads_pmax_mum,pmax,Hyderabad,307.84,1218,30,30,2,0,0,0
2026-05-02,vrs26_gads_pmax_mum,pmax,Pune,161.97,620,13,13,2,1,0,0
2026-05-02,vrs26_gads_pmax_mum,pmax,Chennai,168.49,554,12,12,1,0,0,0
2026-05-02,vrs26_gads_pmax_blr,pmax,Mumbai,434.5,1582,42,42,2,0,0,0
2026-05-02,vrs26_gads_pmax_blr,pmax,Delhi NCR,330.24,935,24,24,1,0,0,0
2026-05-02,vrs26_gads_pmax_blr,pmax,Bengaluru,5458.92,17859,319,319,29,14,13,24486
2026-05-02,vrs26_gads_pmax_blr,pmax,Hyderabad,220.08,748,12,12,3,0,0,0
2026-05-02,vrs26_gads_pmax_blr,pmax,Pune,185.38,694,11,11,0,0,0,0
2026-05-02,vrs26_gads_pmax_blr,pmax,Chennai,95.11,370,9,9,1,0,0,0
2026-05-02,vrs26_gads_display_remarketing_natl,display,Mumbai,1796.89,5778,94,94,10,2,2,2598
2026-05-02,vrs26_gads_display_remarketing_natl,display,Delhi NCR,1652.69,6580,165,165,9,1,1,799
2026-05-02,vrs26_gads_display_remarketing_natl,display,Bengaluru,1342.02,4249,98,98,7,4,2,4798
2026-05-02,vrs26_gads_display_remarketing_natl,display,Hyderabad,994.33,4043,68,68,8,0,0,0
2026-05-02,vrs26_gads_display_remarketing_natl,display,Pune,690.62,2485,55,55,6,3,2,2098
2026-05-02,vrs26_gads_display_remarketing_natl,display,Chennai,643.22,2230,41,41,4,1,1,799
2026-05-02,vrs26_gads_yt_instream_natl,youtube,Mumbai,2363.85,8031,138,138,8,2,2,1298
2026-05-02,vrs26_gads_yt_instream_natl,youtube,Delhi NCR,1736.26,5225,96,96,7,3,3,3297
2026-05-02,vrs26_gads_yt_instream_natl,youtube,Bengaluru,1932.3,4855,110,110,10,4,4,5396
2026-05-02,vrs26_gads_yt_instream_natl,youtube,Hyderabad,1297.6,4583,91,91,1,0,0,0
2026-05-02,vrs26_gads_yt_instream_natl,youtube,Pune,838.27,2733,50,50,2,0,0,0
2026-05-02,vrs26_gads_yt_instream_natl,youtube,Chennai,533.66,1835,29,29,1,0,0,0
2026-05-02,vrs26_gads_search_competitor_natl,search_generic,Mumbai,1317.14,4051,103,103,14,4,3,9097
2026-05-02,vrs26_gads_search_competitor_natl,search_generic,Delhi NCR,1072.25,3698,84,84,10,3,2,3498
2026-05-02,vrs26_gads_search_competitor_natl,search_generic,Bengaluru,982.87,3293,59,59,5,1,0,0
2026-05-02,vrs26_gads_search_competitor_natl,search_generic,Hyderabad,608.16,2374,47,47,4,0,0,0
2026-05-02,vrs26_gads_search_competitor_natl,search_generic,Pune,393.47,1402,27,27,3,2,0,0
2026-05-02,vrs26_gads_search_competitor_natl,search_generic,Chennai,372.62,1331,22,22,4,1,0,0
2026-05-03,vrs26_gads_search_brand_natl,search_brand,Mumbai,1956.85,7433,123,123,22,10,5,13294
2026-05-03,vrs26_gads_search_brand_natl,search_brand,Delhi NCR,1634.32,6732,189,189,49,14,8,13591
2026-05-03,vrs26_gads_search_brand_natl,search_brand,Bengaluru,1599.44,6401,142,142,13,5,5,6695
2026-05-03,vrs26_gads_search_brand_natl,search_brand,Hyderabad,1096.03,4200,86,86,21,11,8,11492
2026-05-03,vrs26_gads_search_brand_natl,search_brand,Pune,708.01,2174,50,50,13,1,0,0
2026-05-03,vrs26_gads_search_brand_natl,search_brand,Chennai,522.14,2174,37,37,5,1,1,1299
2026-05-03,vrs26_gads_search_generic_marathon_natl,search_generic,Mumbai,2346.06,8958,157,157,22,6,5,4995
2026-05-03,vrs26_gads_search_generic_marathon_natl,search_generic,Delhi NCR,2626.67,10919,210,210,24,9,5,10795
2026-05-03,vrs26_gads_search_generic_marathon_natl,search_generic,Bengaluru,1762.96,7484,146,146,13,6,6,5994
2026-05-03,vrs26_gads_search_generic_marathon_natl,search_generic,Hyderabad,1746.5,6426,133,133,8,4,3,2897
2026-05-03,vrs26_gads_search_generic_marathon_natl,search_generic,Pune,1351.9,5562,129,129,13,2,1,1299
2026-05-03,vrs26_gads_search_generic_marathon_natl,search_generic,Chennai,1151.99,4590,104,104,8,4,2,3298
2026-05-03,vrs26_gads_search_generic_10k_natl,search_generic,Mumbai,1749.75,6911,149,149,18,6,5,14194
2026-05-03,vrs26_gads_search_generic_10k_natl,search_generic,Delhi NCR,1316.23,5453,129,129,17,9,4,5896
2026-05-03,vrs26_gads_search_generic_10k_natl,search_generic,Bengaluru,1417.23,5785,109,109,9,5,3,5097
2026-05-03,vrs26_gads_search_generic_10k_natl,search_generic,Hyderabad,1035.78,3369,67,67,9,4,2,10497
2026-05-03,vrs26_gads_search_generic_10k_natl,search_generic,Pune,876.83,3174,67,67,8,3,2,2098
2026-05-03,vrs26_gads_search_generic_10k_natl,search_generic,Chennai,542.75,2147,42,42,6,3,3,4097
2026-05-03,vrs26_gads_pmax_all_natl,pmax,Mumbai,2719.71,11163,198,198,25,9,5,11895
2026-05-03,vrs26_gads_pmax_all_natl,pmax,Delhi NCR,2526.24,8678,137,137,15,4,2,3998
2026-05-03,vrs26_gads_pmax_all_natl,pmax,Bengaluru,1897.79,6783,174,174,18,5,3,10797
2026-05-03,vrs26_gads_pmax_all_natl,pmax,Hyderabad,1557.95,5776,110,110,12,6,4,7195
2026-05-03,vrs26_gads_pmax_all_natl,pmax,Pune,1096.67,4185,76,76,11,7,3,2997
2026-05-03,vrs26_gads_pmax_all_natl,pmax,Chennai,754.07,2971,84,84,11,5,2,4298
2026-05-03,vrs26_gads_pmax_mum,pmax,Mumbai,4620.18,19233,313,313,44,16,6,11994
2026-05-03,vrs26_gads_pmax_mum,pmax,Delhi NCR,256.37,872,16,16,1,0,0,0
2026-05-03,vrs26_gads_pmax_mum,pmax,Bengaluru,307.16,1249,36,36,5,1,0,0
2026-05-03,vrs26_gads_pmax_mum,pmax,Hyderabad,201.07,809,16,16,0,0,0,0
2026-05-03,vrs26_gads_pmax_mum,pmax,Pune,137.63,575,11,11,0,0,0,0
2026-05-03,vrs26_gads_pmax_mum,pmax,Chennai,115.18,439,7,7,1,0,0,0
2026-05-03,vrs26_gads_pmax_blr,pmax,Mumbai,259.49,1042,29,29,3,0,0,0
2026-05-03,vrs26_gads_pmax_blr,pmax,Delhi NCR,185.34,733,13,13,2,1,0,0
2026-05-03,vrs26_gads_pmax_blr,pmax,Bengaluru,4127.48,15780,373,373,42,12,4,6896
2026-05-03,vrs26_gads_pmax_blr,pmax,Hyderabad,146.62,547,7,7,1,1,0,0
2026-05-03,vrs26_gads_pmax_blr,pmax,Pune,105.39,349,5,5,3,1,0,0
2026-05-03,vrs26_gads_pmax_blr,pmax,Chennai,90.51,337,3,3,1,1,0,0
2026-05-03,vrs26_gads_display_remarketing_natl,display,Mumbai,1353.76,5120,119,119,3,2,1,1299
2026-05-03,vrs26_gads_display_remarketing_natl,display,Delhi NCR,1212.13,3947,97,97,8,5,3,6797
2026-05-03,vrs26_gads_display_remarketing_natl,display,Bengaluru,944.97,3794,94,94,11,4,3,9297
2026-05-03,vrs26_gads_display_remarketing_natl,display,Hyderabad,654.78,2302,64,64,2,0,0,0
2026-05-03,vrs26_gads_display_remarketing_natl,display,Pune,563.01,2092,52,52,4,2,1,1999
2026-05-03,vrs26_gads_display_remarketing_natl,display,Chennai,475.28,1795,35,35,2,1,0,0
2026-05-03,vrs26_gads_yt_instream_natl,youtube,Mumbai,1643.03,6380,180,180,13,4,4,7296
2026-05-03,vrs26_gads_yt_instream_natl,youtube,Delhi NCR,1421.69,5359,81,81,1,0,0,0
2026-05-03,vrs26_gads_yt_instream_natl,youtube,Bengaluru,1146.23,4586,93,93,10,3,1,2999
2026-05-03,vrs26_gads_yt_instream_natl,youtube,Hyderabad,933.43,3296,72,72,5,2,2,2498
2026-05-03,vrs26_gads_yt_instream_natl,youtube,Pune,681.91,2707,61,61,0,0,0,0
2026-05-03,vrs26_gads_yt_instream_natl,youtube,Chennai,534.07,2034,50,50,2,0,0,0
2026-05-03,vrs26_gads_search_competitor_natl,search_generic,Mumbai,985.57,4061,66,66,6,4,2,3298
2026-05-03,vrs26_gads_search_competitor_natl,search_generic,Delhi NCR,752.21,2975,53,53,9,6,4,10193
2026-05-03,vrs26_gads_search_competitor_natl,search_generic,Bengaluru,668.23,2715,48,48,7,3,2,3298
2026-05-03,vrs26_gads_search_competitor_natl,search_generic,Hyderabad,520.73,1737,40,40,2,0,0,0
2026-05-03,vrs26_gads_search_competitor_natl,search_generic,Pune,280.26,1147,29,29,4,2,0,0
2026-05-03,vrs26_gads_search_competitor_natl,search_generic,Chennai,262.29,787,16,16,1,0,0,0
2026-05-04,vrs26_gads_search_brand_natl,search_brand,Mumbai,2197.68,8749,179,179,57,21,17,30782
2026-05-04,vrs26_gads_search_brand_natl,search_brand,Delhi NCR,1559.06,6052,121,121,28,17,12,17588
2026-05-04,vrs26_gads_search_brand_natl,search_brand,Bengaluru,1750.14,6251,141,141,24,14,9,10890
2026-05-04,vrs26_gads_search_brand_natl,search_brand,Hyderabad,880.1,3563,69,69,11,5,4,5896
2026-05-04,vrs26_gads_search_brand_natl,search_brand,Pune,770.51,3049,88,88,24,11,6,15492
2026-05-04,vrs26_gads_search_brand_natl,search_brand,Chennai,661.83,2162,63,63,11,5,4,12296
2026-05-04,vrs26_gads_search_generic_marathon_natl,search_generic,Mumbai,2870.87,11863,256,256,30,14,3,4097
2026-05-04,vrs26_gads_search_generic_marathon_natl,search_generic,Delhi NCR,2885.87,12291,283,283,26,12,6,9193
2026-05-04,vrs26_gads_search_generic_marathon_natl,search_generic,Bengaluru,1981.3,8443,170,170,24,11,2,2098
2026-05-04,vrs26_gads_search_generic_marathon_natl,search_generic,Hyderabad,1723.1,6242,134,134,19,5,4,12096
2026-05-04,vrs26_gads_search_generic_marathon_natl,search_generic,Pune,1061.67,4307,91,91,6,2,2,1298
2026-05-04,vrs26_gads_search_generic_marathon_natl,search_generic,Chennai,905.43,3490,64,64,9,3,2,1598
2026-05-04,vrs26_gads_search_generic_10k_natl,search_generic,Mumbai,1662.81,6632,129,129,17,7,3,10296
2026-05-04,vrs26_gads_search_generic_10k_natl,search_generic,Delhi NCR,1778.84,7252,157,157,25,14,4,6896
2026-05-04,vrs26_gads_search_generic_10k_natl,search_generic,Bengaluru,1476.2,6238,136,136,19,6,3,10296
2026-05-04,vrs26_gads_search_generic_10k_natl,search_generic,Hyderabad,1090.57,3548,72,72,8,3,2,4298
2026-05-04,vrs26_gads_search_generic_10k_natl,search_generic,Pune,680.81,2851,62,62,0,0,0,0
2026-05-04,vrs26_gads_search_generic_10k_natl,search_generic,Chennai,528.61,2258,29,29,1,0,0,0
2026-05-04,vrs26_gads_pmax_all_natl,pmax,Mumbai,3102.86,11244,289,289,31,15,5,5895
2026-05-04,vrs26_gads_pmax_all_natl,pmax,Delhi NCR,2108.04,6922,132,132,13,6,3,9496
2026-05-04,vrs26_gads_pmax_all_natl,pmax,Bengaluru,2048.03,7163,159,159,18,10,8,13091
2026-05-04,vrs26_gads_pmax_all_natl,pmax,Hyderabad,1586.75,6082,99,99,18,5,3,2897
2026-05-04,vrs26_gads_pmax_all_natl,pmax,Pune,1196.54,5078,108,108,15,7,1,799
2026-05-04,vrs26_gads_pmax_all_natl,pmax,Chennai,934.91,3341,78,78,9,3,2,3397
2026-05-04,vrs26_gads_pmax_mum,pmax,Mumbai,4966.26,19529,378,378,41,15,7,12393
2026-05-04,vrs26_gads_pmax_mum,pmax,Delhi NCR,266.87,1015,13,13,1,1,1,799
2026-05-04,vrs26_gads_pmax_mum,pmax,Bengaluru,229.35,767,17,17,3,1,1,1299
2026-05-04,vrs26_gads_pmax_mum,pmax,Hyderabad,193.15,702,15,15,1,0,0,0
2026-05-04,vrs26_gads_pmax_mum,pmax,Pune,128.67,447,11,11,1,0,0,0
2026-05-04,vrs26_gads_pmax_mum,pmax,Chennai,80.2,279,10,10,2,0,0,0
2026-05-04,vrs26_gads_pmax_blr,pmax,Mumbai,324.68,1270,28,28,2,1,1,1299
2026-05-04,vrs26_gads_pmax_blr,pmax,Delhi NCR,216.97,819,20,20,3,2,2,8997
2026-05-04,vrs26_gads_pmax_blr,pmax,Bengaluru,4211.86,14917,304,304,33,10,6,7394
2026-05-04,vrs26_gads_pmax_blr,pmax,Hyderabad,146.82,533,16,16,2,2,1,499
2026-05-04,vrs26_gads_pmax_blr,pmax,Pune,127.08,466,8,8,2,1,1,2999
2026-05-04,vrs26_gads_pmax_blr,pmax,Chennai,85.22,321,3,3,0,0,0,0
2026-05-04,vrs26_gads_display_remarketing_natl,display,Mumbai,1417.74,4904,97,97,5,2,2,3798
2026-05-04,vrs26_gads_display_remarketing_natl,display,Delhi NCR,1142.94,4525,104,104,6,3,2,9998
2026-05-04,vrs26_gads_display_remarketing_natl,display,Bengaluru,1153.78,3829,80,80,5,0,0,0
2026-05-04,vrs26_gads_display_remarketing_natl,display,Hyderabad,634.04,2496,48,48,4,2,1,1299
2026-05-04,vrs26_gads_display_remarketing_natl,display,Pune,588.78,2327,59,59,6,2,1,2598
2026-05-04,vrs26_gads_display_remarketing_natl,display,Chennai,476.09,1661,46,46,3,1,0,0
2026-05-04,vrs26_gads_yt_instream_natl,youtube,Mumbai,1768.96,6463,111,111,7,2,1,1999
2026-05-04,vrs26_gads_yt_instream_natl,youtube,Delhi NCR,1546.04,6072,132,132,7,3,0,0
2026-05-04,vrs26_gads_yt_instream_natl,youtube,Bengaluru,1365.55,4798,112,112,4,1,0,0
2026-05-04,vrs26_gads_yt_instream_natl,youtube,Hyderabad,844.38,3747,81,81,7,3,1,799
2026-05-04,vrs26_gads_yt_instream_natl,youtube,Pune,624.31,2463,62,62,4,2,1,6499
2026-05-04,vrs26_gads_yt_instream_natl,youtube,Chennai,467.11,1871,19,19,0,0,0,0
2026-05-04,vrs26_gads_search_competitor_natl,search_generic,Mumbai,799.62,3665,59,59,3,1,1,6499
2026-05-04,vrs26_gads_search_competitor_natl,search_generic,Delhi NCR,855.24,3356,70,70,5,2,2,3298
2026-05-04,vrs26_gads_search_competitor_natl,search_generic,Bengaluru,827.22,3297,66,66,3,0,0,0
2026-05-04,vrs26_gads_search_competitor_natl,search_generic,Hyderabad,467.62,1734,41,41,7,3,2,4498
2026-05-04,vrs26_gads_search_competitor_natl,search_generic,Pune,351.75,1507,26,26,2,2,2,1598
2026-05-04,vrs26_gads_search_competitor_natl,search_generic,Chennai,307.48,1233,23,23,6,4,2,1598
2026-05-05,vrs26_gads_search_brand_natl,search_brand,Mumbai,1135.29,5205,109,109,32,14,13,32786
2026-05-05,vrs26_gads_search_brand_natl,search_brand,Delhi NCR,953.27,3619,85,85,26,8,2,3298
2026-05-05,vrs26_gads_search_brand_natl,search_brand,Bengaluru,915.39,3878,91,91,13,6,5,8395
2026-05-05,vrs26_gads_search_brand_natl,search_brand,Hyderabad,596.29,2698,79,79,10,5,4,11096
2026-05-05,vrs26_gads_search_brand_natl,search_brand,Pune,445.61,1951,32,32,5,1,1,1999
2026-05-05,vrs26_gads_search_brand_natl,search_brand,Chennai,358.08,1721,26,26,4,1,1,1299
2026-05-05,vrs26_gads_search_generic_marathon_natl,search_generic,Mumbai,1545.74,6330,142,142,23,8,5,8395
2026-05-05,vrs26_gads_search_generic_marathon_natl,search_generic,Delhi NCR,1382.75,6593,156,156,21,8,4,9096
2026-05-05,vrs26_gads_search_generic_marathon_natl,search_generic,Bengaluru,1223.37,6062,124,124,18,11,7,16093
2026-05-05,vrs26_gads_search_generic_marathon_natl,search_generic,Hyderabad,978.11,5123,98,98,13,6,2,2098
2026-05-05,vrs26_gads_search_generic_marathon_natl,search_generic,Pune,754.06,3437,80,80,7,3,1,1299
2026-05-05,vrs26_gads_search_generic_marathon_natl,search_generic,Chennai,552.46,2743,85,85,19,6,1,2999
2026-05-05,vrs26_gads_search_generic_10k_natl,search_generic,Mumbai,904.06,4235,75,75,8,1,1,1299
2026-05-05,vrs26_gads_search_generic_10k_natl,search_generic,Delhi NCR,884.81,4578,107,107,16,7,3,2897
2026-05-05,vrs26_gads_search_generic_10k_natl,search_generic,Bengaluru,859.83,3977,86,86,10,4,3,15796
2026-05-05,vrs26_gads_search_generic_10k_natl,search_generic,Hyderabad,669.64,3188,83,83,14,8,7,10993
2026-05-05,vrs26_gads_search_generic_10k_natl,search_generic,Pune,466.58,2302,43,43,6,3,2,4498
2026-05-05,vrs26_gads_search_generic_10k_natl,search_generic,Chennai,280.23,1319,28,28,2,1,0,0
2026-05-05,vrs26_gads_pmax_all_natl,pmax,Mumbai,1619.86,8343,198,198,18,8,4,6395
2026-05-05,vrs26_gads_pmax_all_natl,pmax,Delhi NCR,1164.9,5554,111,111,11,4,2,2798
2026-05-05,vrs26_gads_pmax_all_natl,pmax,Bengaluru,1294.6,5968,120,120,9,3,2,7798
2026-05-05,vrs26_gads_pmax_all_natl,pmax,Hyderabad,1025.17,4619,82,82,7,0,0,0
2026-05-05,vrs26_gads_pmax_all_natl,pmax,Pune,608.4,2944,49,49,5,2,1,799
2026-05-05,vrs26_gads_pmax_all_natl,pmax,Chennai,469.5,2073,45,45,5,2,1,1999
2026-05-05,vrs26_gads_pmax_mum,pmax,Mumbai,2747.56,13182,290,290,36,12,6,13694
2026-05-05,vrs26_gads_pmax_mum,pmax,Delhi NCR,151.04,682,19,19,1,0,0,0
2026-05-05,vrs26_gads_pmax_mum,pmax,Bengaluru,161.15,852,10,10,3,1,1,1299
2026-05-05,vrs26_gads_pmax_mum,pmax,Hyderabad,105.62,499,7,7,0,0,0,0
2026-05-05,vrs26_gads_pmax_mum,pmax,Pune,72.52,380,8,8,3,1,0,0
2026-05-05,vrs26_gads_pmax_mum,pmax,Chennai,65.05,330,7,7,3,3,2,1798
2026-05-05,vrs26_gads_pmax_blr,pmax,Mumbai,163.65,684,15,15,4,1,1,1299
2026-05-05,vrs26_gads_pmax_blr,pmax,Delhi NCR,149.63,635,11,11,1,0,0,0
2026-05-05,vrs26_gads_pmax_blr,pmax,Bengaluru,2320.77,11416,256,256,25,13,7,16393
2026-05-05,vrs26_gads_pmax_blr,pmax,Hyderabad,115.03,565,14,14,2,1,0,0
2026-05-05,vrs26_gads_pmax_blr,pmax,Pune,78.56,416,14,14,3,0,0,0
2026-05-05,vrs26_gads_pmax_blr,pmax,Chennai,51.85,244,8,8,1,0,0,0
2026-05-05,vrs26_gads_display_remarketing_natl,display,Mumbai,871.25,4044,117,117,10,2,1,1598
2026-05-05,vrs26_gads_display_remarketing_natl,display,Delhi NCR,671.79,3132,54,54,3,1,0,0
2026-05-05,vrs26_gads_display_remarketing_natl,display,Bengaluru,626.52,3056,68,68,3,2,1,799
2026-05-05,vrs26_gads_display_remarketing_natl,display,Hyderabad,391.47,2107,37,37,2,0,0,0
2026-05-05,vrs26_gads_display_remarketing_natl,display,Pune,279.74,1390,28,28,0,0,0,0
2026-05-05,vrs26_gads_display_remarketing_natl,display,Chennai,208.1,959,21,21,3,1,1,499
2026-05-05,vrs26_gads_yt_instream_natl,youtube,Mumbai,820.44,4017,79,79,4,2,1,1299
2026-05-05,vrs26_gads_yt_instream_natl,youtube,Delhi NCR,831.23,3764,101,101,4,0,0,0
2026-05-05,vrs26_gads_yt_instream_natl,youtube,Bengaluru,836.1,4289,94,94,11,6,4,15595
2026-05-05,vrs26_gads_yt_instream_natl,youtube,Hyderabad,544.9,2625,51,51,2,1,0,0
2026-05-05,vrs26_gads_yt_instream_natl,youtube,Pune,415.98,2088,42,42,0,0,0,0
2026-05-05,vrs26_gads_yt_instream_natl,youtube,Chennai,277.75,1333,23,23,0,0,0,0
2026-05-05,vrs26_gads_search_competitor_natl,search_generic,Mumbai,602.84,2851,63,63,7,5,3,9796
2026-05-05,vrs26_gads_search_competitor_natl,search_generic,Delhi NCR,397.69,2016,53,53,5,3,3,5797
2026-05-05,vrs26_gads_search_competitor_natl,search_generic,Bengaluru,424.37,2218,51,51,3,1,1,3499
2026-05-05,vrs26_gads_search_competitor_natl,search_generic,Hyderabad,270.34,1184,23,23,0,0,0,0
2026-05-05,vrs26_gads_search_competitor_natl,search_generic,Pune,170.2,788,22,22,2,1,0,0
2026-05-05,vrs26_gads_search_competitor_natl,search_generic,Chennai,167.13,768,16,16,2,0,0,0
2026-05-06,vrs26_gads_search_brand_natl,search_brand,Mumbai,1622.39,7057,156,156,37,13,4,9496
2026-05-06,vrs26_gads_search_brand_natl,search_brand,Delhi NCR,1141.15,5010,99,99,21,11,7,6492
2026-05-06,vrs26_gads_search_brand_natl,search_brand,Bengaluru,1212.99,5506,151,151,32,11,6,9194
2026-05-06,vrs26_gads_search_brand_natl,search_brand,Hyderabad,699.13,3221,73,73,19,11,10,16289
2026-05-06,vrs26_gads_search_brand_natl,search_brand,Pune,585.44,2581,48,48,10,2,2,2498
2026-05-06,vrs26_gads_search_brand_natl,search_brand,Chennai,447.54,1888,39,39,11,4,3,9596
2026-05-06,vrs26_gads_search_generic_marathon_natl,search_generic,Mumbai,2280.56,10472,273,273,31,10,6,7394
2026-05-06,vrs26_gads_search_generic_marathon_natl,search_generic,Delhi NCR,1670.12,6879,127,127,13,4,3,7797
2026-05-06,vrs26_gads_search_generic_marathon_natl,search_generic,Bengaluru,1879.38,8054,185,185,27,13,10,23490
2026-05-06,vrs26_gads_search_generic_marathon_natl,search_generic,Hyderabad,1118.03,4206,104,104,14,5,2,2598
2026-05-06,vrs26_gads_search_generic_marathon_natl,search_generic,Pune,784.33,2681,61,61,9,4,3,7796
2026-05-06,vrs26_gads_search_generic_marathon_natl,search_generic,Chennai,611,2630,68,68,8,2,1,2999
2026-05-06,vrs26_gads_search_generic_10k_natl,search_generic,Mumbai,1498.1,5648,113,113,13,6,4,7296
2026-05-06,vrs26_gads_search_generic_10k_natl,search_generic,Delhi NCR,1157.86,4421,83,83,14,4,3,3797
2026-05-06,vrs26_gads_search_generic_10k_natl,search_generic,Bengaluru,980.54,3981,60,60,8,3,3,3597
2026-05-06,vrs26_gads_search_generic_10k_natl,search_generic,Hyderabad,692.56,3077,64,64,7,2,0,0
2026-05-06,vrs26_gads_search_generic_10k_natl,search_generic,Pune,530.34,2206,40,40,4,2,2,2798
2026-05-06,vrs26_gads_search_generic_10k_natl,search_generic,Chennai,410.13,1985,55,55,12,3,3,8096
2026-05-06,vrs26_gads_pmax_all_natl,pmax,Mumbai,1927.66,7862,193,193,22,13,5,11794
2026-05-06,vrs26_gads_pmax_all_natl,pmax,Delhi NCR,1853.67,7171,163,163,18,8,5,7694
2026-05-06,vrs26_gads_pmax_all_natl,pmax,Bengaluru,1731.77,7422,141,141,11,3,1,499
2026-05-06,vrs26_gads_pmax_all_natl,pmax,Hyderabad,1018.94,4017,94,94,12,3,0,0
2026-05-06,vrs26_gads_pmax_all_natl,pmax,Pune,854.7,3855,73,73,11,4,3,3397
2026-05-06,vrs26_gads_pmax_all_natl,pmax,Chennai,627.33,2379,51,51,5,3,2,2098
2026-05-06,vrs26_gads_pmax_mum,pmax,Mumbai,3544.07,15604,355,355,48,15,8,16591
2026-05-06,vrs26_gads_pmax_mum,pmax,Delhi NCR,245.41,1001,26,26,3,1,1,1999
2026-05-06,vrs26_gads_pmax_mum,pmax,Bengaluru,208.28,797,21,21,4,2,1,799
2026-05-06,vrs26_gads_pmax_mum,pmax,Hyderabad,114.53,434,10,10,3,1,1,1999
2026-05-06,vrs26_gads_pmax_mum,pmax,Pune,99.08,442,7,7,1,1,1,499
2026-05-06,vrs26_gads_pmax_mum,pmax,Chennai,70.12,294,4,4,0,0,0,0
2026-05-06,vrs26_gads_pmax_blr,pmax,Mumbai,193.91,879,28,28,2,1,1,499
2026-05-06,vrs26_gads_pmax_blr,pmax,Delhi NCR,151.5,631,10,10,0,0,0,0
2026-05-06,vrs26_gads_pmax_blr,pmax,Bengaluru,3139.94,12581,310,310,25,13,6,8494
2026-05-06,vrs26_gads_pmax_blr,pmax,Hyderabad,107.75,500,11,11,0,0,0,0
2026-05-06,vrs26_gads_pmax_blr,pmax,Pune,72.73,304,8,8,0,0,0,0
2026-05-06,vrs26_gads_pmax_blr,pmax,Chennai,66.75,279,2,2,0,0,0,0
2026-05-06,vrs26_gads_display_remarketing_natl,display,Mumbai,967.37,4211,94,94,2,0,0,0
2026-05-06,vrs26_gads_display_remarketing_natl,display,Delhi NCR,950.37,3802,71,71,4,0,0,0
2026-05-06,vrs26_gads_display_remarketing_natl,display,Bengaluru,814.04,3825,75,75,3,0,0,0
2026-05-06,vrs26_gads_display_remarketing_natl,display,Hyderabad,513.02,1912,32,32,1,0,0,0
2026-05-06,vrs26_gads_display_remarketing_natl,display,Pune,405.53,1890,43,43,0,0,0,0
2026-05-06,vrs26_gads_display_remarketing_natl,display,Chennai,301.8,1228,21,21,4,2,2,2798
2026-05-06,vrs26_gads_yt_instream_natl,youtube,Mumbai,1337.91,5669,159,159,12,1,1,1999
2026-05-06,vrs26_gads_yt_instream_natl,youtube,Delhi NCR,1071.8,4957,104,104,12,5,0,0
2026-05-06,vrs26_gads_yt_instream_natl,youtube,Bengaluru,804.21,3305,74,74,1,1,1,1299
2026-05-06,vrs26_gads_yt_instream_natl,youtube,Hyderabad,748.07,3267,50,50,3,2,1,499
2026-05-06,vrs26_gads_yt_instream_natl,youtube,Pune,443.82,1856,41,41,1,0,0,0
2026-05-06,vrs26_gads_yt_instream_natl,youtube,Chennai,424.59,2234,53,53,2,0,0,0
2026-05-06,vrs26_gads_search_competitor_natl,search_generic,Mumbai,659.27,3059,72,72,6,1,0,0
2026-05-06,vrs26_gads_search_competitor_natl,search_generic,Delhi NCR,573.64,2509,47,47,5,0,0,0
2026-05-06,vrs26_gads_search_competitor_natl,search_generic,Bengaluru,528.32,2180,45,45,1,1,1,799
2026-05-06,vrs26_gads_search_competitor_natl,search_generic,Hyderabad,402.34,1839,32,32,2,0,0,0
2026-05-06,vrs26_gads_search_competitor_natl,search_generic,Pune,295.33,1248,37,37,2,1,0,0
2026-05-06,vrs26_gads_search_competitor_natl,search_generic,Chennai,175.86,726,5,5,0,0,0,0
2026-05-07,vrs26_gads_search_brand_natl,search_brand,Mumbai,1147.49,5380,138,138,32,10,5,12494
2026-05-07,vrs26_gads_search_brand_natl,search_brand,Delhi NCR,997.89,3901,111,111,21,7,4,10296
2026-05-07,vrs26_gads_search_brand_natl,search_brand,Bengaluru,892.21,3871,82,82,12,7,5,5695
2026-05-07,vrs26_gads_search_brand_natl,search_brand,Hyderabad,588.43,3101,59,59,10,5,4,3396
2026-05-07,vrs26_gads_search_brand_natl,search_brand,Pune,403.15,1672,36,36,6,3,0,0
2026-05-07,vrs26_gads_search_brand_natl,search_brand,Chennai,393.03,1831,42,42,9,4,0,0
2026-05-07,vrs26_gads_search_generic_marathon_natl,search_generic,Mumbai,1778.85,7244,175,175,19,9,5,8295
2026-05-07,vrs26_gads_search_generic_marathon_natl,search_generic,Delhi NCR,1346.8,6070,125,125,17,8,3,3597
2026-05-07,vrs26_gads_search_generic_marathon_natl,search_generic,Bengaluru,1214.14,5610,122,122,19,8,4,5396
2026-05-07,vrs26_gads_search_generic_marathon_natl,search_generic,Hyderabad,905.79,4491,92,92,7,5,2,6998
2026-05-07,vrs26_gads_search_generic_marathon_natl,search_generic,Pune,676.93,3114,82,82,10,4,3,13797
2026-05-07,vrs26_gads_search_generic_marathon_natl,search_generic,Chennai,540.71,2612,58,58,4,1,1,6499
2026-05-07,vrs26_gads_search_generic_10k_natl,search_generic,Mumbai,1155.84,5950,155,155,18,6,4,5896
2026-05-07,vrs26_gads_search_generic_10k_natl,search_generic,Delhi NCR,909.13,4440,89,89,4,1,0,0
2026-05-07,vrs26_gads_search_generic_10k_natl,search_generic,Bengaluru,726.82,3577,93,93,9,3,1,1299
2026-05-07,vrs26_gads_search_generic_10k_natl,search_generic,Hyderabad,521.33,2613,47,47,7,4,3,4597
2026-05-07,vrs26_gads_search_generic_10k_natl,search_generic,Pune,393.84,2101,44,44,5,2,2,3798
2026-05-07,vrs26_gads_search_generic_10k_natl,search_generic,Chennai,375.07,1787,58,58,5,2,0,0
2026-05-07,vrs26_gads_pmax_all_natl,pmax,Mumbai,1631.33,8888,180,180,17,6,1,1999
2026-05-07,vrs26_gads_pmax_all_natl,pmax,Delhi NCR,1329.59,6279,100,100,8,1,0,0
2026-05-07,vrs26_gads_pmax_all_natl,pmax,Bengaluru,1202.26,5512,108,108,13,5,1,499
2026-05-07,vrs26_gads_pmax_all_natl,pmax,Hyderabad,900.15,3924,103,103,16,4,2,3298
2026-05-07,vrs26_gads_pmax_all_natl,pmax,Pune,604.24,2891,86,86,10,5,2,6998
2026-05-07,vrs26_gads_pmax_all_natl,pmax,Chennai,540.54,2572,47,47,6,2,1,2499
2026-05-07,vrs26_gads_pmax_mum,pmax,Mumbai,2751.54,12171,280,280,27,15,11,18289
2026-05-07,vrs26_gads_pmax_mum,pmax,Delhi NCR,150.88,718,21,21,6,0,0,0
2026-05-07,vrs26_gads_pmax_mum,pmax,Bengaluru,157.17,685,22,22,3,2,0,0
2026-05-07,vrs26_gads_pmax_mum,pmax,Hyderabad,118.78,564,14,14,2,0,0,0
2026-05-07,vrs26_gads_pmax_mum,pmax,Pune,65.82,299,5,5,0,0,0,0
2026-05-07,vrs26_gads_pmax_mum,pmax,Chennai,72.47,329,7,7,0,0,0,0
2026-05-07,vrs26_gads_pmax_blr,pmax,Mumbai,145.64,597,12,12,4,2,2,2098
2026-05-07,vrs26_gads_pmax_blr,pmax,Delhi NCR,167.85,771,14,14,3,2,1,2999
2026-05-07,vrs26_gads_pmax_blr,pmax,Bengaluru,2331.05,11633,266,266,21,8,4,7194
2026-05-07,vrs26_gads_pmax_blr,pmax,Hyderabad,105.78,600,10,10,0,0,0,0
2026-05-07,vrs26_gads_pmax_blr,pmax,Pune,86.56,391,15,15,3,1,1,799
2026-05-07,vrs26_gads_pmax_blr,pmax,Chennai,54.57,237,1,1,0,0,0,0
2026-05-07,vrs26_gads_display_remarketing_natl,display,Mumbai,738.85,3563,88,88,6,1,0,0
2026-05-07,vrs26_gads_display_remarketing_natl,display,Delhi NCR,709.55,3284,62,62,4,2,1,1299
2026-05-07,vrs26_gads_display_remarketing_natl,display,Bengaluru,619.29,3065,53,53,5,3,0,0
2026-05-07,vrs26_gads_display_remarketing_natl,display,Hyderabad,378.42,1857,32,32,1,0,0,0
2026-05-07,vrs26_gads_display_remarketing_natl,display,Pune,340.27,1751,36,36,0,0,0,0
2026-05-07,vrs26_gads_display_remarketing_natl,display,Chennai,275.15,1173,24,24,2,1,1,1299
2026-05-07,vrs26_gads_yt_instream_natl,youtube,Mumbai,924.35,4602,85,85,4,0,0,0
2026-05-07,vrs26_gads_yt_instream_natl,youtube,Delhi NCR,794.88,3400,80,80,2,1,1,1999
2026-05-07,vrs26_gads_yt_instream_natl,youtube,Bengaluru,838.12,3592,67,67,6,4,3,3397
2026-05-07,vrs26_gads_yt_instream_natl,youtube,Hyderabad,482.79,2457,47,47,4,3,1,1999
2026-05-07,vrs26_gads_yt_instream_natl,youtube,Pune,402.81,1784,34,34,3,0,0,0
2026-05-07,vrs26_gads_yt_instream_natl,youtube,Chennai,298.91,1174,24,24,3,2,1,1999
2026-05-07,vrs26_gads_search_competitor_natl,search_generic,Mumbai,547.34,2452,44,44,5,2,2,3298
2026-05-07,vrs26_gads_search_competitor_natl,search_generic,Delhi NCR,472.38,2387,41,41,9,2,1,799
2026-05-07,vrs26_gads_search_competitor_natl,search_generic,Bengaluru,405.4,1912,42,42,2,0,0,0
2026-05-07,vrs26_gads_search_competitor_natl,search_generic,Hyderabad,253.76,1214,25,25,3,1,1,2499
2026-05-07,vrs26_gads_search_competitor_natl,search_generic,Pune,201.46,972,12,12,3,1,1,1299
2026-05-07,vrs26_gads_search_competitor_natl,search_generic,Chennai,160.67,663,11,11,1,0,0,0
2026-05-08,vrs26_gads_search_brand_natl,search_brand,Mumbai,1386.45,6925,116,116,27,9,8,30490
2026-05-08,vrs26_gads_search_brand_natl,search_brand,Delhi NCR,1138.99,5661,130,130,31,13,5,15594
2026-05-08,vrs26_gads_search_brand_natl,search_brand,Bengaluru,860.59,3878,89,89,23,12,2,7798
2026-05-08,vrs26_gads_search_brand_natl,search_brand,Hyderabad,667.53,3099,52,52,13,4,4,5896
2026-05-08,vrs26_gads_search_brand_natl,search_brand,Pune,503.41,2426,47,47,13,7,5,10894
2026-05-08,vrs26_gads_search_brand_natl,search_brand,Chennai,437.22,1935,47,47,7,2,1,2999
2026-05-08,vrs26_gads_search_generic_marathon_natl,search_generic,Mumbai,1716.99,7984,173,173,26,9,5,14295
2026-05-08,vrs26_gads_search_generic_marathon_natl,search_generic,Delhi NCR,1685.98,7500,199,199,22,8,5,6994
2026-05-08,vrs26_gads_search_generic_marathon_natl,search_generic,Bengaluru,1362.22,5509,111,111,14,4,2,2098
2026-05-08,vrs26_gads_search_generic_marathon_natl,search_generic,Hyderabad,1090.95,5220,83,83,7,5,5,4995
2026-05-08,vrs26_gads_search_generic_marathon_natl,search_generic,Pune,792.81,3096,68,68,3,1,1,1999
2026-05-08,vrs26_gads_search_generic_marathon_natl,search_generic,Chennai,650.26,3124,48,48,4,0,0,0
2026-05-08,vrs26_gads_search_generic_10k_natl,search_generic,Mumbai,1266.49,5946,122,122,8,4,1,2999
2026-05-08,vrs26_gads_search_generic_10k_natl,search_generic,Delhi NCR,859.78,3689,75,75,1,1,0,0
2026-05-08,vrs26_gads_search_generic_10k_natl,search_generic,Bengaluru,1031.67,4963,85,85,12,3,2,2598
2026-05-08,vrs26_gads_search_generic_10k_natl,search_generic,Hyderabad,632.64,2919,61,61,9,3,2,1798
2026-05-08,vrs26_gads_search_generic_10k_natl,search_generic,Pune,438.78,2063,22,22,3,2,2,3298
2026-05-08,vrs26_gads_search_generic_10k_natl,search_generic,Chennai,380.67,1710,42,42,0,0,0,0
2026-05-08,vrs26_gads_pmax_all_natl,pmax,Mumbai,1676.52,6620,168,168,19,4,3,4097
2026-05-08,vrs26_gads_pmax_all_natl,pmax,Delhi NCR,1753.24,7172,176,176,20,13,7,12792
2026-05-08,vrs26_gads_pmax_all_natl,pmax,Bengaluru,1303.32,5650,127,127,10,1,0,0
2026-05-08,vrs26_gads_pmax_all_natl,pmax,Hyderabad,1071.41,4319,80,80,7,4,1,799
2026-05-08,vrs26_gads_pmax_all_natl,pmax,Pune,659.32,2602,56,56,8,1,0,0
2026-05-08,vrs26_gads_pmax_all_natl,pmax,Chennai,547.28,2478,44,44,4,0,0,0
2026-05-08,vrs26_gads_pmax_mum,pmax,Mumbai,3059.83,15525,260,260,24,14,7,15093
2026-05-08,vrs26_gads_pmax_mum,pmax,Delhi NCR,252.33,1232,27,27,6,2,1,998
2026-05-08,vrs26_gads_pmax_mum,pmax,Bengaluru,170.1,796,17,17,4,2,1,3998
2026-05-08,vrs26_gads_pmax_mum,pmax,Hyderabad,99.08,427,11,11,1,0,0,0
2026-05-08,vrs26_gads_pmax_mum,pmax,Pune,90.79,427,9,9,0,0,0,0
2026-05-08,vrs26_gads_pmax_mum,pmax,Chennai,73.51,337,7,7,2,0,0,0
2026-05-08,vrs26_gads_pmax_blr,pmax,Mumbai,190.15,856,21,21,0,0,0,0
2026-05-08,vrs26_gads_pmax_blr,pmax,Delhi NCR,180.4,825,24,24,3,1,1,799
2026-05-08,vrs26_gads_pmax_blr,pmax,Bengaluru,2616.75,11138,245,245,20,8,2,4298
2026-05-08,vrs26_gads_pmax_blr,pmax,Hyderabad,122.98,557,5,5,0,0,0,0
2026-05-08,vrs26_gads_pmax_blr,pmax,Pune,85.58,369,3,3,0,0,0,0
2026-05-08,vrs26_gads_pmax_blr,pmax,Chennai,69.58,329,8,8,2,1,1,799
2026-05-08,vrs26_gads_display_remarketing_natl,display,Mumbai,844.51,3715,72,72,9,2,0,0
2026-05-08,vrs26_gads_display_remarketing_natl,display,Delhi NCR,845.25,3607,63,63,5,0,0,0
2026-05-08,vrs26_gads_display_remarketing_natl,display,Bengaluru,652.43,3114,67,67,4,4,4,8395
2026-05-08,vrs26_gads_display_remarketing_natl,display,Hyderabad,512.58,2397,42,42,4,2,1,2499
2026-05-08,vrs26_gads_display_remarketing_natl,display,Pune,329.81,1401,28,28,2,0,0,0
2026-05-08,vrs26_gads_display_remarketing_natl,display,Chennai,272.94,1251,38,38,1,0,0,0
2026-05-08,vrs26_gads_yt_instream_natl,youtube,Mumbai,1160.69,4594,103,103,3,0,0,0
2026-05-08,vrs26_gads_yt_instream_natl,youtube,Delhi NCR,831.92,3288,70,70,6,1,0,0
2026-05-08,vrs26_gads_yt_instream_natl,youtube,Bengaluru,843.38,3772,84,84,8,3,2,1598
2026-05-08,vrs26_gads_yt_instream_natl,youtube,Hyderabad,588.26,2829,64,64,3,0,0,0
2026-05-08,vrs26_gads_yt_instream_natl,youtube,Pune,435.03,1895,53,53,7,1,0,0
2026-05-08,vrs26_gads_yt_instream_natl,youtube,Chennai,366.58,1640,35,35,1,0,0,0
2026-05-08,vrs26_gads_search_competitor_natl,search_generic,Mumbai,637.69,3160,71,71,6,3,2,3298
2026-05-08,vrs26_gads_search_competitor_natl,search_generic,Delhi NCR,514.56,1781,40,40,1,1,1,1299
2026-05-08,vrs26_gads_search_competitor_natl,search_generic,Bengaluru,457.69,2215,62,62,7,2,2,1298
2026-05-08,vrs26_gads_search_competitor_natl,search_generic,Hyderabad,319.37,1493,36,36,6,0,0,0
2026-05-08,vrs26_gads_search_competitor_natl,search_generic,Pune,223.49,1084,30,30,1,0,0,0
2026-05-08,vrs26_gads_search_competitor_natl,search_generic,Chennai,152.21,735,17,17,3,0,0,0
2026-05-09,vrs26_gads_search_brand_natl,search_brand,Mumbai,1521.15,7006,155,155,37,22,12,22186
2026-05-09,vrs26_gads_search_brand_natl,search_brand,Delhi NCR,1203.82,5267,109,109,21,6,5,8795
2026-05-09,vrs26_gads_search_brand_natl,search_brand,Bengaluru,1032.07,4654,95,95,18,7,3,8097
2026-05-09,vrs26_gads_search_brand_natl,search_brand,Hyderabad,853.4,3348,89,89,23,14,4,3896
2026-05-09,vrs26_gads_search_brand_natl,search_brand,Pune,558.09,2539,60,60,10,4,3,2897
2026-05-09,vrs26_gads_search_brand_natl,search_brand,Chennai,379.77,1758,15,15,2,2,2,3298
2026-05-09,vrs26_gads_search_generic_marathon_natl,search_generic,Mumbai,2038.94,8699,164,164,19,10,8,16991
2026-05-09,vrs26_gads_search_generic_marathon_natl,search_generic,Delhi NCR,1789.62,7054,184,184,21,5,0,0
2026-05-09,vrs26_gads_search_generic_marathon_natl,search_generic,Bengaluru,1535.11,6029,117,117,14,3,1,799
2026-05-09,vrs26_gads_search_generic_marathon_natl,search_generic,Hyderabad,1123.11,4662,116,116,16,6,5,7395
2026-05-09,vrs26_gads_search_generic_marathon_natl,search_generic,Pune,922.5,4234,93,93,17,9,3,5097
2026-05-09,vrs26_gads_search_generic_marathon_natl,search_generic,Chennai,699.77,2711,50,50,7,3,2,3798
2026-05-09,vrs26_gads_search_generic_10k_natl,search_generic,Mumbai,1431.14,6145,125,125,10,4,2,3498
2026-05-09,vrs26_gads_search_generic_10k_natl,search_generic,Delhi NCR,1180.59,4316,100,100,11,3,3,3397
2026-05-09,vrs26_gads_search_generic_10k_natl,search_generic,Bengaluru,901.42,3258,62,62,8,4,3,4797
2026-05-09,vrs26_gads_search_generic_10k_natl,search_generic,Hyderabad,607.69,2551,69,69,2,1,1,1999
2026-05-09,vrs26_gads_search_generic_10k_natl,search_generic,Pune,531.95,2300,53,53,6,4,3,4097
2026-05-09,vrs26_gads_search_generic_10k_natl,search_generic,Chennai,468.7,2039,35,35,3,1,0,0
2026-05-09,vrs26_gads_pmax_all_natl,pmax,Mumbai,2196.98,9180,185,185,17,7,7,11193
2026-05-09,vrs26_gads_pmax_all_natl,pmax,Delhi NCR,1997.76,8060,157,157,15,4,1,2999
2026-05-09,vrs26_gads_pmax_all_natl,pmax,Bengaluru,1254.49,5280,125,125,12,2,1,799
2026-05-09,vrs26_gads_pmax_all_natl,pmax,Hyderabad,1045.46,4669,92,92,7,4,3,15596
2026-05-09,vrs26_gads_pmax_all_natl,pmax,Pune,685.29,3024,62,62,10,4,3,10396
2026-05-09,vrs26_gads_pmax_all_natl,pmax,Chennai,608.97,2146,33,33,7,5,3,10297
2026-05-09,vrs26_gads_pmax_mum,pmax,Mumbai,3304.89,14320,342,342,33,8,6,17793
2026-05-09,vrs26_gads_pmax_mum,pmax,Delhi NCR,287.51,1101,26,26,1,0,0,0
2026-05-09,vrs26_gads_pmax_mum,pmax,Bengaluru,226.31,1070,26,26,4,2,1,1299
2026-05-09,vrs26_gads_pmax_mum,pmax,Hyderabad,129.2,580,12,12,1,1,0,0
2026-05-09,vrs26_gads_pmax_mum,pmax,Pune,104.71,454,1,1,0,0,0,0
2026-05-09,vrs26_gads_pmax_mum,pmax,Chennai,108.6,457,13,13,2,1,1,799
2026-05-09,vrs26_gads_pmax_blr,pmax,Mumbai,210.98,958,23,23,0,0,0,0
2026-05-09,vrs26_gads_pmax_blr,pmax,Delhi NCR,167.05,797,9,9,1,0,0,0
2026-05-09,vrs26_gads_pmax_blr,pmax,Bengaluru,2959.1,14748,276,276,34,14,6,16893
2026-05-09,vrs26_gads_pmax_blr,pmax,Hyderabad,127.34,574,8,8,2,1,1,2999
2026-05-09,vrs26_gads_pmax_blr,pmax,Pune,94.14,454,5,5,2,1,1,3499
2026-05-09,vrs26_gads_pmax_blr,pmax,Chennai,69.11,322,6,6,0,0,0,0
2026-05-09,vrs26_gads_display_remarketing_natl,display,Mumbai,1042.24,4735,106,106,10,3,2,2798
2026-05-09,vrs26_gads_display_remarketing_natl,display,Delhi NCR,781.06,3295,72,72,3,2,1,1999
2026-05-09,vrs26_gads_display_remarketing_natl,display,Bengaluru,790.81,3875,82,82,6,2,2,1598
2026-05-09,vrs26_gads_display_remarketing_natl,display,Hyderabad,590.01,2282,61,61,3,1,0,0
2026-05-09,vrs26_gads_display_remarketing_natl,display,Pune,356.88,1827,31,31,2,0,0,0
2026-05-09,vrs26_gads_display_remarketing_natl,display,Chennai,280.13,1221,18,18,1,0,0,0
2026-05-09,vrs26_gads_yt_instream_natl,youtube,Mumbai,1212.6,5447,146,146,8,2,2,2098
2026-05-09,vrs26_gads_yt_instream_natl,youtube,Delhi NCR,1163.52,4704,86,86,5,2,0,0
2026-05-09,vrs26_gads_yt_instream_natl,youtube,Bengaluru,895.18,3750,78,78,9,1,1,1299
2026-05-09,vrs26_gads_yt_instream_natl,youtube,Hyderabad,605.26,3016,54,54,2,1,0,0
2026-05-09,vrs26_gads_yt_instream_natl,youtube,Pune,394.34,1796,48,48,6,1,1,499
2026-05-09,vrs26_gads_yt_instream_natl,youtube,Chennai,423.8,1761,46,46,2,0,0,0
2026-05-09,vrs26_gads_search_competitor_natl,search_generic,Mumbai,703.89,2993,43,43,3,0,0,0
2026-05-09,vrs26_gads_search_competitor_natl,search_generic,Delhi NCR,540.14,2587,43,43,0,0,0,0
2026-05-09,vrs26_gads_search_competitor_natl,search_generic,Bengaluru,489.6,2213,65,65,5,3,0,0
2026-05-09,vrs26_gads_search_competitor_natl,search_generic,Hyderabad,376.28,1588,45,45,7,2,0,0
2026-05-09,vrs26_gads_search_competitor_natl,search_generic,Pune,264.38,1058,20,20,1,0,0,0
2026-05-09,vrs26_gads_search_competitor_natl,search_generic,Chennai,186.45,858,24,24,5,1,0,0
2026-05-10,vrs26_gads_search_brand_natl,search_brand,Mumbai,1314.96,6784,100,100,16,7,5,3995
2026-05-10,vrs26_gads_search_brand_natl,search_brand,Delhi NCR,1029.92,4630,71,71,14,4,2,7298
2026-05-10,vrs26_gads_search_brand_natl,search_brand,Bengaluru,822.35,3264,71,71,16,9,5,5994
2026-05-10,vrs26_gads_search_brand_natl,search_brand,Hyderabad,743,3109,63,63,13,7,5,7494
2026-05-10,vrs26_gads_search_brand_natl,search_brand,Pune,461,1909,49,49,8,5,3,4097
2026-05-10,vrs26_gads_search_brand_natl,search_brand,Chennai,346.67,1536,30,30,5,1,0,0
2026-05-10,vrs26_gads_search_generic_marathon_natl,search_generic,Mumbai,1666.25,8304,160,160,20,9,7,17591
2026-05-10,vrs26_gads_search_generic_marathon_natl,search_generic,Delhi NCR,1387.64,6639,133,133,11,1,0,0
2026-05-10,vrs26_gads_search_generic_marathon_natl,search_generic,Bengaluru,1464.29,7024,123,123,7,3,2,1298
2026-05-10,vrs26_gads_search_generic_marathon_natl,search_generic,Hyderabad,1165.34,5466,106,106,15,2,2,3498
2026-05-10,vrs26_gads_search_generic_marathon_natl,search_generic,Pune,659.51,2780,50,50,6,0,0,0
2026-05-10,vrs26_gads_search_generic_marathon_natl,search_generic,Chennai,552.35,2179,37,37,7,2,2,5097
2026-05-10,vrs26_gads_search_generic_10k_natl,search_generic,Mumbai,1057.64,4706,104,104,9,2,0,0
2026-05-10,vrs26_gads_search_generic_10k_natl,search_generic,Delhi NCR,993.85,4359,100,100,11,3,2,4998
2026-05-10,vrs26_gads_search_generic_10k_natl,search_generic,Bengaluru,808.11,3625,69,69,8,1,0,0
2026-05-10,vrs26_gads_search_generic_10k_natl,search_generic,Hyderabad,631.41,2994,48,48,5,1,1,799
2026-05-10,vrs26_gads_search_generic_10k_natl,search_generic,Pune,445.87,2037,48,48,7,0,0,0
2026-05-10,vrs26_gads_search_generic_10k_natl,search_generic,Chennai,418.1,1950,43,43,5,0,0,0
2026-05-10,vrs26_gads_pmax_all_natl,pmax,Mumbai,1737.41,7960,194,194,22,9,7,10993
2026-05-10,vrs26_gads_pmax_all_natl,pmax,Delhi NCR,1415.33,5929,135,135,13,2,0,0
2026-05-10,vrs26_gads_pmax_all_natl,pmax,Bengaluru,1283.82,5647,60,60,6,4,3,9297
2026-05-10,vrs26_gads_pmax_all_natl,pmax,Hyderabad,983.32,4791,92,92,8,4,0,0
2026-05-10,vrs26_gads_pmax_all_natl,pmax,Pune,733.33,3519,67,67,6,2,2,3798
2026-05-10,vrs26_gads_pmax_all_natl,pmax,Chennai,469.98,2262,32,32,4,1,1,499
2026-05-10,vrs26_gads_pmax_mum,pmax,Mumbai,2871.81,11675,218,218,18,5,1,799
2026-05-10,vrs26_gads_pmax_mum,pmax,Delhi NCR,209.94,970,21,21,2,1,0,0
2026-05-10,vrs26_gads_pmax_mum,pmax,Bengaluru,177.29,807,14,14,1,0,0,0
2026-05-10,vrs26_gads_pmax_mum,pmax,Hyderabad,118.32,551,12,12,0,0,0,0
2026-05-10,vrs26_gads_pmax_mum,pmax,Pune,90.47,400,8,8,1,0,0,0
2026-05-10,vrs26_gads_pmax_mum,pmax,Chennai,70.59,298,6,6,0,0,0,0
2026-05-10,vrs26_gads_pmax_blr,pmax,Mumbai,180.62,920,25,25,2,0,0,0
2026-05-10,vrs26_gads_pmax_blr,pmax,Delhi NCR,126.2,571,11,11,0,0,0,0
2026-05-10,vrs26_gads_pmax_blr,pmax,Bengaluru,2597.75,11679,246,246,28,8,4,7096
2026-05-10,vrs26_gads_pmax_blr,pmax,Hyderabad,69.12,324,5,5,0,0,0,0
2026-05-10,vrs26_gads_pmax_blr,pmax,Pune,64.48,297,8,8,1,0,0,0
2026-05-10,vrs26_gads_pmax_blr,pmax,Chennai,46.6,188,6,6,0,0,0,0
2026-05-10,vrs26_gads_display_remarketing_natl,display,Mumbai,894.84,4184,88,88,9,4,3,2897
2026-05-10,vrs26_gads_display_remarketing_natl,display,Delhi NCR,866.6,4136,89,89,6,2,1,799
2026-05-10,vrs26_gads_display_remarketing_natl,display,Bengaluru,539.44,2504,48,48,5,2,1,2499
2026-05-10,vrs26_gads_display_remarketing_natl,display,Hyderabad,458.66,1748,29,29,2,0,0,0
2026-05-10,vrs26_gads_display_remarketing_natl,display,Pune,255.32,1120,22,22,0,0,0,0
2026-05-10,vrs26_gads_display_remarketing_natl,display,Chennai,251.37,1244,27,27,1,0,0,0
2026-05-10,vrs26_gads_yt_instream_natl,youtube,Mumbai,1045.72,5192,116,116,11,2,1,799
2026-05-10,vrs26_gads_yt_instream_natl,youtube,Delhi NCR,931.21,4761,90,90,3,2,1,2999
2026-05-10,vrs26_gads_yt_instream_natl,youtube,Bengaluru,683.6,3096,76,76,5,1,1,6499
2026-05-10,vrs26_gads_yt_instream_natl,youtube,Hyderabad,556.77,2861,57,57,5,2,2,1298
2026-05-10,vrs26_gads_yt_instream_natl,youtube,Pune,399.92,1769,33,33,0,0,0,0
2026-05-10,vrs26_gads_yt_instream_natl,youtube,Chennai,374.84,1545,39,39,2,0,0,0
2026-05-10,vrs26_gads_search_competitor_natl,search_generic,Mumbai,555.08,2905,66,66,6,3,1,1299
2026-05-10,vrs26_gads_search_competitor_natl,search_generic,Delhi NCR,544.7,2530,44,44,3,1,1,499
2026-05-10,vrs26_gads_search_competitor_natl,search_generic,Bengaluru,388.96,1852,58,58,6,2,1,499
2026-05-10,vrs26_gads_search_competitor_natl,search_generic,Hyderabad,290.8,1365,33,33,2,0,0,0
2026-05-10,vrs26_gads_search_competitor_natl,search_generic,Pune,210.11,1004,23,23,4,0,0,0
2026-05-10,vrs26_gads_search_competitor_natl,search_generic,Chennai,187.84,939,18,18,3,1,0,0
2026-05-10,vrs26_gads_search_corp_hyd,search_generic,Mumbai,122.14,539,8,8,1,0,0,0
2026-05-10,vrs26_gads_search_corp_hyd,search_generic,Delhi NCR,88.56,417,8,8,1,1,0,0
2026-05-10,vrs26_gads_search_corp_hyd,search_generic,Bengaluru,76.01,337,5,5,1,0,0,0
2026-05-10,vrs26_gads_search_corp_hyd,search_generic,Hyderabad,1362.86,6443,106,106,15,7,5,13595
2026-05-10,vrs26_gads_search_corp_hyd,search_generic,Pune,42.43,173,2,2,0,0,0,0
2026-05-10,vrs26_gads_search_corp_hyd,search_generic,Chennai,31.84,132,3,3,0,0,0,0
2026-05-11,vrs26_gads_search_brand_natl,search_brand,Mumbai,1099.9,4338,90,90,17,8,6,7994
2026-05-11,vrs26_gads_search_brand_natl,search_brand,Delhi NCR,918.98,4090,72,72,9,6,3,6297
2026-05-11,vrs26_gads_search_brand_natl,search_brand,Bengaluru,837.49,4061,104,104,14,4,1,2999
2026-05-11,vrs26_gads_search_brand_natl,search_brand,Hyderabad,600.21,2521,51,51,12,3,2,1798
2026-05-11,vrs26_gads_search_brand_natl,search_brand,Pune,404.82,2030,39,39,8,5,3,5597
2026-05-11,vrs26_gads_search_brand_natl,search_brand,Chennai,326.47,1611,27,27,7,2,1,799
2026-05-11,vrs26_gads_search_generic_marathon_natl,search_generic,Mumbai,1531.07,7277,129,129,15,3,3,4696
2026-05-11,vrs26_gads_search_generic_marathon_natl,search_generic,Delhi NCR,1405.45,7120,132,132,10,6,5,7295
2026-05-11,vrs26_gads_search_generic_marathon_natl,search_generic,Bengaluru,1224.37,5915,110,110,15,5,4,6396
2026-05-11,vrs26_gads_search_generic_marathon_natl,search_generic,Hyderabad,848.21,3888,81,81,4,0,0,0
2026-05-11,vrs26_gads_search_generic_marathon_natl,search_generic,Pune,664.75,3096,63,63,12,5,2,2498
2026-05-11,vrs26_gads_search_generic_marathon_natl,search_generic,Chennai,446.89,1946,45,45,3,1,0,0
2026-05-11,vrs26_gads_search_generic_10k_natl,search_generic,Mumbai,917.88,4194,71,71,10,2,1,1299
2026-05-11,vrs26_gads_search_generic_10k_natl,search_generic,Delhi NCR,865.56,4249,84,84,9,4,3,4797
2026-05-11,vrs26_gads_search_generic_10k_natl,search_generic,Bengaluru,805.54,3196,48,48,6,3,2,1298
2026-05-11,vrs26_gads_search_generic_10k_natl,search_generic,Hyderabad,555.51,2862,55,55,7,2,1,1299
2026-05-11,vrs26_gads_search_generic_10k_natl,search_generic,Pune,333.54,1629,47,47,9,1,1,499
2026-05-11,vrs26_gads_search_generic_10k_natl,search_generic,Chennai,387.71,1849,32,32,3,1,0,0
2026-05-11,vrs26_gads_pmax_all_natl,pmax,Mumbai,1341.93,5447,95,95,12,3,3,7497
2026-05-11,vrs26_gads_pmax_all_natl,pmax,Delhi NCR,1375.04,7210,189,189,15,9,6,12694
2026-05-11,vrs26_gads_pmax_all_natl,pmax,Bengaluru,1348.87,6139,151,151,12,7,3,2397
2026-05-11,vrs26_gads_pmax_all_natl,pmax,Hyderabad,658.14,3133,68,68,10,2,0,0
2026-05-11,vrs26_gads_pmax_all_natl,pmax,Pune,615.05,3022,71,71,10,1,1,1598
2026-05-11,vrs26_gads_pmax_all_natl,pmax,Chennai,540.09,2463,59,59,10,2,0,0
2026-05-11,vrs26_gads_pmax_mum,pmax,Mumbai,2545.33,11787,302,302,32,12,6,6294
2026-05-11,vrs26_gads_pmax_mum,pmax,Delhi NCR,215.26,935,19,19,1,0,0,0
2026-05-11,vrs26_gads_pmax_mum,pmax,Bengaluru,136.9,657,14,14,2,1,0,0
2026-05-11,vrs26_gads_pmax_mum,pmax,Hyderabad,106.14,574,14,14,3,0,0,0
2026-05-11,vrs26_gads_pmax_mum,pmax,Pune,77.27,404,13,13,4,0,0,0
2026-05-11,vrs26_gads_pmax_mum,pmax,Chennai,60.01,251,9,9,0,0,0,0
2026-05-11,vrs26_gads_pmax_blr,pmax,Mumbai,211.06,1028,24,24,1,0,0,0
2026-05-11,vrs26_gads_pmax_blr,pmax,Delhi NCR,145.83,713,27,27,2,1,1,1299
2026-05-11,vrs26_gads_pmax_blr,pmax,Bengaluru,2156.33,11776,250,250,35,15,10,20488
2026-05-11,vrs26_gads_pmax_blr,pmax,Hyderabad,99.28,497,12,12,1,0,0,0
2026-05-11,vrs26_gads_pmax_blr,pmax,Pune,74.82,386,10,10,1,0,0,0
2026-05-11,vrs26_gads_pmax_blr,pmax,Chennai,50.9,238,2,2,0,0,0,0
2026-05-11,vrs26_gads_display_remarketing_natl,display,Mumbai,698.46,3866,67,67,6,2,0,0
2026-05-11,vrs26_gads_display_remarketing_natl,display,Delhi NCR,652.41,3009,78,78,8,3,2,1298
2026-05-11,vrs26_gads_display_remarketing_natl,display,Bengaluru,564.21,2164,40,40,5,2,1,799
2026-05-11,vrs26_gads_display_remarketing_natl,display,Hyderabad,434.54,1819,35,35,0,0,0,0
2026-05-11,vrs26_gads_display_remarketing_natl,display,Pune,283.11,1508,21,21,0,0,0,0
2026-05-11,vrs26_gads_display_remarketing_natl,display,Chennai,266.57,1431,27,27,1,1,0,0
2026-05-11,vrs26_gads_yt_instream_natl,youtube,Mumbai,972.18,4568,68,68,2,1,1,799
2026-05-11,vrs26_gads_yt_instream_natl,youtube,Delhi NCR,779.94,4065,110,110,3,2,1,1999
2026-05-11,vrs26_gads_yt_instream_natl,youtube,Bengaluru,654.95,3503,78,78,2,1,1,799
2026-05-11,vrs26_gads_yt_instream_natl,youtube,Hyderabad,519.01,2239,61,61,1,0,0,0
2026-05-11,vrs26_gads_yt_instream_natl,youtube,Pune,346.63,1449,37,37,2,1,0,0
2026-05-11,vrs26_gads_yt_instream_natl,youtube,Chennai,270.88,1331,24,24,2,0,0,0
2026-05-11,vrs26_gads_search_competitor_natl,search_generic,Mumbai,586.16,2207,62,62,6,2,0,0
2026-05-11,vrs26_gads_search_competitor_natl,search_generic,Delhi NCR,419.11,1887,43,43,5,2,0,0
2026-05-11,vrs26_gads_search_competitor_natl,search_generic,Bengaluru,349.05,1734,32,32,0,0,0,0
2026-05-11,vrs26_gads_search_competitor_natl,search_generic,Hyderabad,258.93,1334,22,22,3,1,0,0
2026-05-11,vrs26_gads_search_competitor_natl,search_generic,Pune,184.64,771,15,15,5,3,1,2999
2026-05-11,vrs26_gads_search_competitor_natl,search_generic,Chennai,134.98,609,14,14,2,1,1,1299
2026-05-11,vrs26_gads_search_corp_hyd,search_generic,Mumbai,80.85,431,8,8,2,0,0,0
2026-05-11,vrs26_gads_search_corp_hyd,search_generic,Delhi NCR,54.24,285,4,4,1,0,0,0
2026-05-11,vrs26_gads_search_corp_hyd,search_generic,Bengaluru,70.45,329,6,6,0,0,0,0
2026-05-11,vrs26_gads_search_corp_hyd,search_generic,Hyderabad,1264.19,6336,140,140,16,6,2,2598
2026-05-11,vrs26_gads_search_corp_hyd,search_generic,Pune,33.35,198,0,0,0,0,0,0
2026-05-11,vrs26_gads_search_corp_hyd,search_generic,Chennai,27.1,121,0,0,0,0,0,0
2026-05-12,vrs26_gads_search_brand_natl,search_brand,Mumbai,1364.47,5444,143,143,36,14,7,10693
2026-05-12,vrs26_gads_search_brand_natl,search_brand,Delhi NCR,1063.83,4172,69,69,11,4,3,3397
2026-05-12,vrs26_gads_search_brand_natl,search_brand,Bengaluru,1032.54,4602,160,160,38,13,9,20891
2026-05-12,vrs26_gads_search_brand_natl,search_brand,Hyderabad,725.04,2502,48,48,13,6,4,5596
2026-05-12,vrs26_gads_search_brand_natl,search_brand,Pune,482.04,2149,31,31,9,2,1,1299
2026-05-12,vrs26_gads_search_brand_natl,search_brand,Chennai,491.4,2362,44,44,9,5,5,4995
2026-05-12,vrs26_gads_search_generic_marathon_natl,search_generic,Mumbai,2038.8,8320,149,149,23,10,6,14393
2026-05-12,vrs26_gads_search_generic_marathon_natl,search_generic,Delhi NCR,1603.44,7750,159,159,21,7,4,11096
2026-05-12,vrs26_gads_search_generic_marathon_natl,search_generic,Bengaluru,1583.01,6741,159,159,14,8,3,10996
2026-05-12,vrs26_gads_search_generic_marathon_natl,search_generic,Hyderabad,954.4,4591,97,97,13,5,2,3298
2026-05-12,vrs26_gads_search_generic_marathon_natl,search_generic,Pune,755.95,3446,76,76,8,2,1,6998
2026-05-12,vrs26_gads_search_generic_marathon_natl,search_generic,Chennai,604.97,2731,53,53,7,3,1,1299
2026-05-12,vrs26_gads_search_generic_10k_natl,search_generic,Mumbai,1224.92,5262,96,96,9,2,2,5498
2026-05-12,vrs26_gads_search_generic_10k_natl,search_generic,Delhi NCR,965.87,4442,80,80,10,2,2,2098
2026-05-12,vrs26_gads_search_generic_10k_natl,search_generic,Bengaluru,1002.39,4808,69,69,4,1,0,0
2026-05-12,vrs26_gads_search_generic_10k_natl,search_generic,Hyderabad,660.05,2579,45,45,7,2,1,1999
2026-05-12,vrs26_gads_search_generic_10k_natl,search_generic,Pune,503.95,2394,42,42,7,1,1,1999
2026-05-12,vrs26_gads_search_generic_10k_natl,search_generic,Chennai,405.28,1698,33,33,5,3,2,2098
2026-05-12,vrs26_gads_pmax_all_natl,pmax,Mumbai,1924.41,7648,183,183,32,14,3,5097
2026-05-12,vrs26_gads_pmax_all_natl,pmax,Delhi NCR,1722.68,7205,173,173,19,8,2,3798
2026-05-12,vrs26_gads_pmax_all_natl,pmax,Bengaluru,1329.41,6141,129,129,19,8,5,5895
2026-05-12,vrs26_gads_pmax_all_natl,pmax,Hyderabad,1054.26,4269,87,87,4,2,2,1298
2026-05-12,vrs26_gads_pmax_all_natl,pmax,Pune,626.16,2885,67,67,2,0,0,0
2026-05-12,vrs26_gads_pmax_all_natl,pmax,Chennai,586,2656,53,53,9,5,1,499
2026-05-12,vrs26_gads_pmax_mum,pmax,Mumbai,3124.77,13535,260,260,40,15,9,16790
2026-05-12,vrs26_gads_pmax_mum,pmax,Delhi NCR,255.1,997,21,21,2,1,1,3499
2026-05-12,vrs26_gads_pmax_mum,pmax,Bengaluru,180.27,798,21,21,2,2,2,1598
2026-05-12,vrs26_gads_pmax_mum,pmax,Hyderabad,122.97,608,5,5,0,0,0,0
2026-05-12,vrs26_gads_pmax_mum,pmax,Pune,124.28,574,15,15,3,3,2,2098
2026-05-12,vrs26_gads_pmax_mum,pmax,Chennai,62.11,272,6,6,0,0,0,0
2026-05-12,vrs26_gads_pmax_blr,pmax,Mumbai,204.03,869,15,15,0,0,0,0
2026-05-12,vrs26_gads_pmax_blr,pmax,Delhi NCR,135.7,548,11,11,3,1,0,0
2026-05-12,vrs26_gads_pmax_blr,pmax,Bengaluru,2811.12,14044,301,301,27,9,6,6494
2026-05-12,vrs26_gads_pmax_blr,pmax,Hyderabad,83.05,305,2,2,0,0,0,0
2026-05-12,vrs26_gads_pmax_blr,pmax,Pune,82.31,321,3,3,1,0,0,0
2026-05-12,vrs26_gads_pmax_blr,pmax,Chennai,57.2,243,6,6,1,1,1,799
2026-05-12,vrs26_gads_display_remarketing_natl,display,Mumbai,878.62,3430,59,59,6,0,0,0
2026-05-12,vrs26_gads_display_remarketing_natl,display,Delhi NCR,895.2,3781,85,85,8,4,2,3998
2026-05-12,vrs26_gads_display_remarketing_natl,display,Bengaluru,800.9,3603,94,94,3,0,0,0
2026-05-12,vrs26_gads_display_remarketing_natl,display,Hyderabad,412.38,1912,38,38,4,1,0,0
2026-05-12,vrs26_gads_display_remarketing_natl,display,Pune,293.87,1166,19,19,0,0,0,0
2026-05-12,vrs26_gads_display_remarketing_natl,display,Chennai,290.87,1375,31,31,2,1,1,799
2026-05-12,vrs26_gads_yt_instream_natl,youtube,Mumbai,1161.89,4752,69,69,5,1,1,799
2026-05-12,vrs26_gads_yt_instream_natl,youtube,Delhi NCR,921.31,4598,114,114,1,0,0,0
2026-05-12,vrs26_gads_yt_instream_natl,youtube,Bengaluru,951.11,3666,61,61,5,1,1,799
2026-05-12,vrs26_gads_yt_instream_natl,youtube,Hyderabad,618.32,2565,73,73,6,2,1,1999
2026-05-12,vrs26_gads_yt_instream_natl,youtube,Pune,435.14,1747,19,19,0,0,0,0
2026-05-12,vrs26_gads_yt_instream_natl,youtube,Chennai,277.81,1128,19,19,1,0,0,0
2026-05-12,vrs26_gads_search_competitor_natl,search_generic,Mumbai,602.45,2736,66,66,4,3,2,3798
2026-05-12,vrs26_gads_search_competitor_natl,search_generic,Delhi NCR,453.82,1832,43,43,5,1,1,1999
2026-05-12,vrs26_gads_search_competitor_natl,search_generic,Bengaluru,544.92,2616,78,78,8,3,2,7997
2026-05-12,vrs26_gads_search_competitor_natl,search_generic,Hyderabad,355.19,1700,41,41,4,2,0,0
2026-05-12,vrs26_gads_search_competitor_natl,search_generic,Pune,242.18,1095,20,20,1,1,0,0
2026-05-12,vrs26_gads_search_competitor_natl,search_generic,Chennai,182.68,860,9,9,0,0,0,0
2026-05-12,vrs26_gads_search_corp_hyd,search_generic,Mumbai,102.12,424,5,5,0,0,0,0
2026-05-12,vrs26_gads_search_corp_hyd,search_generic,Delhi NCR,98.23,375,9,9,0,0,0,0
2026-05-12,vrs26_gads_search_corp_hyd,search_generic,Bengaluru,92.37,428,10,10,2,0,0,0
2026-05-12,vrs26_gads_search_corp_hyd,search_generic,Hyderabad,1530.38,6271,155,155,24,8,3,6096
2026-05-12,vrs26_gads_search_corp_hyd,search_generic,Pune,37.26,156,2,2,1,0,0,0
2026-05-12,vrs26_gads_search_corp_hyd,search_generic,Chennai,24.78,118,3,3,2,0,0,0
2026-05-13,vrs26_gads_search_brand_natl,search_brand,Mumbai,1124.36,5150,79,79,13,7,3,9797
2026-05-13,vrs26_gads_search_brand_natl,search_brand,Delhi NCR,983.53,4714,101,101,22,12,8,18391
2026-05-13,vrs26_gads_search_brand_natl,search_brand,Bengaluru,683.4,3081,68,68,14,6,3,6797
2026-05-13,vrs26_gads_search_brand_natl,search_brand,Hyderabad,680.2,3647,79,79,12,2,2,2297
2026-05-13,vrs26_gads_search_brand_natl,search_brand,Pune,341.39,1874,47,47,9,3,2,1797
2026-05-13,vrs26_gads_search_brand_natl,search_brand,Chennai,301.57,1438,30,30,5,2,0,0
2026-05-13,vrs26_gads_search_generic_marathon_natl,search_generic,Mumbai,1572.68,7806,137,137,16,7,4,6596
2026-05-13,vrs26_gads_search_generic_marathon_natl,search_generic,Delhi NCR,1476.39,6416,83,83,10,5,3,9997
2026-05-13,vrs26_gads_search_generic_marathon_natl,search_generic,Bengaluru,1119.99,6217,152,152,16,8,7,16393
2026-05-13,vrs26_gads_search_generic_marathon_natl,search_generic,Hyderabad,751.12,3675,74,74,8,4,2,1598
2026-05-13,vrs26_gads_search_generic_marathon_natl,search_generic,Pune,523.36,2719,55,55,12,3,2,3298
2026-05-13,vrs26_gads_search_generic_marathon_natl,search_generic,Chennai,569.89,2552,54,54,3,1,1,799
2026-05-13,vrs26_gads_search_generic_10k_natl,search_generic,Mumbai,939.85,4793,117,117,19,7,5,10195
2026-05-13,vrs26_gads_search_generic_10k_natl,search_generic,Delhi NCR,974.5,4227,84,84,11,2,0,0
2026-05-13,vrs26_gads_search_generic_10k_natl,search_generic,Bengaluru,633.19,3099,71,71,8,3,3,7997
2026-05-13,vrs26_gads_search_generic_10k_natl,search_generic,Hyderabad,494.97,2262,63,63,9,2,1,799
2026-05-13,vrs26_gads_search_generic_10k_natl,search_generic,Pune,409.59,1847,18,18,5,1,0,0
2026-05-13,vrs26_gads_search_generic_10k_natl,search_generic,Chennai,345.85,1710,42,42,7,1,0,0
2026-05-13,vrs26_gads_pmax_all_natl,pmax,Mumbai,1745.39,8579,167,167,26,12,7,17893
2026-05-13,vrs26_gads_pmax_all_natl,pmax,Delhi NCR,1008.74,4980,103,103,10,3,3,4797
2026-05-13,vrs26_gads_pmax_all_natl,pmax,Bengaluru,1094.34,4328,87,87,10,7,2,3397
2026-05-13,vrs26_gads_pmax_all_natl,pmax,Hyderabad,769.11,3220,75,75,7,3,2,1598
2026-05-13,vrs26_gads_pmax_all_natl,pmax,Pune,605.54,3435,68,68,11,4,2,7798
2026-05-13,vrs26_gads_pmax_all_natl,pmax,Chennai,552.93,2731,59,59,8,3,2,3798
2026-05-13,vrs26_gads_pmax_mum,pmax,Mumbai,2409.72,11555,264,264,25,10,4,6294
2026-05-13,vrs26_gads_pmax_mum,pmax,Delhi NCR,181.32,711,21,21,2,1,1,499
2026-05-13,vrs26_gads_pmax_mum,pmax,Bengaluru,190.53,932,23,23,1,0,0,0
2026-05-13,vrs26_gads_pmax_mum,pmax,Hyderabad,137.62,592,14,14,3,1,0,0
2026-05-13,vrs26_gads_pmax_mum,pmax,Pune,82.19,413,7,7,2,1,0,0
2026-05-13,vrs26_gads_pmax_mum,pmax,Chennai,84.46,394,15,15,0,0,0,0
2026-05-13,vrs26_gads_pmax_blr,pmax,Mumbai,142.91,741,12,12,1,0,0,0
2026-05-13,vrs26_gads_pmax_blr,pmax,Delhi NCR,119.09,588,9,9,0,0,0,0
2026-05-13,vrs26_gads_pmax_blr,pmax,Bengaluru,2257.5,12465,297,297,33,10,6,9894
2026-05-13,vrs26_gads_pmax_blr,pmax,Hyderabad,61.76,322,2,2,0,0,0,0
2026-05-13,vrs26_gads_pmax_blr,pmax,Pune,64.03,262,6,6,0,0,0,0
2026-05-13,vrs26_gads_pmax_blr,pmax,Chennai,44.93,202,8,8,1,1,1,1299
2026-05-13,vrs26_gads_display_remarketing_natl,display,Mumbai,626.94,2920,66,66,7,0,0,0
2026-05-13,vrs26_gads_display_remarketing_natl,display,Delhi NCR,703.95,3371,82,82,2,0,0,0
2026-05-13,vrs26_gads_display_remarketing_natl,display,Bengaluru,608.13,2555,59,59,3,0,0,0
2026-05-13,vrs26_gads_display_remarketing_natl,display,Hyderabad,404.07,1945,45,45,0,0,0,0
2026-05-13,vrs26_gads_display_remarketing_natl,display,Pune,290.03,1441,32,32,2,0,0,0
2026-05-13,vrs26_gads_display_remarketing_natl,display,Chennai,215.34,1178,22,22,1,1,1,2999
2026-05-13,vrs26_gads_yt_instream_natl,youtube,Mumbai,1001.68,4142,81,81,4,2,1,2499
2026-05-13,vrs26_gads_yt_instream_natl,youtube,Delhi NCR,785.15,3663,112,112,9,4,3,3597
2026-05-13,vrs26_gads_yt_instream_natl,youtube,Bengaluru,733.7,3353,60,60,7,2,1,2999
2026-05-13,vrs26_gads_yt_instream_natl,youtube,Hyderabad,431.61,2261,56,56,1,0,0,0
2026-05-13,vrs26_gads_yt_instream_natl,youtube,Pune,310.13,1475,48,48,1,0,0,0
2026-05-13,vrs26_gads_yt_instream_natl,youtube,Chennai,219.19,1039,21,21,2,0,0,0
2026-05-13,vrs26_gads_search_competitor_natl,search_generic,Mumbai,430.2,2000,50,50,7,1,1,499
2026-05-13,vrs26_gads_search_competitor_natl,search_generic,Delhi NCR,427.8,1618,22,22,1,1,1,2499
2026-05-13,vrs26_gads_search_competitor_natl,search_generic,Bengaluru,408.19,2155,37,37,2,1,1,799
2026-05-13,vrs26_gads_search_competitor_natl,search_generic,Hyderabad,306.66,1503,25,25,2,1,1,799
2026-05-13,vrs26_gads_search_competitor_natl,search_generic,Pune,168.65,803,20,20,1,0,0,0
2026-05-13,vrs26_gads_search_competitor_natl,search_generic,Chennai,157.48,743,20,20,2,0,0,0
2026-05-13,vrs26_gads_search_corp_hyd,search_generic,Mumbai,76.99,313,2,2,0,0,0,0
2026-05-13,vrs26_gads_search_corp_hyd,search_generic,Delhi NCR,62.35,276,6,6,0,0,0,0
2026-05-13,vrs26_gads_search_corp_hyd,search_generic,Bengaluru,63.63,316,8,8,0,0,0,0
2026-05-13,vrs26_gads_search_corp_hyd,search_generic,Hyderabad,1236.35,6092,135,135,10,3,0,0
2026-05-13,vrs26_gads_search_corp_hyd,search_generic,Pune,34.07,175,4,4,0,0,0,0
2026-05-13,vrs26_gads_search_corp_hyd,search_generic,Chennai,29.98,136,0,0,0,0,0,0
2026-05-14,vrs26_gads_search_brand_natl,search_brand,Mumbai,1398.72,6074,160,160,35,15,14,22684
2026-05-14,vrs26_gads_search_brand_natl,search_brand,Delhi NCR,1304.17,5289,103,103,15,5,3,4797
2026-05-14,vrs26_gads_search_brand_natl,search_brand,Bengaluru,1385.25,6088,135,135,30,13,10,22190
2026-05-14,vrs26_gads_search_brand_natl,search_brand,Hyderabad,706.16,2901,67,67,26,14,9,14791
2026-05-14,vrs26_gads_search_brand_natl,search_brand,Pune,602.31,2765,58,58,16,8,4,6695
2026-05-14,vrs26_gads_search_brand_natl,search_brand,Chennai,485.02,2100,50,50,14,2,2,4298
2026-05-14,vrs26_gads_search_generic_marathon_natl,search_generic,Mumbai,2211.01,9077,200,200,26,11,8,16192
2026-05-14,vrs26_gads_search_generic_marathon_natl,search_generic,Delhi NCR,1857.2,8089,123,123,21,6,3,11497
2026-05-14,vrs26_gads_search_generic_marathon_natl,search_generic,Bengaluru,1719.84,7303,110,110,12,2,1,799
2026-05-14,vrs26_gads_search_generic_marathon_natl,search_generic,Hyderabad,1110.81,3982,96,96,8,4,2,2798
2026-05-14,vrs26_gads_search_generic_marathon_natl,search_generic,Pune,909.35,3738,98,98,11,4,3,5297
2026-05-14,vrs26_gads_search_generic_marathon_natl,search_generic,Chennai,788.03,3024,63,63,10,1,1,499
2026-05-14,vrs26_gads_search_generic_10k_natl,search_generic,Mumbai,1441.42,6242,134,134,17,3,0,0
2026-05-14,vrs26_gads_search_generic_10k_natl,search_generic,Delhi NCR,1301.52,5779,128,128,21,6,4,7596
2026-05-14,vrs26_gads_search_generic_10k_natl,search_generic,Bengaluru,866.74,3296,102,102,11,4,2,2798
2026-05-14,vrs26_gads_search_generic_10k_natl,search_generic,Hyderabad,876.97,3920,85,85,13,4,2,1598
2026-05-14,vrs26_gads_search_generic_10k_natl,search_generic,Pune,519.45,2008,50,50,4,2,2,4998
2026-05-14,vrs26_gads_search_generic_10k_natl,search_generic,Chennai,423.1,1828,43,43,6,1,0,0
2026-05-14,vrs26_gads_pmax_all_natl,pmax,Mumbai,2485.46,10839,192,192,23,14,5,13593
2026-05-14,vrs26_gads_pmax_all_natl,pmax,Delhi NCR,1723.26,6420,179,179,24,9,5,14095
2026-05-14,vrs26_gads_pmax_all_natl,pmax,Bengaluru,1337.96,5584,128,128,3,1,1,499
2026-05-14,vrs26_gads_pmax_all_natl,pmax,Hyderabad,1191.48,5033,99,99,11,5,3,5497
2026-05-14,vrs26_gads_pmax_all_natl,pmax,Pune,773.33,3475,74,74,3,1,1,2999
2026-05-14,vrs26_gads_pmax_all_natl,pmax,Chennai,745.44,3434,61,61,7,2,1,799
2026-05-14,vrs26_gads_pmax_mum,pmax,Mumbai,3562.57,14308,277,277,31,11,5,6195
2026-05-14,vrs26_gads_pmax_mum,pmax,Delhi NCR,273.24,1223,24,24,1,0,0,0
2026-05-14,vrs26_gads_pmax_mum,pmax,Bengaluru,240.67,982,30,30,1,0,0,0
2026-05-14,vrs26_gads_pmax_mum,pmax,Hyderabad,149.35,559,12,12,0,0,0,0
2026-05-14,vrs26_gads_pmax_mum,pmax,Pune,127.43,637,14,14,3,2,1,799
2026-05-14,vrs26_gads_pmax_mum,pmax,Chennai,57.98,258,5,5,1,0,0,0
2026-05-14,vrs26_gads_pmax_blr,pmax,Mumbai,285.27,1222,24,24,4,1,1,1299
2026-05-14,vrs26_gads_pmax_blr,pmax,Delhi NCR,185.82,766,14,14,2,2,1,799
2026-05-14,vrs26_gads_pmax_blr,pmax,Bengaluru,3095.02,12381,276,276,40,12,3,10297
2026-05-14,vrs26_gads_pmax_blr,pmax,Hyderabad,113.41,443,10,10,3,0,0,0
2026-05-14,vrs26_gads_pmax_blr,pmax,Pune,105.87,445,11,11,3,1,1,998
2026-05-14,vrs26_gads_pmax_blr,pmax,Chennai,60.3,258,7,7,1,0,0,0
2026-05-14,vrs26_gads_display_remarketing_natl,display,Mumbai,1175.02,5129,107,107,9,1,0,0
2026-05-14,vrs26_gads_display_remarketing_natl,display,Delhi NCR,991.91,3735,105,105,11,3,2,3498
2026-05-14,vrs26_gads_display_remarketing_natl,display,Bengaluru,668.13,2944,47,47,5,0,0,0
2026-05-14,vrs26_gads_display_remarketing_natl,display,Hyderabad,510.49,2289,53,53,2,1,0,0
2026-05-14,vrs26_gads_display_remarketing_natl,display,Pune,440.63,1508,24,24,2,0,0,0
2026-05-14,vrs26_gads_display_remarketing_natl,display,Chennai,285.73,1065,17,17,4,1,1,1299
2026-05-14,vrs26_gads_yt_instream_natl,youtube,Mumbai,1486.65,6333,169,169,13,4,3,1797
2026-05-14,vrs26_gads_yt_instream_natl,youtube,Delhi NCR,890.58,3778,95,95,6,1,0,0
2026-05-14,vrs26_gads_yt_instream_natl,youtube,Bengaluru,1045.84,4565,85,85,7,1,1,799
2026-05-14,vrs26_gads_yt_instream_natl,youtube,Hyderabad,665.64,3000,49,49,4,2,1,799
2026-05-14,vrs26_gads_yt_instream_natl,youtube,Pune,443.5,1842,37,37,1,1,0,0
2026-05-14,vrs26_gads_yt_instream_natl,youtube,Chennai,444.56,1990,34,34,3,0,0,0
2026-05-14,vrs26_gads_search_competitor_natl,search_generic,Mumbai,867.14,4174,83,83,13,3,3,5097
2026-05-14,vrs26_gads_search_competitor_natl,search_generic,Delhi NCR,557.42,2174,60,60,4,2,1,3499
2026-05-14,vrs26_gads_search_competitor_natl,search_generic,Bengaluru,518.23,2123,63,63,7,4,1,1999
2026-05-14,vrs26_gads_search_competitor_natl,search_generic,Hyderabad,321.56,1309,28,28,3,1,0,0
2026-05-14,vrs26_gads_search_competitor_natl,search_generic,Pune,241.4,996,19,19,1,1,1,6499
2026-05-14,vrs26_gads_search_competitor_natl,search_generic,Chennai,208.85,954,11,11,0,0,0,0
2026-05-14,vrs26_gads_search_corp_hyd,search_generic,Mumbai,150.57,661,13,13,2,0,0,0
2026-05-14,vrs26_gads_search_corp_hyd,search_generic,Delhi NCR,119.48,505,9,9,1,1,0,0
2026-05-14,vrs26_gads_search_corp_hyd,search_generic,Bengaluru,93.79,353,9,9,0,0,0,0
2026-05-14,vrs26_gads_search_corp_hyd,search_generic,Hyderabad,1661.37,6727,140,140,21,6,2,2798
2026-05-14,vrs26_gads_search_corp_hyd,search_generic,Pune,70.72,272,10,10,0,0,0,0
2026-05-14,vrs26_gads_search_corp_hyd,search_generic,Chennai,53.12,236,8,8,0,0,0,0
2026-05-15,vrs26_gads_search_brand_natl,search_brand,Mumbai,1416.61,5451,111,111,22,7,5,11395
2026-05-15,vrs26_gads_search_brand_natl,search_brand,Delhi NCR,1440.93,5523,120,120,24,10,5,6993
2026-05-15,vrs26_gads_search_brand_natl,search_brand,Bengaluru,1054.27,4684,95,95,22,11,9,20691
2026-05-15,vrs26_gads_search_brand_natl,search_brand,Hyderabad,691.07,3021,53,53,10,4,3,2097
2026-05-15,vrs26_gads_search_brand_natl,search_brand,Pune,609.51,2769,57,57,12,5,2,2798
2026-05-15,vrs26_gads_search_brand_natl,search_brand,Chennai,495.79,1629,29,29,5,2,0,0
2026-05-15,vrs26_gads_search_generic_marathon_natl,search_generic,Mumbai,2365.56,10126,171,171,22,7,4,3396
2026-05-15,vrs26_gads_search_generic_marathon_natl,search_generic,Delhi NCR,1847.39,8401,124,124,8,3,2,2397
2026-05-15,vrs26_gads_search_generic_marathon_natl,search_generic,Bengaluru,1652.6,6787,134,134,26,8,7,9493
2026-05-15,vrs26_gads_search_generic_marathon_natl,search_generic,Hyderabad,1206.34,5084,108,108,17,8,5,8194
2026-05-15,vrs26_gads_search_generic_marathon_natl,search_generic,Pune,582.38,2300,47,47,8,1,1,1299
2026-05-15,vrs26_gads_search_generic_marathon_natl,search_generic,Chennai,688.44,2631,53,53,7,3,1,1299
2026-05-15,vrs26_gads_search_generic_10k_natl,search_generic,Mumbai,1480.07,5086,133,133,18,6,5,7895
2026-05-15,vrs26_gads_search_generic_10k_natl,search_generic,Delhi NCR,1226.5,5070,119,119,14,6,3,14296
2026-05-15,vrs26_gads_search_generic_10k_natl,search_generic,Bengaluru,1014.04,4323,87,87,10,4,4,7796
2026-05-15,vrs26_gads_search_generic_10k_natl,search_generic,Hyderabad,642.7,2486,56,56,9,1,1,799
2026-05-15,vrs26_gads_search_generic_10k_natl,search_generic,Pune,485.24,2202,54,54,6,2,1,799
2026-05-15,vrs26_gads_search_generic_10k_natl,search_generic,Chennai,420.53,1664,42,42,6,1,1,799
2026-05-15,vrs26_gads_pmax_all_natl,pmax,Mumbai,2305.94,10680,291,291,37,16,8,11691
2026-05-15,vrs26_gads_pmax_all_natl,pmax,Delhi NCR,1595.02,7036,175,175,23,10,7,8493
2026-05-15,vrs26_gads_pmax_all_natl,pmax,Bengaluru,1687,7588,147,147,12,3,3,5797
2026-05-15,vrs26_gads_pmax_all_natl,pmax,Hyderabad,961.83,4451,92,92,13,5,2,4797
2026-05-15,vrs26_gads_pmax_all_natl,pmax,Pune,716.18,3233,60,60,9,4,3,2597
2026-05-15,vrs26_gads_pmax_all_natl,pmax,Chennai,747.42,2864,70,70,11,3,3,15096
2026-05-15,vrs26_gads_pmax_mum,pmax,Mumbai,3660.5,16550,300,300,41,13,7,8793
2026-05-15,vrs26_gads_pmax_mum,pmax,Delhi NCR,200.83,838,20,20,2,0,0,0
2026-05-15,vrs26_gads_pmax_mum,pmax,Bengaluru,155.28,660,12,12,1,0,0,0
2026-05-15,vrs26_gads_pmax_mum,pmax,Hyderabad,104.52,442,12,12,1,0,0,0
2026-05-15,vrs26_gads_pmax_mum,pmax,Pune,95.92,386,10,10,4,2,1,2999
2026-05-15,vrs26_gads_pmax_mum,pmax,Chennai,64.08,276,8,8,0,0,0,0
2026-05-15,vrs26_gads_pmax_blr,pmax,Mumbai,244.03,1078,19,19,3,2,0,0
2026-05-15,vrs26_gads_pmax_blr,pmax,Delhi NCR,149.1,573,8,8,1,0,0,0
2026-05-15,vrs26_gads_pmax_blr,pmax,Bengaluru,3046.64,12469,220,220,29,10,7,12993
2026-05-15,vrs26_gads_pmax_blr,pmax,Hyderabad,121.52,378,7,7,0,0,0,0
2026-05-15,vrs26_gads_pmax_blr,pmax,Pune,97.38,408,6,6,1,0,0,0
2026-05-15,vrs26_gads_pmax_blr,pmax,Chennai,73.6,289,7,7,2,1,0,0
2026-05-15,vrs26_gads_display_remarketing_natl,display,Mumbai,966.89,3798,53,53,6,3,2,7298
2026-05-15,vrs26_gads_display_remarketing_natl,display,Delhi NCR,830.61,3935,63,63,8,2,2,2498
2026-05-15,vrs26_gads_display_remarketing_natl,display,Bengaluru,925.91,3691,83,83,3,1,1,799
2026-05-15,vrs26_gads_display_remarketing_natl,display,Hyderabad,595.87,2740,60,60,3,0,0,0
2026-05-15,vrs26_gads_display_remarketing_natl,display,Pune,378.97,1576,36,36,3,1,0,0
2026-05-15,vrs26_gads_display_remarketing_natl,display,Chennai,253.56,1110,27,27,1,1,1,799
2026-05-15,vrs26_gads_yt_instream_natl,youtube,Mumbai,1234.39,5334,111,111,5,2,2,3298
2026-05-15,vrs26_gads_yt_instream_natl,youtube,Delhi NCR,1096.95,5512,127,127,5,0,0,0
2026-05-15,vrs26_gads_yt_instream_natl,youtube,Bengaluru,1003.55,4362,100,100,6,1,1,1999
2026-05-15,vrs26_gads_yt_instream_natl,youtube,Hyderabad,655.39,2654,33,33,0,0,0,0
2026-05-15,vrs26_gads_yt_instream_natl,youtube,Pune,501.72,2059,28,28,0,0,0,0
2026-05-15,vrs26_gads_yt_instream_natl,youtube,Chennai,338,1321,36,36,2,1,1,1999
2026-05-15,vrs26_gads_search_competitor_natl,search_generic,Mumbai,593.07,2270,39,39,2,1,0,0
2026-05-15,vrs26_gads_search_competitor_natl,search_generic,Delhi NCR,520.77,2069,40,40,4,1,0,0
2026-05-15,vrs26_gads_search_competitor_natl,search_generic,Bengaluru,596.1,2682,47,47,5,0,0,0
2026-05-15,vrs26_gads_search_competitor_natl,search_generic,Hyderabad,469.87,2017,45,45,6,1,1,1598
2026-05-15,vrs26_gads_search_competitor_natl,search_generic,Pune,269.97,1074,36,36,5,1,0,0
2026-05-15,vrs26_gads_search_competitor_natl,search_generic,Chennai,184.76,717,9,9,0,0,0,0
2026-05-15,vrs26_gads_search_corp_hyd,search_generic,Mumbai,158.85,665,16,16,4,2,1,799
2026-05-15,vrs26_gads_search_corp_hyd,search_generic,Delhi NCR,97.52,386,3,3,0,0,0,0
2026-05-15,vrs26_gads_search_corp_hyd,search_generic,Bengaluru,97.2,442,12,12,0,0,0,0
2026-05-15,vrs26_gads_search_corp_hyd,search_generic,Hyderabad,1640.57,7385,220,220,25,9,8,10492
2026-05-15,vrs26_gads_search_corp_hyd,search_generic,Pune,45.63,206,4,4,1,1,0,0
2026-05-15,vrs26_gads_search_corp_hyd,search_generic,Chennai,45.92,209,7,7,1,0,0,0
2026-05-16,vrs26_gads_search_brand_natl,search_brand,Mumbai,1347.82,5439,149,149,42,20,12,18588
2026-05-16,vrs26_gads_search_brand_natl,search_brand,Delhi NCR,1066.33,4701,82,82,10,4,1,2499
2026-05-16,vrs26_gads_search_brand_natl,search_brand,Bengaluru,809.37,3344,75,75,13,6,5,9595
2026-05-16,vrs26_gads_search_brand_natl,search_brand,Hyderabad,675.37,3069,73,73,14,4,3,8597
2026-05-16,vrs26_gads_search_brand_natl,search_brand,Pune,566.45,2787,46,46,4,4,2,2798
2026-05-16,vrs26_gads_search_brand_natl,search_brand,Chennai,448.48,2358,38,38,9,2,2,1298
2026-05-16,vrs26_gads_search_generic_marathon_natl,search_generic,Mumbai,1912.64,8949,180,180,23,6,5,3095
2026-05-16,vrs26_gads_search_generic_marathon_natl,search_generic,Delhi NCR,1858.22,8136,154,154,15,3,3,6297
2026-05-16,vrs26_gads_search_generic_marathon_natl,search_generic,Bengaluru,1293.25,6402,159,159,24,6,4,12595
2026-05-16,vrs26_gads_search_generic_marathon_natl,search_generic,Hyderabad,876.05,3991,66,66,11,1,1,6499
2026-05-16,vrs26_gads_search_generic_marathon_natl,search_generic,Pune,616.85,2720,75,75,15,6,4,5096
2026-05-16,vrs26_gads_search_generic_marathon_natl,search_generic,Chennai,624.71,2592,56,56,4,1,1,1299
2026-05-16,vrs26_gads_search_generic_10k_natl,search_generic,Mumbai,1117.61,5512,112,112,13,5,1,1999
2026-05-16,vrs26_gads_search_generic_10k_natl,search_generic,Delhi NCR,956.87,3973,99,99,18,9,5,5195
2026-05-16,vrs26_gads_search_generic_10k_natl,search_generic,Bengaluru,879.04,3839,93,93,11,4,4,12996
2026-05-16,vrs26_gads_search_generic_10k_natl,search_generic,Hyderabad,661.16,2903,42,42,6,2,2,2798
2026-05-16,vrs26_gads_search_generic_10k_natl,search_generic,Pune,509.2,2273,42,42,8,2,1,1299
2026-05-16,vrs26_gads_search_generic_10k_natl,search_generic,Chennai,411.95,1845,50,50,11,5,2,2498
2026-05-16,vrs26_gads_pmax_all_natl,pmax,Mumbai,1718.69,8199,143,143,19,7,5,12193
2026-05-16,vrs26_gads_pmax_all_natl,pmax,Delhi NCR,1536.6,6994,156,156,24,11,7,8893
2026-05-16,vrs26_gads_pmax_all_natl,pmax,Bengaluru,1365.4,5886,110,110,15,5,1,799
2026-05-16,vrs26_gads_pmax_all_natl,pmax,Hyderabad,1009.88,4092,82,82,7,6,5,9095
2026-05-16,vrs26_gads_pmax_all_natl,pmax,Pune,735.13,3411,54,54,9,1,1,2999
2026-05-16,vrs26_gads_pmax_all_natl,pmax,Chennai,532.53,2154,29,29,2,0,0,0
2026-05-16,vrs26_gads_pmax_mum,pmax,Mumbai,3059.47,14576,315,315,28,10,8,13592
2026-05-16,vrs26_gads_pmax_mum,pmax,Delhi NCR,173.14,799,16,16,0,0,0,0
2026-05-16,vrs26_gads_pmax_mum,pmax,Bengaluru,179.23,883,22,22,2,0,0,0
2026-05-16,vrs26_gads_pmax_mum,pmax,Hyderabad,103.7,402,8,8,0,0,0,0
2026-05-16,vrs26_gads_pmax_mum,pmax,Pune,89.85,405,8,8,1,1,0,0
2026-05-16,vrs26_gads_pmax_mum,pmax,Chennai,79.97,329,0,0,0,0,0,0
2026-05-16,vrs26_gads_pmax_blr,pmax,Mumbai,182.28,897,22,22,6,2,1,2999
2026-05-16,vrs26_gads_pmax_blr,pmax,Delhi NCR,142.78,579,14,14,4,1,0,0
2026-05-16,vrs26_gads_pmax_blr,pmax,Bengaluru,2647.67,10441,276,276,37,13,8,12892
2026-05-16,vrs26_gads_pmax_blr,pmax,Hyderabad,97.69,444,10,10,1,0,0,0
2026-05-16,vrs26_gads_pmax_blr,pmax,Pune,79.06,373,2,2,0,0,0,0
2026-05-16,vrs26_gads_pmax_blr,pmax,Chennai,63.41,251,6,6,1,1,1,1999
2026-05-16,vrs26_gads_display_remarketing_natl,display,Mumbai,961.58,4633,114,114,10,3,1,1999
2026-05-16,vrs26_gads_display_remarketing_natl,display,Delhi NCR,652.39,2769,43,43,5,3,3,4097
2026-05-16,vrs26_gads_display_remarketing_natl,display,Bengaluru,737.22,3192,61,61,2,1,0,0
2026-05-16,vrs26_gads_display_remarketing_natl,display,Hyderabad,469,2000,27,27,1,0,0,0
2026-05-16,vrs26_gads_display_remarketing_natl,display,Pune,328.15,1521,41,41,2,2,1,1999
2026-05-16,vrs26_gads_display_remarketing_natl,display,Chennai,253.53,1238,26,26,1,0,0,0
2026-05-16,vrs26_gads_yt_instream_natl,youtube,Mumbai,1104.04,4966,118,118,10,4,3,5597
2026-05-16,vrs26_gads_yt_instream_natl,youtube,Delhi NCR,916.43,3866,72,72,3,2,2,3298
2026-05-16,vrs26_gads_yt_instream_natl,youtube,Bengaluru,736.25,3174,78,78,8,1,1,1299
2026-05-16,vrs26_gads_yt_instream_natl,youtube,Hyderabad,630.62,3108,72,72,2,0,0,0
2026-05-16,vrs26_gads_yt_instream_natl,youtube,Pune,466.6,2297,57,57,1,0,0,0
2026-05-16,vrs26_gads_yt_instream_natl,youtube,Chennai,303.9,1454,31,31,2,0,0,0
2026-05-16,vrs26_gads_search_competitor_natl,search_generic,Mumbai,534.69,2248,55,55,2,0,0,0
2026-05-16,vrs26_gads_search_competitor_natl,search_generic,Delhi NCR,521.34,2367,40,40,3,2,0,0
2026-05-16,vrs26_gads_search_competitor_natl,search_generic,Bengaluru,466.36,2113,41,41,3,1,1,2598
2026-05-16,vrs26_gads_search_competitor_natl,search_generic,Hyderabad,328.35,1400,14,14,4,2,0,0
2026-05-16,vrs26_gads_search_competitor_natl,search_generic,Pune,242.51,1139,21,21,1,0,0,0
2026-05-16,vrs26_gads_search_competitor_natl,search_generic,Chennai,174.66,880,14,14,2,0,0,0
2026-05-16,vrs26_gads_search_corp_hyd,search_generic,Mumbai,111.55,463,8,8,1,0,0,0
2026-05-16,vrs26_gads_search_corp_hyd,search_generic,Delhi NCR,95.12,455,14,14,1,0,0,0
2026-05-16,vrs26_gads_search_corp_hyd,search_generic,Bengaluru,85.22,380,9,9,1,1,1,1999
2026-05-16,vrs26_gads_search_corp_hyd,search_generic,Hyderabad,1428.64,6608,131,131,15,5,5,11395
2026-05-16,vrs26_gads_search_corp_hyd,search_generic,Pune,41.3,184,3,3,0,0,0,0
2026-05-16,vrs26_gads_search_corp_hyd,search_generic,Chennai,33.6,160,5,5,1,0,0,0
2026-05-17,vrs26_gads_search_brand_natl,search_brand,Mumbai,1734.07,6389,87,87,20,7,1,799
2026-05-17,vrs26_gads_search_brand_natl,search_brand,Delhi NCR,1153.76,5504,112,112,17,8,6,9694
2026-05-17,vrs26_gads_search_brand_natl,search_brand,Bengaluru,1006.04,4106,81,81,12,6,3,5297
2026-05-17,vrs26_gads_search_brand_natl,search_brand,Hyderabad,929.6,3363,71,71,10,4,1,2499
2026-05-17,vrs26_gads_search_brand_natl,search_brand,Pune,641.43,2460,51,51,11,8,7,10392
2026-05-17,vrs26_gads_search_brand_natl,search_brand,Chennai,486.07,1647,41,41,6,3,0,0
2026-05-17,vrs26_gads_search_generic_marathon_natl,search_generic,Mumbai,2077.98,7807,119,119,14,6,2,2598
2026-05-17,vrs26_gads_search_generic_marathon_natl,search_generic,Delhi NCR,1987.41,9224,198,198,27,13,6,15592
2026-05-17,vrs26_gads_search_generic_marathon_natl,search_generic,Bengaluru,1803.88,7518,164,164,8,3,1,1999
2026-05-17,vrs26_gads_search_generic_marathon_natl,search_generic,Hyderabad,1228.2,4698,101,101,8,3,2,2798
2026-05-17,vrs26_gads_search_generic_marathon_natl,search_generic,Pune,901.55,4089,119,119,10,3,1,799
2026-05-17,vrs26_gads_search_generic_marathon_natl,search_generic,Chennai,698.56,2652,44,44,6,2,2,1598
2026-05-17,vrs26_gads_search_generic_10k_natl,search_generic,Mumbai,1590.4,6814,184,184,20,4,1,799
2026-05-17,vrs26_gads_search_generic_10k_natl,search_generic,Delhi NCR,1240.22,5082,103,103,11,4,3,9997
2026-05-17,vrs26_gads_search_generic_10k_natl,search_generic,Bengaluru,1088.12,4913,111,111,17,3,1,799
2026-05-17,vrs26_gads_search_generic_10k_natl,search_generic,Hyderabad,716.7,2616,45,45,6,3,0,0
2026-05-17,vrs26_gads_search_generic_10k_natl,search_generic,Pune,452.49,1999,47,47,3,0,0,0
2026-05-17,vrs26_gads_search_generic_10k_natl,search_generic,Chennai,405.28,1721,40,40,5,4,3,5797
2026-05-17,vrs26_gads_pmax_all_natl,pmax,Mumbai,1971.43,7829,150,150,12,4,3,4797
2026-05-17,vrs26_gads_pmax_all_natl,pmax,Delhi NCR,2014.36,9547,191,191,18,5,4,8596
2026-05-17,vrs26_gads_pmax_all_natl,pmax,Bengaluru,1632.54,6941,143,143,16,4,2,3298
2026-05-17,vrs26_gads_pmax_all_natl,pmax,Hyderabad,1348.7,5526,92,92,13,5,2,9498
2026-05-17,vrs26_gads_pmax_all_natl,pmax,Pune,915.25,3567,55,55,5,0,0,0
2026-05-17,vrs26_gads_pmax_all_natl,pmax,Chennai,471.97,2007,44,44,4,0,0,0
2026-05-17,vrs26_gads_pmax_mum,pmax,Mumbai,3646.68,14437,287,287,30,13,4,3396
2026-05-17,vrs26_gads_pmax_mum,pmax,Delhi NCR,243.94,886,29,29,2,2,2,3298
2026-05-17,vrs26_gads_pmax_mum,pmax,Bengaluru,216.92,898,18,18,4,1,1,3499
2026-05-17,vrs26_gads_pmax_mum,pmax,Hyderabad,144.09,576,10,10,2,0,0,0
2026-05-17,vrs26_gads_pmax_mum,pmax,Pune,106.65,444,12,12,2,1,0,0
2026-05-17,vrs26_gads_pmax_mum,pmax,Chennai,104.94,441,6,6,1,0,0,0
2026-05-17,vrs26_gads_pmax_blr,pmax,Mumbai,264.23,1057,21,21,0,0,0,0
2026-05-17,vrs26_gads_pmax_blr,pmax,Delhi NCR,199.91,810,14,14,2,1,1,1299
2026-05-17,vrs26_gads_pmax_blr,pmax,Bengaluru,3109.19,14189,341,341,43,14,8,25690
2026-05-17,vrs26_gads_pmax_blr,pmax,Hyderabad,152.12,630,6,6,2,0,0,0
2026-05-17,vrs26_gads_pmax_blr,pmax,Pune,84.91,400,7,7,1,0,0,0
2026-05-17,vrs26_gads_pmax_blr,pmax,Chennai,80.66,274,13,13,2,1,1,1999
2026-05-17,vrs26_gads_display_remarketing_natl,display,Mumbai,992.57,4749,97,97,8,2,1,799
2026-05-17,vrs26_gads_display_remarketing_natl,display,Delhi NCR,948.06,4033,87,87,5,3,0,0
2026-05-17,vrs26_gads_display_remarketing_natl,display,Bengaluru,804.28,3314,67,67,6,1,1,1299
2026-05-17,vrs26_gads_display_remarketing_natl,display,Hyderabad,591.57,2347,54,54,6,3,2,2897
2026-05-17,vrs26_gads_display_remarketing_natl,display,Pune,432.13,1812,40,40,7,2,2,6097
2026-05-17,vrs26_gads_display_remarketing_natl,display,Chennai,351.3,1428,21,21,5,1,0,0
2026-05-17,vrs26_gads_yt_instream_natl,youtube,Mumbai,1376.83,5866,92,92,3,0,0,0
2026-05-17,vrs26_gads_yt_instream_natl,youtube,Delhi NCR,855.06,3594,66,66,7,1,0,0
2026-05-17,vrs26_gads_yt_instream_natl,youtube,Bengaluru,981.84,4010,76,76,5,0,0,0
2026-05-17,vrs26_gads_yt_instream_natl,youtube,Hyderabad,682.28,2878,62,62,8,5,2,2098
2026-05-17,vrs26_gads_yt_instream_natl,youtube,Pune,674.84,2337,35,35,3,1,0,0
2026-05-17,vrs26_gads_yt_instream_natl,youtube,Chennai,464.6,1851,43,43,1,1,0,0
2026-05-17,vrs26_gads_search_competitor_natl,search_generic,Mumbai,535.13,2442,52,52,4,1,1,6499
2026-05-17,vrs26_gads_search_competitor_natl,search_generic,Delhi NCR,659.11,2508,33,33,3,1,0,0
2026-05-17,vrs26_gads_search_competitor_natl,search_generic,Bengaluru,586.38,2490,67,67,6,2,2,7798
2026-05-17,vrs26_gads_search_competitor_natl,search_generic,Hyderabad,345.76,1493,40,40,0,0,0,0
2026-05-17,vrs26_gads_search_competitor_natl,search_generic,Pune,382,1505,37,37,3,0,0,0
2026-05-17,vrs26_gads_search_competitor_natl,search_generic,Chennai,238.22,1008,18,18,2,1,0,0
2026-05-17,vrs26_gads_search_corp_hyd,search_generic,Mumbai,137.27,549,12,12,2,1,1,2999
2026-05-17,vrs26_gads_search_corp_hyd,search_generic,Delhi NCR,96.33,422,5,5,1,1,0,0
2026-05-17,vrs26_gads_search_corp_hyd,search_generic,Bengaluru,80.38,335,6,6,1,1,0,0
2026-05-17,vrs26_gads_search_corp_hyd,search_generic,Hyderabad,1752.41,8634,222,222,38,14,9,14790
2026-05-17,vrs26_gads_search_corp_hyd,search_generic,Pune,64.98,282,10,10,0,0,0,0
2026-05-17,vrs26_gads_search_corp_hyd,search_generic,Chennai,43.03,179,3,3,1,1,0,0
2026-05-18,vrs26_gads_search_brand_natl,search_brand,Mumbai,1414.52,5716,131,131,8,5,2,3798
2026-05-18,vrs26_gads_search_brand_natl,search_brand,Delhi NCR,1065.08,4574,87,87,6,4,1,799
2026-05-18,vrs26_gads_search_brand_natl,search_brand,Bengaluru,1027.71,5171,114,114,9,3,3,7797
2026-05-18,vrs26_gads_search_brand_natl,search_brand,Hyderabad,764.39,2889,47,47,4,1,0,0
2026-05-18,vrs26_gads_search_brand_natl,search_brand,Pune,537.33,2337,39,39,3,1,0,0
2026-05-18,vrs26_gads_search_brand_natl,search_brand,Chennai,353.35,1533,30,30,3,0,0,0
2026-05-18,vrs26_gads_search_generic_marathon_natl,search_generic,Mumbai,1926.6,8601,166,166,6,1,0,0
2026-05-18,vrs26_gads_search_generic_marathon_natl,search_generic,Delhi NCR,1721.95,7581,173,173,7,1,1,799
2026-05-18,vrs26_gads_search_generic_marathon_natl,search_generic,Bengaluru,1521.28,6232,104,104,5,3,1,799
2026-05-18,vrs26_gads_search_generic_marathon_natl,search_generic,Hyderabad,1022.01,4510,67,67,4,1,1,1999
2026-05-18,vrs26_gads_search_generic_marathon_natl,search_generic,Pune,657.76,2967,53,53,2,0,0,0
2026-05-18,vrs26_gads_search_generic_marathon_natl,search_generic,Chennai,695.42,3104,68,68,5,2,1,2999
2026-05-18,vrs26_gads_search_generic_10k_natl,search_generic,Mumbai,1248.76,5595,102,102,3,1,1,799
2026-05-18,vrs26_gads_search_generic_10k_natl,search_generic,Delhi NCR,1023.23,4525,72,72,3,2,0,0
2026-05-18,vrs26_gads_search_generic_10k_natl,search_generic,Bengaluru,978.83,4896,84,84,2,0,0,0
2026-05-18,vrs26_gads_search_generic_10k_natl,search_generic,Hyderabad,693.56,2848,73,73,3,0,0,0
2026-05-18,vrs26_gads_search_generic_10k_natl,search_generic,Pune,473.95,2270,55,55,2,1,1,499
2026-05-18,vrs26_gads_search_generic_10k_natl,search_generic,Chennai,346.94,1592,33,33,0,0,0,0
2026-05-18,vrs26_gads_pmax_all_natl,pmax,Mumbai,1791.63,8438,174,174,7,3,0,0
2026-05-18,vrs26_gads_pmax_all_natl,pmax,Delhi NCR,1788.68,6969,99,99,4,1,1,799
2026-05-18,vrs26_gads_pmax_all_natl,pmax,Bengaluru,1429.72,6169,143,143,5,3,3,14296
2026-05-18,vrs26_gads_pmax_all_natl,pmax,Hyderabad,919.17,3822,92,92,4,1,1,1299
2026-05-18,vrs26_gads_pmax_all_natl,pmax,Pune,731.79,3440,59,59,2,1,1,799
2026-05-18,vrs26_gads_pmax_all_natl,pmax,Chennai,586.2,2804,72,72,2,1,1,3499
2026-05-18,vrs26_gads_pmax_mum,pmax,Mumbai,3256.2,12867,253,253,8,2,2,5797
2026-05-18,vrs26_gads_pmax_mum,pmax,Delhi NCR,198.86,743,21,21,1,0,0,0
2026-05-18,vrs26_gads_pmax_mum,pmax,Bengaluru,143.32,682,14,14,1,0,0,0
2026-05-18,vrs26_gads_pmax_mum,pmax,Hyderabad,107.8,509,10,10,0,0,0,0
2026-05-18,vrs26_gads_pmax_mum,pmax,Pune,90.53,365,13,13,0,0,0,0
2026-05-18,vrs26_gads_pmax_mum,pmax,Chennai,75.07,382,8,8,0,0,0,0
2026-05-18,vrs26_gads_pmax_blr,pmax,Mumbai,205.24,902,19,19,1,0,0,0
2026-05-18,vrs26_gads_pmax_blr,pmax,Delhi NCR,161.75,591,14,14,0,0,0,0
2026-05-18,vrs26_gads_pmax_blr,pmax,Bengaluru,2771.06,11278,209,209,10,5,4,4196
2026-05-18,vrs26_gads_pmax_blr,pmax,Hyderabad,103.65,473,9,9,0,0,0,0
2026-05-18,vrs26_gads_pmax_blr,pmax,Pune,73.04,302,4,4,1,0,0,0
2026-05-18,vrs26_gads_pmax_blr,pmax,Chennai,60.67,271,4,4,1,1,1,799
2026-05-18,vrs26_gads_display_remarketing_natl,display,Mumbai,865.87,3030,57,57,1,0,0,0
2026-05-18,vrs26_gads_display_remarketing_natl,display,Delhi NCR,789.76,3853,85,85,3,1,1,2598
2026-05-18,vrs26_gads_display_remarketing_natl,display,Bengaluru,719.71,3318,71,71,2,1,0,0
2026-05-18,vrs26_gads_display_remarketing_natl,display,Hyderabad,457.2,1859,36,36,2,2,2,9498
2026-05-18,vrs26_gads_display_remarketing_natl,display,Pune,454.95,2140,47,47,0,0,0,0
2026-05-18,vrs26_gads_display_remarketing_natl,display,Chennai,286.47,1101,29,29,0,0,0,0
2026-05-18,vrs26_gads_yt_instream_natl,youtube,Mumbai,978.09,3966,76,76,1,0,0,0
2026-05-18,vrs26_gads_yt_instream_natl,youtube,Delhi NCR,975.77,4329,57,57,1,0,0,0
2026-05-18,vrs26_gads_yt_instream_natl,youtube,Bengaluru,1053.93,5087,114,114,3,2,2,2598
2026-05-18,vrs26_gads_yt_instream_natl,youtube,Hyderabad,652.79,2883,49,49,2,1,0,0
2026-05-18,vrs26_gads_yt_instream_natl,youtube,Pune,422.04,1746,31,31,0,0,0,0
2026-05-18,vrs26_gads_yt_instream_natl,youtube,Chennai,285.56,1043,17,17,0,0,0,0
2026-05-18,vrs26_gads_search_competitor_natl,search_generic,Mumbai,613.52,2431,77,77,2,0,0,0
2026-05-18,vrs26_gads_search_competitor_natl,search_generic,Delhi NCR,514.89,2169,46,46,0,0,0,0
2026-05-18,vrs26_gads_search_competitor_natl,search_generic,Bengaluru,472.31,2061,32,32,1,1,0,0
2026-05-18,vrs26_gads_search_competitor_natl,search_generic,Hyderabad,359.36,1601,40,40,2,2,2,1298
2026-05-18,vrs26_gads_search_competitor_natl,search_generic,Pune,239.96,929,25,25,1,0,0,0
2026-05-18,vrs26_gads_search_competitor_natl,search_generic,Chennai,182.59,782,19,19,1,1,1,1299
2026-05-18,vrs26_gads_search_corp_hyd,search_generic,Mumbai,136.3,583,18,18,1,0,0,0
2026-05-18,vrs26_gads_search_corp_hyd,search_generic,Delhi NCR,113.16,463,17,17,1,0,0,0
2026-05-18,vrs26_gads_search_corp_hyd,search_generic,Bengaluru,102.38,481,8,8,0,0,0,0
2026-05-18,vrs26_gads_search_corp_hyd,search_generic,Hyderabad,1446.16,6410,100,100,4,2,1,1598
2026-05-18,vrs26_gads_search_corp_hyd,search_generic,Pune,53.55,215,3,3,0,0,0,0
2026-05-18,vrs26_gads_search_corp_hyd,search_generic,Chennai,34.7,149,4,4,0,0,0,0
2026-05-19,vrs26_gads_search_brand_natl,search_brand,Mumbai,1567.66,6233,103,103,9,4,2,2598
2026-05-19,vrs26_gads_search_brand_natl,search_brand,Delhi NCR,1636.87,6619,115,115,10,3,2,3498
2026-05-19,vrs26_gads_search_brand_natl,search_brand,Bengaluru,1372.37,5890,126,126,10,4,2,7997
2026-05-19,vrs26_gads_search_brand_natl,search_brand,Hyderabad,1058.61,4024,88,88,9,6,2,2098
2026-05-19,vrs26_gads_search_brand_natl,search_brand,Pune,690.73,2600,54,54,4,3,1,2999
2026-05-19,vrs26_gads_search_brand_natl,search_brand,Chennai,450.44,1602,35,35,3,2,2,2798
2026-05-19,vrs26_gads_search_generic_marathon_natl,search_generic,Mumbai,2619.63,9474,200,200,9,2,2,3298
2026-05-19,vrs26_gads_search_generic_marathon_natl,search_generic,Delhi NCR,1946.59,8217,181,181,10,5,3,5396
2026-05-19,vrs26_gads_search_generic_marathon_natl,search_generic,Bengaluru,2171.86,9379,221,221,10,4,4,7096
2026-05-19,vrs26_gads_search_generic_marathon_natl,search_generic,Hyderabad,1300.21,5750,142,142,6,2,1,2999
2026-05-19,vrs26_gads_search_generic_marathon_natl,search_generic,Pune,1033.02,3789,94,94,3,0,0,0
2026-05-19,vrs26_gads_search_generic_marathon_natl,search_generic,Chennai,833.09,3294,83,83,2,0,0,0
2026-05-19,vrs26_gads_search_generic_10k_natl,search_generic,Mumbai,1659.73,6162,165,165,6,2,2,4298
2026-05-19,vrs26_gads_search_generic_10k_natl,search_generic,Delhi NCR,1269.67,4562,100,100,3,1,0,0
2026-05-19,vrs26_gads_search_generic_10k_natl,search_generic,Bengaluru,1228.99,5204,120,120,6,3,0,0
2026-05-19,vrs26_gads_search_generic_10k_natl,search_generic,Hyderabad,971.76,3929,95,95,4,2,1,3499
2026-05-19,vrs26_gads_search_generic_10k_natl,search_generic,Pune,627.19,2264,64,64,3,2,1,1299
2026-05-19,vrs26_gads_search_generic_10k_natl,search_generic,Chennai,498.06,1959,36,36,1,1,1,499
2026-05-19,vrs26_gads_pmax_all_natl,pmax,Mumbai,2092.21,7171,136,136,6,3,2,4298
2026-05-19,vrs26_gads_pmax_all_natl,pmax,Delhi NCR,2236.42,8945,193,193,10,1,1,1999
2026-05-19,vrs26_gads_pmax_all_natl,pmax,Bengaluru,2092.63,7950,155,155,4,2,0,0
2026-05-19,vrs26_gads_pmax_all_natl,pmax,Hyderabad,1406.04,6262,144,144,6,3,3,10297
2026-05-19,vrs26_gads_pmax_all_natl,pmax,Pune,986.46,4338,85,85,3,1,0,0
2026-05-19,vrs26_gads_pmax_all_natl,pmax,Chennai,699.68,3066,85,85,3,2,0,0
2026-05-19,vrs26_gads_pmax_mum,pmax,Mumbai,4347.71,19437,342,342,6,1,1,5998
2026-05-19,vrs26_gads_pmax_mum,pmax,Delhi NCR,200.73,707,7,7,0,0,0,0
2026-05-19,vrs26_gads_pmax_mum,pmax,Bengaluru,207.88,757,13,13,0,0,0,0
2026-05-19,vrs26_gads_pmax_mum,pmax,Hyderabad,147.2,541,13,13,0,0,0,0
2026-05-19,vrs26_gads_pmax_mum,pmax,Pune,105.52,426,13,13,1,0,0,0
2026-05-19,vrs26_gads_pmax_mum,pmax,Chennai,73.48,303,9,9,0,0,0,0
2026-05-19,vrs26_gads_pmax_blr,pmax,Mumbai,301.59,1099,29,29,2,1,1,1299
2026-05-19,vrs26_gads_pmax_blr,pmax,Delhi NCR,191.5,790,9,9,1,0,0,0
2026-05-19,vrs26_gads_pmax_blr,pmax,Bengaluru,3649.53,13891,350,350,14,4,1,1299
2026-05-19,vrs26_gads_pmax_blr,pmax,Hyderabad,118.76,494,11,11,0,0,0,0
2026-05-19,vrs26_gads_pmax_blr,pmax,Pune,100.82,397,10,10,0,0,0,0
2026-05-19,vrs26_gads_pmax_blr,pmax,Chennai,68.72,275,3,3,0,0,0,0
2026-05-19,vrs26_gads_display_remarketing_natl,display,Mumbai,1247.59,4929,105,105,3,1,0,0
2026-05-19,vrs26_gads_display_remarketing_natl,display,Delhi NCR,1013.97,4153,70,70,1,1,1,1299
2026-05-19,vrs26_gads_display_remarketing_natl,display,Bengaluru,855.88,3427,52,52,1,0,0,0
2026-05-19,vrs26_gads_display_remarketing_natl,display,Hyderabad,705.63,2836,40,40,1,0,0,0
2026-05-19,vrs26_gads_display_remarketing_natl,display,Pune,520.12,1741,34,34,0,0,0,0
2026-05-19,vrs26_gads_display_remarketing_natl,display,Chennai,348.36,1413,33,33,2,2,2,2998
2026-05-19,vrs26_gads_yt_instream_natl,youtube,Mumbai,1541.72,5710,135,135,4,1,0,0
2026-05-19,vrs26_gads_yt_instream_natl,youtube,Delhi NCR,1220.12,5104,144,144,3,1,0,0
2026-05-19,vrs26_gads_yt_instream_natl,youtube,Bengaluru,1096.35,4636,109,109,2,2,1,2999
2026-05-19,vrs26_gads_yt_instream_natl,youtube,Hyderabad,871.71,3401,97,97,1,0,0,0
2026-05-19,vrs26_gads_yt_instream_natl,youtube,Pune,545.87,2216,24,24,1,0,0,0
2026-05-19,vrs26_gads_yt_instream_natl,youtube,Chennai,458.36,1741,38,38,1,0,0,0
2026-05-19,vrs26_gads_search_competitor_natl,search_generic,Mumbai,878.2,3668,72,72,2,1,1,799
2026-05-19,vrs26_gads_search_competitor_natl,search_generic,Delhi NCR,695.01,2486,55,55,2,0,0,0
2026-05-19,vrs26_gads_search_competitor_natl,search_generic,Bengaluru,602.28,2452,27,27,2,0,0,0
2026-05-19,vrs26_gads_search_competitor_natl,search_generic,Hyderabad,376.54,1462,43,43,1,0,0,0
2026-05-19,vrs26_gads_search_competitor_natl,search_generic,Pune,346.56,1394,36,36,2,0,0,0
2026-05-19,vrs26_gads_search_competitor_natl,search_generic,Chennai,229.13,1039,14,14,0,0,0,0
2026-05-19,vrs26_gads_search_corp_hyd,search_generic,Mumbai,130.08,541,9,9,0,0,0,0
2026-05-19,vrs26_gads_search_corp_hyd,search_generic,Delhi NCR,107.83,412,6,6,0,0,0,0
2026-05-19,vrs26_gads_search_corp_hyd,search_generic,Bengaluru,88,337,3,3,0,0,0,0
2026-05-19,vrs26_gads_search_corp_hyd,search_generic,Hyderabad,2060.58,7035,97,97,3,0,0,0
2026-05-19,vrs26_gads_search_corp_hyd,search_generic,Pune,47.34,167,3,3,0,0,0,0
2026-05-19,vrs26_gads_search_corp_hyd,search_generic,Chennai,42.29,164,3,3,0,0,0,0
2026-05-20,vrs26_gads_search_brand_natl,search_brand,Mumbai,1158.32,5561,124,124,10,6,4,7596
2026-05-20,vrs26_gads_search_brand_natl,search_brand,Delhi NCR,1162.93,4643,94,94,6,2,2,2098
2026-05-20,vrs26_gads_search_brand_natl,search_brand,Bengaluru,1109.7,4635,87,87,7,4,2,3798
2026-05-20,vrs26_gads_search_brand_natl,search_brand,Hyderabad,750.14,3474,90,90,7,3,2,8498
2026-05-20,vrs26_gads_search_brand_natl,search_brand,Pune,456.93,2106,47,47,2,0,0,0
2026-05-20,vrs26_gads_search_brand_natl,search_brand,Chennai,515.71,2315,59,59,4,1,1,799
2026-05-20,vrs26_gads_search_generic_marathon_natl,search_generic,Mumbai,2023.58,8689,226,226,8,2,2,2098
2026-05-20,vrs26_gads_search_generic_marathon_natl,search_generic,Delhi NCR,1562.85,7166,118,118,7,4,1,799
2026-05-20,vrs26_gads_search_generic_marathon_natl,search_generic,Bengaluru,1624.69,7033,158,158,8,2,0,0
2026-05-20,vrs26_gads_search_generic_marathon_natl,search_generic,Hyderabad,1077.06,4402,90,90,3,0,0,0
2026-05-20,vrs26_gads_search_generic_marathon_natl,search_generic,Pune,740,2994,78,78,2,0,0,0
2026-05-20,vrs26_gads_search_generic_marathon_natl,search_generic,Chennai,504.19,2170,49,49,2,1,0,0
2026-05-20,vrs26_gads_search_generic_10k_natl,search_generic,Mumbai,1240.54,4955,130,130,4,1,0,0
2026-05-20,vrs26_gads_search_generic_10k_natl,search_generic,Delhi NCR,1045.72,5039,83,83,3,0,0,0
2026-05-20,vrs26_gads_search_generic_10k_natl,search_generic,Bengaluru,1006.13,3530,79,79,2,2,0,0
2026-05-20,vrs26_gads_search_generic_10k_natl,search_generic,Hyderabad,591.34,2735,65,65,3,1,0,0
2026-05-20,vrs26_gads_search_generic_10k_natl,search_generic,Pune,494.27,2196,44,44,1,0,0,0
2026-05-20,vrs26_gads_search_generic_10k_natl,search_generic,Chennai,379.28,1493,32,32,2,1,0,0
2026-05-20,vrs26_gads_pmax_all_natl,pmax,Mumbai,1894.05,8250,214,214,9,3,1,799
2026-05-20,vrs26_gads_pmax_all_natl,pmax,Delhi NCR,1525.88,6591,142,142,6,2,2,1598
2026-05-20,vrs26_gads_pmax_all_natl,pmax,Bengaluru,1357.85,6485,149,149,4,4,1,799
2026-05-20,vrs26_gads_pmax_all_natl,pmax,Hyderabad,920.89,3944,105,105,3,1,1,2499
2026-05-20,vrs26_gads_pmax_all_natl,pmax,Pune,888.78,3799,55,55,2,0,0,0
2026-05-20,vrs26_gads_pmax_all_natl,pmax,Chennai,647.6,2768,55,55,3,1,1,1299
2026-05-20,vrs26_gads_pmax_mum,pmax,Mumbai,3136.51,12568,295,295,10,3,1,799
2026-05-20,vrs26_gads_pmax_mum,pmax,Delhi NCR,240.53,1015,19,19,0,0,0,0
2026-05-20,vrs26_gads_pmax_mum,pmax,Bengaluru,172.3,699,10,10,1,0,0,0
2026-05-20,vrs26_gads_pmax_mum,pmax,Hyderabad,116.69,511,7,7,0,0,0,0
2026-05-20,vrs26_gads_pmax_mum,pmax,Pune,120.91,490,4,4,0,0,0,0
2026-05-20,vrs26_gads_pmax_mum,pmax,Chennai,78.37,370,0,0,0,0,0,0
2026-05-20,vrs26_gads_pmax_blr,pmax,Mumbai,226.37,1035,16,16,0,0,0,0
2026-05-20,vrs26_gads_pmax_blr,pmax,Delhi NCR,188.6,809,16,16,0,0,0,0
2026-05-20,vrs26_gads_pmax_blr,pmax,Bengaluru,2665.98,10628,188,188,6,5,2,3897
2026-05-20,vrs26_gads_pmax_blr,pmax,Hyderabad,117.3,520,8,8,0,0,0,0
2026-05-20,vrs26_gads_pmax_blr,pmax,Pune,90.3,374,9,9,0,0,0,0
2026-05-20,vrs26_gads_pmax_blr,pmax,Chennai,81.2,303,6,6,0,0,0,0
2026-05-20,vrs26_gads_display_remarketing_natl,display,Mumbai,920.11,3775,66,66,1,0,0,0
2026-05-20,vrs26_gads_display_remarketing_natl,display,Delhi NCR,760.24,3868,68,68,1,0,0,0
2026-05-20,vrs26_gads_display_remarketing_natl,display,Bengaluru,713,2990,59,59,1,0,0,0
2026-05-20,vrs26_gads_display_remarketing_natl,display,Hyderabad,522.75,2107,54,54,2,1,0,0
2026-05-20,vrs26_gads_display_remarketing_natl,display,Pune,363.66,1603,27,27,0,0,0,0
2026-05-20,vrs26_gads_display_remarketing_natl,display,Chennai,288.21,1175,22,22,0,0,0,0
2026-05-20,vrs26_gads_yt_instream_natl,youtube,Mumbai,1157.8,5002,130,130,3,2,1,1999
2026-05-20,vrs26_gads_yt_instream_natl,youtube,Delhi NCR,964.29,4215,98,98,2,0,0,0
2026-05-20,vrs26_gads_yt_instream_natl,youtube,Bengaluru,849.74,3552,64,64,2,1,1,1299
2026-05-20,vrs26_gads_yt_instream_natl,youtube,Hyderabad,655.08,2527,62,62,2,0,0,0
2026-05-20,vrs26_gads_yt_instream_natl,youtube,Pune,441.29,1799,42,42,2,0,0,0
2026-05-20,vrs26_gads_yt_instream_natl,youtube,Chennai,292.65,1138,25,25,0,0,0,0
2026-05-20,vrs26_gads_yt_shorts_natl,youtube,Mumbai,746.94,3056,64,64,1,0,0,0
2026-05-20,vrs26_gads_yt_shorts_natl,youtube,Delhi NCR,538.63,2083,44,44,1,1,1,2999
2026-05-20,vrs26_gads_yt_shorts_natl,youtube,Bengaluru,616.15,2615,35,35,2,1,1,1299
2026-05-20,vrs26_gads_yt_shorts_natl,youtube,Hyderabad,328.37,1370,29,29,0,0,0,0
2026-05-20,vrs26_gads_yt_shorts_natl,youtube,Pune,310.35,1402,37,37,1,1,0,0
2026-05-20,vrs26_gads_yt_shorts_natl,youtube,Chennai,234.65,775,18,18,1,0,0,0
2026-05-20,vrs26_gads_search_competitor_natl,search_generic,Mumbai,552.71,2422,43,43,2,1,0,0
2026-05-20,vrs26_gads_search_competitor_natl,search_generic,Delhi NCR,519.47,1878,31,31,2,2,1,1999
2026-05-20,vrs26_gads_search_competitor_natl,search_generic,Bengaluru,525.21,2305,39,39,1,1,1,799
2026-05-20,vrs26_gads_search_competitor_natl,search_generic,Hyderabad,357.75,1611,33,33,1,0,0,0
2026-05-20,vrs26_gads_search_competitor_natl,search_generic,Pune,236.78,950,14,14,0,0,0,0
2026-05-20,vrs26_gads_search_competitor_natl,search_generic,Chennai,186.72,658,7,7,0,0,0,0
2026-05-20,vrs26_gads_search_corp_hyd,search_generic,Mumbai,105.72,491,6,6,0,0,0,0
2026-05-20,vrs26_gads_search_corp_hyd,search_generic,Delhi NCR,98.82,443,10,10,0,0,0,0
2026-05-20,vrs26_gads_search_corp_hyd,search_generic,Bengaluru,105.15,412,7,7,1,0,0,0
2026-05-20,vrs26_gads_search_corp_hyd,search_generic,Hyderabad,1483.8,7051,109,109,4,2,1,799
2026-05-20,vrs26_gads_search_corp_hyd,search_generic,Pune,52.91,227,7,7,0,0,0,0
2026-05-20,vrs26_gads_search_corp_hyd,search_generic,Chennai,36.68,164,4,4,0,0,0,0
2026-05-21,vrs26_gads_search_brand_natl,search_brand,Mumbai,1456.63,6396,144,144,28,15,14,43984
2026-05-21,vrs26_gads_search_brand_natl,search_brand,Delhi NCR,1259.51,4866,124,124,27,12,5,12394
2026-05-21,vrs26_gads_search_brand_natl,search_brand,Bengaluru,1256.15,5972,137,137,30,11,7,17093
2026-05-21,vrs26_gads_search_brand_natl,search_brand,Hyderabad,789.02,3120,63,63,23,9,5,5695
2026-05-21,vrs26_gads_search_brand_natl,search_brand,Pune,457.55,1777,30,30,9,4,1,1999
2026-05-21,vrs26_gads_search_brand_natl,search_brand,Chennai,382.24,1590,33,33,4,2,1,1999
2026-05-21,vrs26_gads_search_generic_marathon_natl,search_generic,Mumbai,2095.04,8018,149,149,13,3,3,3796
2026-05-21,vrs26_gads_search_generic_marathon_natl,search_generic,Delhi NCR,1996.21,7175,162,162,19,9,6,7694
2026-05-21,vrs26_gads_search_generic_marathon_natl,search_generic,Bengaluru,1374.44,5543,107,107,15,4,3,2397
2026-05-21,vrs26_gads_search_generic_marathon_natl,search_generic,Hyderabad,1346.97,6338,105,105,13,5,5,6695
2026-05-21,vrs26_gads_search_generic_marathon_natl,search_generic,Pune,705.22,2916,56,56,10,2,2,2598
2026-05-21,vrs26_gads_search_generic_marathon_natl,search_generic,Chennai,668.34,2541,51,51,9,3,2,1798
2026-05-21,vrs26_gads_search_generic_10k_natl,search_generic,Mumbai,1206.01,4574,63,63,10,3,2,8498
2026-05-21,vrs26_gads_search_generic_10k_natl,search_generic,Delhi NCR,1030.76,4593,84,84,10,3,1,1999
2026-05-21,vrs26_gads_search_generic_10k_natl,search_generic,Bengaluru,1169.09,4714,95,95,14,6,3,5797
2026-05-21,vrs26_gads_search_generic_10k_natl,search_generic,Hyderabad,794.47,3329,61,61,5,0,0,0
2026-05-21,vrs26_gads_search_generic_10k_natl,search_generic,Pune,565.5,2202,30,30,5,1,1,1999
2026-05-21,vrs26_gads_search_generic_10k_natl,search_generic,Chennai,404.41,1465,41,41,5,1,1,499
2026-05-21,vrs26_gads_pmax_all_natl,pmax,Mumbai,2163.66,8896,201,201,17,6,1,499
2026-05-21,vrs26_gads_pmax_all_natl,pmax,Delhi NCR,1963.23,7659,194,194,19,4,1,1299
2026-05-21,vrs26_gads_pmax_all_natl,pmax,Bengaluru,1451.47,5299,108,108,6,1,0,0
2026-05-21,vrs26_gads_pmax_all_natl,pmax,Hyderabad,904.51,3958,73,73,3,2,1,1299
2026-05-21,vrs26_gads_pmax_all_natl,pmax,Pune,726.88,3286,65,65,8,2,2,2598
2026-05-21,vrs26_gads_pmax_all_natl,pmax,Chennai,653.32,2664,45,45,7,1,1,1299
2026-05-21,vrs26_gads_pmax_mum,pmax,Mumbai,3534.95,11631,277,277,36,14,5,9395
2026-05-21,vrs26_gads_pmax_mum,pmax,Delhi NCR,191.49,884,13,13,2,2,1,2999
2026-05-21,vrs26_gads_pmax_mum,pmax,Bengaluru,199.11,847,29,29,3,2,1,1299
2026-05-21,vrs26_gads_pmax_mum,pmax,Hyderabad,116.46,396,5,5,2,1,0,0
2026-05-21,vrs26_gads_pmax_mum,pmax,Pune,82.17,304,6,6,0,0,0,0
2026-05-21,vrs26_gads_pmax_mum,pmax,Chennai,76.65,334,8,8,0,0,0,0
2026-05-21,vrs26_gads_pmax_blr,pmax,Mumbai,247.56,1014,18,18,1,0,0,0
2026-05-21,vrs26_gads_pmax_blr,pmax,Delhi NCR,236.82,945,27,27,5,2,1,799
2026-05-21,vrs26_gads_pmax_blr,pmax,Bengaluru,2894.04,11871,281,281,33,13,6,11894
2026-05-21,vrs26_gads_pmax_blr,pmax,Hyderabad,119.47,437,12,12,4,1,0,0
2026-05-21,vrs26_gads_pmax_blr,pmax,Pune,97.19,441,9,9,1,0,0,0
2026-05-21,vrs26_gads_pmax_blr,pmax,Chennai,67.18,339,5,5,0,0,0,0
2026-05-21,vrs26_gads_display_remarketing_natl,display,Mumbai,1003.07,4102,77,77,5,1,0,0
2026-05-21,vrs26_gads_display_remarketing_natl,display,Delhi NCR,848.52,2823,62,62,7,5,2,1598
2026-05-21,vrs26_gads_display_remarketing_natl,display,Bengaluru,774.71,2741,52,52,4,1,0,0
2026-05-21,vrs26_gads_display_remarketing_natl,display,Hyderabad,584.22,2389,44,44,7,3,0,0
2026-05-21,vrs26_gads_display_remarketing_natl,display,Pune,371.62,1474,37,37,5,1,1,1299
2026-05-21,vrs26_gads_display_remarketing_natl,display,Chennai,295.55,1243,23,23,4,1,0,0
2026-05-21,vrs26_gads_yt_instream_natl,youtube,Mumbai,1153.8,5261,131,131,11,5,3,10297
2026-05-21,vrs26_gads_yt_instream_natl,youtube,Delhi NCR,1005.17,4539,93,93,4,0,0,0
2026-05-21,vrs26_gads_yt_instream_natl,youtube,Bengaluru,1067.44,4345,83,83,4,2,1,799
2026-05-21,vrs26_gads_yt_instream_natl,youtube,Hyderabad,663.64,3168,75,75,4,1,0,0
2026-05-21,vrs26_gads_yt_instream_natl,youtube,Pune,388.96,1731,41,41,4,2,1,1999
2026-05-21,vrs26_gads_yt_instream_natl,youtube,Chennai,460.38,2070,38,38,3,2,2,2098
2026-05-21,vrs26_gads_yt_shorts_natl,youtube,Mumbai,734.95,3309,84,84,4,2,1,998
2026-05-21,vrs26_gads_yt_shorts_natl,youtube,Delhi NCR,718.44,2791,72,72,3,0,0,0
2026-05-21,vrs26_gads_yt_shorts_natl,youtube,Bengaluru,639.04,2763,53,53,2,1,1,799
2026-05-21,vrs26_gads_yt_shorts_natl,youtube,Hyderabad,369.63,1549,32,32,2,0,0,0
2026-05-21,vrs26_gads_yt_shorts_natl,youtube,Pune,307.14,1019,13,13,1,0,0,0
2026-05-21,vrs26_gads_yt_shorts_natl,youtube,Chennai,246.78,1009,18,18,1,1,0,0
2026-05-21,vrs26_gads_search_competitor_natl,search_generic,Mumbai,596.03,2202,54,54,8,1,1,499
2026-05-21,vrs26_gads_search_competitor_natl,search_generic,Delhi NCR,562.6,2441,48,48,0,0,0,0
2026-05-21,vrs26_gads_search_competitor_natl,search_generic,Bengaluru,614.86,2773,63,63,6,2,1,2999
2026-05-21,vrs26_gads_search_competitor_natl,search_generic,Hyderabad,333.91,1315,32,32,4,0,0,0
2026-05-21,vrs26_gads_search_competitor_natl,search_generic,Pune,271.73,1133,29,29,3,2,1,799
2026-05-21,vrs26_gads_search_competitor_natl,search_generic,Chennai,206,895,16,16,1,1,1,1299
2026-05-21,vrs26_gads_search_corp_hyd,search_generic,Mumbai,126.58,456,7,7,1,1,1,799
2026-05-21,vrs26_gads_search_corp_hyd,search_generic,Delhi NCR,98.11,431,0,0,0,0,0,0
2026-05-21,vrs26_gads_search_corp_hyd,search_generic,Bengaluru,106.48,430,7,7,0,0,0,0
2026-05-21,vrs26_gads_search_corp_hyd,search_generic,Hyderabad,1639.27,6455,158,158,14,5,3,6096
2026-05-21,vrs26_gads_search_corp_hyd,search_generic,Pune,41.35,188,0,0,0,0,0,0
2026-05-21,vrs26_gads_search_corp_hyd,search_generic,Chennai,34.78,124,1,1,0,0,0,0
2026-05-22,vrs26_gads_search_brand_natl,search_brand,Mumbai,1658.07,6824,116,116,30,12,9,22189
2026-05-22,vrs26_gads_search_brand_natl,search_brand,Delhi NCR,1306.58,5537,159,159,42,19,7,13993
2026-05-22,vrs26_gads_search_brand_natl,search_brand,Bengaluru,1054.72,3895,90,90,16,9,7,14693
2026-05-22,vrs26_gads_search_brand_natl,search_brand,Hyderabad,901.14,3402,79,79,11,5,3,4297
2026-05-22,vrs26_gads_search_brand_natl,search_brand,Pune,540.04,2099,36,36,10,5,5,10094
2026-05-22,vrs26_gads_search_brand_natl,search_brand,Chennai,496.21,2180,25,25,2,1,1,2999
2026-05-22,vrs26_gads_search_generic_marathon_natl,search_generic,Mumbai,2468.87,10154,213,213,28,14,10,16190
2026-05-22,vrs26_gads_search_generic_marathon_natl,search_generic,Delhi NCR,1992.82,8483,153,153,20,8,3,2297
2026-05-22,vrs26_gads_search_generic_marathon_natl,search_generic,Bengaluru,1692.46,6851,137,137,16,10,4,10395
2026-05-22,vrs26_gads_search_generic_marathon_natl,search_generic,Hyderabad,989.25,3880,67,67,12,6,4,4096
2026-05-22,vrs26_gads_search_generic_marathon_natl,search_generic,Pune,811.9,3059,72,72,10,1,1,799
2026-05-22,vrs26_gads_search_generic_marathon_natl,search_generic,Chennai,750.72,3007,59,59,10,4,3,3297
2026-05-22,vrs26_gads_search_generic_10k_natl,search_generic,Mumbai,1478.34,5929,144,144,17,6,5,13595
2026-05-22,vrs26_gads_search_generic_10k_natl,search_generic,Delhi NCR,1131.08,4741,92,92,9,2,2,1298
2026-05-22,vrs26_gads_search_generic_10k_natl,search_generic,Bengaluru,1093.08,4673,82,82,8,1,1,499
2026-05-22,vrs26_gads_search_generic_10k_natl,search_generic,Hyderabad,749.63,2799,50,50,5,2,0,0
2026-05-22,vrs26_gads_search_generic_10k_natl,search_generic,Pune,613.05,2817,63,63,8,2,1,799
2026-05-22,vrs26_gads_search_generic_10k_natl,search_generic,Chennai,433.36,2004,26,26,2,0,0,0
2026-05-22,vrs26_gads_pmax_all_natl,pmax,Mumbai,2018.31,7523,163,163,21,7,6,11394
2026-05-22,vrs26_gads_pmax_all_natl,pmax,Delhi NCR,1969.66,7606,100,100,13,7,4,6796
2026-05-22,vrs26_gads_pmax_all_natl,pmax,Bengaluru,1864.76,8272,181,181,29,8,5,7895
2026-05-22,vrs26_gads_pmax_all_natl,pmax,Hyderabad,1129.18,4547,102,102,14,2,1,799
2026-05-22,vrs26_gads_pmax_all_natl,pmax,Pune,752.8,2939,53,53,3,1,0,0
2026-05-22,vrs26_gads_pmax_all_natl,pmax,Chennai,627.66,2525,56,56,11,3,2,5498
2026-05-22,vrs26_gads_pmax_mum,pmax,Mumbai,3698.34,15919,337,337,37,14,5,8395
2026-05-22,vrs26_gads_pmax_mum,pmax,Delhi NCR,193.72,757,22,22,5,0,0,0
2026-05-22,vrs26_gads_pmax_mum,pmax,Bengaluru,213.03,782,22,22,1,0,0,0
2026-05-22,vrs26_gads_pmax_mum,pmax,Hyderabad,181.15,788,17,17,2,1,1,499
2026-05-22,vrs26_gads_pmax_mum,pmax,Pune,93.79,362,8,8,2,1,1,799
2026-05-22,vrs26_gads_pmax_mum,pmax,Chennai,87.53,367,8,8,1,0,0,0
2026-05-22,vrs26_gads_pmax_blr,pmax,Mumbai,213.28,800,22,22,5,0,0,0
2026-05-22,vrs26_gads_pmax_blr,pmax,Delhi NCR,180.24,707,16,16,1,1,0,0
2026-05-22,vrs26_gads_pmax_blr,pmax,Bengaluru,3227.29,11258,226,226,26,7,5,6895
2026-05-22,vrs26_gads_pmax_blr,pmax,Hyderabad,124.03,592,3,3,1,1,1,2598
2026-05-22,vrs26_gads_pmax_blr,pmax,Pune,76.48,375,8,8,0,0,0,0
2026-05-22,vrs26_gads_pmax_blr,pmax,Chennai,73.49,298,7,7,0,0,0,0
2026-05-22,vrs26_gads_display_remarketing_natl,display,Mumbai,1039.1,4008,87,87,6,4,2,1598
2026-05-22,vrs26_gads_display_remarketing_natl,display,Delhi NCR,915.72,3770,76,76,6,1,0,0
2026-05-22,vrs26_gads_display_remarketing_natl,display,Bengaluru,834.36,3416,66,66,3,2,1,1598
2026-05-22,vrs26_gads_display_remarketing_natl,display,Hyderabad,529.82,1856,34,34,5,1,1,799
2026-05-22,vrs26_gads_display_remarketing_natl,display,Pune,447.16,1854,39,39,5,1,1,2999
2026-05-22,vrs26_gads_display_remarketing_natl,display,Chennai,357.75,1362,25,25,3,1,1,799
2026-05-22,vrs26_gads_yt_instream_natl,youtube,Mumbai,1326.05,5254,98,98,8,1,1,499
2026-05-22,vrs26_gads_yt_instream_natl,youtube,Delhi NCR,1083.17,4255,71,71,6,1,1,799
2026-05-22,vrs26_gads_yt_instream_natl,youtube,Bengaluru,1086.06,4515,112,112,8,5,1,799
2026-05-22,vrs26_gads_yt_instream_natl,youtube,Hyderabad,763.45,3045,66,66,5,1,0,0
2026-05-22,vrs26_gads_yt_instream_natl,youtube,Pune,448.41,1907,35,35,5,2,1,1299
2026-05-22,vrs26_gads_yt_instream_natl,youtube,Chennai,333.2,1483,24,24,0,0,0,0
2026-05-22,vrs26_gads_yt_shorts_natl,youtube,Mumbai,818.07,3346,78,78,1,0,0,0
2026-05-22,vrs26_gads_yt_shorts_natl,youtube,Delhi NCR,738.76,2910,42,42,3,0,0,0
2026-05-22,vrs26_gads_yt_shorts_natl,youtube,Bengaluru,695.81,2899,60,60,5,3,3,2597
2026-05-22,vrs26_gads_yt_shorts_natl,youtube,Hyderabad,406.05,1658,25,25,0,0,0,0
2026-05-22,vrs26_gads_yt_shorts_natl,youtube,Pune,296.49,1113,21,21,0,0,0,0
2026-05-22,vrs26_gads_yt_shorts_natl,youtube,Chennai,252.32,962,21,21,2,1,1,799
2026-05-22,vrs26_gads_search_competitor_natl,search_generic,Mumbai,755.74,3064,65,65,3,0,0,0
2026-05-22,vrs26_gads_search_competitor_natl,search_generic,Delhi NCR,633.02,2683,59,59,7,3,2,2498
2026-05-22,vrs26_gads_search_competitor_natl,search_generic,Bengaluru,461.32,1944,47,47,3,0,0,0
2026-05-22,vrs26_gads_search_competitor_natl,search_generic,Hyderabad,423.18,1742,28,28,2,0,0,0
2026-05-22,vrs26_gads_search_competitor_natl,search_generic,Pune,286.27,1162,23,23,1,0,0,0
2026-05-22,vrs26_gads_search_competitor_natl,search_generic,Chennai,189.75,785,16,16,0,0,0,0
2026-05-22,vrs26_gads_search_corp_hyd,search_generic,Mumbai,120.42,509,7,7,1,0,0,0
2026-05-22,vrs26_gads_search_corp_hyd,search_generic,Delhi NCR,104.15,406,7,7,0,0,0,0
2026-05-22,vrs26_gads_search_corp_hyd,search_generic,Bengaluru,119.76,482,11,11,1,0,0,0
2026-05-22,vrs26_gads_search_corp_hyd,search_generic,Hyderabad,1743.98,6344,155,155,21,5,3,6297
2026-05-22,vrs26_gads_search_corp_hyd,search_generic,Pune,45.6,185,6,6,0,0,0,0
2026-05-22,vrs26_gads_search_corp_hyd,search_generic,Chennai,42.59,158,4,4,0,0,0,0
2026-05-23,vrs26_gads_search_brand_natl,search_brand,Mumbai,1380.27,5526,143,143,29,9,5,13594
2026-05-23,vrs26_gads_search_brand_natl,search_brand,Delhi NCR,855.06,3912,77,77,23,6,3,3397
2026-05-23,vrs26_gads_search_brand_natl,search_brand,Bengaluru,1051.17,4491,83,83,18,11,7,19393
2026-05-23,vrs26_gads_search_brand_natl,search_brand,Hyderabad,742.83,3168,79,79,15,5,3,5297
2026-05-23,vrs26_gads_search_brand_natl,search_brand,Pune,439.29,1880,47,47,9,3,2,3298
2026-05-23,vrs26_gads_search_brand_natl,search_brand,Chennai,398.03,1548,33,33,7,3,3,4597
2026-05-23,vrs26_gads_search_generic_marathon_natl,search_generic,Mumbai,1661.88,7825,150,150,22,9,3,6797
2026-05-23,vrs26_gads_search_generic_marathon_natl,search_generic,Delhi NCR,1617.52,6501,130,130,22,8,7,13093
2026-05-23,vrs26_gads_search_generic_marathon_natl,search_generic,Bengaluru,1314.27,5776,112,112,11,4,3,2597
2026-05-23,vrs26_gads_search_generic_marathon_natl,search_generic,Hyderabad,1127,5505,119,119,14,3,1,2999
2026-05-23,vrs26_gads_search_generic_marathon_natl,search_generic,Pune,792.92,3576,78,78,11,4,1,499
2026-05-23,vrs26_gads_search_generic_marathon_natl,search_generic,Chennai,599.2,2300,62,62,7,2,0,0
2026-05-23,vrs26_gads_search_generic_10k_natl,search_generic,Mumbai,1035.25,5482,107,107,12,6,4,4896
2026-05-23,vrs26_gads_search_generic_10k_natl,search_generic,Delhi NCR,876.68,4144,62,62,11,2,1,1299
2026-05-23,vrs26_gads_search_generic_10k_natl,search_generic,Bengaluru,934.01,4094,84,84,14,7,2,5998
2026-05-23,vrs26_gads_search_generic_10k_natl,search_generic,Hyderabad,684.78,2946,75,75,9,2,1,3499
2026-05-23,vrs26_gads_search_generic_10k_natl,search_generic,Pune,507.84,2008,39,39,2,0,0,0
2026-05-23,vrs26_gads_search_generic_10k_natl,search_generic,Chennai,453.74,1989,45,45,6,1,1,799
2026-05-23,vrs26_gads_pmax_all_natl,pmax,Mumbai,1551.36,7336,143,143,13,8,4,10096
2026-05-23,vrs26_gads_pmax_all_natl,pmax,Delhi NCR,1572.45,8110,179,179,13,2,1,6499
2026-05-23,vrs26_gads_pmax_all_natl,pmax,Bengaluru,1320.14,5725,120,120,12,9,5,8394
2026-05-23,vrs26_gads_pmax_all_natl,pmax,Hyderabad,1058.56,3810,75,75,6,2,2,2598
2026-05-23,vrs26_gads_pmax_all_natl,pmax,Pune,666.94,2959,82,82,14,4,3,8297
2026-05-23,vrs26_gads_pmax_all_natl,pmax,Chennai,662.58,3068,69,69,6,3,2,3298
2026-05-23,vrs26_gads_pmax_mum,pmax,Mumbai,3068.82,12631,267,267,30,15,8,11791
2026-05-23,vrs26_gads_pmax_mum,pmax,Delhi NCR,141.55,537,10,10,0,0,0,0
2026-05-23,vrs26_gads_pmax_mum,pmax,Bengaluru,172.83,706,15,15,2,0,0,0
2026-05-23,vrs26_gads_pmax_mum,pmax,Hyderabad,123.02,499,13,13,3,0,0,0
2026-05-23,vrs26_gads_pmax_mum,pmax,Pune,75.99,291,7,7,1,0,0,0
2026-05-23,vrs26_gads_pmax_mum,pmax,Chennai,67.78,283,10,10,2,1,1,799
2026-05-23,vrs26_gads_pmax_blr,pmax,Mumbai,135.11,418,7,7,0,0,0,0
2026-05-23,vrs26_gads_pmax_blr,pmax,Delhi NCR,139.78,598,5,5,0,0,0,0
2026-05-23,vrs26_gads_pmax_blr,pmax,Bengaluru,2708.48,9997,208,208,30,13,7,19192
2026-05-23,vrs26_gads_pmax_blr,pmax,Hyderabad,86.3,323,5,5,0,0,0,0
2026-05-23,vrs26_gads_pmax_blr,pmax,Pune,62.76,246,1,1,0,0,0,0
2026-05-23,vrs26_gads_pmax_blr,pmax,Chennai,49.61,231,5,5,1,0,0,0
2026-05-23,vrs26_gads_display_remarketing_natl,display,Mumbai,777.55,3316,85,85,10,3,3,3397
2026-05-23,vrs26_gads_display_remarketing_natl,display,Delhi NCR,780.16,3324,65,65,3,2,1,1299
2026-05-23,vrs26_gads_display_remarketing_natl,display,Bengaluru,769.21,3265,69,69,8,1,1,799
2026-05-23,vrs26_gads_display_remarketing_natl,display,Hyderabad,380.46,1665,42,42,5,2,0,0
2026-05-23,vrs26_gads_display_remarketing_natl,display,Pune,371.03,1757,45,45,3,0,0,0
2026-05-23,vrs26_gads_display_remarketing_natl,display,Chennai,290.82,1417,33,33,3,1,1,799
2026-05-23,vrs26_gads_yt_instream_natl,youtube,Mumbai,1015.65,4613,73,73,3,1,1,799
2026-05-23,vrs26_gads_yt_instream_natl,youtube,Delhi NCR,1033.76,4420,78,78,4,1,0,0
2026-05-23,vrs26_gads_yt_instream_natl,youtube,Bengaluru,774.17,3253,52,52,5,2,0,0
2026-05-23,vrs26_gads_yt_instream_natl,youtube,Hyderabad,540.07,2352,47,47,2,1,0,0
2026-05-23,vrs26_gads_yt_instream_natl,youtube,Pune,420.95,1621,33,33,4,1,0,0
2026-05-23,vrs26_gads_yt_instream_natl,youtube,Chennai,333.33,1186,27,27,4,2,1,799
2026-05-23,vrs26_gads_yt_shorts_natl,youtube,Mumbai,594.55,2620,65,65,3,1,0,0
2026-05-23,vrs26_gads_yt_shorts_natl,youtube,Delhi NCR,569.93,2609,51,51,1,1,1,6499
2026-05-23,vrs26_gads_yt_shorts_natl,youtube,Bengaluru,644.28,2969,57,57,5,3,1,799
2026-05-23,vrs26_gads_yt_shorts_natl,youtube,Hyderabad,307.38,1495,32,32,0,0,0,0
2026-05-23,vrs26_gads_yt_shorts_natl,youtube,Pune,277.52,1323,16,16,0,0,0,0
2026-05-23,vrs26_gads_yt_shorts_natl,youtube,Chennai,226.85,993,22,22,2,1,0,0
2026-05-23,vrs26_gads_search_competitor_natl,search_generic,Mumbai,626.82,2640,78,78,0,0,0,0
2026-05-23,vrs26_gads_search_competitor_natl,search_generic,Delhi NCR,489.98,1770,43,43,4,2,0,0
2026-05-23,vrs26_gads_search_competitor_natl,search_generic,Bengaluru,404.75,1744,33,33,4,0,0,0
2026-05-23,vrs26_gads_search_competitor_natl,search_generic,Hyderabad,308.62,1510,23,23,4,2,1,2598
2026-05-23,vrs26_gads_search_competitor_natl,search_generic,Pune,228.86,1145,26,26,2,1,1,1999
2026-05-23,vrs26_gads_search_competitor_natl,search_generic,Chennai,187.11,786,17,17,0,0,0,0
2026-05-23,vrs26_gads_search_corp_hyd,search_generic,Mumbai,115.52,426,8,8,1,0,0,0
2026-05-23,vrs26_gads_search_corp_hyd,search_generic,Delhi NCR,89.56,401,9,9,0,0,0,0
2026-05-23,vrs26_gads_search_corp_hyd,search_generic,Bengaluru,88.26,439,11,11,2,1,1,6499
2026-05-23,vrs26_gads_search_corp_hyd,search_generic,Hyderabad,1411.67,6504,116,116,16,5,3,9797
2026-05-23,vrs26_gads_search_corp_hyd,search_generic,Pune,34.48,172,2,2,0,0,0,0
2026-05-23,vrs26_gads_search_corp_hyd,search_generic,Chennai,38.7,168,6,6,1,0,0,0
2026-05-24,vrs26_gads_search_brand_natl,search_brand,Mumbai,1172.9,5993,95,95,25,14,7,16491
2026-05-24,vrs26_gads_search_brand_natl,search_brand,Delhi NCR,973.5,4490,80,80,9,2,2,3998
2026-05-24,vrs26_gads_search_brand_natl,search_brand,Bengaluru,712.96,2995,66,66,19,7,2,2098
2026-05-24,vrs26_gads_search_brand_natl,search_brand,Hyderabad,661.38,3042,76,76,18,8,4,6096
2026-05-24,vrs26_gads_search_brand_natl,search_brand,Pune,507.92,2166,42,42,4,4,4,7596
2026-05-24,vrs26_gads_search_brand_natl,search_brand,Chennai,338.3,1606,31,31,5,1,0,0
2026-05-24,vrs26_gads_search_generic_marathon_natl,search_generic,Mumbai,1630.54,6974,117,117,14,3,2,2098
2026-05-24,vrs26_gads_search_generic_marathon_natl,search_generic,Delhi NCR,1477.43,7138,140,140,17,5,5,15294
2026-05-24,vrs26_gads_search_generic_marathon_natl,search_generic,Bengaluru,1322.36,6760,103,103,10,6,4,6796
2026-05-24,vrs26_gads_search_generic_marathon_natl,search_generic,Hyderabad,805.24,3804,62,62,13,3,0,0
2026-05-24,vrs26_gads_search_generic_marathon_natl,search_generic,Pune,657.8,3081,72,72,10,5,3,2897
2026-05-24,vrs26_gads_search_generic_marathon_natl,search_generic,Chennai,489.13,1949,37,37,7,3,1,799
2026-05-24,vrs26_gads_search_generic_10k_natl,search_generic,Mumbai,1092.57,5152,85,85,16,5,2,1298
2026-05-24,vrs26_gads_search_generic_10k_natl,search_generic,Delhi NCR,893.48,3816,88,88,10,3,1,2499
2026-05-24,vrs26_gads_search_generic_10k_natl,search_generic,Bengaluru,699.73,2504,54,54,8,1,0,0
2026-05-24,vrs26_gads_search_generic_10k_natl,search_generic,Hyderabad,602,3182,72,72,7,6,3,3297
2026-05-24,vrs26_gads_search_generic_10k_natl,search_generic,Pune,441.95,1982,38,38,5,2,2,9498
2026-05-24,vrs26_gads_search_generic_10k_natl,search_generic,Chennai,301.31,1423,29,29,3,1,1,799
2026-05-24,vrs26_gads_pmax_all_natl,pmax,Mumbai,1502.63,7499,141,141,17,7,1,1999
2026-05-24,vrs26_gads_pmax_all_natl,pmax,Delhi NCR,1149.83,4413,80,80,8,2,1,499
2026-05-24,vrs26_gads_pmax_all_natl,pmax,Bengaluru,1284.29,5530,123,123,10,2,1,2999
2026-05-24,vrs26_gads_pmax_all_natl,pmax,Hyderabad,917.68,4152,93,93,10,3,0,0
2026-05-24,vrs26_gads_pmax_all_natl,pmax,Pune,661.54,3031,82,82,8,3,2,2798
2026-05-24,vrs26_gads_pmax_all_natl,pmax,Chennai,614.58,3081,59,59,6,2,0,0
2026-05-24,vrs26_gads_pmax_mum,pmax,Mumbai,2712.71,13289,263,263,36,12,8,10492
2026-05-24,vrs26_gads_pmax_mum,pmax,Delhi NCR,183.7,808,20,20,0,0,0,0
2026-05-24,vrs26_gads_pmax_mum,pmax,Bengaluru,151.66,717,14,14,1,1,1,6998
2026-05-24,vrs26_gads_pmax_mum,pmax,Hyderabad,108.26,507,11,11,2,1,0,0
2026-05-24,vrs26_gads_pmax_mum,pmax,Pune,62.83,271,4,4,1,0,0,0
2026-05-24,vrs26_gads_pmax_mum,pmax,Chennai,56.07,245,5,5,0,0,0,0
2026-05-24,vrs26_gads_pmax_blr,pmax,Mumbai,189.26,969,23,23,0,0,0,0
2026-05-24,vrs26_gads_pmax_blr,pmax,Delhi NCR,207.13,973,14,14,1,0,0,0
2026-05-24,vrs26_gads_pmax_blr,pmax,Bengaluru,2190.01,9592,178,178,26,9,5,15294
2026-05-24,vrs26_gads_pmax_blr,pmax,Hyderabad,128.33,553,10,10,3,1,0,0
2026-05-24,vrs26_gads_pmax_blr,pmax,Pune,68.17,288,6,6,0,0,0,0
2026-05-24,vrs26_gads_pmax_blr,pmax,Chennai,72.44,350,7,7,4,3,2,3897
2026-05-24,vrs26_gads_display_remarketing_natl,display,Mumbai,940.92,4336,110,110,11,4,1,799
2026-05-24,vrs26_gads_display_remarketing_natl,display,Delhi NCR,672.91,2871,60,60,4,0,0,0
2026-05-24,vrs26_gads_display_remarketing_natl,display,Bengaluru,482.74,2024,39,39,1,1,1,1999
2026-05-24,vrs26_gads_display_remarketing_natl,display,Hyderabad,426.14,1909,42,42,3,0,0,0
2026-05-24,vrs26_gads_display_remarketing_natl,display,Pune,274.96,1167,25,25,0,0,0,0
2026-05-24,vrs26_gads_display_remarketing_natl,display,Chennai,225.63,979,20,20,1,0,0,0
2026-05-24,vrs26_gads_yt_instream_natl,youtube,Mumbai,1067.11,4165,77,77,5,2,1,3499
2026-05-24,vrs26_gads_yt_instream_natl,youtube,Delhi NCR,811.6,4213,104,104,8,3,1,2499
2026-05-24,vrs26_gads_yt_instream_natl,youtube,Bengaluru,740.84,3421,57,57,3,1,1,2999
2026-05-24,vrs26_gads_yt_instream_natl,youtube,Hyderabad,465.95,2105,56,56,2,1,0,0
2026-05-24,vrs26_gads_yt_instream_natl,youtube,Pune,360.65,1821,21,21,0,0,0,0
2026-05-24,vrs26_gads_yt_instream_natl,youtube,Chennai,248.99,1227,22,22,1,1,0,0
2026-05-24,vrs26_gads_yt_shorts_natl,youtube,Mumbai,529.2,2379,46,46,0,0,0,0
2026-05-24,vrs26_gads_yt_shorts_natl,youtube,Delhi NCR,583.2,2578,48,48,6,2,0,0
2026-05-24,vrs26_gads_yt_shorts_natl,youtube,Bengaluru,479.43,1972,46,46,4,2,2,2098
2026-05-24,vrs26_gads_yt_shorts_natl,youtube,Hyderabad,327.62,1346,20,20,0,0,0,0
2026-05-24,vrs26_gads_yt_shorts_natl,youtube,Pune,232.16,1080,24,24,1,1,1,12998
2026-05-24,vrs26_gads_yt_shorts_natl,youtube,Chennai,199.84,846,13,13,2,0,0,0
2026-05-24,vrs26_gads_search_competitor_natl,search_generic,Mumbai,507.44,2574,54,54,3,1,1,799
2026-05-24,vrs26_gads_search_competitor_natl,search_generic,Delhi NCR,432.33,2087,62,62,6,3,2,4797
2026-05-24,vrs26_gads_search_competitor_natl,search_generic,Bengaluru,401.1,1696,23,23,3,1,0,0
2026-05-24,vrs26_gads_search_competitor_natl,search_generic,Hyderabad,282.77,1475,39,39,3,1,0,0
2026-05-24,vrs26_gads_search_competitor_natl,search_generic,Pune,250.54,1123,24,24,2,0,0,0
2026-05-24,vrs26_gads_search_competitor_natl,search_generic,Chennai,141.35,647,11,11,0,0,0,0
2026-05-24,vrs26_gads_search_corp_hyd,search_generic,Mumbai,68.16,275,7,7,1,0,0,0
2026-05-24,vrs26_gads_search_corp_hyd,search_generic,Delhi NCR,71.35,282,7,7,0,0,0,0
2026-05-24,vrs26_gads_search_corp_hyd,search_generic,Bengaluru,61.9,315,6,6,0,0,0,0
2026-05-24,vrs26_gads_search_corp_hyd,search_generic,Hyderabad,1336.7,5979,112,112,13,6,5,19794
2026-05-24,vrs26_gads_search_corp_hyd,search_generic,Pune,30.83,157,4,4,1,0,0,0
2026-05-24,vrs26_gads_search_corp_hyd,search_generic,Chennai,26.68,123,6,6,2,1,1,799
2026-05-25,vrs26_gads_search_brand_natl,search_brand,Mumbai,912.92,4502,84,84,17,8,6,18394
2026-05-25,vrs26_gads_search_brand_natl,search_brand,Delhi NCR,885.78,4517,114,114,31,15,13,27086
2026-05-25,vrs26_gads_search_brand_natl,search_brand,Bengaluru,813.72,3874,90,90,22,8,6,10094
2026-05-25,vrs26_gads_search_brand_natl,search_brand,Hyderabad,563.05,2434,56,56,13,5,4,3396
2026-05-25,vrs26_gads_search_brand_natl,search_brand,Pune,360.8,1548,41,41,12,4,2,2598
2026-05-25,vrs26_gads_search_brand_natl,search_brand,Chennai,316.47,1519,29,29,7,3,3,10297
2026-05-25,vrs26_gads_search_generic_marathon_natl,search_generic,Mumbai,1358.51,6241,97,97,12,3,2,6998
2026-05-25,vrs26_gads_search_generic_marathon_natl,search_generic,Delhi NCR,1249.07,6204,99,99,12,7,4,7096
2026-05-25,vrs26_gads_search_generic_marathon_natl,search_generic,Bengaluru,1105.35,5394,137,137,20,7,5,7694
2026-05-25,vrs26_gads_search_generic_marathon_natl,search_generic,Hyderabad,817.65,3444,66,66,14,4,3,3597
2026-05-25,vrs26_gads_search_generic_marathon_natl,search_generic,Pune,591.65,2416,49,49,6,0,0,0
2026-05-25,vrs26_gads_search_generic_marathon_natl,search_generic,Chennai,508.69,2023,50,50,6,0,0,0
2026-05-25,vrs26_gads_search_generic_10k_natl,search_generic,Mumbai,873.71,4217,104,104,9,3,1,799
2026-05-25,vrs26_gads_search_generic_10k_natl,search_generic,Delhi NCR,747.55,3598,73,73,11,4,2,2897
2026-05-25,vrs26_gads_search_generic_10k_natl,search_generic,Bengaluru,704.73,3522,78,78,10,3,1,499
2026-05-25,vrs26_gads_search_generic_10k_natl,search_generic,Hyderabad,525.81,2649,56,56,6,1,0,0
2026-05-25,vrs26_gads_search_generic_10k_natl,search_generic,Pune,383.29,1616,34,34,6,3,2,4298
2026-05-25,vrs26_gads_search_generic_10k_natl,search_generic,Chennai,321.29,1585,47,47,3,0,0,0
2026-05-25,vrs26_gads_pmax_all_natl,pmax,Mumbai,1335.85,5931,135,135,9,2,0,0
2026-05-25,vrs26_gads_pmax_all_natl,pmax,Delhi NCR,1221.2,5549,124,124,12,4,3,6797
2026-05-25,vrs26_gads_pmax_all_natl,pmax,Bengaluru,1060.05,4420,94,94,14,3,2,1798
2026-05-25,vrs26_gads_pmax_all_natl,pmax,Hyderabad,740.15,4011,77,77,6,4,3,8496
2026-05-25,vrs26_gads_pmax_all_natl,pmax,Pune,563.35,2811,45,45,2,0,0,0
2026-05-25,vrs26_gads_pmax_all_natl,pmax,Chennai,488.06,2570,49,49,5,1,0,0
2026-05-25,vrs26_gads_pmax_mum,pmax,Mumbai,2500.94,11491,229,229,31,11,6,9394
2026-05-25,vrs26_gads_pmax_mum,pmax,Delhi NCR,107.23,499,9,9,1,0,0,0
2026-05-25,vrs26_gads_pmax_mum,pmax,Bengaluru,111.88,573,10,10,1,0,0,0
2026-05-25,vrs26_gads_pmax_mum,pmax,Hyderabad,77.66,368,6,6,1,0,0,0
2026-05-25,vrs26_gads_pmax_mum,pmax,Pune,52.27,227,3,3,0,0,0,0
2026-05-25,vrs26_gads_pmax_mum,pmax,Chennai,39.57,171,2,2,1,0,0,0
2026-05-25,vrs26_gads_pmax_blr,pmax,Mumbai,171.17,828,11,11,1,1,1,799
2026-05-25,vrs26_gads_pmax_blr,pmax,Delhi NCR,124.15,697,17,17,2,1,1,1999
2026-05-25,vrs26_gads_pmax_blr,pmax,Bengaluru,2060.87,10305,169,169,15,5,3,4196
2026-05-25,vrs26_gads_pmax_blr,pmax,Hyderabad,69.34,358,3,3,0,0,0,0
2026-05-25,vrs26_gads_pmax_blr,pmax,Pune,51.62,249,1,1,0,0,0,0
2026-05-25,vrs26_gads_pmax_blr,pmax,Chennai,41.95,177,5,5,0,0,0,0
2026-05-25,vrs26_gads_display_remarketing_natl,display,Mumbai,662.73,3142,113,113,11,1,1,3499
2026-05-25,vrs26_gads_display_remarketing_natl,display,Delhi NCR,618.99,2819,67,67,6,2,2,4298
2026-05-25,vrs26_gads_display_remarketing_natl,display,Bengaluru,529.08,2524,55,55,0,0,0,0
2026-05-25,vrs26_gads_display_remarketing_natl,display,Hyderabad,362.4,1736,38,38,2,1,0,0
2026-05-25,vrs26_gads_display_remarketing_natl,display,Pune,265.36,1208,25,25,2,1,1,799
2026-05-25,vrs26_gads_display_remarketing_natl,display,Chennai,228.72,1028,18,18,3,1,1,799
2026-05-25,vrs26_gads_yt_instream_natl,youtube,Mumbai,856.78,4043,65,65,5,2,1,1999
2026-05-25,vrs26_gads_yt_instream_natl,youtube,Delhi NCR,670.49,3035,49,49,1,0,0,0
2026-05-25,vrs26_gads_yt_instream_natl,youtube,Bengaluru,632.54,2975,41,41,3,1,1,1999
2026-05-25,vrs26_gads_yt_instream_natl,youtube,Hyderabad,489.05,2234,34,34,0,0,0,0
2026-05-25,vrs26_gads_yt_instream_natl,youtube,Pune,379.46,2088,45,45,1,0,0,0
2026-05-25,vrs26_gads_yt_instream_natl,youtube,Chennai,231.7,1024,22,22,0,0,0,0
2026-05-25,vrs26_gads_yt_shorts_natl,youtube,Mumbai,434.85,2095,47,47,0,0,0,0
2026-05-25,vrs26_gads_yt_shorts_natl,youtube,Delhi NCR,479.74,2140,35,35,5,2,1,2999
2026-05-25,vrs26_gads_yt_shorts_natl,youtube,Bengaluru,395.81,1915,39,39,3,2,2,2798
2026-05-25,vrs26_gads_yt_shorts_natl,youtube,Hyderabad,341.68,1673,32,32,1,1,1,2999
2026-05-25,vrs26_gads_yt_shorts_natl,youtube,Pune,230.4,1166,24,24,1,0,0,0
2026-05-25,vrs26_gads_yt_shorts_natl,youtube,Chennai,192.07,932,29,29,0,0,0,0
2026-05-25,vrs26_gads_search_competitor_natl,search_generic,Mumbai,470.38,2294,26,26,2,1,0,0
2026-05-25,vrs26_gads_search_competitor_natl,search_generic,Delhi NCR,412.66,1697,40,40,4,1,1,2999
2026-05-25,vrs26_gads_search_competitor_natl,search_generic,Bengaluru,306.51,1299,23,23,5,0,0,0
2026-05-25,vrs26_gads_search_competitor_natl,search_generic,Hyderabad,257.28,1172,37,37,2,1,0,0
2026-05-25,vrs26_gads_search_competitor_natl,search_generic,Pune,192.93,788,10,10,1,0,0,0
2026-05-25,vrs26_gads_search_competitor_natl,search_generic,Chennai,138.43,681,16,16,1,1,1,799
2026-05-25,vrs26_gads_search_corp_hyd,search_generic,Mumbai,85.46,395,4,4,0,0,0,0
2026-05-25,vrs26_gads_search_corp_hyd,search_generic,Delhi NCR,69.57,303,8,8,0,0,0,0
2026-05-25,vrs26_gads_search_corp_hyd,search_generic,Bengaluru,66.73,305,3,3,0,0,0,0
2026-05-25,vrs26_gads_search_corp_hyd,search_generic,Hyderabad,1124.98,5491,128,128,17,5,2,2397
2026-05-25,vrs26_gads_search_corp_hyd,search_generic,Pune,37.32,207,3,3,0,0,0,0
2026-05-25,vrs26_gads_search_corp_hyd,search_generic,Chennai,23.67,126,4,4,1,1,1,799
2026-05-26,vrs26_gads_search_brand_natl,search_brand,Mumbai,1010.64,4580,96,96,22,9,4,5296
2026-05-26,vrs26_gads_search_brand_natl,search_brand,Delhi NCR,928.81,4364,88,88,18,9,8,23691
2026-05-26,vrs26_gads_search_brand_natl,search_brand,Bengaluru,756.08,3440,126,126,24,7,7,8593
2026-05-26,vrs26_gads_search_brand_natl,search_brand,Hyderabad,632.82,3159,82,82,23,7,3,6096
2026-05-26,vrs26_gads_search_brand_natl,search_brand,Pune,453.14,2048,43,43,15,2,1,1999
2026-05-26,vrs26_gads_search_brand_natl,search_brand,Chennai,339.93,1635,16,16,5,1,0,0
2026-05-26,vrs26_gads_search_generic_marathon_natl,search_generic,Mumbai,1537.03,6895,137,137,21,8,6,10894
2026-05-26,vrs26_gads_search_generic_marathon_natl,search_generic,Delhi NCR,1316.84,6522,142,142,16,7,4,5796
2026-05-26,vrs26_gads_search_generic_marathon_natl,search_generic,Bengaluru,1101.56,5359,154,154,16,9,6,6994
2026-05-26,vrs26_gads_search_generic_marathon_natl,search_generic,Hyderabad,722.5,3362,69,69,5,0,0,0
2026-05-26,vrs26_gads_search_generic_marathon_natl,search_generic,Pune,779.36,3316,43,43,6,5,3,2897
2026-05-26,vrs26_gads_search_generic_marathon_natl,search_generic,Chennai,566.31,2550,54,54,8,3,3,2897
2026-05-26,vrs26_gads_search_generic_10k_natl,search_generic,Mumbai,965.7,4435,99,99,13,6,3,6097
2026-05-26,vrs26_gads_search_generic_10k_natl,search_generic,Delhi NCR,751.6,3572,78,78,6,2,1,799
2026-05-26,vrs26_gads_search_generic_10k_natl,search_generic,Bengaluru,812.66,4817,115,115,13,5,3,9796
2026-05-26,vrs26_gads_search_generic_10k_natl,search_generic,Hyderabad,541.37,2552,54,54,6,0,0,0
2026-05-26,vrs26_gads_search_generic_10k_natl,search_generic,Pune,396.38,1780,50,50,4,2,2,3298
2026-05-26,vrs26_gads_search_generic_10k_natl,search_generic,Chennai,336.66,1398,48,48,5,1,1,799
2026-05-26,vrs26_gads_pmax_all_natl,pmax,Mumbai,1360.12,7326,166,166,19,5,3,5497
2026-05-26,vrs26_gads_pmax_all_natl,pmax,Delhi NCR,1350.4,5665,116,116,16,6,3,8796
2026-05-26,vrs26_gads_pmax_all_natl,pmax,Bengaluru,1188.54,5414,127,127,15,6,1,2499
2026-05-26,vrs26_gads_pmax_all_natl,pmax,Hyderabad,909.47,3694,84,84,7,3,1,799
2026-05-26,vrs26_gads_pmax_all_natl,pmax,Pune,594.47,2496,55,55,5,2,2,2098
2026-05-26,vrs26_gads_pmax_all_natl,pmax,Chennai,382.82,2131,46,46,5,3,2,1598
2026-05-26,vrs26_gads_pmax_mum,pmax,Mumbai,2638.69,13804,312,312,33,14,6,12593
2026-05-26,vrs26_gads_pmax_mum,pmax,Delhi NCR,118.97,530,13,13,2,2,2,1598
2026-05-26,vrs26_gads_pmax_mum,pmax,Bengaluru,130.82,617,8,8,1,1,0,0
2026-05-26,vrs26_gads_pmax_mum,pmax,Hyderabad,85.06,420,9,9,0,0,0,0
2026-05-26,vrs26_gads_pmax_mum,pmax,Pune,64.87,313,0,0,0,0,0,0
2026-05-26,vrs26_gads_pmax_mum,pmax,Chennai,52.65,237,7,7,0,0,0,0
2026-05-26,vrs26_gads_pmax_blr,pmax,Mumbai,162.42,702,13,13,3,0,0,0
2026-05-26,vrs26_gads_pmax_blr,pmax,Delhi NCR,157.26,785,13,13,1,1,0,0
2026-05-26,vrs26_gads_pmax_blr,pmax,Bengaluru,2165.05,9382,215,215,22,12,10,19589
2026-05-26,vrs26_gads_pmax_blr,pmax,Hyderabad,90.83,359,4,4,1,0,0,0
2026-05-26,vrs26_gads_pmax_blr,pmax,Pune,66.53,324,9,9,1,0,0,0
2026-05-26,vrs26_gads_pmax_blr,pmax,Chennai,52.68,250,1,1,0,0,0,0
2026-05-26,vrs26_gads_display_remarketing_natl,display,Mumbai,797.44,3361,88,88,7,3,2,3998
2026-05-26,vrs26_gads_display_remarketing_natl,display,Delhi NCR,656.33,3247,59,59,5,1,0,0
2026-05-26,vrs26_gads_display_remarketing_natl,display,Bengaluru,521.2,2435,58,58,2,1,0,0
2026-05-26,vrs26_gads_display_remarketing_natl,display,Hyderabad,378.93,1852,38,38,6,4,2,3298
2026-05-26,vrs26_gads_display_remarketing_natl,display,Pune,254.75,1236,17,17,0,0,0,0
2026-05-26,vrs26_gads_display_remarketing_natl,display,Chennai,244.63,1104,22,22,1,1,0,0
2026-05-26,vrs26_gads_yt_instream_natl,youtube,Mumbai,941.51,4412,79,79,5,1,1,799
2026-05-26,vrs26_gads_yt_instream_natl,youtube,Delhi NCR,762.07,3559,68,68,8,0,0,0
2026-05-26,vrs26_gads_yt_instream_natl,youtube,Bengaluru,705.86,3546,76,76,4,2,1,799
2026-05-26,vrs26_gads_yt_instream_natl,youtube,Hyderabad,409.09,1699,34,34,1,1,0,0
2026-05-26,vrs26_gads_yt_instream_natl,youtube,Pune,397.59,2063,38,38,2,0,0,0
2026-05-26,vrs26_gads_yt_instream_natl,youtube,Chennai,271.23,1278,40,40,1,1,0,0
2026-05-26,vrs26_gads_yt_shorts_natl,youtube,Mumbai,627.95,3054,79,79,6,2,1,799
2026-05-26,vrs26_gads_yt_shorts_natl,youtube,Delhi NCR,523.13,2395,50,50,2,0,0,0
2026-05-26,vrs26_gads_yt_shorts_natl,youtube,Bengaluru,380.89,1700,36,36,3,2,1,2999
2026-05-26,vrs26_gads_yt_shorts_natl,youtube,Hyderabad,293.77,1391,17,17,1,1,1,799
2026-05-26,vrs26_gads_yt_shorts_natl,youtube,Pune,222.32,888,21,21,3,0,0,0
2026-05-26,vrs26_gads_yt_shorts_natl,youtube,Chennai,171.16,854,12,12,1,0,0,0
2026-05-26,vrs26_gads_search_competitor_natl,search_generic,Mumbai,449.86,2258,39,39,6,1,0,0
2026-05-26,vrs26_gads_search_competitor_natl,search_generic,Delhi NCR,475.22,2227,52,52,4,1,0,0
2026-05-26,vrs26_gads_search_competitor_natl,search_generic,Bengaluru,364.69,1554,51,51,9,3,1,2999
2026-05-26,vrs26_gads_search_competitor_natl,search_generic,Hyderabad,282.21,1465,29,29,2,1,0,0
2026-05-26,vrs26_gads_search_competitor_natl,search_generic,Pune,197.33,1014,19,19,2,1,1,4998
2026-05-26,vrs26_gads_search_competitor_natl,search_generic,Chennai,132.88,682,15,15,3,0,0,0
2026-05-26,vrs26_gads_search_corp_hyd,search_generic,Mumbai,97.65,520,9,9,2,0,0,0
2026-05-26,vrs26_gads_search_corp_hyd,search_generic,Delhi NCR,90.24,377,10,10,1,0,0,0
2026-05-26,vrs26_gads_search_corp_hyd,search_generic,Bengaluru,68.22,346,9,9,1,1,1,2999
2026-05-26,vrs26_gads_search_corp_hyd,search_generic,Hyderabad,1185.25,5351,94,94,16,6,6,7093
2026-05-26,vrs26_gads_search_corp_hyd,search_generic,Pune,35.4,150,1,1,0,0,0,0
2026-05-26,vrs26_gads_search_corp_hyd,search_generic,Chennai,29.14,119,5,5,0,0,0,0
2026-05-27,vrs26_gads_search_brand_natl,search_brand,Mumbai,909.25,4959,152,152,35,12,5,9694
2026-05-27,vrs26_gads_search_brand_natl,search_brand,Delhi NCR,1018.89,4458,105,105,13,5,1,1999
2026-05-27,vrs26_gads_search_brand_natl,search_brand,Bengaluru,874.11,4466,111,111,25,12,6,17594
2026-05-27,vrs26_gads_search_brand_natl,search_brand,Hyderabad,520.29,2597,55,55,13,8,6,9393
2026-05-27,vrs26_gads_search_brand_natl,search_brand,Pune,388.58,2212,44,44,9,5,2,4597
2026-05-27,vrs26_gads_search_brand_natl,search_brand,Chennai,389.69,1568,23,23,3,1,1,6499
2026-05-27,vrs26_gads_search_generic_marathon_natl,search_generic,Mumbai,1594.05,7180,110,110,8,4,0,0
2026-05-27,vrs26_gads_search_generic_marathon_natl,search_generic,Delhi NCR,1150.46,5248,75,75,7,5,4,11096
2026-05-27,vrs26_gads_search_generic_marathon_natl,search_generic,Bengaluru,1289.02,6002,138,138,10,3,1,3499
2026-05-27,vrs26_gads_search_generic_marathon_natl,search_generic,Hyderabad,814.81,3836,95,95,13,2,2,3298
2026-05-27,vrs26_gads_search_generic_marathon_natl,search_generic,Pune,703.86,3568,70,70,6,4,1,2999
2026-05-27,vrs26_gads_search_generic_marathon_natl,search_generic,Chennai,441.31,2290,48,48,5,3,2,2098
2026-05-27,vrs26_gads_search_generic_10k_natl,search_generic,Mumbai,956.58,4822,82,82,5,2,1,1299
2026-05-27,vrs26_gads_search_generic_10k_natl,search_generic,Delhi NCR,926.5,4785,83,83,8,5,3,2597
2026-05-27,vrs26_gads_search_generic_10k_natl,search_generic,Bengaluru,744.77,3385,64,64,6,3,1,799
2026-05-27,vrs26_gads_search_generic_10k_natl,search_generic,Hyderabad,504.72,2554,63,63,9,2,1,1299
2026-05-27,vrs26_gads_search_generic_10k_natl,search_generic,Pune,406.92,1534,28,28,4,1,1,499
2026-05-27,vrs26_gads_search_generic_10k_natl,search_generic,Chennai,245.87,1143,32,32,4,1,0,0
2026-05-27,vrs26_gads_pmax_all_natl,pmax,Mumbai,1455.81,6043,94,94,9,2,2,1798
2026-05-27,vrs26_gads_pmax_all_natl,pmax,Delhi NCR,1349.53,6200,111,111,14,5,0,0
2026-05-27,vrs26_gads_pmax_all_natl,pmax,Bengaluru,1069.58,4480,75,75,8,4,4,5096
2026-05-27,vrs26_gads_pmax_all_natl,pmax,Hyderabad,871,4175,78,78,8,2,1,1299
2026-05-27,vrs26_gads_pmax_all_natl,pmax,Pune,556.53,2645,43,43,7,6,5,6595
2026-05-27,vrs26_gads_pmax_all_natl,pmax,Chennai,454.45,2616,49,49,2,1,1,799
2026-05-27,vrs26_gads_pmax_mum,pmax,Mumbai,2559.31,12134,239,239,28,13,9,10391
2026-05-27,vrs26_gads_pmax_mum,pmax,Delhi NCR,159.24,775,20,20,1,1,1,1299
2026-05-27,vrs26_gads_pmax_mum,pmax,Bengaluru,153.98,789,24,24,4,2,1,1598
2026-05-27,vrs26_gads_pmax_mum,pmax,Hyderabad,88.82,445,10,10,2,1,1,499
2026-05-27,vrs26_gads_pmax_mum,pmax,Pune,63.77,357,8,8,0,0,0,0
2026-05-27,vrs26_gads_pmax_mum,pmax,Chennai,50.49,242,7,7,0,0,0,0
2026-05-27,vrs26_gads_pmax_blr,pmax,Mumbai,140.45,676,16,16,3,2,2,4998
2026-05-27,vrs26_gads_pmax_blr,pmax,Delhi NCR,138.07,720,11,11,1,0,0,0
2026-05-27,vrs26_gads_pmax_blr,pmax,Bengaluru,2239.17,11378,241,241,25,10,7,6693
2026-05-27,vrs26_gads_pmax_blr,pmax,Hyderabad,58,289,5,5,1,0,0,0
2026-05-27,vrs26_gads_pmax_blr,pmax,Pune,59.65,313,5,5,1,1,0,0
2026-05-27,vrs26_gads_pmax_blr,pmax,Chennai,45.95,219,3,3,1,0,0,0
2026-05-27,vrs26_gads_display_remarketing_natl,display,Mumbai,762.61,3772,91,91,11,4,4,6096
2026-05-27,vrs26_gads_display_remarketing_natl,display,Delhi NCR,553.04,2763,72,72,5,2,1,799
2026-05-27,vrs26_gads_display_remarketing_natl,display,Bengaluru,542.79,2608,53,53,6,2,2,3798
2026-05-27,vrs26_gads_display_remarketing_natl,display,Hyderabad,393.45,1622,33,33,1,0,0,0
2026-05-27,vrs26_gads_display_remarketing_natl,display,Pune,350.53,1484,22,22,4,2,2,2098
2026-05-27,vrs26_gads_display_remarketing_natl,display,Chennai,236.62,1154,16,16,0,0,0,0
2026-05-27,vrs26_gads_yt_instream_natl,youtube,Mumbai,922.52,4064,88,88,9,5,3,8297
2026-05-27,vrs26_gads_yt_instream_natl,youtube,Delhi NCR,794.03,3458,64,64,5,1,1,1299
2026-05-27,vrs26_gads_yt_instream_natl,youtube,Bengaluru,686.05,3192,58,58,1,0,0,0
2026-05-27,vrs26_gads_yt_instream_natl,youtube,Hyderabad,395.48,1655,28,28,1,0,0,0
2026-05-27,vrs26_gads_yt_instream_natl,youtube,Pune,375.96,1847,55,55,1,0,0,0
2026-05-27,vrs26_gads_yt_instream_natl,youtube,Chennai,295.88,1187,15,15,2,1,1,799
2026-05-27,vrs26_gads_yt_shorts_natl,youtube,Mumbai,585.41,2591,71,71,5,1,0,0
2026-05-27,vrs26_gads_yt_shorts_natl,youtube,Delhi NCR,464.84,1932,34,34,1,1,0,0
2026-05-27,vrs26_gads_yt_shorts_natl,youtube,Bengaluru,482.06,2110,32,32,0,0,0,0
2026-05-27,vrs26_gads_yt_shorts_natl,youtube,Hyderabad,307.66,1452,24,24,2,1,0,0
2026-05-27,vrs26_gads_yt_shorts_natl,youtube,Pune,213.22,950,18,18,3,0,0,0
2026-05-27,vrs26_gads_yt_shorts_natl,youtube,Chennai,154.94,641,12,12,0,0,0,0
2026-05-27,vrs26_gads_search_competitor_natl,search_generic,Mumbai,434.97,2184,55,55,5,0,0,0
2026-05-27,vrs26_gads_search_competitor_natl,search_generic,Delhi NCR,435.02,2032,54,54,8,5,5,6895
2026-05-27,vrs26_gads_search_competitor_natl,search_generic,Bengaluru,381.88,1846,32,32,1,0,0,0
2026-05-27,vrs26_gads_search_competitor_natl,search_generic,Hyderabad,270.88,1286,18,18,0,0,0,0
2026-05-27,vrs26_gads_search_competitor_natl,search_generic,Pune,190.56,817,10,10,1,1,0,0
2026-05-27,vrs26_gads_search_competitor_natl,search_generic,Chennai,179.37,882,16,16,3,0,0,0
2026-05-27,vrs26_gads_search_corp_hyd,search_generic,Mumbai,93.43,489,11,11,3,1,1,1299
2026-05-27,vrs26_gads_search_corp_hyd,search_generic,Delhi NCR,91.87,518,9,9,2,2,1,799
2026-05-27,vrs26_gads_search_corp_hyd,search_generic,Bengaluru,75.85,344,8,8,2,2,1,2499
2026-05-27,vrs26_gads_search_corp_hyd,search_generic,Hyderabad,1173.85,5115,111,111,14,5,4,15495
2026-05-27,vrs26_gads_search_corp_hyd,search_generic,Pune,33.94,167,2,2,0,0,0,0
2026-05-27,vrs26_gads_search_corp_hyd,search_generic,Chennai,29.43,140,7,7,2,1,1,2499
2026-05-28,vrs26_gads_search_brand_natl,search_brand,Mumbai,1316.07,6197,81,81,14,6,6,13094
2026-05-28,vrs26_gads_search_brand_natl,search_brand,Delhi NCR,1115.85,5108,112,112,16,6,3,4797
2026-05-28,vrs26_gads_search_brand_natl,search_brand,Bengaluru,759.92,3939,87,87,22,11,6,30292
2026-05-28,vrs26_gads_search_brand_natl,search_brand,Hyderabad,573.45,2641,55,55,12,7,3,6497
2026-05-28,vrs26_gads_search_brand_natl,search_brand,Pune,481.57,2273,52,52,15,3,2,5498
2026-05-28,vrs26_gads_search_brand_natl,search_brand,Chennai,369.83,1880,46,46,8,1,0,0
2026-05-28,vrs26_gads_search_generic_marathon_natl,search_generic,Mumbai,1880.78,8425,231,231,23,10,5,8895
2026-05-28,vrs26_gads_search_generic_marathon_natl,search_generic,Delhi NCR,1487.72,6214,128,128,20,8,3,4097
2026-05-28,vrs26_gads_search_generic_marathon_natl,search_generic,Bengaluru,1313.61,6362,117,117,17,5,2,3298
2026-05-28,vrs26_gads_search_generic_marathon_natl,search_generic,Hyderabad,964.5,4751,65,65,7,3,3,5797
2026-05-28,vrs26_gads_search_generic_marathon_natl,search_generic,Pune,679.17,2669,84,84,7,2,1,2499
2026-05-28,vrs26_gads_search_generic_marathon_natl,search_generic,Chennai,421.7,2042,44,44,0,0,0,0
2026-05-28,vrs26_gads_search_generic_10k_natl,search_generic,Mumbai,1055.64,5308,130,130,18,9,5,12094
2026-05-28,vrs26_gads_search_generic_10k_natl,search_generic,Delhi NCR,884.25,3283,66,66,4,1,1,499
2026-05-28,vrs26_gads_search_generic_10k_natl,search_generic,Bengaluru,888.92,3339,82,82,10,4,1,2499
2026-05-28,vrs26_gads_search_generic_10k_natl,search_generic,Hyderabad,688.95,3040,100,100,13,5,4,7796
2026-05-28,vrs26_gads_search_generic_10k_natl,search_generic,Pune,425.96,1668,39,39,9,5,4,6596
2026-05-28,vrs26_gads_search_generic_10k_natl,search_generic,Chennai,317.85,1432,33,33,2,0,0,0
2026-05-28,vrs26_gads_pmax_all_natl,pmax,Mumbai,1745.47,7498,83,83,9,2,2,3597
2026-05-28,vrs26_gads_pmax_all_natl,pmax,Delhi NCR,1394.04,6036,140,140,11,3,0,0
2026-05-28,vrs26_gads_pmax_all_natl,pmax,Bengaluru,1203.94,4572,93,93,10,4,1,1999
2026-05-28,vrs26_gads_pmax_all_natl,pmax,Hyderabad,894.84,3626,56,56,6,4,3,13797
2026-05-28,vrs26_gads_pmax_all_natl,pmax,Pune,757.44,3018,71,71,7,0,0,0
2026-05-28,vrs26_gads_pmax_all_natl,pmax,Chennai,485.4,2115,40,40,5,1,1,1299
2026-05-28,vrs26_gads_pmax_mum,pmax,Mumbai,2801.1,11118,255,255,43,19,18,29482
2026-05-28,vrs26_gads_pmax_mum,pmax,Delhi NCR,206.65,789,17,17,3,1,1,1299
2026-05-28,vrs26_gads_pmax_mum,pmax,Bengaluru,186.31,866,22,22,2,0,0,0
2026-05-28,vrs26_gads_pmax_mum,pmax,Hyderabad,104.95,454,9,9,0,0,0,0
2026-05-28,vrs26_gads_pmax_mum,pmax,Pune,98.57,474,9,9,0,0,0,0
2026-05-28,vrs26_gads_pmax_mum,pmax,Chennai,64.94,278,10,10,2,0,0,0
2026-05-28,vrs26_gads_pmax_blr,pmax,Mumbai,211.31,945,14,14,2,0,0,0
2026-05-28,vrs26_gads_pmax_blr,pmax,Delhi NCR,173.81,829,13,13,0,0,0,0
2026-05-28,vrs26_gads_pmax_blr,pmax,Bengaluru,2382.66,10187,279,279,34,15,11,12188
2026-05-28,vrs26_gads_pmax_blr,pmax,Hyderabad,102.46,444,5,5,2,1,1,499
2026-05-28,vrs26_gads_pmax_blr,pmax,Pune,81.76,391,11,11,3,1,0,0
2026-05-28,vrs26_gads_pmax_blr,pmax,Chennai,66.61,279,5,5,1,0,0,0
2026-05-28,vrs26_gads_display_remarketing_natl,display,Mumbai,830.99,3784,72,72,10,3,3,9297
2026-05-28,vrs26_gads_display_remarketing_natl,display,Delhi NCR,833.78,3857,80,80,4,0,0,0
2026-05-28,vrs26_gads_display_remarketing_natl,display,Bengaluru,571.51,2545,53,53,6,4,3,3896
2026-05-28,vrs26_gads_display_remarketing_natl,display,Hyderabad,408.98,1960,48,48,5,3,2,1598
2026-05-28,vrs26_gads_display_remarketing_natl,display,Pune,335.69,1553,31,31,3,1,1,799
2026-05-28,vrs26_gads_display_remarketing_natl,display,Chennai,215.22,919,24,24,2,1,1,1299
2026-05-28,vrs26_gads_yt_instream_natl,youtube,Mumbai,1068.87,4693,75,75,3,1,0,0
2026-05-28,vrs26_gads_yt_instream_natl,youtube,Delhi NCR,744.87,3322,75,75,4,2,1,1299
2026-05-28,vrs26_gads_yt_instream_natl,youtube,Bengaluru,824.67,4013,94,94,7,3,2,6498
2026-05-28,vrs26_gads_yt_instream_natl,youtube,Hyderabad,531.05,2505,66,66,6,2,2,7298
2026-05-28,vrs26_gads_yt_instream_natl,youtube,Pune,376.14,1951,31,31,1,0,0,0
2026-05-28,vrs26_gads_yt_instream_natl,youtube,Chennai,360.84,1535,28,28,4,2,1,1299
2026-05-28,vrs26_gads_yt_shorts_natl,youtube,Mumbai,782.63,3372,67,67,1,0,0,0
2026-05-28,vrs26_gads_yt_shorts_natl,youtube,Delhi NCR,473.59,2020,47,47,3,1,1,1299
2026-05-28,vrs26_gads_yt_shorts_natl,youtube,Bengaluru,447.91,1609,29,29,3,2,1,499
2026-05-28,vrs26_gads_yt_shorts_natl,youtube,Hyderabad,376.49,1231,29,29,0,0,0,0
2026-05-28,vrs26_gads_yt_shorts_natl,youtube,Pune,234.56,1088,17,17,3,2,0,0
2026-05-28,vrs26_gads_yt_shorts_natl,youtube,Chennai,170.74,750,19,19,2,0,0,0
2026-05-28,vrs26_gads_search_competitor_natl,search_generic,Mumbai,561.67,2230,47,47,3,2,1,799
2026-05-28,vrs26_gads_search_competitor_natl,search_generic,Delhi NCR,463.29,2192,49,49,6,2,2,1598
2026-05-28,vrs26_gads_search_competitor_natl,search_generic,Bengaluru,423.87,2085,39,39,1,1,1,1999
2026-05-28,vrs26_gads_search_competitor_natl,search_generic,Hyderabad,297.73,1210,34,34,4,1,1,1999
2026-05-28,vrs26_gads_search_competitor_natl,search_generic,Pune,235.48,1122,26,26,2,2,0,0
2026-05-28,vrs26_gads_search_competitor_natl,search_generic,Chennai,148.74,688,18,18,0,0,0,0
2026-05-28,vrs26_gads_search_corp_hyd,search_generic,Mumbai,71.26,340,1,1,0,0,0,0
2026-05-28,vrs26_gads_search_corp_hyd,search_generic,Delhi NCR,102.11,507,18,18,1,0,0,0
2026-05-28,vrs26_gads_search_corp_hyd,search_generic,Bengaluru,72.83,323,1,1,0,0,0,0
2026-05-28,vrs26_gads_search_corp_hyd,search_generic,Hyderabad,1381.21,5882,117,117,10,5,3,3796
2026-05-28,vrs26_gads_search_corp_hyd,search_generic,Pune,30.41,145,8,8,1,0,0,0
2026-05-28,vrs26_gads_search_corp_hyd,search_generic,Chennai,29.04,117,2,2,0,0,0,0
2026-05-29,vrs26_gads_search_brand_natl,search_brand,Mumbai,1044.2,4831,113,113,21,10,6,9993
2026-05-29,vrs26_gads_search_brand_natl,search_brand,Delhi NCR,795.09,3514,69,69,9,2,1,499
2026-05-29,vrs26_gads_search_brand_natl,search_brand,Bengaluru,757.65,4038,44,44,12,4,2,6998
2026-05-29,vrs26_gads_search_brand_natl,search_brand,Hyderabad,553.92,2626,67,67,15,7,4,7296
2026-05-29,vrs26_gads_search_brand_natl,search_brand,Pune,400.34,1950,54,54,9,7,1,2999
2026-05-29,vrs26_gads_search_brand_natl,search_brand,Chennai,261.88,1367,28,28,12,3,1,1299
2026-05-29,vrs26_gads_search_generic_marathon_natl,search_generic,Mumbai,1305.11,6867,133,133,14,5,2,2098
2026-05-29,vrs26_gads_search_generic_marathon_natl,search_generic,Delhi NCR,1219.21,6147,100,100,10,3,1,1299
2026-05-29,vrs26_gads_search_generic_marathon_natl,search_generic,Bengaluru,1169.43,5969,127,127,19,7,6,5794
2026-05-29,vrs26_gads_search_generic_marathon_natl,search_generic,Hyderabad,779.01,4244,95,95,16,7,6,8894
2026-05-29,vrs26_gads_search_generic_marathon_natl,search_generic,Pune,627.97,3030,49,49,7,2,2,1598
2026-05-29,vrs26_gads_search_generic_marathon_natl,search_generic,Chennai,472.23,2042,40,40,4,2,1,799
2026-05-29,vrs26_gads_search_generic_10k_natl,search_generic,Mumbai,921.1,4251,88,88,12,3,2,3298
2026-05-29,vrs26_gads_search_generic_10k_natl,search_generic,Delhi NCR,864.1,3423,80,80,2,0,0,0
2026-05-29,vrs26_gads_search_generic_10k_natl,search_generic,Bengaluru,684.34,3699,79,79,4,2,2,1298
2026-05-29,vrs26_gads_search_generic_10k_natl,search_generic,Hyderabad,443.05,2240,36,36,6,2,1,1999
2026-05-29,vrs26_gads_search_generic_10k_natl,search_generic,Pune,355.94,1759,22,22,7,1,1,2999
2026-05-29,vrs26_gads_search_generic_10k_natl,search_generic,Chennai,251.23,1209,30,30,4,1,0,0
2026-05-29,vrs26_gads_pmax_all_natl,pmax,Mumbai,1312.24,6388,99,99,15,5,3,5297
2026-05-29,vrs26_gads_pmax_all_natl,pmax,Delhi NCR,1258.41,5506,149,149,12,4,4,6896
2026-05-29,vrs26_gads_pmax_all_natl,pmax,Bengaluru,1046.22,5226,96,96,12,5,3,5997
2026-05-29,vrs26_gads_pmax_all_natl,pmax,Hyderabad,747.51,3761,106,106,16,4,2,3998
2026-05-29,vrs26_gads_pmax_all_natl,pmax,Pune,514.53,2426,51,51,5,1,1,3998
2026-05-29,vrs26_gads_pmax_all_natl,pmax,Chennai,474.06,2249,41,41,2,0,0,0
2026-05-29,vrs26_gads_pmax_mum,pmax,Mumbai,2355.72,11538,254,254,28,8,7,11293
2026-05-29,vrs26_gads_pmax_mum,pmax,Delhi NCR,131.8,630,16,16,2,0,0,0
2026-05-29,vrs26_gads_pmax_mum,pmax,Bengaluru,156.25,659,11,11,2,2,2,3298
2026-05-29,vrs26_gads_pmax_mum,pmax,Hyderabad,93.1,448,8,8,2,0,0,0
2026-05-29,vrs26_gads_pmax_mum,pmax,Pune,68.71,331,7,7,2,0,0,0
2026-05-29,vrs26_gads_pmax_mum,pmax,Chennai,54.23,273,10,10,1,0,0,0
2026-05-29,vrs26_gads_pmax_blr,pmax,Mumbai,209.86,954,17,17,0,0,0,0
2026-05-29,vrs26_gads_pmax_blr,pmax,Delhi NCR,154.98,817,15,15,2,1,1,2499
2026-05-29,vrs26_gads_pmax_blr,pmax,Bengaluru,1874.07,8867,211,211,25,11,5,9895
2026-05-29,vrs26_gads_pmax_blr,pmax,Hyderabad,117.94,568,18,18,2,1,0,0
2026-05-29,vrs26_gads_pmax_blr,pmax,Pune,78.33,386,10,10,3,2,0,0
2026-05-29,vrs26_gads_pmax_blr,pmax,Chennai,57.98,282,8,8,1,1,1,2499
2026-05-29,vrs26_gads_display_remarketing_natl,display,Mumbai,785.44,3784,80,80,5,3,2,7298
2026-05-29,vrs26_gads_display_remarketing_natl,display,Delhi NCR,541.87,2547,51,51,2,0,0,0
2026-05-29,vrs26_gads_display_remarketing_natl,display,Bengaluru,506.19,2334,69,69,7,3,3,2596
2026-05-29,vrs26_gads_display_remarketing_natl,display,Hyderabad,323.66,1605,28,28,3,1,1,1598
2026-05-29,vrs26_gads_display_remarketing_natl,display,Pune,267.75,1414,27,27,2,1,1,799
2026-05-29,vrs26_gads_display_remarketing_natl,display,Chennai,214.91,1116,30,30,3,1,1,499
2026-05-29,vrs26_gads_yt_instream_natl,youtube,Mumbai,815.96,4135,91,91,6,1,0,0
2026-05-29,vrs26_gads_yt_instream_natl,youtube,Delhi NCR,681.9,2851,63,63,7,0,0,0
2026-05-29,vrs26_gads_yt_instream_natl,youtube,Bengaluru,639.98,3047,75,75,6,1,1,1299
2026-05-29,vrs26_gads_yt_instream_natl,youtube,Hyderabad,451.93,2318,33,33,2,1,0,0
2026-05-29,vrs26_gads_yt_instream_natl,youtube,Pune,320.74,1507,33,33,2,1,0,0
2026-05-29,vrs26_gads_yt_instream_natl,youtube,Chennai,315.93,1610,31,31,3,1,0,0
2026-05-29,vrs26_gads_yt_shorts_natl,youtube,Mumbai,476.82,2178,41,41,3,0,0,0
2026-05-29,vrs26_gads_yt_shorts_natl,youtube,Delhi NCR,377.78,1762,30,30,1,0,0,0
2026-05-29,vrs26_gads_yt_shorts_natl,youtube,Bengaluru,483.61,2481,63,63,3,1,0,0
2026-05-29,vrs26_gads_yt_shorts_natl,youtube,Hyderabad,351.26,1685,38,38,3,2,1,1299
2026-05-29,vrs26_gads_yt_shorts_natl,youtube,Pune,198.5,1087,24,24,3,0,0,0
2026-05-29,vrs26_gads_yt_shorts_natl,youtube,Chennai,165.24,826,26,26,1,0,0,0
2026-05-29,vrs26_gads_search_competitor_natl,search_generic,Mumbai,454.96,2321,28,28,4,1,0,0
2026-05-29,vrs26_gads_search_competitor_natl,search_generic,Delhi NCR,346.17,1674,38,38,1,0,0,0
2026-05-29,vrs26_gads_search_competitor_natl,search_generic,Bengaluru,359.49,1760,39,39,3,1,0,0
2026-05-29,vrs26_gads_search_competitor_natl,search_generic,Hyderabad,272.5,1460,27,27,4,2,1,1999
2026-05-29,vrs26_gads_search_competitor_natl,search_generic,Pune,176.54,922,18,18,3,2,2,3798
2026-05-29,vrs26_gads_search_competitor_natl,search_generic,Chennai,150.22,705,19,19,1,0,0,0
2026-05-29,vrs26_gads_search_corp_hyd,search_generic,Mumbai,97.78,446,16,16,3,2,0,0
2026-05-29,vrs26_gads_search_corp_hyd,search_generic,Delhi NCR,77.36,349,6,6,0,0,0,0
2026-05-29,vrs26_gads_search_corp_hyd,search_generic,Bengaluru,53.47,269,2,2,0,0,0,0
2026-05-29,vrs26_gads_search_corp_hyd,search_generic,Hyderabad,1101.74,5214,94,94,16,5,4,3896
2026-05-29,vrs26_gads_search_corp_hyd,search_generic,Pune,36.2,183,6,6,1,0,0,0
2026-05-29,vrs26_gads_search_corp_hyd,search_generic,Chennai,26.69,129,5,5,2,1,0,0
2026-05-30,vrs26_gads_search_brand_natl,search_brand,Mumbai,1284.04,6297,135,135,30,7,4,12094
2026-05-30,vrs26_gads_search_brand_natl,search_brand,Delhi NCR,1091.57,4152,79,79,14,8,2,4298
2026-05-30,vrs26_gads_search_brand_natl,search_brand,Bengaluru,1053.43,4027,81,81,16,6,3,7997
2026-05-30,vrs26_gads_search_brand_natl,search_brand,Hyderabad,595.7,2644,54,54,9,7,5,6195
2026-05-30,vrs26_gads_search_brand_natl,search_brand,Pune,493.34,2156,47,47,9,2,2,3298
2026-05-30,vrs26_gads_search_brand_natl,search_brand,Chennai,429.59,2027,34,34,6,2,0,0
2026-05-30,vrs26_gads_search_generic_marathon_natl,search_generic,Mumbai,1781.63,6737,163,163,30,10,5,7794
2026-05-30,vrs26_gads_search_generic_marathon_natl,search_generic,Delhi NCR,1777.79,7354,154,154,25,11,6,19594
2026-05-30,vrs26_gads_search_generic_marathon_natl,search_generic,Bengaluru,1371.95,5516,145,145,20,6,3,4597
2026-05-30,vrs26_gads_search_generic_marathon_natl,search_generic,Hyderabad,1061.64,4809,127,127,13,2,2,2798
2026-05-30,vrs26_gads_search_generic_marathon_natl,search_generic,Pune,692.95,3214,75,75,10,2,2,1798
2026-05-30,vrs26_gads_search_generic_marathon_natl,search_generic,Chennai,545.25,2360,45,45,5,1,1,799
2026-05-30,vrs26_gads_search_generic_10k_natl,search_generic,Mumbai,1137.46,5329,101,101,14,8,5,5095
2026-05-30,vrs26_gads_search_generic_10k_natl,search_generic,Delhi NCR,846.34,3522,49,49,7,6,4,18194
2026-05-30,vrs26_gads_search_generic_10k_natl,search_generic,Bengaluru,1000.07,3766,86,86,11,4,3,3897
2026-05-30,vrs26_gads_search_generic_10k_natl,search_generic,Hyderabad,653.5,2778,48,48,5,1,1,1299
2026-05-30,vrs26_gads_search_generic_10k_natl,search_generic,Pune,518.66,2550,58,58,9,2,2,2997
2026-05-30,vrs26_gads_search_generic_10k_natl,search_generic,Chennai,411.06,1767,36,36,4,1,0,0
2026-05-30,vrs26_gads_pmax_all_natl,pmax,Mumbai,1806.25,8004,172,172,16,9,5,6895
2026-05-30,vrs26_gads_pmax_all_natl,pmax,Delhi NCR,1553.12,6849,133,133,17,7,3,3397
2026-05-30,vrs26_gads_pmax_all_natl,pmax,Bengaluru,1320.71,5628,115,115,19,5,4,9395
2026-05-30,vrs26_gads_pmax_all_natl,pmax,Hyderabad,1001.53,4450,70,70,9,6,1,1999
2026-05-30,vrs26_gads_pmax_all_natl,pmax,Pune,668.73,2724,57,57,4,1,1,2999
2026-05-30,vrs26_gads_pmax_all_natl,pmax,Chennai,595.43,1885,25,25,2,0,0,0
2026-05-30,vrs26_gads_pmax_mum,pmax,Mumbai,3108.77,14321,367,367,44,21,13,23184
2026-05-30,vrs26_gads_pmax_mum,pmax,Delhi NCR,164.52,647,15,15,2,1,1,799
2026-05-30,vrs26_gads_pmax_mum,pmax,Bengaluru,161.94,630,27,27,2,2,0,0
2026-05-30,vrs26_gads_pmax_mum,pmax,Hyderabad,134.08,572,20,20,3,2,0,0
2026-05-30,vrs26_gads_pmax_mum,pmax,Pune,77.6,347,7,7,1,1,1,1999
2026-05-30,vrs26_gads_pmax_mum,pmax,Chennai,63.85,262,11,11,0,0,0,0
2026-05-30,vrs26_gads_pmax_blr,pmax,Mumbai,239.59,1119,28,28,8,3,2,1798
2026-05-30,vrs26_gads_pmax_blr,pmax,Delhi NCR,205.33,989,26,26,5,2,0,0
2026-05-30,vrs26_gads_pmax_blr,pmax,Bengaluru,2507.86,11244,164,164,14,9,3,4896
2026-05-30,vrs26_gads_pmax_blr,pmax,Hyderabad,119.51,468,10,10,3,2,1,1299
2026-05-30,vrs26_gads_pmax_blr,pmax,Pune,93.39,414,9,9,1,1,1,799
2026-05-30,vrs26_gads_pmax_blr,pmax,Chennai,69.33,302,5,5,1,0,0,0
2026-05-30,vrs26_gads_display_remarketing_natl,display,Mumbai,918.1,3876,76,76,11,5,2,3798
2026-05-30,vrs26_gads_display_remarketing_natl,display,Delhi NCR,735.79,3008,53,53,4,1,0,0
2026-05-30,vrs26_gads_display_remarketing_natl,display,Bengaluru,686.97,2478,27,27,0,0,0,0
2026-05-30,vrs26_gads_display_remarketing_natl,display,Hyderabad,437.07,1702,33,33,4,1,0,0
2026-05-30,vrs26_gads_display_remarketing_natl,display,Pune,337.32,1308,24,24,0,0,0,0
2026-05-30,vrs26_gads_display_remarketing_natl,display,Chennai,310.06,1391,30,30,1,0,0,0
2026-05-30,vrs26_gads_yt_instream_natl,youtube,Mumbai,951.22,3866,67,67,6,3,2,1298
2026-05-30,vrs26_gads_yt_instream_natl,youtube,Delhi NCR,1157.9,5002,98,98,8,0,0,0
2026-05-30,vrs26_gads_yt_instream_natl,youtube,Bengaluru,735.16,3265,67,67,3,2,1,1299
2026-05-30,vrs26_gads_yt_instream_natl,youtube,Hyderabad,623.91,2803,67,67,2,1,1,799
2026-05-30,vrs26_gads_yt_instream_natl,youtube,Pune,381.3,1752,32,32,0,0,0,0
2026-05-30,vrs26_gads_yt_instream_natl,youtube,Chennai,337,1404,36,36,4,0,0,0
2026-05-30,vrs26_gads_yt_shorts_natl,youtube,Mumbai,745.46,3011,62,62,2,1,1,799
2026-05-30,vrs26_gads_yt_shorts_natl,youtube,Delhi NCR,587.23,2554,56,56,7,2,1,1299
2026-05-30,vrs26_gads_yt_shorts_natl,youtube,Bengaluru,511.37,2260,54,54,5,3,1,799
2026-05-30,vrs26_gads_yt_shorts_natl,youtube,Hyderabad,333.13,1497,23,23,1,1,0,0
2026-05-30,vrs26_gads_yt_shorts_natl,youtube,Pune,258.63,1098,20,20,2,0,0,0
2026-05-30,vrs26_gads_yt_shorts_natl,youtube,Chennai,228.32,796,11,11,0,0,0,0
2026-05-30,vrs26_gads_search_competitor_natl,search_generic,Mumbai,613.88,2679,44,44,3,2,1,499
2026-05-30,vrs26_gads_search_competitor_natl,search_generic,Delhi NCR,439.66,1925,37,37,3,2,1,2999
2026-05-30,vrs26_gads_search_competitor_natl,search_generic,Bengaluru,475.9,2089,35,35,2,0,0,0
2026-05-30,vrs26_gads_search_competitor_natl,search_generic,Hyderabad,321.13,1423,27,27,3,1,1,2999
2026-05-30,vrs26_gads_search_competitor_natl,search_generic,Pune,225.28,864,18,18,2,1,0,0
2026-05-30,vrs26_gads_search_competitor_natl,search_generic,Chennai,207.7,911,11,11,0,0,0,0
2026-05-30,vrs26_gads_search_corp_hyd,search_generic,Mumbai,131.3,547,11,11,1,0,0,0
2026-05-30,vrs26_gads_search_corp_hyd,search_generic,Delhi NCR,78.01,366,6,6,1,0,0,0
2026-05-30,vrs26_gads_search_corp_hyd,search_generic,Bengaluru,90.32,435,10,10,1,1,0,0
2026-05-30,vrs26_gads_search_corp_hyd,search_generic,Hyderabad,1431.98,7418,145,145,18,8,7,20092
2026-05-30,vrs26_gads_search_corp_hyd,search_generic,Pune,47.66,242,7,7,1,0,0,0
2026-05-30,vrs26_gads_search_corp_hyd,search_generic,Chennai,28.53,106,3,3,1,0,0,0
2026-05-31,vrs26_gads_search_brand_natl,search_brand,Mumbai,1204.57,5414,114,114,24,12,8,18691
2026-05-31,vrs26_gads_search_brand_natl,search_brand,Delhi NCR,1009.79,4913,94,94,20,9,5,6195
2026-05-31,vrs26_gads_search_brand_natl,search_brand,Bengaluru,985.53,3935,83,83,12,4,2,2798
2026-05-31,vrs26_gads_search_brand_natl,search_brand,Hyderabad,609.53,2802,64,64,13,6,4,6996
2026-05-31,vrs26_gads_search_brand_natl,search_brand,Pune,496.12,1920,41,41,6,1,1,499
2026-05-31,vrs26_gads_search_brand_natl,search_brand,Chennai,349.65,1563,31,31,5,3,2,2998
2026-05-31,vrs26_gads_search_generic_marathon_natl,search_generic,Mumbai,1746.76,8946,214,214,29,12,7,16093
2026-05-31,vrs26_gads_search_generic_marathon_natl,search_generic,Delhi NCR,1250.62,6002,66,66,6,3,2,2798
2026-05-31,vrs26_gads_search_generic_marathon_natl,search_generic,Bengaluru,1479.55,6618,117,117,19,9,4,9796
2026-05-31,vrs26_gads_search_generic_marathon_natl,search_generic,Hyderabad,1038.17,4396,110,110,8,2,1,799
2026-05-31,vrs26_gads_search_generic_marathon_natl,search_generic,Pune,705.2,3651,81,81,15,6,6,12894
2026-05-31,vrs26_gads_search_generic_marathon_natl,search_generic,Chennai,583.43,2383,61,61,13,7,4,10096
2026-05-31,vrs26_gads_search_generic_10k_natl,search_generic,Mumbai,1316.15,5881,131,131,17,9,6,8893
2026-05-31,vrs26_gads_search_generic_10k_natl,search_generic,Delhi NCR,856.28,3709,82,82,10,3,1,499
2026-05-31,vrs26_gads_search_generic_10k_natl,search_generic,Bengaluru,933.09,4467,121,121,18,6,3,2897
2026-05-31,vrs26_gads_search_generic_10k_natl,search_generic,Hyderabad,534.01,1979,61,61,7,2,0,0
2026-05-31,vrs26_gads_search_generic_10k_natl,search_generic,Pune,384.07,1376,33,33,7,4,1,1999
2026-05-31,vrs26_gads_search_generic_10k_natl,search_generic,Chennai,273.5,1232,29,29,3,1,1,1299
2026-05-31,vrs26_gads_pmax_all_natl,pmax,Mumbai,1679.95,7269,143,143,20,5,4,6296
2026-05-31,vrs26_gads_pmax_all_natl,pmax,Delhi NCR,1479.25,6247,149,149,15,5,3,8997
2026-05-31,vrs26_gads_pmax_all_natl,pmax,Bengaluru,1251.43,5220,113,113,14,5,2,3998
2026-05-31,vrs26_gads_pmax_all_natl,pmax,Hyderabad,857.08,3853,58,58,6,1,1,799
2026-05-31,vrs26_gads_pmax_all_natl,pmax,Pune,698.04,3210,66,66,7,3,0,0
2026-05-31,vrs26_gads_pmax_all_natl,pmax,Chennai,569.43,2899,68,68,9,3,3,3297
2026-05-31,vrs26_gads_pmax_mum,pmax,Mumbai,2918.5,13038,296,296,28,11,5,11794
2026-05-31,vrs26_gads_pmax_mum,pmax,Delhi NCR,186.85,941,19,19,3,0,0,0
2026-05-31,vrs26_gads_pmax_mum,pmax,Bengaluru,149.87,761,10,10,0,0,0,0
2026-05-31,vrs26_gads_pmax_mum,pmax,Hyderabad,90.31,398,8,8,1,0,0,0
2026-05-31,vrs26_gads_pmax_mum,pmax,Pune,81.01,371,4,4,0,0,0,0
2026-05-31,vrs26_gads_pmax_mum,pmax,Chennai,64.85,273,4,4,0,0,0,0
2026-05-31,vrs26_gads_pmax_blr,pmax,Mumbai,201.83,1014,31,31,1,1,0,0
2026-05-31,vrs26_gads_pmax_blr,pmax,Delhi NCR,153.1,676,11,11,1,1,1,1299
2026-05-31,vrs26_gads_pmax_blr,pmax,Bengaluru,2449.1,9535,156,156,25,10,6,19192
2026-05-31,vrs26_gads_pmax_blr,pmax,Hyderabad,99.05,437,18,18,1,0,0,0
2026-05-31,vrs26_gads_pmax_blr,pmax,Pune,89.18,401,7,7,0,0,0,0
2026-05-31,vrs26_gads_pmax_blr,pmax,Chennai,51.54,222,4,4,1,1,0,0
2026-05-31,vrs26_gads_display_remarketing_natl,display,Mumbai,886.14,3673,70,70,3,0,0,0
2026-05-31,vrs26_gads_display_remarketing_natl,display,Delhi NCR,690.82,3279,51,51,5,1,1,1299
2026-05-31,vrs26_gads_display_remarketing_natl,display,Bengaluru,661.31,2523,49,49,5,1,0,0
2026-05-31,vrs26_gads_display_remarketing_natl,display,Hyderabad,457.99,2066,39,39,1,1,1,1999
2026-05-31,vrs26_gads_display_remarketing_natl,display,Pune,266.57,1178,25,25,2,1,1,2499
2026-05-31,vrs26_gads_display_remarketing_natl,display,Chennai,260.01,1103,21,21,1,0,0,0
2026-05-31,vrs26_gads_yt_instream_natl,youtube,Mumbai,1029.96,4604,76,76,4,0,0,0
2026-05-31,vrs26_gads_yt_instream_natl,youtube,Delhi NCR,917.11,4789,111,111,9,0,0,0
2026-05-31,vrs26_gads_yt_instream_natl,youtube,Bengaluru,718.45,3506,102,102,8,1,0,0
2026-05-31,vrs26_gads_yt_instream_natl,youtube,Hyderabad,580.98,2795,45,45,3,0,0,0
2026-05-31,vrs26_gads_yt_instream_natl,youtube,Pune,391.66,1614,25,25,1,1,1,1999
2026-05-31,vrs26_gads_yt_instream_natl,youtube,Chennai,300.85,1248,23,23,0,0,0,0
2026-05-31,vrs26_gads_yt_shorts_natl,youtube,Mumbai,729.17,3728,90,90,6,4,0,0
2026-05-31,vrs26_gads_yt_shorts_natl,youtube,Delhi NCR,542.68,2055,47,47,0,0,0,0
2026-05-31,vrs26_gads_yt_shorts_natl,youtube,Bengaluru,426.75,2109,53,53,4,2,1,1299
2026-05-31,vrs26_gads_yt_shorts_natl,youtube,Hyderabad,326.88,1400,29,29,1,0,0,0
2026-05-31,vrs26_gads_yt_shorts_natl,youtube,Pune,289.45,1305,18,18,2,1,0,0
2026-05-31,vrs26_gads_yt_shorts_natl,youtube,Chennai,191.73,780,16,16,1,0,0,0
2026-05-31,vrs26_gads_search_competitor_natl,search_generic,Mumbai,490.98,1995,33,33,4,1,0,0
2026-05-31,vrs26_gads_search_competitor_natl,search_generic,Delhi NCR,519.44,2216,44,44,4,1,0,0
2026-05-31,vrs26_gads_search_competitor_natl,search_generic,Bengaluru,459.54,2147,39,39,4,0,0,0
2026-05-31,vrs26_gads_search_competitor_natl,search_generic,Hyderabad,294.1,1379,33,33,1,0,0,0
2026-05-31,vrs26_gads_search_competitor_natl,search_generic,Pune,225.46,1069,32,32,3,2,2,3298
2026-05-31,vrs26_gads_search_competitor_natl,search_generic,Chennai,159.05,700,20,20,3,3,3,2897
2026-05-31,vrs26_gads_search_corp_hyd,search_generic,Mumbai,104.98,510,11,11,2,1,0,0
2026-05-31,vrs26_gads_search_corp_hyd,search_generic,Delhi NCR,89.07,376,4,4,0,0,0,0
2026-05-31,vrs26_gads_search_corp_hyd,search_generic,Bengaluru,69.29,343,14,14,1,0,0,0
2026-05-31,vrs26_gads_search_corp_hyd,search_generic,Hyderabad,1355.49,5688,148,148,22,6,2,3298
2026-05-31,vrs26_gads_search_corp_hyd,search_generic,Pune,42.95,191,5,5,0,0,0,0
2026-05-31,vrs26_gads_search_corp_hyd,search_generic,Chennai,39.15,168,4,4,0,0,0,0
2026-06-01,vrs26_gads_search_brand_natl,search_brand,Mumbai,1024.12,5099,109,109,24,8,3,9297
2026-06-01,vrs26_gads_search_brand_natl,search_brand,Delhi NCR,871.87,3608,68,68,18,11,10,18490
2026-06-01,vrs26_gads_search_brand_natl,search_brand,Bengaluru,1120.67,3825,64,64,14,9,6,8394
2026-06-01,vrs26_gads_search_brand_natl,search_brand,Hyderabad,681.82,2546,48,48,9,2,0,0
2026-06-01,vrs26_gads_search_brand_natl,search_brand,Pune,414.38,1824,32,32,5,2,0,0
2026-06-01,vrs26_gads_search_brand_natl,search_brand,Chennai,347.52,1593,30,30,11,5,2,1598
2026-06-01,vrs26_gads_search_generic_marathon_natl,search_generic,Mumbai,1796.82,8431,199,199,24,6,2,2998
2026-06-01,vrs26_gads_search_generic_marathon_natl,search_generic,Delhi NCR,1435.12,6142,92,92,9,4,1,3499
2026-06-01,vrs26_gads_search_generic_marathon_natl,search_generic,Bengaluru,1235.54,6119,95,95,11,7,4,4595
2026-06-01,vrs26_gads_search_generic_marathon_natl,search_generic,Hyderabad,894.66,3751,93,93,10,2,0,0
2026-06-01,vrs26_gads_search_generic_marathon_natl,search_generic,Pune,668.72,2972,51,51,3,1,1,1999
2026-06-01,vrs26_gads_search_generic_marathon_natl,search_generic,Chennai,488.17,2090,56,56,9,4,2,2098
2026-06-01,vrs26_gads_search_generic_10k_natl,search_generic,Mumbai,1060.22,4722,106,106,8,3,3,6797
2026-06-01,vrs26_gads_search_generic_10k_natl,search_generic,Delhi NCR,776.01,3034,74,74,9,4,2,3997
2026-06-01,vrs26_gads_search_generic_10k_natl,search_generic,Bengaluru,969.76,4053,83,83,11,4,1,499
2026-06-01,vrs26_gads_search_generic_10k_natl,search_generic,Hyderabad,568.37,2174,60,60,7,5,4,4396
2026-06-01,vrs26_gads_search_generic_10k_natl,search_generic,Pune,408.47,1870,18,18,1,0,0,0
2026-06-01,vrs26_gads_search_generic_10k_natl,search_generic,Chennai,334.45,1492,27,27,4,2,2,5998
2026-06-01,vrs26_gads_pmax_all_natl,pmax,Mumbai,1518.92,6368,119,119,11,3,3,3397
2026-06-01,vrs26_gads_pmax_all_natl,pmax,Delhi NCR,1594.77,6985,144,144,14,3,2,2098
2026-06-01,vrs26_gads_pmax_all_natl,pmax,Bengaluru,1167.22,4940,87,87,5,2,2,5297
2026-06-01,vrs26_gads_pmax_all_natl,pmax,Hyderabad,794.46,3247,71,71,11,3,2,2098
2026-06-01,vrs26_gads_pmax_all_natl,pmax,Pune,755.29,3545,89,89,15,5,3,6797
2026-06-01,vrs26_gads_pmax_all_natl,pmax,Chennai,431.02,2029,37,37,6,3,3,4597
2026-06-01,vrs26_gads_pmax_mum,pmax,Mumbai,2753.05,12036,289,289,32,15,8,9492
2026-06-01,vrs26_gads_pmax_mum,pmax,Delhi NCR,146.67,582,12,12,1,0,0,0
2026-06-01,vrs26_gads_pmax_mum,pmax,Bengaluru,173.47,741,15,15,0,0,0,0
2026-06-01,vrs26_gads_pmax_mum,pmax,Hyderabad,126.71,569,6,6,1,1,0,0
2026-06-01,vrs26_gads_pmax_mum,pmax,Pune,79.2,328,6,6,0,0,0,0
2026-06-01,vrs26_gads_pmax_mum,pmax,Chennai,66.2,280,10,10,1,1,0,0
2026-06-01,vrs26_gads_pmax_blr,pmax,Mumbai,187.57,807,18,18,1,0,0,0
2026-06-01,vrs26_gads_pmax_blr,pmax,Delhi NCR,162.96,675,21,21,4,0,0,0
2026-06-01,vrs26_gads_pmax_blr,pmax,Bengaluru,2352.74,9838,165,165,13,4,3,5297
2026-06-01,vrs26_gads_pmax_blr,pmax,Hyderabad,100.91,448,11,11,0,0,0,0
2026-06-01,vrs26_gads_pmax_blr,pmax,Pune,61.07,248,7,7,1,0,0,0
2026-06-01,vrs26_gads_pmax_blr,pmax,Chennai,51.15,242,5,5,0,0,0,0
2026-06-01,vrs26_gads_display_remarketing_natl,display,Mumbai,723.42,3007,66,66,1,0,0,0
2026-06-01,vrs26_gads_display_remarketing_natl,display,Delhi NCR,769.6,3443,60,60,4,3,1,3998
2026-06-01,vrs26_gads_display_remarketing_natl,display,Bengaluru,638.59,2722,45,45,4,3,3,7297
2026-06-01,vrs26_gads_display_remarketing_natl,display,Hyderabad,413.29,1992,35,35,3,1,0,0
2026-06-01,vrs26_gads_display_remarketing_natl,display,Pune,280.91,1305,25,25,1,1,0,0
2026-06-01,vrs26_gads_display_remarketing_natl,display,Chennai,262.13,1055,20,20,0,0,0,0
2026-06-01,vrs26_gads_yt_instream_natl,youtube,Mumbai,971.46,4828,95,95,2,0,0,0
2026-06-01,vrs26_gads_yt_instream_natl,youtube,Delhi NCR,817.04,3505,48,48,2,0,0,0
2026-06-01,vrs26_gads_yt_instream_natl,youtube,Bengaluru,761.78,3530,68,68,4,4,3,2397
2026-06-01,vrs26_gads_yt_instream_natl,youtube,Hyderabad,472.43,2342,59,59,3,1,0,0
2026-06-01,vrs26_gads_yt_instream_natl,youtube,Pune,400.93,1799,28,28,3,0,0,0
2026-06-01,vrs26_gads_yt_instream_natl,youtube,Chennai,350.53,1622,41,41,2,1,1,1299
2026-06-01,vrs26_gads_yt_shorts_natl,youtube,Mumbai,629.7,2712,59,59,4,3,2,3798
2026-06-01,vrs26_gads_yt_shorts_natl,youtube,Delhi NCR,518.21,2431,47,47,4,0,0,0
2026-06-01,vrs26_gads_yt_shorts_natl,youtube,Bengaluru,513.51,2079,37,37,3,2,2,2998
2026-06-01,vrs26_gads_yt_shorts_natl,youtube,Hyderabad,287.46,1239,35,35,0,0,0,0
2026-06-01,vrs26_gads_yt_shorts_natl,youtube,Pune,243.31,1058,34,34,4,0,0,0
2026-06-01,vrs26_gads_yt_shorts_natl,youtube,Chennai,209.56,785,14,14,2,2,1,1299
2026-06-01,vrs26_gads_search_competitor_natl,search_generic,Mumbai,481.89,2247,54,54,6,2,2,2098
2026-06-01,vrs26_gads_search_competitor_natl,search_generic,Delhi NCR,515.56,2108,48,48,5,1,1,3499
2026-06-01,vrs26_gads_search_competitor_natl,search_generic,Bengaluru,449.67,1723,47,47,5,3,3,4396
2026-06-01,vrs26_gads_search_competitor_natl,search_generic,Hyderabad,261.16,1227,23,23,1,1,0,0
2026-06-01,vrs26_gads_search_competitor_natl,search_generic,Pune,171.87,824,18,18,1,0,0,0
2026-06-01,vrs26_gads_search_competitor_natl,search_generic,Chennai,178.51,774,23,23,1,1,1,1299
2026-06-01,vrs26_gads_discovery_feed_natl,discovery,Mumbai,573.45,2623,60,60,5,2,1,1999
2026-06-01,vrs26_gads_discovery_feed_natl,discovery,Delhi NCR,607.49,2298,71,71,4,2,2,1298
2026-06-01,vrs26_gads_discovery_feed_natl,discovery,Bengaluru,435.41,2244,50,50,5,2,0,0
2026-06-01,vrs26_gads_discovery_feed_natl,discovery,Hyderabad,313.41,1462,30,30,2,1,1,3499
2026-06-01,vrs26_gads_discovery_feed_natl,discovery,Pune,205.08,956,20,20,2,1,0,0
2026-06-01,vrs26_gads_discovery_feed_natl,discovery,Chennai,181.13,862,19,19,2,0,0,0
2026-06-01,vrs26_gads_search_corp_hyd,search_generic,Mumbai,116.44,550,15,15,1,1,0,0
2026-06-01,vrs26_gads_search_corp_hyd,search_generic,Delhi NCR,77.12,321,2,2,0,0,0,0
2026-06-01,vrs26_gads_search_corp_hyd,search_generic,Bengaluru,94.18,350,11,11,2,0,0,0
2026-06-01,vrs26_gads_search_corp_hyd,search_generic,Hyderabad,1262.71,5287,110,110,8,1,0,0
2026-06-01,vrs26_gads_search_corp_hyd,search_generic,Pune,40.77,172,1,1,0,0,0,0
2026-06-01,vrs26_gads_search_corp_hyd,search_generic,Chennai,38.54,170,7,7,2,0,0,0
2026-06-02,vrs26_gads_search_brand_natl,search_brand,Mumbai,1380.55,4958,79,79,19,10,6,9193
2026-06-02,vrs26_gads_search_brand_natl,search_brand,Delhi NCR,1030.47,4298,94,94,23,11,10,23788
2026-06-02,vrs26_gads_search_brand_natl,search_brand,Bengaluru,877.7,3685,92,92,26,12,9,22291
2026-06-02,vrs26_gads_search_brand_natl,search_brand,Hyderabad,664.88,2719,30,30,8,5,2,5498
2026-06-02,vrs26_gads_search_brand_natl,search_brand,Pune,451.98,2022,64,64,14,4,3,4597
2026-06-02,vrs26_gads_search_brand_natl,search_brand,Chennai,407.69,1881,37,37,11,6,3,2897
2026-06-02,vrs26_gads_search_generic_marathon_natl,search_generic,Mumbai,1785.97,7390,173,173,23,10,5,6095
2026-06-02,vrs26_gads_search_generic_marathon_natl,search_generic,Delhi NCR,1519.33,6521,123,123,24,11,8,22891
2026-06-02,vrs26_gads_search_generic_marathon_natl,search_generic,Bengaluru,1389.7,5361,77,77,11,4,1,1299
2026-06-02,vrs26_gads_search_generic_marathon_natl,search_generic,Hyderabad,1149.91,4262,101,101,8,7,4,7195
2026-06-02,vrs26_gads_search_generic_marathon_natl,search_generic,Pune,727.73,2735,42,42,5,0,0,0
2026-06-02,vrs26_gads_search_generic_marathon_natl,search_generic,Chennai,462.14,1918,45,45,2,0,0,0
2026-06-02,vrs26_gads_search_generic_10k_natl,search_generic,Mumbai,1353.88,6011,88,88,10,2,1,1299
2026-06-02,vrs26_gads_search_generic_10k_natl,search_generic,Delhi NCR,898.36,3804,75,75,11,3,2,2798
2026-06-02,vrs26_gads_search_generic_10k_natl,search_generic,Bengaluru,790.39,3667,54,54,6,2,1,799
2026-06-02,vrs26_gads_search_generic_10k_natl,search_generic,Hyderabad,483.1,2093,42,42,1,1,0,0
2026-06-02,vrs26_gads_search_generic_10k_natl,search_generic,Pune,477.19,1972,57,57,7,1,0,0
2026-06-02,vrs26_gads_search_generic_10k_natl,search_generic,Chennai,440.1,1790,32,32,5,2,2,4196
2026-06-02,vrs26_gads_pmax_all_natl,pmax,Mumbai,1837.09,8734,148,148,13,5,3,3797
2026-06-02,vrs26_gads_pmax_all_natl,pmax,Delhi NCR,1614.42,6172,86,86,13,8,7,15193
2026-06-02,vrs26_gads_pmax_all_natl,pmax,Bengaluru,1162.41,4908,96,96,13,3,3,9297
2026-06-02,vrs26_gads_pmax_all_natl,pmax,Hyderabad,856.83,3417,94,94,10,3,2,7497
2026-06-02,vrs26_gads_pmax_all_natl,pmax,Pune,733.31,3087,62,62,10,6,4,5896
2026-06-02,vrs26_gads_pmax_all_natl,pmax,Chennai,553.04,2511,55,55,8,3,0,0
2026-06-02,vrs26_gads_pmax_mum,pmax,Mumbai,2990.57,13892,315,315,34,14,4,7796
2026-06-02,vrs26_gads_pmax_mum,pmax,Delhi NCR,213.22,812,11,11,1,0,0,0
2026-06-02,vrs26_gads_pmax_mum,pmax,Bengaluru,133.42,635,13,13,2,1,0,0
2026-06-02,vrs26_gads_pmax_mum,pmax,Hyderabad,125.75,569,11,11,0,0,0,0
2026-06-02,vrs26_gads_pmax_mum,pmax,Pune,85.04,333,8,8,0,0,0,0
2026-06-02,vrs26_gads_pmax_mum,pmax,Chennai,61.96,262,7,7,1,0,0,0
2026-06-02,vrs26_gads_pmax_blr,pmax,Mumbai,175.99,728,16,16,1,1,1,799
2026-06-02,vrs26_gads_pmax_blr,pmax,Delhi NCR,157.71,720,13,13,1,0,0,0
2026-06-02,vrs26_gads_pmax_blr,pmax,Bengaluru,2580.25,12229,233,233,21,9,2,2598
2026-06-02,vrs26_gads_pmax_blr,pmax,Hyderabad,102.92,474,11,11,3,2,1,2499
2026-06-02,vrs26_gads_pmax_blr,pmax,Pune,79.18,377,16,16,2,1,0,0
2026-06-02,vrs26_gads_pmax_blr,pmax,Chennai,51.09,215,4,4,2,1,0,0
2026-06-02,vrs26_gads_display_remarketing_natl,display,Mumbai,867.25,3789,79,79,9,3,1,2499
2026-06-02,vrs26_gads_display_remarketing_natl,display,Delhi NCR,674.92,2827,68,68,7,1,0,0
2026-06-02,vrs26_gads_display_remarketing_natl,display,Bengaluru,735.86,3122,56,56,6,1,1,1299
2026-06-02,vrs26_gads_display_remarketing_natl,display,Hyderabad,452.93,2108,35,35,2,0,0,0
2026-06-02,vrs26_gads_display_remarketing_natl,display,Pune,379.17,1499,27,27,3,1,1,1999
2026-06-02,vrs26_gads_display_remarketing_natl,display,Chennai,222.13,932,14,14,2,0,0,0
2026-06-02,vrs26_gads_yt_instream_natl,youtube,Mumbai,1159.19,5711,135,135,11,4,3,3797
2026-06-02,vrs26_gads_yt_instream_natl,youtube,Delhi NCR,763.36,3282,82,82,6,4,3,6297
2026-06-02,vrs26_gads_yt_instream_natl,youtube,Bengaluru,812.96,3023,82,82,5,0,0,0
2026-06-02,vrs26_gads_yt_instream_natl,youtube,Hyderabad,555.4,2319,45,45,4,1,1,799
2026-06-02,vrs26_gads_yt_instream_natl,youtube,Pune,449.39,1931,39,39,4,0,0,0
2026-06-02,vrs26_gads_yt_instream_natl,youtube,Chennai,332.47,1437,18,18,1,1,0,0
2026-06-02,vrs26_gads_yt_shorts_natl,youtube,Mumbai,715.64,2917,57,57,2,0,0,0
2026-06-02,vrs26_gads_yt_shorts_natl,youtube,Delhi NCR,559.95,2259,43,43,1,0,0,0
2026-06-02,vrs26_gads_yt_shorts_natl,youtube,Bengaluru,470.92,2181,50,50,3,0,0,0
2026-06-02,vrs26_gads_yt_shorts_natl,youtube,Hyderabad,389.53,1708,39,39,2,1,0,0
2026-06-02,vrs26_gads_yt_shorts_natl,youtube,Pune,232.89,998,18,18,3,2,2,2798
2026-06-02,vrs26_gads_yt_shorts_natl,youtube,Chennai,222.83,1046,21,21,0,0,0,0
2026-06-02,vrs26_gads_search_competitor_natl,search_generic,Mumbai,664.9,3079,59,59,4,2,0,0
2026-06-02,vrs26_gads_search_competitor_natl,search_generic,Delhi NCR,488.12,2134,56,56,1,0,0,0
2026-06-02,vrs26_gads_search_competitor_natl,search_generic,Bengaluru,399.09,1517,44,44,2,2,1,1299
2026-06-02,vrs26_gads_search_competitor_natl,search_generic,Hyderabad,267.06,1251,34,34,3,2,1,1999
2026-06-02,vrs26_gads_search_competitor_natl,search_generic,Pune,228.36,941,34,34,3,1,1,1299
2026-06-02,vrs26_gads_search_competitor_natl,search_generic,Chennai,173.96,690,14,14,1,1,1,1598
2026-06-02,vrs26_gads_discovery_feed_natl,discovery,Mumbai,721.49,3262,92,92,6,2,2,1598
2026-06-02,vrs26_gads_discovery_feed_natl,discovery,Delhi NCR,478.68,2053,45,45,1,1,1,2999
2026-06-02,vrs26_gads_discovery_feed_natl,discovery,Bengaluru,504.62,2544,66,66,6,0,0,0
2026-06-02,vrs26_gads_discovery_feed_natl,discovery,Hyderabad,337.33,1516,29,29,3,2,1,1999
2026-06-02,vrs26_gads_discovery_feed_natl,discovery,Pune,262.74,1141,33,33,0,0,0,0
2026-06-02,vrs26_gads_discovery_feed_natl,discovery,Chennai,194.34,852,12,12,4,0,0,0
2026-06-02,vrs26_gads_search_corp_hyd,search_generic,Mumbai,89.49,358,2,2,0,0,0,0
2026-06-02,vrs26_gads_search_corp_hyd,search_generic,Delhi NCR,78.97,372,4,4,0,0,0,0
2026-06-02,vrs26_gads_search_corp_hyd,search_generic,Bengaluru,69.39,308,6,6,0,0,0,0
2026-06-02,vrs26_gads_search_corp_hyd,search_generic,Hyderabad,1449.68,5835,132,132,11,6,2,1798
2026-06-02,vrs26_gads_search_corp_hyd,search_generic,Pune,42.96,177,4,4,1,0,0,0
2026-06-02,vrs26_gads_search_corp_hyd,search_generic,Chennai,28.2,115,5,5,0,0,0,0
2026-06-03,vrs26_gads_search_brand_natl,search_brand,Mumbai,1227.36,4722,99,99,21,9,5,5895
2026-06-03,vrs26_gads_search_brand_natl,search_brand,Delhi NCR,1063.71,4315,86,86,16,8,4,14595
2026-06-03,vrs26_gads_search_brand_natl,search_brand,Bengaluru,970.06,4208,92,92,13,5,4,6695
2026-06-03,vrs26_gads_search_brand_natl,search_brand,Hyderabad,693.58,2882,64,64,17,8,5,4694
2026-06-03,vrs26_gads_search_brand_natl,search_brand,Pune,450.71,2122,33,33,3,2,2,3397
2026-06-03,vrs26_gads_search_brand_natl,search_brand,Chennai,394.54,2035,24,24,7,3,2,3998
2026-06-03,vrs26_gads_search_generic_marathon_natl,search_generic,Mumbai,1574.92,7001,142,142,22,4,3,2597
2026-06-03,vrs26_gads_search_generic_marathon_natl,search_generic,Delhi NCR,1547.57,6283,136,136,10,3,3,6797
2026-06-03,vrs26_gads_search_generic_marathon_natl,search_generic,Bengaluru,1380.45,6005,146,146,17,5,5,13295
2026-06-03,vrs26_gads_search_generic_marathon_natl,search_generic,Hyderabad,1282.61,5255,114,114,14,4,2,2098
2026-06-03,vrs26_gads_search_generic_marathon_natl,search_generic,Pune,748.53,3494,62,62,7,2,2,2098
2026-06-03,vrs26_gads_search_generic_marathon_natl,search_generic,Chennai,481.27,2177,32,32,4,1,1,1299
2026-06-03,vrs26_gads_search_generic_10k_natl,search_generic,Mumbai,1264.55,6118,156,156,21,10,7,13192
2026-06-03,vrs26_gads_search_generic_10k_natl,search_generic,Delhi NCR,770.68,3369,61,61,6,2,1,799
2026-06-03,vrs26_gads_search_generic_10k_natl,search_generic,Bengaluru,833.06,3339,75,75,5,3,3,3797
2026-06-03,vrs26_gads_search_generic_10k_natl,search_generic,Hyderabad,712.22,3243,58,58,7,2,2,4497
2026-06-03,vrs26_gads_search_generic_10k_natl,search_generic,Pune,438.93,1820,28,28,5,2,2,2598
2026-06-03,vrs26_gads_search_generic_10k_natl,search_generic,Chennai,411.3,1947,40,40,4,2,2,1598
2026-06-03,vrs26_gads_pmax_all_natl,pmax,Mumbai,1759.37,7540,159,159,15,3,2,4798
2026-06-03,vrs26_gads_pmax_all_natl,pmax,Delhi NCR,1501.89,6463,192,192,13,3,1,799
2026-06-03,vrs26_gads_pmax_all_natl,pmax,Bengaluru,1307.6,5748,114,114,16,5,4,7195
2026-06-03,vrs26_gads_pmax_all_natl,pmax,Hyderabad,914.83,3841,100,100,10,4,2,5297
2026-06-03,vrs26_gads_pmax_all_natl,pmax,Pune,615.88,2818,86,86,10,4,4,9096
2026-06-03,vrs26_gads_pmax_all_natl,pmax,Chennai,638.84,2449,52,52,10,2,1,499
2026-06-03,vrs26_gads_pmax_mum,pmax,Mumbai,2880.8,12396,255,255,19,5,1,799
2026-06-03,vrs26_gads_pmax_mum,pmax,Delhi NCR,207.12,904,15,15,0,0,0,0
2026-06-03,vrs26_gads_pmax_mum,pmax,Bengaluru,220.52,915,12,12,0,0,0,0
2026-06-03,vrs26_gads_pmax_mum,pmax,Hyderabad,125.31,570,13,13,0,0,0,0
2026-06-03,vrs26_gads_pmax_mum,pmax,Pune,98.26,455,17,17,2,0,0,0
2026-06-03,vrs26_gads_pmax_mum,pmax,Chennai,67.96,279,4,4,1,0,0,0
2026-06-03,vrs26_gads_pmax_blr,pmax,Mumbai,242.68,1058,42,42,6,2,1,1299
2026-06-03,vrs26_gads_pmax_blr,pmax,Delhi NCR,201.26,908,12,12,3,2,2,2098
2026-06-03,vrs26_gads_pmax_blr,pmax,Bengaluru,2422.68,10569,251,251,31,11,6,10693
2026-06-03,vrs26_gads_pmax_blr,pmax,Hyderabad,110.06,512,11,11,2,1,1,6499
2026-06-03,vrs26_gads_pmax_blr,pmax,Pune,95.7,408,2,2,1,1,0,0
2026-06-03,vrs26_gads_pmax_blr,pmax,Chennai,66.06,275,8,8,1,0,0,0
2026-06-03,vrs26_gads_display_remarketing_natl,display,Mumbai,1080.7,4370,104,104,11,2,2,7798
2026-06-03,vrs26_gads_display_remarketing_natl,display,Delhi NCR,595.88,2512,47,47,6,2,1,2999
2026-06-03,vrs26_gads_display_remarketing_natl,display,Bengaluru,642.82,2793,58,58,4,2,2,1598
2026-06-03,vrs26_gads_display_remarketing_natl,display,Hyderabad,483.69,2015,52,52,0,0,0,0
2026-06-03,vrs26_gads_display_remarketing_natl,display,Pune,243.2,1103,18,18,1,1,0,0
2026-06-03,vrs26_gads_display_remarketing_natl,display,Chennai,276.76,1371,33,33,1,0,0,0
2026-06-03,vrs26_gads_yt_instream_natl,youtube,Mumbai,1022.87,4487,89,89,6,2,0,0
2026-06-03,vrs26_gads_yt_instream_natl,youtube,Delhi NCR,983.46,4251,103,103,8,4,2,3298
2026-06-03,vrs26_gads_yt_instream_natl,youtube,Bengaluru,800.04,3546,76,76,1,1,1,1299
2026-06-03,vrs26_gads_yt_instream_natl,youtube,Hyderabad,530.31,2467,41,41,2,1,1,799
2026-06-03,vrs26_gads_yt_instream_natl,youtube,Pune,385.37,1813,47,47,3,1,1,499
2026-06-03,vrs26_gads_yt_instream_natl,youtube,Chennai,339.47,1626,29,29,4,1,1,1999
2026-06-03,vrs26_gads_yt_shorts_natl,youtube,Mumbai,714.89,3517,64,64,4,0,0,0
2026-06-03,vrs26_gads_yt_shorts_natl,youtube,Delhi NCR,598.93,2430,62,62,5,4,2,3798
2026-06-03,vrs26_gads_yt_shorts_natl,youtube,Bengaluru,436.79,1566,38,38,1,0,0,0
2026-06-03,vrs26_gads_yt_shorts_natl,youtube,Hyderabad,403.68,1482,33,33,1,0,0,0
2026-06-03,vrs26_gads_yt_shorts_natl,youtube,Pune,232.39,1035,29,29,0,0,0,0
2026-06-03,vrs26_gads_yt_shorts_natl,youtube,Chennai,197.92,843,25,25,3,1,1,1999
2026-06-03,vrs26_gads_search_competitor_natl,search_generic,Mumbai,649.88,3079,63,63,6,0,0,0
2026-06-03,vrs26_gads_search_competitor_natl,search_generic,Delhi NCR,518.54,2261,43,43,8,2,0,0
2026-06-03,vrs26_gads_search_competitor_natl,search_generic,Bengaluru,379.45,1732,37,37,5,2,1,799
2026-06-03,vrs26_gads_search_competitor_natl,search_generic,Hyderabad,297.73,1296,15,15,1,0,0,0
2026-06-03,vrs26_gads_search_competitor_natl,search_generic,Pune,209.39,990,22,22,1,1,0,0
2026-06-03,vrs26_gads_search_competitor_natl,search_generic,Chennai,160.38,642,13,13,0,0,0,0
2026-06-03,vrs26_gads_discovery_feed_natl,discovery,Mumbai,619.92,2765,57,57,6,2,0,0
2026-06-03,vrs26_gads_discovery_feed_natl,discovery,Delhi NCR,556.05,2411,55,55,4,2,2,2598
2026-06-03,vrs26_gads_discovery_feed_natl,discovery,Bengaluru,558.64,2416,69,69,5,0,0,0
2026-06-03,vrs26_gads_discovery_feed_natl,discovery,Hyderabad,337.51,1310,24,24,4,2,1,3998
2026-06-03,vrs26_gads_discovery_feed_natl,discovery,Pune,207.72,863,17,17,0,0,0,0
2026-06-03,vrs26_gads_discovery_feed_natl,discovery,Chennai,212.45,1068,16,16,1,0,0,0
2026-06-03,vrs26_gads_search_corp_hyd,search_generic,Mumbai,105.36,495,9,9,2,2,1,799
2026-06-03,vrs26_gads_search_corp_hyd,search_generic,Delhi NCR,71.7,305,10,10,1,1,1,799
2026-06-03,vrs26_gads_search_corp_hyd,search_generic,Bengaluru,66.78,237,0,0,0,0,0,0
2026-06-03,vrs26_gads_search_corp_hyd,search_generic,Hyderabad,1443.08,5896,117,117,11,5,4,7596
2026-06-03,vrs26_gads_search_corp_hyd,search_generic,Pune,41.49,161,4,4,0,0,0,0
2026-06-03,vrs26_gads_search_corp_hyd,search_generic,Chennai,25.42,106,0,0,0,0,0,0
2026-06-04,vrs26_gads_search_brand_natl,search_brand,Mumbai,1319.58,5407,94,94,20,7,6,13394
2026-06-04,vrs26_gads_search_brand_natl,search_brand,Delhi NCR,1152.33,4357,112,112,22,9,5,13095
2026-06-04,vrs26_gads_search_brand_natl,search_brand,Bengaluru,1056.35,4928,119,119,29,15,12,22687
2026-06-04,vrs26_gads_search_brand_natl,search_brand,Hyderabad,705.19,2895,76,76,16,4,3,6396
2026-06-04,vrs26_gads_search_brand_natl,search_brand,Pune,562.24,2090,52,52,9,5,3,9797
2026-06-04,vrs26_gads_search_brand_natl,search_brand,Chennai,414.3,1711,36,36,3,1,0,0
2026-06-04,vrs26_gads_search_generic_marathon_natl,search_generic,Mumbai,2042.55,7886,142,142,20,6,2,2598
2026-06-04,vrs26_gads_search_generic_marathon_natl,search_generic,Delhi NCR,1473.17,6105,120,120,11,3,2,2798
2026-06-04,vrs26_gads_search_generic_marathon_natl,search_generic,Bengaluru,1644.87,7294,148,148,20,9,6,7794
2026-06-04,vrs26_gads_search_generic_marathon_natl,search_generic,Hyderabad,1149.24,5433,114,114,12,1,0,0
2026-06-04,vrs26_gads_search_generic_marathon_natl,search_generic,Pune,741.43,3403,82,82,13,6,5,6994
2026-06-04,vrs26_gads_search_generic_marathon_natl,search_generic,Chennai,563.35,2581,62,62,8,2,2,1298
2026-06-04,vrs26_gads_search_generic_10k_natl,search_generic,Mumbai,1307.29,6017,139,139,23,11,10,29788
2026-06-04,vrs26_gads_search_generic_10k_natl,search_generic,Delhi NCR,1209.07,4633,116,116,10,2,0,0
2026-06-04,vrs26_gads_search_generic_10k_natl,search_generic,Bengaluru,979.22,4353,100,100,13,5,5,5395
2026-06-04,vrs26_gads_search_generic_10k_natl,search_generic,Hyderabad,557.77,2153,38,38,5,1,1,1299
2026-06-04,vrs26_gads_search_generic_10k_natl,search_generic,Pune,428.1,1621,31,31,5,2,1,799
2026-06-04,vrs26_gads_search_generic_10k_natl,search_generic,Chennai,327.77,1299,20,20,0,0,0,0
2026-06-04,vrs26_gads_pmax_all_natl,pmax,Mumbai,1787.61,7297,169,169,16,6,2,2998
2026-06-04,vrs26_gads_pmax_all_natl,pmax,Delhi NCR,1839.65,7332,175,175,14,6,4,5796
2026-06-04,vrs26_gads_pmax_all_natl,pmax,Bengaluru,1334.7,5673,100,100,13,6,1,1299
2026-06-04,vrs26_gads_pmax_all_natl,pmax,Hyderabad,1018,4290,97,97,14,4,2,2098
2026-06-04,vrs26_gads_pmax_all_natl,pmax,Pune,838.12,3300,82,82,6,0,0,0
2026-06-04,vrs26_gads_pmax_all_natl,pmax,Chennai,495.95,1999,42,42,4,1,1,799
2026-06-04,vrs26_gads_pmax_mum,pmax,Mumbai,3254.39,11864,229,229,34,14,9,15790
2026-06-04,vrs26_gads_pmax_mum,pmax,Delhi NCR,185.14,641,20,20,1,0,0,0
2026-06-04,vrs26_gads_pmax_mum,pmax,Bengaluru,201.3,752,12,12,0,0,0,0
2026-06-04,vrs26_gads_pmax_mum,pmax,Hyderabad,103.81,431,10,10,2,0,0,0
2026-06-04,vrs26_gads_pmax_mum,pmax,Pune,92.46,368,5,5,0,0,0,0
2026-06-04,vrs26_gads_pmax_mum,pmax,Chennai,70.39,289,4,4,0,0,0,0
2026-06-04,vrs26_gads_pmax_blr,pmax,Mumbai,235.86,1021,30,30,4,0,0,0
2026-06-04,vrs26_gads_pmax_blr,pmax,Delhi NCR,165.31,663,20,20,3,2,1,799
2026-06-04,vrs26_gads_pmax_blr,pmax,Bengaluru,2694.63,10784,255,255,26,13,7,11992
2026-06-04,vrs26_gads_pmax_blr,pmax,Hyderabad,145.37,589,14,14,1,0,0,0
2026-06-04,vrs26_gads_pmax_blr,pmax,Pune,92.61,372,10,10,0,0,0,0
2026-06-04,vrs26_gads_pmax_blr,pmax,Chennai,72.76,280,7,7,0,0,0,0
2026-06-04,vrs26_gads_display_remarketing_natl,display,Mumbai,1117.11,4726,113,113,9,3,1,6499
2026-06-04,vrs26_gads_display_remarketing_natl,display,Delhi NCR,747.59,3104,59,59,4,2,2,2598
2026-06-04,vrs26_gads_display_remarketing_natl,display,Bengaluru,542.96,2444,63,63,5,1,0,0
2026-06-04,vrs26_gads_display_remarketing_natl,display,Hyderabad,473.04,1636,26,26,2,1,1,799
2026-06-04,vrs26_gads_display_remarketing_natl,display,Pune,411.04,1695,47,47,1,0,0,0
2026-06-04,vrs26_gads_display_remarketing_natl,display,Chennai,315.18,1374,30,30,7,2,0,0
2026-06-04,vrs26_gads_yt_instream_natl,youtube,Mumbai,1126.6,5306,132,132,7,3,1,2499
2026-06-04,vrs26_gads_yt_instream_natl,youtube,Delhi NCR,1095.26,4760,76,76,7,3,1,1299
2026-06-04,vrs26_gads_yt_instream_natl,youtube,Bengaluru,894.93,3604,60,60,0,0,0,0
2026-06-04,vrs26_gads_yt_instream_natl,youtube,Hyderabad,545.23,2313,73,73,5,2,0,0
2026-06-04,vrs26_gads_yt_instream_natl,youtube,Pune,423.11,1843,36,36,1,0,0,0
2026-06-04,vrs26_gads_yt_instream_natl,youtube,Chennai,323.32,1390,30,30,1,0,0,0
2026-06-04,vrs26_gads_yt_shorts_natl,youtube,Mumbai,793.02,3451,44,44,9,2,0,0
2026-06-04,vrs26_gads_yt_shorts_natl,youtube,Delhi NCR,625.43,2841,66,66,2,1,0,0
2026-06-04,vrs26_gads_yt_shorts_natl,youtube,Bengaluru,497.88,2129,49,49,1,0,0,0
2026-06-04,vrs26_gads_yt_shorts_natl,youtube,Hyderabad,405.33,1707,36,36,3,1,1,1999
2026-06-04,vrs26_gads_yt_shorts_natl,youtube,Pune,280.69,1248,28,28,1,0,0,0
2026-06-04,vrs26_gads_yt_shorts_natl,youtube,Chennai,203.03,910,24,24,4,1,1,799
2026-06-04,vrs26_gads_search_competitor_natl,search_generic,Mumbai,590.96,2404,62,62,3,0,0,0
2026-06-04,vrs26_gads_search_competitor_natl,search_generic,Delhi NCR,541.67,2100,53,53,2,1,1,1299
2026-06-04,vrs26_gads_search_competitor_natl,search_generic,Bengaluru,488.8,2075,42,42,6,1,1,1299
2026-06-04,vrs26_gads_search_competitor_natl,search_generic,Hyderabad,317.82,1246,25,25,3,2,1,799
2026-06-04,vrs26_gads_search_competitor_natl,search_generic,Pune,234.05,974,21,21,4,2,0,0
2026-06-04,vrs26_gads_search_competitor_natl,search_generic,Chennai,231.31,891,9,9,0,0,0,0
2026-06-04,vrs26_gads_discovery_feed_natl,discovery,Mumbai,670.21,2906,40,40,3,2,1,799
2026-06-04,vrs26_gads_discovery_feed_natl,discovery,Delhi NCR,656.78,2860,53,53,4,2,2,2897
2026-06-04,vrs26_gads_discovery_feed_natl,discovery,Bengaluru,538.33,2444,45,45,1,1,0,0
2026-06-04,vrs26_gads_discovery_feed_natl,discovery,Hyderabad,407.93,1673,39,39,6,2,2,4498
2026-06-04,vrs26_gads_discovery_feed_natl,discovery,Pune,258.05,1076,19,19,0,0,0,0
2026-06-04,vrs26_gads_discovery_feed_natl,discovery,Chennai,173.89,646,10,10,1,0,0,0
2026-06-04,vrs26_gads_search_corp_hyd,search_generic,Mumbai,110.7,452,9,9,2,0,0,0
2026-06-04,vrs26_gads_search_corp_hyd,search_generic,Delhi NCR,107.27,447,8,8,1,0,0,0
2026-06-04,vrs26_gads_search_corp_hyd,search_generic,Bengaluru,87.95,343,8,8,0,0,0,0
2026-06-04,vrs26_gads_search_corp_hyd,search_generic,Hyderabad,1516.89,6414,125,125,13,3,0,0
2026-06-04,vrs26_gads_search_corp_hyd,search_generic,Pune,44.43,194,5,5,1,0,0,0
2026-06-04,vrs26_gads_search_corp_hyd,search_generic,Chennai,36.41,151,2,2,0,0,0,0
2026-06-05,vrs26_gads_search_brand_natl,search_brand,Mumbai,1198.72,5070,98,98,18,7,4,4896
2026-06-05,vrs26_gads_search_brand_natl,search_brand,Delhi NCR,1147.39,5317,132,132,27,12,10,20790
2026-06-05,vrs26_gads_search_brand_natl,search_brand,Bengaluru,936.17,3901,81,81,19,10,6,19193
2026-06-05,vrs26_gads_search_brand_natl,search_brand,Hyderabad,574.41,2752,63,63,16,7,4,5396
2026-06-05,vrs26_gads_search_brand_natl,search_brand,Pune,432.71,2013,50,50,17,9,5,9095
2026-06-05,vrs26_gads_search_brand_natl,search_brand,Chennai,386,1522,33,33,5,1,1,1299
2026-06-05,vrs26_gads_search_generic_marathon_natl,search_generic,Mumbai,2018.67,10098,199,199,32,7,3,9896
2026-06-05,vrs26_gads_search_generic_marathon_natl,search_generic,Delhi NCR,1321.8,5560,104,104,19,7,2,5998
2026-06-05,vrs26_gads_search_generic_marathon_natl,search_generic,Bengaluru,1337.56,5946,122,122,17,10,5,6695
2026-06-05,vrs26_gads_search_generic_marathon_natl,search_generic,Hyderabad,821.41,3735,83,83,9,3,3,4297
2026-06-05,vrs26_gads_search_generic_marathon_natl,search_generic,Pune,729.53,2904,41,41,2,2,2,2098
2026-06-05,vrs26_gads_search_generic_marathon_natl,search_generic,Chennai,604.31,2969,74,74,10,3,1,2499
2026-06-05,vrs26_gads_search_generic_10k_natl,search_generic,Mumbai,1099.22,5177,82,82,7,3,2,4998
2026-06-05,vrs26_gads_search_generic_10k_natl,search_generic,Delhi NCR,846.08,3499,77,77,11,3,2,1598
2026-06-05,vrs26_gads_search_generic_10k_natl,search_generic,Bengaluru,813.1,3433,94,94,13,5,2,1298
2026-06-05,vrs26_gads_search_generic_10k_natl,search_generic,Hyderabad,648.38,2624,59,59,8,3,2,1798
2026-06-05,vrs26_gads_search_generic_10k_natl,search_generic,Pune,480.58,1924,27,27,3,0,0,0
2026-06-05,vrs26_gads_search_generic_10k_natl,search_generic,Chennai,428.4,1789,19,19,2,0,0,0
2026-06-05,vrs26_gads_pmax_all_natl,pmax,Mumbai,1603.8,7139,185,185,27,6,4,12596
2026-06-05,vrs26_gads_pmax_all_natl,pmax,Delhi NCR,1396.72,6288,105,105,8,5,2,4298
2026-06-05,vrs26_gads_pmax_all_natl,pmax,Bengaluru,1307.68,5975,125,125,16,4,4,11296
2026-06-05,vrs26_gads_pmax_all_natl,pmax,Hyderabad,934.07,4362,97,97,8,4,4,6296
2026-06-05,vrs26_gads_pmax_all_natl,pmax,Pune,768.87,3214,59,59,7,2,1,799
2026-06-05,vrs26_gads_pmax_all_natl,pmax,Chennai,552.41,2201,58,58,6,3,3,4797
2026-06-05,vrs26_gads_pmax_mum,pmax,Mumbai,2995.25,12754,263,263,24,11,7,10791
2026-06-05,vrs26_gads_pmax_mum,pmax,Delhi NCR,168.85,686,17,17,2,0,0,0
2026-06-05,vrs26_gads_pmax_mum,pmax,Bengaluru,112.95,468,8,8,2,0,0,0
2026-06-05,vrs26_gads_pmax_mum,pmax,Hyderabad,100.98,439,6,6,0,0,0,0
2026-06-05,vrs26_gads_pmax_mum,pmax,Pune,71.68,287,6,6,1,1,1,799
2026-06-05,vrs26_gads_pmax_mum,pmax,Chennai,56.85,279,8,8,0,0,0,0
2026-06-05,vrs26_gads_pmax_blr,pmax,Mumbai,224.48,1109,23,23,5,3,2,1797
2026-06-05,vrs26_gads_pmax_blr,pmax,Delhi NCR,188.7,906,22,22,3,1,0,0
2026-06-05,vrs26_gads_pmax_blr,pmax,Bengaluru,2395.41,9697,221,221,30,4,1,3499
2026-06-05,vrs26_gads_pmax_blr,pmax,Hyderabad,114.81,549,15,15,3,2,1,3499
2026-06-05,vrs26_gads_pmax_blr,pmax,Pune,75.35,279,7,7,1,1,1,499
2026-06-05,vrs26_gads_pmax_blr,pmax,Chennai,58.25,278,11,11,1,0,0,0
2026-06-05,vrs26_gads_display_remarketing_natl,display,Mumbai,941.1,4067,92,92,8,3,2,2098
2026-06-05,vrs26_gads_display_remarketing_natl,display,Delhi NCR,768.25,3247,85,85,8,2,2,1598
2026-06-05,vrs26_gads_display_remarketing_natl,display,Bengaluru,569.15,2784,80,80,6,1,1,1999
2026-06-05,vrs26_gads_display_remarketing_natl,display,Hyderabad,443.71,1743,45,45,2,1,1,1299
2026-06-05,vrs26_gads_display_remarketing_natl,display,Pune,275,1111,22,22,1,0,0,0
2026-06-05,vrs26_gads_display_remarketing_natl,display,Chennai,239.59,971,12,12,0,0,0,0
2026-06-05,vrs26_gads_yt_instream_natl,youtube,Mumbai,924.63,4273,115,115,6,2,1,1999
2026-06-05,vrs26_gads_yt_instream_natl,youtube,Delhi NCR,848.82,3858,88,88,4,1,1,1299
2026-06-05,vrs26_gads_yt_instream_natl,youtube,Bengaluru,837.75,3297,57,57,1,0,0,0
2026-06-05,vrs26_gads_yt_instream_natl,youtube,Hyderabad,603.82,2762,39,39,1,0,0,0
2026-06-05,vrs26_gads_yt_instream_natl,youtube,Pune,387.14,1726,48,48,1,1,0,0
2026-06-05,vrs26_gads_yt_instream_natl,youtube,Chennai,353.95,1671,28,28,2,1,1,1999
2026-06-05,vrs26_gads_yt_shorts_natl,youtube,Mumbai,721.39,2839,72,72,7,2,1,799
2026-06-05,vrs26_gads_yt_shorts_natl,youtube,Delhi NCR,486.3,2075,33,33,2,1,1,1999
2026-06-05,vrs26_gads_yt_shorts_natl,youtube,Bengaluru,530.27,2109,34,34,7,3,3,5297
2026-06-05,vrs26_gads_yt_shorts_natl,youtube,Hyderabad,313.82,1423,29,29,1,0,0,0
2026-06-05,vrs26_gads_yt_shorts_natl,youtube,Pune,243.2,1080,35,35,2,0,0,0
2026-06-05,vrs26_gads_yt_shorts_natl,youtube,Chennai,222.55,940,20,20,4,1,0,0
2026-06-05,vrs26_gads_search_competitor_natl,search_generic,Mumbai,574.28,2761,60,60,6,1,1,1299
2026-06-05,vrs26_gads_search_competitor_natl,search_generic,Delhi NCR,507.06,1940,49,49,5,2,2,3498
2026-06-05,vrs26_gads_search_competitor_natl,search_generic,Bengaluru,385.62,1915,45,45,8,3,2,7298
2026-06-05,vrs26_gads_search_competitor_natl,search_generic,Hyderabad,258.27,1273,31,31,4,2,0,0
2026-06-05,vrs26_gads_search_competitor_natl,search_generic,Pune,256.67,1019,24,24,3,1,1,1299
2026-06-05,vrs26_gads_search_competitor_natl,search_generic,Chennai,175.97,826,15,15,0,0,0,0
2026-06-05,vrs26_gads_discovery_feed_natl,discovery,Mumbai,653.7,2439,40,40,3,1,0,0
2026-06-05,vrs26_gads_discovery_feed_natl,discovery,Delhi NCR,558.09,2453,45,45,2,0,0,0
2026-06-05,vrs26_gads_discovery_feed_natl,discovery,Bengaluru,438.2,1984,41,41,0,0,0,0
2026-06-05,vrs26_gads_discovery_feed_natl,discovery,Hyderabad,368.73,1599,30,30,3,2,1,2598
2026-06-05,vrs26_gads_discovery_feed_natl,discovery,Pune,217.1,870,17,17,1,0,0,0
2026-06-05,vrs26_gads_discovery_feed_natl,discovery,Chennai,191.8,726,16,16,3,2,2,3798
2026-06-05,vrs26_gads_search_corp_hyd,search_generic,Mumbai,93.22,396,10,10,4,1,0,0
2026-06-05,vrs26_gads_search_corp_hyd,search_generic,Delhi NCR,82.96,328,2,2,0,0,0,0
2026-06-05,vrs26_gads_search_corp_hyd,search_generic,Bengaluru,86.42,423,9,9,3,1,1,799
2026-06-05,vrs26_gads_search_corp_hyd,search_generic,Hyderabad,1385.8,5365,77,77,6,1,1,2499
2026-06-05,vrs26_gads_search_corp_hyd,search_generic,Pune,35.33,176,0,0,0,0,0,0
2026-06-05,vrs26_gads_search_corp_hyd,search_generic,Chennai,24.6,106,3,3,0,0,0,0
2026-06-06,vrs26_gads_search_brand_natl,search_brand,Mumbai,1473.8,6002,130,130,29,10,8,18092
2026-06-06,vrs26_gads_search_brand_natl,search_brand,Delhi NCR,1396.16,6083,108,108,26,13,8,11091
2026-06-06,vrs26_gads_search_brand_natl,search_brand,Bengaluru,1210.86,4915,110,110,36,13,7,14393
2026-06-06,vrs26_gads_search_brand_natl,search_brand,Hyderabad,792.6,3557,100,100,21,5,1,1999
2026-06-06,vrs26_gads_search_brand_natl,search_brand,Pune,471.55,1717,29,29,8,3,2,1598
2026-06-06,vrs26_gads_search_brand_natl,search_brand,Chennai,474.8,2095,48,48,9,2,1,799
2026-06-06,vrs26_gads_search_generic_marathon_natl,search_generic,Mumbai,2124.65,8195,153,153,15,6,3,2097
2026-06-06,vrs26_gads_search_generic_marathon_natl,search_generic,Delhi NCR,1838.63,7818,163,163,20,5,3,4097
2026-06-06,vrs26_gads_search_generic_marathon_natl,search_generic,Bengaluru,1931.31,8334,154,154,16,5,3,12296
2026-06-06,vrs26_gads_search_generic_marathon_natl,search_generic,Hyderabad,1107.66,4202,105,105,12,7,4,5495
2026-06-06,vrs26_gads_search_generic_marathon_natl,search_generic,Pune,754.45,2854,44,44,8,1,1,799
2026-06-06,vrs26_gads_search_generic_marathon_natl,search_generic,Chennai,749.13,2478,43,43,4,1,1,1299
2026-06-06,vrs26_gads_search_generic_10k_natl,search_generic,Mumbai,1458.3,5682,100,100,16,6,4,5396
2026-06-06,vrs26_gads_search_generic_10k_natl,search_generic,Delhi NCR,1273.4,4922,91,91,14,4,3,10596
2026-06-06,vrs26_gads_search_generic_10k_natl,search_generic,Bengaluru,1076.07,3926,80,80,11,5,4,9796
2026-06-06,vrs26_gads_search_generic_10k_natl,search_generic,Hyderabad,679.75,2080,48,48,4,1,0,0
2026-06-06,vrs26_gads_search_generic_10k_natl,search_generic,Pune,406.35,1468,35,35,2,1,0,0
2026-06-06,vrs26_gads_search_generic_10k_natl,search_generic,Chennai,478.23,1771,41,41,8,4,1,998
2026-06-06,vrs26_gads_pmax_all_natl,pmax,Mumbai,1984.96,7228,169,169,18,6,4,7796
2026-06-06,vrs26_gads_pmax_all_natl,pmax,Delhi NCR,1940.32,7692,138,138,10,1,1,2499
2026-06-06,vrs26_gads_pmax_all_natl,pmax,Bengaluru,1677.32,6205,162,162,20,6,4,3396
2026-06-06,vrs26_gads_pmax_all_natl,pmax,Hyderabad,1289.76,5101,95,95,9,3,2,1598
2026-06-06,vrs26_gads_pmax_all_natl,pmax,Pune,619.65,2380,36,36,6,3,1,2499
2026-06-06,vrs26_gads_pmax_all_natl,pmax,Chennai,658.08,2581,52,52,4,0,0,0
2026-06-06,vrs26_gads_pmax_mum,pmax,Mumbai,3559.61,13875,306,306,35,14,5,10695
2026-06-06,vrs26_gads_pmax_mum,pmax,Delhi NCR,227.93,815,17,17,0,0,0,0
2026-06-06,vrs26_gads_pmax_mum,pmax,Bengaluru,211.39,848,21,21,1,0,0,0
2026-06-06,vrs26_gads_pmax_mum,pmax,Hyderabad,138.99,634,9,9,1,1,1,1299
2026-06-06,vrs26_gads_pmax_mum,pmax,Pune,135.11,528,12,12,1,0,0,0
2026-06-06,vrs26_gads_pmax_mum,pmax,Chennai,91.8,358,6,6,0,0,0,0
2026-06-06,vrs26_gads_pmax_blr,pmax,Mumbai,171.33,789,12,12,0,0,0,0
2026-06-06,vrs26_gads_pmax_blr,pmax,Delhi NCR,151.24,674,11,11,4,2,2,1797
2026-06-06,vrs26_gads_pmax_blr,pmax,Bengaluru,3209.53,13284,228,228,21,4,2,1298
2026-06-06,vrs26_gads_pmax_blr,pmax,Hyderabad,124.94,451,10,10,2,0,0,0
2026-06-06,vrs26_gads_pmax_blr,pmax,Pune,88.1,318,6,6,0,0,0,0
2026-06-06,vrs26_gads_pmax_blr,pmax,Chennai,60.11,236,8,8,0,0,0,0
2026-06-06,vrs26_gads_display_remarketing_natl,display,Mumbai,1029.14,3965,72,72,7,2,2,1598
2026-06-06,vrs26_gads_display_remarketing_natl,display,Delhi NCR,779.89,3040,81,81,5,0,0,0
2026-06-06,vrs26_gads_display_remarketing_natl,display,Bengaluru,770.73,3084,77,77,4,1,1,499
2026-06-06,vrs26_gads_display_remarketing_natl,display,Hyderabad,611.82,2455,42,42,4,2,0,0
2026-06-06,vrs26_gads_display_remarketing_natl,display,Pune,468.21,2194,44,44,3,0,0,0
2026-06-06,vrs26_gads_display_remarketing_natl,display,Chennai,369.29,1526,32,32,3,1,0,0
2026-06-06,vrs26_gads_yt_instream_natl,youtube,Mumbai,1355.4,4976,103,103,0,0,0,0
2026-06-06,vrs26_gads_yt_instream_natl,youtube,Delhi NCR,1086.3,4359,88,88,6,3,1,2499
2026-06-06,vrs26_gads_yt_instream_natl,youtube,Bengaluru,1067.4,4115,85,85,4,3,2,2098
2026-06-06,vrs26_gads_yt_instream_natl,youtube,Hyderabad,621.63,2433,58,58,5,1,1,1299
2026-06-06,vrs26_gads_yt_instream_natl,youtube,Pune,495.68,2125,51,51,2,1,1,1999
2026-06-06,vrs26_gads_yt_instream_natl,youtube,Chennai,298.03,1044,18,18,0,0,0,0
2026-06-06,vrs26_gads_yt_shorts_natl,youtube,Mumbai,860.26,3309,39,39,3,2,1,1299
2026-06-06,vrs26_gads_yt_shorts_natl,youtube,Delhi NCR,706.7,2484,44,44,2,0,0,0
2026-06-06,vrs26_gads_yt_shorts_natl,youtube,Bengaluru,563.4,2372,43,43,3,0,0,0
2026-06-06,vrs26_gads_yt_shorts_natl,youtube,Hyderabad,410.05,1789,44,44,1,0,0,0
2026-06-06,vrs26_gads_yt_shorts_natl,youtube,Pune,342.75,1364,28,28,0,0,0,0
2026-06-06,vrs26_gads_yt_shorts_natl,youtube,Chennai,250.58,987,21,21,1,0,0,0
2026-06-06,vrs26_gads_search_competitor_natl,search_generic,Mumbai,716.5,2871,69,69,8,4,3,5097
2026-06-06,vrs26_gads_search_competitor_natl,search_generic,Delhi NCR,456.49,1666,34,34,3,1,0,0
2026-06-06,vrs26_gads_search_competitor_natl,search_generic,Bengaluru,627.08,2400,48,48,3,1,1,1299
2026-06-06,vrs26_gads_search_competitor_natl,search_generic,Hyderabad,384.28,1601,34,34,4,3,2,2098
2026-06-06,vrs26_gads_search_competitor_natl,search_generic,Pune,251.85,841,11,11,1,0,0,0
2026-06-06,vrs26_gads_search_competitor_natl,search_generic,Chennai,249.85,1012,21,21,2,0,0,0
2026-06-06,vrs26_gads_discovery_feed_natl,discovery,Mumbai,832.55,3233,82,82,5,3,2,2997
2026-06-06,vrs26_gads_discovery_feed_natl,discovery,Delhi NCR,609.94,2482,37,37,2,1,0,0
2026-06-06,vrs26_gads_discovery_feed_natl,discovery,Bengaluru,567.8,2511,43,43,3,1,0,0
2026-06-06,vrs26_gads_discovery_feed_natl,discovery,Hyderabad,463.17,1913,46,46,4,1,1,1999
2026-06-06,vrs26_gads_discovery_feed_natl,discovery,Pune,326.21,1296,23,23,2,0,0,0
2026-06-06,vrs26_gads_discovery_feed_natl,discovery,Chennai,222.14,848,21,21,1,0,0,0
2026-06-06,vrs26_gads_search_corp_hyd,search_generic,Mumbai,123.38,465,5,5,1,0,0,0
2026-06-06,vrs26_gads_search_corp_hyd,search_generic,Delhi NCR,95.82,394,16,16,3,1,1,1999
2026-06-06,vrs26_gads_search_corp_hyd,search_generic,Bengaluru,96.6,331,5,5,1,0,0,0
2026-06-06,vrs26_gads_search_corp_hyd,search_generic,Hyderabad,1716.44,5994,93,93,12,4,3,2897
2026-06-06,vrs26_gads_search_corp_hyd,search_generic,Pune,56.43,251,5,5,0,0,0,0
2026-06-06,vrs26_gads_search_corp_hyd,search_generic,Chennai,37.79,124,0,0,0,0,0,0
2026-06-07,vrs26_gads_search_brand_natl,search_brand,Mumbai,1458.09,4379,66,66,22,9,6,17393
2026-06-07,vrs26_gads_search_brand_natl,search_brand,Delhi NCR,1451.28,5522,94,94,22,11,6,8194
2026-06-07,vrs26_gads_search_brand_natl,search_brand,Bengaluru,1189.18,4879,89,89,23,12,9,18291
2026-06-07,vrs26_gads_search_brand_natl,search_brand,Hyderabad,780.02,3058,45,45,10,6,4,10796
2026-06-07,vrs26_gads_search_brand_natl,search_brand,Pune,527.57,2520,62,62,18,7,7,13493
2026-06-07,vrs26_gads_search_brand_natl,search_brand,Chennai,551.65,2284,48,48,9,2,1,5998
2026-06-07,vrs26_gads_search_generic_marathon_natl,search_generic,Mumbai,2441.93,9506,201,201,27,8,6,25494
2026-06-07,vrs26_gads_search_generic_marathon_natl,search_generic,Delhi NCR,2056.11,8994,192,192,25,13,5,8195
2026-06-07,vrs26_gads_search_generic_marathon_natl,search_generic,Bengaluru,1574.9,5583,114,114,13,5,2,4196
2026-06-07,vrs26_gads_search_generic_marathon_natl,search_generic,Hyderabad,1212.41,4493,77,77,4,0,0,0
2026-06-07,vrs26_gads_search_generic_marathon_natl,search_generic,Pune,818.77,3013,76,76,11,3,3,3597
2026-06-07,vrs26_gads_search_generic_marathon_natl,search_generic,Chennai,603.43,2343,49,49,9,7,5,8395
2026-06-07,vrs26_gads_search_generic_10k_natl,search_generic,Mumbai,1327.36,5620,98,98,11,4,3,5297
2026-06-07,vrs26_gads_search_generic_10k_natl,search_generic,Delhi NCR,1233.88,4869,113,113,7,3,1,1999
2026-06-07,vrs26_gads_search_generic_10k_natl,search_generic,Bengaluru,1140.46,4388,86,86,10,2,2,2598
2026-06-07,vrs26_gads_search_generic_10k_natl,search_generic,Hyderabad,751.49,3129,67,67,9,6,2,2798
2026-06-07,vrs26_gads_search_generic_10k_natl,search_generic,Pune,611.72,2589,73,73,7,2,2,1598
2026-06-07,vrs26_gads_search_generic_10k_natl,search_generic,Chennai,434.6,1612,33,33,4,1,1,4998
2026-06-07,vrs26_gads_pmax_all_natl,pmax,Mumbai,2417.85,10204,211,211,28,10,3,4797
2026-06-07,vrs26_gads_pmax_all_natl,pmax,Delhi NCR,1571.56,7188,121,121,12,2,1,1999
2026-06-07,vrs26_gads_pmax_all_natl,pmax,Bengaluru,1484.29,5862,86,86,7,0,0,0
2026-06-07,vrs26_gads_pmax_all_natl,pmax,Hyderabad,1263.97,5057,108,108,9,2,0,0
2026-06-07,vrs26_gads_pmax_all_natl,pmax,Pune,892.45,3780,77,77,11,4,2,7497
2026-06-07,vrs26_gads_pmax_all_natl,pmax,Chennai,733.71,2690,45,45,4,1,0,0
2026-06-07,vrs26_gads_pmax_mum,pmax,Mumbai,3838.68,13117,260,260,21,5,4,10296
2026-06-07,vrs26_gads_pmax_mum,pmax,Delhi NCR,168.86,687,20,20,0,0,0,0
2026-06-07,vrs26_gads_pmax_mum,pmax,Bengaluru,165.75,620,19,19,0,0,0,0
2026-06-07,vrs26_gads_pmax_mum,pmax,Hyderabad,134.43,588,8,8,2,0,0,0
2026-06-07,vrs26_gads_pmax_mum,pmax,Pune,85.2,314,6,6,2,0,0,0
2026-06-07,vrs26_gads_pmax_mum,pmax,Chennai,75.43,281,4,4,0,0,0,0
2026-06-07,vrs26_gads_pmax_blr,pmax,Mumbai,267.03,956,19,19,1,0,0,0
2026-06-07,vrs26_gads_pmax_blr,pmax,Delhi NCR,175.75,665,13,13,2,0,0,0
2026-06-07,vrs26_gads_pmax_blr,pmax,Bengaluru,3150.84,12347,332,332,32,12,7,19093
2026-06-07,vrs26_gads_pmax_blr,pmax,Hyderabad,116.43,500,13,13,1,0,0,0
2026-06-07,vrs26_gads_pmax_blr,pmax,Pune,101.59,415,4,4,0,0,0,0
2026-06-07,vrs26_gads_pmax_blr,pmax,Chennai,83.84,345,8,8,0,0,0,0
2026-06-07,vrs26_gads_display_remarketing_natl,display,Mumbai,1226.22,4491,86,86,5,2,0,0
2026-06-07,vrs26_gads_display_remarketing_natl,display,Delhi NCR,921.34,4154,93,93,10,3,1,2499
2026-06-07,vrs26_gads_display_remarketing_natl,display,Bengaluru,779.6,3101,65,65,3,0,0,0
2026-06-07,vrs26_gads_display_remarketing_natl,display,Hyderabad,554.93,2079,38,38,2,2,1,1999
2026-06-07,vrs26_gads_display_remarketing_natl,display,Pune,331.35,1202,31,31,4,1,0,0
2026-06-07,vrs26_gads_display_remarketing_natl,display,Chennai,311.19,1158,20,20,1,0,0,0
2026-06-07,vrs26_gads_yt_instream_natl,youtube,Mumbai,1536.53,5276,90,90,6,3,1,12998
2026-06-07,vrs26_gads_yt_instream_natl,youtube,Delhi NCR,1042.92,3650,94,94,8,2,2,3798
2026-06-07,vrs26_gads_yt_instream_natl,youtube,Bengaluru,873.9,2920,42,42,3,1,1,799
2026-06-07,vrs26_gads_yt_instream_natl,youtube,Hyderabad,684.67,2605,47,47,4,3,2,6297
2026-06-07,vrs26_gads_yt_instream_natl,youtube,Pune,536.92,1976,40,40,1,0,0,0
2026-06-07,vrs26_gads_yt_instream_natl,youtube,Chennai,366.27,1612,40,40,3,1,0,0
2026-06-07,vrs26_gads_yt_shorts_natl,youtube,Mumbai,828.62,2915,54,54,4,2,0,0
2026-06-07,vrs26_gads_yt_shorts_natl,youtube,Delhi NCR,689.61,2696,56,56,4,1,1,799
2026-06-07,vrs26_gads_yt_shorts_natl,youtube,Bengaluru,626.61,2572,58,58,2,1,0,0
2026-06-07,vrs26_gads_yt_shorts_natl,youtube,Hyderabad,484.99,2142,45,45,5,1,0,0
2026-06-07,vrs26_gads_yt_shorts_natl,youtube,Pune,325.23,1587,24,24,1,0,0,0
2026-06-07,vrs26_gads_yt_shorts_natl,youtube,Chennai,252.99,1040,22,22,2,1,1,1299
2026-06-07,vrs26_gads_search_competitor_natl,search_generic,Mumbai,629.71,2822,59,59,6,2,1,499
2026-06-07,vrs26_gads_search_competitor_natl,search_generic,Delhi NCR,608.16,2468,53,53,7,2,2,9097
2026-06-07,vrs26_gads_search_competitor_natl,search_generic,Bengaluru,598.61,2250,45,45,9,4,3,11497
2026-06-07,vrs26_gads_search_competitor_natl,search_generic,Hyderabad,391.49,1516,28,28,3,0,0,0
2026-06-07,vrs26_gads_search_competitor_natl,search_generic,Pune,284.32,1019,20,20,1,0,0,0
2026-06-07,vrs26_gads_search_competitor_natl,search_generic,Chennai,237.44,1033,19,19,3,1,1,1299
2026-06-07,vrs26_gads_discovery_feed_natl,discovery,Mumbai,688.71,2542,62,62,7,3,2,3798
2026-06-07,vrs26_gads_discovery_feed_natl,discovery,Delhi NCR,696.45,2950,58,58,1,1,1,799
2026-06-07,vrs26_gads_discovery_feed_natl,discovery,Bengaluru,698.59,2659,74,74,5,0,0,0
2026-06-07,vrs26_gads_discovery_feed_natl,discovery,Hyderabad,431.08,1701,36,36,2,2,0,0
2026-06-07,vrs26_gads_discovery_feed_natl,discovery,Pune,322.88,1356,35,35,4,1,0,0
2026-06-07,vrs26_gads_discovery_feed_natl,discovery,Chennai,255.77,982,21,21,2,0,0,0
2026-06-07,vrs26_gads_search_corp_hyd,search_generic,Mumbai,104.23,432,10,10,1,0,0,0
2026-06-07,vrs26_gads_search_corp_hyd,search_generic,Delhi NCR,97.25,381,12,12,1,0,0,0
2026-06-07,vrs26_gads_search_corp_hyd,search_generic,Bengaluru,97.06,436,6,6,0,0,0,0
2026-06-07,vrs26_gads_search_corp_hyd,search_generic,Hyderabad,1802.17,6669,160,160,20,4,2,1598
2026-06-07,vrs26_gads_search_corp_hyd,search_generic,Pune,43.79,169,3,3,0,0,0,0
2026-06-07,vrs26_gads_search_corp_hyd,search_generic,Chennai,32.38,120,3,3,0,0,0,0
2026-06-08,vrs26_gads_search_brand_natl,search_brand,Mumbai,1306.79,5589,120,120,20,5,3,3696
2026-06-08,vrs26_gads_search_brand_natl,search_brand,Delhi NCR,1318.31,5184,89,89,19,6,5,4395
2026-06-08,vrs26_gads_search_brand_natl,search_brand,Bengaluru,1083.58,4452,57,57,17,7,4,6596
2026-06-08,vrs26_gads_search_brand_natl,search_brand,Hyderabad,818.55,3368,95,95,23,3,3,4097
2026-06-08,vrs26_gads_search_brand_natl,search_brand,Pune,569.69,2527,57,57,12,5,4,4696
2026-06-08,vrs26_gads_search_brand_natl,search_brand,Chennai,369.87,1578,25,25,6,4,2,5097
2026-06-08,vrs26_gads_search_generic_marathon_natl,search_generic,Mumbai,2087.18,8677,187,187,18,11,4,5896
2026-06-08,vrs26_gads_search_generic_marathon_natl,search_generic,Delhi NCR,1623.52,7096,170,170,21,8,5,6195
2026-06-08,vrs26_gads_search_generic_marathon_natl,search_generic,Bengaluru,1543.59,6307,143,143,24,4,1,1999
2026-06-08,vrs26_gads_search_generic_marathon_natl,search_generic,Hyderabad,1126.15,4817,97,97,13,4,2,3998
2026-06-08,vrs26_gads_search_generic_marathon_natl,search_generic,Pune,972.43,4007,69,69,5,1,0,0
2026-06-08,vrs26_gads_search_generic_marathon_natl,search_generic,Chennai,637.05,2373,65,65,7,1,1,799
2026-06-08,vrs26_gads_search_generic_10k_natl,search_generic,Mumbai,1504.76,5931,143,143,20,10,8,17690
2026-06-08,vrs26_gads_search_generic_10k_natl,search_generic,Delhi NCR,986.23,4903,74,74,7,3,3,7796
2026-06-08,vrs26_gads_search_generic_10k_natl,search_generic,Bengaluru,1000.74,3844,65,65,7,2,0,0
2026-06-08,vrs26_gads_search_generic_10k_natl,search_generic,Hyderabad,696.78,2768,61,61,8,4,2,1298
2026-06-08,vrs26_gads_search_generic_10k_natl,search_generic,Pune,464.98,1998,43,43,3,2,0,0
2026-06-08,vrs26_gads_search_generic_10k_natl,search_generic,Chennai,392.77,1479,38,38,4,0,0,0
2026-06-08,vrs26_gads_pmax_all_natl,pmax,Mumbai,2062.16,8107,148,148,19,14,9,20388
2026-06-08,vrs26_gads_pmax_all_natl,pmax,Delhi NCR,1712.29,7120,131,131,12,4,2,3597
2026-06-08,vrs26_gads_pmax_all_natl,pmax,Bengaluru,1675.7,6904,142,142,19,4,4,4896
2026-06-08,vrs26_gads_pmax_all_natl,pmax,Hyderabad,957.07,4048,86,86,5,2,2,2098
2026-06-08,vrs26_gads_pmax_all_natl,pmax,Pune,702.44,2464,52,52,7,1,1,1999
2026-06-08,vrs26_gads_pmax_all_natl,pmax,Chennai,564.87,2307,44,44,5,1,1,499
2026-06-08,vrs26_gads_pmax_mum,pmax,Mumbai,3435.21,13917,248,248,32,16,8,20592
2026-06-08,vrs26_gads_pmax_mum,pmax,Delhi NCR,174.72,572,11,11,1,1,1,2999
2026-06-08,vrs26_gads_pmax_mum,pmax,Bengaluru,187.3,904,14,14,2,2,1,6499
2026-06-08,vrs26_gads_pmax_mum,pmax,Hyderabad,119.19,512,11,11,0,0,0,0
2026-06-08,vrs26_gads_pmax_mum,pmax,Pune,101.38,432,12,12,2,1,0,0
2026-06-08,vrs26_gads_pmax_mum,pmax,Chennai,82.28,352,5,5,1,1,1,6499
2026-06-08,vrs26_gads_pmax_blr,pmax,Mumbai,151.04,621,14,14,2,1,1,1299
2026-06-08,vrs26_gads_pmax_blr,pmax,Delhi NCR,188.68,873,12,12,1,0,0,0
2026-06-08,vrs26_gads_pmax_blr,pmax,Bengaluru,2969.01,11373,259,259,35,15,11,20988
2026-06-08,vrs26_gads_pmax_blr,pmax,Hyderabad,120.85,481,9,9,1,0,0,0
2026-06-08,vrs26_gads_pmax_blr,pmax,Pune,77.76,335,8,8,0,0,0,0
2026-06-08,vrs26_gads_pmax_blr,pmax,Chennai,67.09,286,3,3,1,0,0,0
2026-06-08,vrs26_gads_display_remarketing_natl,display,Mumbai,913.48,4116,101,101,11,2,1,799
2026-06-08,vrs26_gads_display_remarketing_natl,display,Delhi NCR,916.11,3767,83,83,2,0,0,0
2026-06-08,vrs26_gads_display_remarketing_natl,display,Bengaluru,726.66,3132,61,61,4,0,0,0
2026-06-08,vrs26_gads_display_remarketing_natl,display,Hyderabad,542.58,2535,54,54,6,2,2,3298
2026-06-08,vrs26_gads_display_remarketing_natl,display,Pune,403.44,1581,25,25,2,0,0,0
2026-06-08,vrs26_gads_display_remarketing_natl,display,Chennai,282.43,1085,26,26,4,1,1,799
2026-06-08,vrs26_gads_yt_instream_natl,youtube,Mumbai,1239.21,4515,85,85,6,2,1,799
2026-06-08,vrs26_gads_yt_instream_natl,youtube,Delhi NCR,1051.28,3918,104,104,7,1,1,6499
2026-06-08,vrs26_gads_yt_instream_natl,youtube,Bengaluru,885.66,3752,70,70,5,1,0,0
2026-06-08,vrs26_gads_yt_instream_natl,youtube,Hyderabad,638.45,2707,40,40,4,1,0,0
2026-06-08,vrs26_gads_yt_instream_natl,youtube,Pune,518.88,2125,67,67,8,5,2,4298
2026-06-08,vrs26_gads_yt_instream_natl,youtube,Chennai,292.25,1295,24,24,1,1,1,799
2026-06-08,vrs26_gads_yt_shorts_natl,youtube,Mumbai,799.27,3224,38,38,2,1,0,0
2026-06-08,vrs26_gads_yt_shorts_natl,youtube,Delhi NCR,622.55,2593,49,49,3,0,0,0
2026-06-08,vrs26_gads_yt_shorts_natl,youtube,Bengaluru,594.04,2776,72,72,6,4,3,4097
2026-06-08,vrs26_gads_yt_shorts_natl,youtube,Hyderabad,392.31,1658,31,31,2,2,0,0
2026-06-08,vrs26_gads_yt_shorts_natl,youtube,Pune,291.81,1118,21,21,1,1,1,1999
2026-06-08,vrs26_gads_yt_shorts_natl,youtube,Chennai,243.68,975,22,22,2,1,0,0
2026-06-08,vrs26_gads_search_competitor_natl,search_generic,Mumbai,594.25,2258,54,54,6,0,0,0
2026-06-08,vrs26_gads_search_competitor_natl,search_generic,Delhi NCR,573.73,2615,44,44,7,2,0,0
2026-06-08,vrs26_gads_search_competitor_natl,search_generic,Bengaluru,511.01,2178,52,52,2,1,1,499
2026-06-08,vrs26_gads_search_competitor_natl,search_generic,Hyderabad,354.57,1361,28,28,2,0,0,0
2026-06-08,vrs26_gads_search_competitor_natl,search_generic,Pune,278.58,1232,15,15,0,0,0,0
2026-06-08,vrs26_gads_search_competitor_natl,search_generic,Chennai,210.99,761,9,9,2,1,1,799
2026-06-08,vrs26_gads_discovery_feed_natl,discovery,Mumbai,716.77,2817,43,43,4,2,1,799
2026-06-08,vrs26_gads_discovery_feed_natl,discovery,Delhi NCR,660.59,2811,58,58,5,2,2,1598
2026-06-08,vrs26_gads_discovery_feed_natl,discovery,Bengaluru,581.42,2430,50,50,7,3,1,799
2026-06-08,vrs26_gads_discovery_feed_natl,discovery,Hyderabad,356.34,1249,23,23,2,1,1,6499
2026-06-08,vrs26_gads_discovery_feed_natl,discovery,Pune,306.24,1220,27,27,4,1,0,0
2026-06-08,vrs26_gads_discovery_feed_natl,discovery,Chennai,217.16,896,23,23,3,0,0,0
2026-06-08,vrs26_gads_search_corp_hyd,search_generic,Mumbai,133.9,482,6,6,3,2,1,799
2026-06-08,vrs26_gads_search_corp_hyd,search_generic,Delhi NCR,106.13,453,13,13,1,0,0,0
2026-06-08,vrs26_gads_search_corp_hyd,search_generic,Bengaluru,112.98,409,5,5,0,0,0,0
2026-06-08,vrs26_gads_search_corp_hyd,search_generic,Hyderabad,1559.51,7498,116,116,14,6,2,3498
2026-06-08,vrs26_gads_search_corp_hyd,search_generic,Pune,43.87,157,2,2,0,0,0,0
2026-06-08,vrs26_gads_search_corp_hyd,search_generic,Chennai,41.09,162,6,6,0,0,0,0
2026-06-09,vrs26_gads_search_brand_natl,search_brand,Mumbai,1545.33,5998,125,125,21,7,3,11997
2026-06-09,vrs26_gads_search_brand_natl,search_brand,Delhi NCR,1240.03,5085,116,116,21,5,3,2297
2026-06-09,vrs26_gads_search_brand_natl,search_brand,Bengaluru,1040.32,4592,129,129,29,11,9,18991
2026-06-09,vrs26_gads_search_brand_natl,search_brand,Hyderabad,859.37,3056,57,57,9,5,4,3894
2026-06-09,vrs26_gads_search_brand_natl,search_brand,Pune,619.79,2199,49,49,16,5,5,6695
2026-06-09,vrs26_gads_search_brand_natl,search_brand,Chennai,449.61,1605,39,39,3,1,1,1299
2026-06-09,vrs26_gads_search_generic_marathon_natl,search_generic,Mumbai,2036.55,8088,128,128,18,4,4,11796
2026-06-09,vrs26_gads_search_generic_marathon_natl,search_generic,Delhi NCR,1799.27,7546,187,187,21,6,4,5896
2026-06-09,vrs26_gads_search_generic_marathon_natl,search_generic,Bengaluru,1548.97,6653,121,121,11,1,0,0
2026-06-09,vrs26_gads_search_generic_marathon_natl,search_generic,Hyderabad,1260.3,5234,111,111,16,9,4,4895
2026-06-09,vrs26_gads_search_generic_marathon_natl,search_generic,Pune,981.67,4202,84,84,9,2,1,1299
2026-06-09,vrs26_gads_search_generic_marathon_natl,search_generic,Chennai,783.59,3094,80,80,5,3,3,4597
2026-06-09,vrs26_gads_search_generic_10k_natl,search_generic,Mumbai,1311.88,5104,98,98,7,2,2,2998
2026-06-09,vrs26_gads_search_generic_10k_natl,search_generic,Delhi NCR,1108.15,3978,90,90,6,3,2,5498
2026-06-09,vrs26_gads_search_generic_10k_natl,search_generic,Bengaluru,1196.99,4753,136,136,18,5,2,6498
2026-06-09,vrs26_gads_search_generic_10k_natl,search_generic,Hyderabad,703.58,2966,54,54,6,2,2,7298
2026-06-09,vrs26_gads_search_generic_10k_natl,search_generic,Pune,539.2,2242,40,40,4,0,0,0
2026-06-09,vrs26_gads_search_generic_10k_natl,search_generic,Chennai,452.01,1853,57,57,6,3,1,799
2026-06-09,vrs26_gads_pmax_all_natl,pmax,Mumbai,1331.53,5745,90,90,16,7,6,14294
2026-06-09,vrs26_gads_pmax_all_natl,pmax,Delhi NCR,1944.84,8419,166,166,23,6,5,5695
2026-06-09,vrs26_gads_pmax_all_natl,pmax,Bengaluru,1957.77,7681,152,152,18,1,1,1999
2026-06-09,vrs26_gads_pmax_all_natl,pmax,Hyderabad,1399.87,6267,162,162,18,8,5,17295
2026-06-09,vrs26_gads_pmax_all_natl,pmax,Pune,814.08,3223,61,61,9,1,0,0
2026-06-09,vrs26_gads_pmax_all_natl,pmax,Chennai,630.27,2583,65,65,7,2,2,3298
2026-06-09,vrs26_gads_pmax_mum,pmax,Mumbai,3659.09,14642,314,314,34,13,3,4297
2026-06-09,vrs26_gads_pmax_mum,pmax,Delhi NCR,184.25,715,11,11,2,1,1,1999
2026-06-09,vrs26_gads_pmax_mum,pmax,Bengaluru,186.59,722,16,16,2,0,0,0
2026-06-09,vrs26_gads_pmax_mum,pmax,Hyderabad,128.48,546,7,7,0,0,0,0
2026-06-09,vrs26_gads_pmax_mum,pmax,Pune,90.41,375,10,10,0,0,0,0
2026-06-09,vrs26_gads_pmax_mum,pmax,Chennai,67.01,281,5,5,0,0,0,0
2026-06-09,vrs26_gads_pmax_blr,pmax,Mumbai,225,919,17,17,0,0,0,0
2026-06-09,vrs26_gads_pmax_blr,pmax,Delhi NCR,183.4,750,12,12,1,1,1,1999
2026-06-09,vrs26_gads_pmax_blr,pmax,Bengaluru,3090.58,12751,255,255,30,13,5,12395
2026-06-09,vrs26_gads_pmax_blr,pmax,Hyderabad,102.56,321,5,5,0,0,0,0
2026-06-09,vrs26_gads_pmax_blr,pmax,Pune,96.7,391,5,5,0,0,0,0
2026-06-09,vrs26_gads_pmax_blr,pmax,Chennai,64.28,283,7,7,0,0,0,0
2026-06-09,vrs26_gads_display_remarketing_natl,display,Mumbai,1005.84,4008,68,68,8,2,1,3499
2026-06-09,vrs26_gads_display_remarketing_natl,display,Delhi NCR,860.23,3702,67,67,0,0,0,0
2026-06-09,vrs26_gads_display_remarketing_natl,display,Bengaluru,744.68,2989,64,64,6,4,4,6296
2026-06-09,vrs26_gads_display_remarketing_natl,display,Hyderabad,577.73,2519,58,58,4,1,1,799
2026-06-09,vrs26_gads_display_remarketing_natl,display,Pune,442.99,1710,37,37,0,0,0,0
2026-06-09,vrs26_gads_display_remarketing_natl,display,Chennai,352.37,1479,20,20,1,0,0,0
2026-06-09,vrs26_gads_yt_instream_natl,youtube,Mumbai,1240.04,5592,85,85,6,1,0,0
2026-06-09,vrs26_gads_yt_instream_natl,youtube,Delhi NCR,1275.99,5593,132,132,6,2,0,0
2026-06-09,vrs26_gads_yt_instream_natl,youtube,Bengaluru,767,2996,57,57,0,0,0,0
2026-06-09,vrs26_gads_yt_instream_natl,youtube,Hyderabad,760.44,2630,43,43,0,0,0,0
2026-06-09,vrs26_gads_yt_instream_natl,youtube,Pune,470.06,1788,29,29,1,0,0,0
2026-06-09,vrs26_gads_yt_instream_natl,youtube,Chennai,355.62,1527,31,31,1,0,0,0
2026-06-09,vrs26_gads_yt_shorts_natl,youtube,Mumbai,811.48,2976,67,67,3,0,0,0
2026-06-09,vrs26_gads_yt_shorts_natl,youtube,Delhi NCR,621.61,2392,65,65,6,3,1,1299
2026-06-09,vrs26_gads_yt_shorts_natl,youtube,Bengaluru,739.24,2696,40,40,1,1,0,0
2026-06-09,vrs26_gads_yt_shorts_natl,youtube,Hyderabad,396.42,1589,31,31,3,1,0,0
2026-06-09,vrs26_gads_yt_shorts_natl,youtube,Pune,263.35,911,11,11,1,0,0,0
2026-06-09,vrs26_gads_yt_shorts_natl,youtube,Chennai,266.44,1246,24,24,1,0,0,0
2026-06-09,vrs26_gads_search_competitor_natl,search_generic,Mumbai,732.05,3165,71,71,7,4,3,4597
2026-06-09,vrs26_gads_search_competitor_natl,search_generic,Delhi NCR,527.75,1961,42,42,0,0,0,0
2026-06-09,vrs26_gads_search_competitor_natl,search_generic,Bengaluru,533.81,1925,38,38,4,2,2,3298
2026-06-09,vrs26_gads_search_competitor_natl,search_generic,Hyderabad,305.94,1204,25,25,5,2,1,1299
2026-06-09,vrs26_gads_search_competitor_natl,search_generic,Pune,325.62,1280,27,27,3,1,1,1999
2026-06-09,vrs26_gads_search_competitor_natl,search_generic,Chennai,230.74,956,17,17,2,1,1,2598
2026-06-09,vrs26_gads_discovery_feed_natl,discovery,Mumbai,827.24,3481,73,73,13,4,3,3597
2026-06-09,vrs26_gads_discovery_feed_natl,discovery,Delhi NCR,681,2767,51,51,3,1,0,0
2026-06-09,vrs26_gads_discovery_feed_natl,discovery,Bengaluru,541.19,2400,40,40,1,0,0,0
2026-06-09,vrs26_gads_discovery_feed_natl,discovery,Hyderabad,395.98,1673,27,27,1,1,0,0
2026-06-09,vrs26_gads_discovery_feed_natl,discovery,Pune,290.8,1179,25,25,4,0,0,0
2026-06-09,vrs26_gads_discovery_feed_natl,discovery,Chennai,251.67,1123,28,28,6,1,0,0
2026-06-09,vrs26_gads_search_corp_hyd,search_generic,Mumbai,112.23,427,11,11,2,1,0,0
2026-06-09,vrs26_gads_search_corp_hyd,search_generic,Delhi NCR,100.12,354,5,5,1,1,1,1299
2026-06-09,vrs26_gads_search_corp_hyd,search_generic,Bengaluru,76.66,330,0,0,0,0,0,0
2026-06-09,vrs26_gads_search_corp_hyd,search_generic,Hyderabad,1746.14,7186,165,165,20,12,12,17087
2026-06-09,vrs26_gads_search_corp_hyd,search_generic,Pune,42.7,176,3,3,1,0,0,0
2026-06-09,vrs26_gads_search_corp_hyd,search_generic,Chennai,24.74,94,3,3,2,1,0,0
2026-06-10,vrs26_gads_search_brand_natl,search_brand,Mumbai,1317.1,6403,102,102,16,6,4,8595
2026-06-10,vrs26_gads_search_brand_natl,search_brand,Delhi NCR,1000.68,4194,113,113,23,9,4,10596
2026-06-10,vrs26_gads_search_brand_natl,search_brand,Bengaluru,844.8,3351,61,61,15,3,2,2098
2026-06-10,vrs26_gads_search_brand_natl,search_brand,Hyderabad,705.82,3102,62,62,19,12,8,14291
2026-06-10,vrs26_gads_search_brand_natl,search_brand,Pune,498.97,2193,63,63,15,8,6,12993
2026-06-10,vrs26_gads_search_brand_natl,search_brand,Chennai,385.45,1687,31,31,5,1,1,799
2026-06-10,vrs26_gads_search_generic_marathon_natl,search_generic,Mumbai,1853.72,7471,135,135,16,5,3,4797
2026-06-10,vrs26_gads_search_generic_marathon_natl,search_generic,Delhi NCR,1684.23,6751,150,150,25,9,6,23693
2026-06-10,vrs26_gads_search_generic_marathon_natl,search_generic,Bengaluru,1322.26,5258,124,124,19,6,4,8595
2026-06-10,vrs26_gads_search_generic_marathon_natl,search_generic,Hyderabad,810.01,3607,74,74,8,3,2,4998
2026-06-10,vrs26_gads_search_generic_marathon_natl,search_generic,Pune,726.39,2999,53,53,5,3,1,799
2026-06-10,vrs26_gads_search_generic_marathon_natl,search_generic,Chennai,549.83,2189,38,38,5,2,1,1999
2026-06-10,vrs26_gads_search_generic_10k_natl,search_generic,Mumbai,932.92,3658,75,75,10,4,2,6997
2026-06-10,vrs26_gads_search_generic_10k_natl,search_generic,Delhi NCR,1120.3,4995,87,87,12,5,3,8597
2026-06-10,vrs26_gads_search_generic_10k_natl,search_generic,Bengaluru,923.27,4732,70,70,13,4,2,2897
2026-06-10,vrs26_gads_search_generic_10k_natl,search_generic,Hyderabad,598.27,2530,36,36,7,2,2,2098
2026-06-10,vrs26_gads_search_generic_10k_natl,search_generic,Pune,426.69,1668,43,43,7,3,1,2499
2026-06-10,vrs26_gads_search_generic_10k_natl,search_generic,Chennai,385.77,1717,47,47,6,1,0,0
2026-06-10,vrs26_gads_pmax_all_natl,pmax,Mumbai,1515.27,6310,133,133,16,6,4,11596
2026-06-10,vrs26_gads_pmax_all_natl,pmax,Delhi NCR,1375.99,5426,97,97,12,3,2,1798
2026-06-10,vrs26_gads_pmax_all_natl,pmax,Bengaluru,1519.25,6020,130,130,18,6,4,6596
2026-06-10,vrs26_gads_pmax_all_natl,pmax,Hyderabad,997.48,4114,73,73,7,0,0,0
2026-06-10,vrs26_gads_pmax_all_natl,pmax,Pune,754.62,3550,60,60,8,3,1,799
2026-06-10,vrs26_gads_pmax_all_natl,pmax,Chennai,509.63,2462,55,55,3,1,1,799
2026-06-10,vrs26_gads_pmax_mum,pmax,Mumbai,3000.23,12650,214,214,24,9,6,12594
2026-06-10,vrs26_gads_pmax_mum,pmax,Delhi NCR,152.82,752,16,16,3,1,1,799
2026-06-10,vrs26_gads_pmax_mum,pmax,Bengaluru,171.51,577,10,10,1,0,0,0
2026-06-10,vrs26_gads_pmax_mum,pmax,Hyderabad,117.81,470,8,8,2,1,1,799
2026-06-10,vrs26_gads_pmax_mum,pmax,Pune,79.12,351,9,9,0,0,0,0
2026-06-10,vrs26_gads_pmax_mum,pmax,Chennai,43.13,211,8,8,0,0,0,0
2026-06-10,vrs26_gads_pmax_blr,pmax,Mumbai,197.85,844,17,17,0,0,0,0
2026-06-10,vrs26_gads_pmax_blr,pmax,Delhi NCR,146.79,591,13,13,2,1,0,0
2026-06-10,vrs26_gads_pmax_blr,pmax,Bengaluru,2536.88,11359,237,237,21,6,4,5096
2026-06-10,vrs26_gads_pmax_blr,pmax,Hyderabad,104.5,507,14,14,1,0,0,0
2026-06-10,vrs26_gads_pmax_blr,pmax,Pune,74.21,340,5,5,0,0,0,0
2026-06-10,vrs26_gads_pmax_blr,pmax,Chennai,47.39,205,7,7,1,0,0,0
2026-06-10,vrs26_gads_display_remarketing_natl,display,Mumbai,782.85,2822,46,46,3,1,1,1299
2026-06-10,vrs26_gads_display_remarketing_natl,display,Delhi NCR,738.55,3259,85,85,3,0,0,0
2026-06-10,vrs26_gads_display_remarketing_natl,display,Bengaluru,677.68,2745,65,65,5,1,0,0
2026-06-10,vrs26_gads_display_remarketing_natl,display,Hyderabad,488.02,2254,45,45,4,1,0,0
2026-06-10,vrs26_gads_display_remarketing_natl,display,Pune,307.74,1340,26,26,3,1,0,0
2026-06-10,vrs26_gads_display_remarketing_natl,display,Chennai,295.59,1181,17,17,0,0,0,0
2026-06-10,vrs26_gads_yt_instream_natl,youtube,Mumbai,1119.02,5234,93,93,9,1,1,799
2026-06-10,vrs26_gads_yt_instream_natl,youtube,Delhi NCR,913.56,4444,96,96,9,4,3,7596
2026-06-10,vrs26_gads_yt_instream_natl,youtube,Bengaluru,805.14,4129,65,65,3,1,1,799
2026-06-10,vrs26_gads_yt_instream_natl,youtube,Hyderabad,521.81,2266,58,58,6,1,1,1999
2026-06-10,vrs26_gads_yt_instream_natl,youtube,Pune,351.96,1555,44,44,5,1,1,1299
2026-06-10,vrs26_gads_yt_instream_natl,youtube,Chennai,310.14,1161,28,28,1,1,0,0
2026-06-10,vrs26_gads_yt_shorts_natl,youtube,Mumbai,591.2,2794,46,46,2,0,0,0
2026-06-10,vrs26_gads_yt_shorts_natl,youtube,Delhi NCR,492.24,1956,50,50,2,0,0,0
2026-06-10,vrs26_gads_yt_shorts_natl,youtube,Bengaluru,558.88,2380,56,56,3,1,1,2499
2026-06-10,vrs26_gads_yt_shorts_natl,youtube,Hyderabad,409.71,1829,56,56,3,0,0,0
2026-06-10,vrs26_gads_yt_shorts_natl,youtube,Pune,270.88,1215,27,27,0,0,0,0
2026-06-10,vrs26_gads_yt_shorts_natl,youtube,Chennai,236.3,1075,16,16,1,1,1,4998
2026-06-10,vrs26_gads_search_competitor_natl,search_generic,Mumbai,593.54,2911,61,61,5,3,2,2798
2026-06-10,vrs26_gads_search_competitor_natl,search_generic,Delhi NCR,504.88,2133,47,47,1,0,0,0
2026-06-10,vrs26_gads_search_competitor_natl,search_generic,Bengaluru,406.39,1947,28,28,7,5,4,7796
2026-06-10,vrs26_gads_search_competitor_natl,search_generic,Hyderabad,292.42,1216,33,33,5,1,1,799
2026-06-10,vrs26_gads_search_competitor_natl,search_generic,Pune,233.33,1075,25,25,1,0,0,0
2026-06-10,vrs26_gads_search_competitor_natl,search_generic,Chennai,163.06,668,13,13,1,0,0,0
2026-06-10,vrs26_gads_discovery_feed_natl,discovery,Mumbai,709.62,3219,64,64,6,2,2,1598
2026-06-10,vrs26_gads_discovery_feed_natl,discovery,Delhi NCR,566.2,2282,42,42,2,1,0,0
2026-06-10,vrs26_gads_discovery_feed_natl,discovery,Bengaluru,463.77,2130,48,48,3,0,0,0
2026-06-10,vrs26_gads_discovery_feed_natl,discovery,Hyderabad,318.11,1340,29,29,1,0,0,0
2026-06-10,vrs26_gads_discovery_feed_natl,discovery,Pune,219.04,980,17,17,1,0,0,0
2026-06-10,vrs26_gads_discovery_feed_natl,discovery,Chennai,191.07,824,6,6,2,1,0,0
2026-06-10,vrs26_gads_search_corp_hyd,search_generic,Mumbai,78.47,380,6,6,0,0,0,0
2026-06-10,vrs26_gads_search_corp_hyd,search_generic,Delhi NCR,78.29,348,3,3,0,0,0,0
2026-06-10,vrs26_gads_search_corp_hyd,search_generic,Bengaluru,71.05,291,4,4,1,0,0,0
2026-06-10,vrs26_gads_search_corp_hyd,search_generic,Hyderabad,1453.71,5954,127,127,14,6,5,6695
2026-06-10,vrs26_gads_search_corp_hyd,search_generic,Pune,28.87,114,4,4,0,0,0,0
2026-06-10,vrs26_gads_search_corp_hyd,search_generic,Chennai,26.21,129,4,4,1,1,1,1999
2026-06-11,vrs26_gads_search_brand_natl,search_brand,Mumbai,1215.97,5582,165,165,38,18,14,25586
2026-06-11,vrs26_gads_search_brand_natl,search_brand,Delhi NCR,1034.96,3921,108,108,21,10,5,6294
2026-06-11,vrs26_gads_search_brand_natl,search_brand,Bengaluru,972.88,4145,114,114,22,9,7,10193
2026-06-11,vrs26_gads_search_brand_natl,search_brand,Hyderabad,696.31,3115,76,76,20,6,5,4495
2026-06-11,vrs26_gads_search_brand_natl,search_brand,Pune,441.96,1736,30,30,10,3,1,499
2026-06-11,vrs26_gads_search_brand_natl,search_brand,Chennai,366.01,1546,44,44,6,3,2,2098
2026-06-11,vrs26_gads_search_generic_marathon_natl,search_generic,Mumbai,1858.43,7200,161,161,25,9,2,1798
2026-06-11,vrs26_gads_search_generic_marathon_natl,search_generic,Delhi NCR,1388.38,6248,153,153,19,10,5,7895
2026-06-11,vrs26_gads_search_generic_marathon_natl,search_generic,Bengaluru,1337.91,5789,119,119,19,9,5,7895
2026-06-11,vrs26_gads_search_generic_marathon_natl,search_generic,Hyderabad,1141.56,4934,109,109,9,3,1,2499
2026-06-11,vrs26_gads_search_generic_marathon_natl,search_generic,Pune,609.74,2493,37,37,1,0,0,0
2026-06-11,vrs26_gads_search_generic_marathon_natl,search_generic,Chennai,574.24,2705,51,51,3,2,1,799
2026-06-11,vrs26_gads_search_generic_10k_natl,search_generic,Mumbai,1039.7,4120,105,105,14,5,2,1798
2026-06-11,vrs26_gads_search_generic_10k_natl,search_generic,Delhi NCR,1069.78,4854,59,59,5,2,1,6499
2026-06-11,vrs26_gads_search_generic_10k_natl,search_generic,Bengaluru,782.35,3497,83,83,11,3,3,4097
2026-06-11,vrs26_gads_search_generic_10k_natl,search_generic,Hyderabad,533.4,2442,42,42,4,3,1,499
2026-06-11,vrs26_gads_search_generic_10k_natl,search_generic,Pune,549.85,1985,32,32,8,4,1,1299
2026-06-11,vrs26_gads_search_generic_10k_natl,search_generic,Chennai,389.29,1533,28,28,2,1,1,2999
2026-06-11,vrs26_gads_pmax_all_natl,pmax,Mumbai,1867.19,7830,180,180,18,4,4,6596
2026-06-11,vrs26_gads_pmax_all_natl,pmax,Delhi NCR,1566.55,6391,152,152,10,3,2,8998
2026-06-11,vrs26_gads_pmax_all_natl,pmax,Bengaluru,1221.61,6059,125,125,12,2,2,2098
2026-06-11,vrs26_gads_pmax_all_natl,pmax,Hyderabad,891.49,3909,101,101,13,3,1,1299
2026-06-11,vrs26_gads_pmax_all_natl,pmax,Pune,639.03,3030,58,58,1,0,0,0
2026-06-11,vrs26_gads_pmax_all_natl,pmax,Chennai,451.62,2071,52,52,4,1,1,1299
2026-06-11,vrs26_gads_pmax_mum,pmax,Mumbai,2949.86,11877,266,266,25,10,7,13093
2026-06-11,vrs26_gads_pmax_mum,pmax,Delhi NCR,200.77,917,21,21,4,0,0,0
2026-06-11,vrs26_gads_pmax_mum,pmax,Bengaluru,161.07,768,16,16,0,0,0,0
2026-06-11,vrs26_gads_pmax_mum,pmax,Hyderabad,111.09,491,12,12,0,0,0,0
2026-06-11,vrs26_gads_pmax_mum,pmax,Pune,72.95,319,9,9,3,1,0,0
2026-06-11,vrs26_gads_pmax_mum,pmax,Chennai,50.32,218,7,7,0,0,0,0
2026-06-11,vrs26_gads_pmax_blr,pmax,Mumbai,143.01,628,16,16,1,0,0,0
2026-06-11,vrs26_gads_pmax_blr,pmax,Delhi NCR,148.16,681,15,15,1,0,0,0
2026-06-11,vrs26_gads_pmax_blr,pmax,Bengaluru,2588.17,10792,253,253,33,12,7,17491
2026-06-11,vrs26_gads_pmax_blr,pmax,Hyderabad,101.06,462,13,13,1,0,0,0
2026-06-11,vrs26_gads_pmax_blr,pmax,Pune,64.69,268,5,5,0,0,0,0
2026-06-11,vrs26_gads_pmax_blr,pmax,Chennai,46.35,210,7,7,1,0,0,0
2026-06-11,vrs26_gads_display_remarketing_natl,display,Mumbai,959.79,3764,92,92,9,2,2,3298
2026-06-11,vrs26_gads_display_remarketing_natl,display,Delhi NCR,731.92,3535,58,58,6,2,2,2598
2026-06-11,vrs26_gads_display_remarketing_natl,display,Bengaluru,603.14,2644,53,53,4,0,0,0
2026-06-11,vrs26_gads_display_remarketing_natl,display,Hyderabad,442.52,2085,38,38,8,5,4,5496
2026-06-11,vrs26_gads_display_remarketing_natl,display,Pune,319.45,1430,16,16,1,1,1,2499
2026-06-11,vrs26_gads_display_remarketing_natl,display,Chennai,216.47,854,13,13,1,0,0,0
2026-06-11,vrs26_gads_yt_instream_natl,youtube,Mumbai,965.84,3920,106,106,8,2,1,1999
2026-06-11,vrs26_gads_yt_instream_natl,youtube,Delhi NCR,816.56,3872,124,124,5,4,2,2798
2026-06-11,vrs26_gads_yt_instream_natl,youtube,Bengaluru,858.64,3413,77,77,3,0,0,0
2026-06-11,vrs26_gads_yt_instream_natl,youtube,Hyderabad,574.63,2560,42,42,3,1,0,0
2026-06-11,vrs26_gads_yt_instream_natl,youtube,Pune,448.52,1859,32,32,2,0,0,0
2026-06-11,vrs26_gads_yt_instream_natl,youtube,Chennai,336.48,1497,31,31,6,1,0,0
2026-06-11,vrs26_gads_yt_shorts_natl,youtube,Mumbai,655.99,2789,53,53,3,2,2,5998
2026-06-11,vrs26_gads_yt_shorts_natl,youtube,Delhi NCR,573.97,2697,62,62,6,3,2,1598
2026-06-11,vrs26_gads_yt_shorts_natl,youtube,Bengaluru,512.41,2209,58,58,2,1,0,0
2026-06-11,vrs26_gads_yt_shorts_natl,youtube,Hyderabad,347.89,1492,31,31,1,1,1,799
2026-06-11,vrs26_gads_yt_shorts_natl,youtube,Pune,234.08,1087,16,16,3,2,2,2798
2026-06-11,vrs26_gads_yt_shorts_natl,youtube,Chennai,221.54,928,11,11,0,0,0,0
2026-06-11,vrs26_gads_search_competitor_natl,search_generic,Mumbai,557.85,2598,39,39,4,2,2,3097
2026-06-11,vrs26_gads_search_competitor_natl,search_generic,Delhi NCR,523.35,2249,54,54,5,3,2,3798
2026-06-11,vrs26_gads_search_competitor_natl,search_generic,Bengaluru,397.06,1793,25,25,1,0,0,0
2026-06-11,vrs26_gads_search_competitor_natl,search_generic,Hyderabad,299.45,1243,45,45,2,1,1,3499
2026-06-11,vrs26_gads_search_competitor_natl,search_generic,Pune,216.31,1079,20,20,4,2,1,799
2026-06-11,vrs26_gads_search_competitor_natl,search_generic,Chennai,188.17,816,19,19,0,0,0,0
2026-06-11,vrs26_gads_discovery_feed_natl,discovery,Mumbai,688.39,3003,78,78,8,3,1,1299
2026-06-11,vrs26_gads_discovery_feed_natl,discovery,Delhi NCR,462.95,2228,64,64,3,0,0,0
2026-06-11,vrs26_gads_discovery_feed_natl,discovery,Bengaluru,495.38,2248,58,58,5,2,1,1299
2026-06-11,vrs26_gads_discovery_feed_natl,discovery,Hyderabad,356.29,1628,36,36,4,1,0,0
2026-06-11,vrs26_gads_discovery_feed_natl,discovery,Pune,267.61,923,13,13,3,1,1,1299
2026-06-11,vrs26_gads_discovery_feed_natl,discovery,Chennai,184.35,814,21,21,3,0,0,0
2026-06-11,vrs26_gads_search_corp_hyd,search_generic,Mumbai,99.5,426,17,17,3,1,0,0
2026-06-11,vrs26_gads_search_corp_hyd,search_generic,Delhi NCR,90.7,397,7,7,0,0,0,0
2026-06-11,vrs26_gads_search_corp_hyd,search_generic,Bengaluru,81.34,340,7,7,2,1,0,0
2026-06-11,vrs26_gads_search_corp_hyd,search_generic,Hyderabad,1391.8,6107,111,111,15,3,3,3797
2026-06-11,vrs26_gads_search_corp_hyd,search_generic,Pune,32.02,144,3,3,1,0,0,0
2026-06-11,vrs26_gads_search_corp_hyd,search_generic,Chennai,32.21,137,4,4,1,0,0,0
2026-06-12,vrs26_gads_search_brand_natl,search_brand,Mumbai,1250.64,5056,84,84,22,9,6,13394
2026-06-12,vrs26_gads_search_brand_natl,search_brand,Delhi NCR,1100.92,4928,122,122,25,11,10,24889
2026-06-12,vrs26_gads_search_brand_natl,search_brand,Bengaluru,779.32,3727,83,83,15,8,7,15393
2026-06-12,vrs26_gads_search_brand_natl,search_brand,Hyderabad,562.65,2406,66,66,19,8,5,13395
2026-06-12,vrs26_gads_search_brand_natl,search_brand,Pune,434.72,1986,35,35,9,6,5,9895
2026-06-12,vrs26_gads_search_brand_natl,search_brand,Chennai,358.84,1459,28,28,5,4,3,2397
2026-06-12,vrs26_gads_search_generic_marathon_natl,search_generic,Mumbai,1825.58,7405,135,135,24,6,5,10394
2026-06-12,vrs26_gads_search_generic_marathon_natl,search_generic,Delhi NCR,1358.17,6260,146,146,16,6,2,1298
2026-06-12,vrs26_gads_search_generic_marathon_natl,search_generic,Bengaluru,1336.19,6189,144,144,16,3,1,2999
2026-06-12,vrs26_gads_search_generic_marathon_natl,search_generic,Hyderabad,970.94,4191,123,123,21,11,10,18489
2026-06-12,vrs26_gads_search_generic_marathon_natl,search_generic,Pune,632.56,3032,61,61,7,4,4,7195
2026-06-12,vrs26_gads_search_generic_marathon_natl,search_generic,Chennai,434.62,2146,39,39,4,2,1,499
2026-06-12,vrs26_gads_search_generic_10k_natl,search_generic,Mumbai,1045.85,4420,71,71,9,2,2,6498
2026-06-12,vrs26_gads_search_generic_10k_natl,search_generic,Delhi NCR,765.9,3004,66,66,8,4,2,4298
2026-06-12,vrs26_gads_search_generic_10k_natl,search_generic,Bengaluru,972.51,4775,127,127,9,3,2,2098
2026-06-12,vrs26_gads_search_generic_10k_natl,search_generic,Hyderabad,663.81,2995,58,58,10,5,2,3798
2026-06-12,vrs26_gads_search_generic_10k_natl,search_generic,Pune,369.31,1505,29,29,3,0,0,0
2026-06-12,vrs26_gads_search_generic_10k_natl,search_generic,Chennai,324.55,1294,21,21,2,1,1,1999
2026-06-12,vrs26_gads_pmax_all_natl,pmax,Mumbai,1794.81,8078,192,192,21,10,3,4696
2026-06-12,vrs26_gads_pmax_all_natl,pmax,Delhi NCR,1228.54,5281,116,116,15,6,4,6395
2026-06-12,vrs26_gads_pmax_all_natl,pmax,Bengaluru,1276.19,6051,132,132,18,6,5,10095
2026-06-12,vrs26_gads_pmax_all_natl,pmax,Hyderabad,909.63,4166,87,87,8,2,2,1798
2026-06-12,vrs26_gads_pmax_all_natl,pmax,Pune,622.59,2913,63,63,8,2,2,998
2026-06-12,vrs26_gads_pmax_all_natl,pmax,Chennai,467.41,2129,50,50,2,0,0,0
2026-06-12,vrs26_gads_pmax_mum,pmax,Mumbai,2869.04,13276,268,268,31,12,8,12892
2026-06-12,vrs26_gads_pmax_mum,pmax,Delhi NCR,154.48,740,14,14,0,0,0,0
2026-06-12,vrs26_gads_pmax_mum,pmax,Bengaluru,132.82,605,14,14,2,0,0,0
2026-06-12,vrs26_gads_pmax_mum,pmax,Hyderabad,82.66,385,6,6,0,0,0,0
2026-06-12,vrs26_gads_pmax_mum,pmax,Pune,74.34,312,4,4,2,0,0,0
2026-06-12,vrs26_gads_pmax_mum,pmax,Chennai,51.97,244,9,9,0,0,0,0
2026-06-12,vrs26_gads_pmax_blr,pmax,Mumbai,154.59,687,17,17,1,0,0,0
2026-06-12,vrs26_gads_pmax_blr,pmax,Delhi NCR,137.94,577,8,8,2,1,1,1299
2026-06-12,vrs26_gads_pmax_blr,pmax,Bengaluru,2472.33,11297,203,203,30,12,6,7493
2026-06-12,vrs26_gads_pmax_blr,pmax,Hyderabad,65.27,308,8,8,0,0,0,0
2026-06-12,vrs26_gads_pmax_blr,pmax,Pune,57.31,244,3,3,1,0,0,0
2026-06-12,vrs26_gads_pmax_blr,pmax,Chennai,46.42,199,8,8,2,1,1,1299
2026-06-12,vrs26_gads_display_remarketing_natl,display,Mumbai,809.95,3777,43,43,3,1,1,799
2026-06-12,vrs26_gads_display_remarketing_natl,display,Delhi NCR,684.21,2829,44,44,6,0,0,0
2026-06-12,vrs26_gads_display_remarketing_natl,display,Bengaluru,694.16,3215,90,90,9,0,0,0
2026-06-12,vrs26_gads_display_remarketing_natl,display,Hyderabad,401.55,1808,38,38,4,0,0,0
2026-06-12,vrs26_gads_display_remarketing_natl,display,Pune,266.08,1147,16,16,2,1,0,0
2026-06-12,vrs26_gads_display_remarketing_natl,display,Chennai,250.49,988,14,14,2,1,0,0
2026-06-12,vrs26_gads_yt_instream_natl,youtube,Mumbai,1040.57,4993,110,110,6,2,2,13497
2026-06-12,vrs26_gads_yt_instream_natl,youtube,Delhi NCR,768.08,3099,43,43,5,1,0,0
2026-06-12,vrs26_gads_yt_instream_natl,youtube,Bengaluru,754.18,3530,83,83,6,2,1,2999
2026-06-12,vrs26_gads_yt_instream_natl,youtube,Hyderabad,546.07,2662,80,80,8,4,1,1299
2026-06-12,vrs26_gads_yt_instream_natl,youtube,Pune,413.99,1885,49,49,0,0,0,0
2026-06-12,vrs26_gads_yt_instream_natl,youtube,Chennai,273.87,1222,20,20,0,0,0,0
2026-06-12,vrs26_gads_yt_shorts_natl,youtube,Mumbai,621.9,2241,31,31,4,1,0,0
2026-06-12,vrs26_gads_yt_shorts_natl,youtube,Delhi NCR,531.01,2221,42,42,2,0,0,0
2026-06-12,vrs26_gads_yt_shorts_natl,youtube,Bengaluru,529.01,2505,64,64,4,2,1,1299
2026-06-12,vrs26_gads_yt_shorts_natl,youtube,Hyderabad,346.4,1595,28,28,1,0,0,0
2026-06-12,vrs26_gads_yt_shorts_natl,youtube,Pune,192.14,1012,12,12,0,0,0,0
2026-06-12,vrs26_gads_yt_shorts_natl,youtube,Chennai,195.67,781,14,14,0,0,0,0
2026-06-12,vrs26_gads_search_competitor_natl,search_generic,Mumbai,525.34,2314,49,49,6,4,1,6499
2026-06-12,vrs26_gads_search_competitor_natl,search_generic,Delhi NCR,525.5,2215,42,42,3,2,1,3499
2026-06-12,vrs26_gads_search_competitor_natl,search_generic,Bengaluru,375.03,1679,35,35,3,2,1,1999
2026-06-12,vrs26_gads_search_competitor_natl,search_generic,Hyderabad,273.97,1374,41,41,5,1,0,0
2026-06-12,vrs26_gads_search_competitor_natl,search_generic,Pune,203.28,743,18,18,0,0,0,0
2026-06-12,vrs26_gads_search_competitor_natl,search_generic,Chennai,167.85,751,11,11,2,0,0,0
2026-06-12,vrs26_gads_discovery_feed_natl,discovery,Mumbai,611.37,2758,56,56,3,0,0,0
2026-06-12,vrs26_gads_discovery_feed_natl,discovery,Delhi NCR,465.7,2290,60,60,6,2,0,0
2026-06-12,vrs26_gads_discovery_feed_natl,discovery,Bengaluru,447.13,2046,71,71,3,0,0,0
2026-06-12,vrs26_gads_discovery_feed_natl,discovery,Hyderabad,366.34,1667,38,38,2,0,0,0
2026-06-12,vrs26_gads_discovery_feed_natl,discovery,Pune,274.77,1202,26,26,1,1,0,0
2026-06-12,vrs26_gads_discovery_feed_natl,discovery,Chennai,164.52,611,14,14,1,1,0,0
2026-06-12,vrs26_gads_search_corp_hyd,search_generic,Mumbai,80.48,347,7,7,1,1,0,0
2026-06-12,vrs26_gads_search_corp_hyd,search_generic,Delhi NCR,73.41,366,17,17,4,2,0,0
2026-06-12,vrs26_gads_search_corp_hyd,search_generic,Bengaluru,54.15,232,6,6,1,0,0,0
2026-06-12,vrs26_gads_search_corp_hyd,search_generic,Hyderabad,1368.19,7177,154,154,17,6,5,7494
2026-06-12,vrs26_gads_search_corp_hyd,search_generic,Pune,36.32,163,3,3,1,1,1,1999
2026-06-12,vrs26_gads_search_corp_hyd,search_generic,Chennai,26.97,118,3,3,0,0,0,0
2026-06-13,vrs26_gads_search_brand_natl,search_brand,Mumbai,1263.09,5443,94,94,29,10,6,18693
2026-06-13,vrs26_gads_search_brand_natl,search_brand,Delhi NCR,1038.34,4386,122,122,31,12,8,12192
2026-06-13,vrs26_gads_search_brand_natl,search_brand,Bengaluru,862.18,3762,80,80,15,11,7,10193
2026-06-13,vrs26_gads_search_brand_natl,search_brand,Hyderabad,769.4,2977,67,67,19,8,5,4495
2026-06-13,vrs26_gads_search_brand_natl,search_brand,Pune,462.28,2013,50,50,14,4,4,8596
2026-06-13,vrs26_gads_search_brand_natl,search_brand,Chennai,384.36,1682,33,33,5,1,1,799
2026-06-13,vrs26_gads_search_generic_marathon_natl,search_generic,Mumbai,1559.38,6839,154,154,21,11,6,12794
2026-06-13,vrs26_gads_search_generic_marathon_natl,search_generic,Delhi NCR,1482.68,6645,169,169,14,3,3,4797
2026-06-13,vrs26_gads_search_generic_marathon_natl,search_generic,Bengaluru,1809.95,9118,209,209,30,10,6,10194
2026-06-13,vrs26_gads_search_generic_marathon_natl,search_generic,Hyderabad,815.82,3793,78,78,7,4,3,4597
2026-06-13,vrs26_gads_search_generic_marathon_natl,search_generic,Pune,674.16,3096,53,53,8,2,1,799
2026-06-13,vrs26_gads_search_generic_marathon_natl,search_generic,Chennai,643.65,2662,42,42,7,3,0,0
2026-06-13,vrs26_gads_search_generic_10k_natl,search_generic,Mumbai,1051.54,4674,106,106,12,4,3,2597
2026-06-13,vrs26_gads_search_generic_10k_natl,search_generic,Delhi NCR,1161.98,5224,117,117,14,7,2,13797
2026-06-13,vrs26_gads_search_generic_10k_natl,search_generic,Bengaluru,876.14,3194,86,86,12,4,2,8097
2026-06-13,vrs26_gads_search_generic_10k_natl,search_generic,Hyderabad,572.3,2411,61,61,6,4,2,7798
2026-06-13,vrs26_gads_search_generic_10k_natl,search_generic,Pune,387.89,1545,42,42,9,1,1,1299
2026-06-13,vrs26_gads_search_generic_10k_natl,search_generic,Chennai,362.14,1491,25,25,4,1,1,1299
2026-06-13,vrs26_gads_pmax_all_natl,pmax,Mumbai,1892.86,7569,218,218,29,14,7,9493
2026-06-13,vrs26_gads_pmax_all_natl,pmax,Delhi NCR,1317.55,5396,127,127,17,3,2,6797
2026-06-13,vrs26_gads_pmax_all_natl,pmax,Bengaluru,1257.81,5153,123,123,7,4,2,3298
2026-06-13,vrs26_gads_pmax_all_natl,pmax,Hyderabad,996.76,4486,100,100,11,5,1,1299
2026-06-13,vrs26_gads_pmax_all_natl,pmax,Pune,610.68,2268,33,33,5,3,2,2598
2026-06-13,vrs26_gads_pmax_all_natl,pmax,Chennai,634.24,2812,70,70,9,4,1,6499
2026-06-13,vrs26_gads_pmax_mum,pmax,Mumbai,3005.96,12458,259,259,23,8,1,1299
2026-06-13,vrs26_gads_pmax_mum,pmax,Delhi NCR,165.63,740,15,15,5,2,2,2598
2026-06-13,vrs26_gads_pmax_mum,pmax,Bengaluru,169.02,774,16,16,1,1,0,0
2026-06-13,vrs26_gads_pmax_mum,pmax,Hyderabad,102.58,436,4,4,0,0,0,0
2026-06-13,vrs26_gads_pmax_mum,pmax,Pune,72.34,318,5,5,1,0,0,0
2026-06-13,vrs26_gads_pmax_mum,pmax,Chennai,69.2,321,3,3,0,0,0,0
2026-06-13,vrs26_gads_pmax_blr,pmax,Mumbai,195.75,859,25,25,4,0,0,0
2026-06-13,vrs26_gads_pmax_blr,pmax,Delhi NCR,129.05,589,8,8,0,0,0,0
2026-06-13,vrs26_gads_pmax_blr,pmax,Bengaluru,2575.24,10919,247,247,37,13,10,22687
2026-06-13,vrs26_gads_pmax_blr,pmax,Hyderabad,105.91,460,14,14,3,2,1,1999
2026-06-13,vrs26_gads_pmax_blr,pmax,Pune,66.54,307,6,6,1,0,0,0
2026-06-13,vrs26_gads_pmax_blr,pmax,Chennai,52.67,245,1,1,0,0,0,0
2026-06-13,vrs26_gads_display_remarketing_natl,display,Mumbai,1001.95,4348,84,84,7,2,1,2598
2026-06-13,vrs26_gads_display_remarketing_natl,display,Delhi NCR,671.51,2937,49,49,8,3,1,799
2026-06-13,vrs26_gads_display_remarketing_natl,display,Bengaluru,656.3,2601,68,68,10,2,1,1299
2026-06-13,vrs26_gads_display_remarketing_natl,display,Hyderabad,428.28,1662,18,18,1,0,0,0
2026-06-13,vrs26_gads_display_remarketing_natl,display,Pune,285.24,1236,23,23,1,1,1,1999
2026-06-13,vrs26_gads_display_remarketing_natl,display,Chennai,265.71,1079,21,21,1,0,0,0
2026-06-13,vrs26_gads_yt_instream_natl,youtube,Mumbai,1057.52,4234,107,107,7,3,1,2499
2026-06-13,vrs26_gads_yt_instream_natl,youtube,Delhi NCR,861.68,3582,65,65,2,1,1,799
2026-06-13,vrs26_gads_yt_instream_natl,youtube,Bengaluru,860.8,3469,83,83,3,0,0,0
2026-06-13,vrs26_gads_yt_instream_natl,youtube,Hyderabad,514.39,2256,38,38,1,0,0,0
2026-06-13,vrs26_gads_yt_instream_natl,youtube,Pune,431.65,1732,46,46,3,0,0,0
2026-06-13,vrs26_gads_yt_instream_natl,youtube,Chennai,318.28,1502,30,30,1,0,0,0
2026-06-13,vrs26_gads_yt_shorts_natl,youtube,Mumbai,655.19,2679,45,45,2,1,0,0
2026-06-13,vrs26_gads_yt_shorts_natl,youtube,Delhi NCR,465.01,2092,46,46,6,2,2,6998
2026-06-13,vrs26_gads_yt_shorts_natl,youtube,Bengaluru,598.44,2518,61,61,7,2,0,0
2026-06-13,vrs26_gads_yt_shorts_natl,youtube,Hyderabad,351.08,1410,23,23,2,0,0,0
2026-06-13,vrs26_gads_yt_shorts_natl,youtube,Pune,290.66,1314,43,43,3,1,0,0
2026-06-13,vrs26_gads_yt_shorts_natl,youtube,Chennai,213.28,946,23,23,2,1,0,0
2026-06-13,vrs26_gads_search_competitor_natl,search_generic,Mumbai,582.44,2632,57,57,3,0,0,0
2026-06-13,vrs26_gads_search_competitor_natl,search_generic,Delhi NCR,515.94,2205,48,48,0,0,0,0
2026-06-13,vrs26_gads_search_competitor_natl,search_generic,Bengaluru,381.7,1516,38,38,4,1,0,0
2026-06-13,vrs26_gads_search_competitor_natl,search_generic,Hyderabad,300.63,1262,28,28,3,1,1,499
2026-06-13,vrs26_gads_search_competitor_natl,search_generic,Pune,232.52,952,14,14,1,1,0,0
2026-06-13,vrs26_gads_search_competitor_natl,search_generic,Chennai,192.78,834,30,30,1,1,0,0
2026-06-13,vrs26_gads_discovery_feed_natl,discovery,Mumbai,679.83,3430,90,90,6,5,5,9394
2026-06-13,vrs26_gads_discovery_feed_natl,discovery,Delhi NCR,530.13,2304,33,33,2,0,0,0
2026-06-13,vrs26_gads_discovery_feed_natl,discovery,Bengaluru,428.96,1704,32,32,1,0,0,0
2026-06-13,vrs26_gads_discovery_feed_natl,discovery,Hyderabad,389.66,1807,33,33,2,0,0,0
2026-06-13,vrs26_gads_discovery_feed_natl,discovery,Pune,245.61,957,18,18,4,4,0,0
2026-06-13,vrs26_gads_discovery_feed_natl,discovery,Chennai,207.54,824,20,20,1,0,0,0
2026-06-13,vrs26_gads_search_corp_hyd,search_generic,Mumbai,100.4,441,12,12,0,0,0,0
2026-06-13,vrs26_gads_search_corp_hyd,search_generic,Delhi NCR,86.35,385,10,10,1,1,1,6499
2026-06-13,vrs26_gads_search_corp_hyd,search_generic,Bengaluru,83.29,374,12,12,0,0,0,0
2026-06-13,vrs26_gads_search_corp_hyd,search_generic,Hyderabad,1398.35,6445,164,164,21,10,5,15495
2026-06-13,vrs26_gads_search_corp_hyd,search_generic,Pune,47.08,189,4,4,0,0,0,0
2026-06-13,vrs26_gads_search_corp_hyd,search_generic,Chennai,30.95,143,2,2,0,0,0,0
2026-06-14,vrs26_gads_search_brand_natl,search_brand,Mumbai,1526.59,6388,138,138,34,11,7,13492
2026-06-14,vrs26_gads_search_brand_natl,search_brand,Delhi NCR,1341.27,5621,100,100,20,11,10,12089
2026-06-14,vrs26_gads_search_brand_natl,search_brand,Bengaluru,1024.58,4239,109,109,17,8,5,5095
2026-06-14,vrs26_gads_search_brand_natl,search_brand,Hyderabad,964.91,4281,84,84,18,8,4,5596
2026-06-14,vrs26_gads_search_brand_natl,search_brand,Pune,632.31,2327,61,61,12,4,3,2897
2026-06-14,vrs26_gads_search_brand_natl,search_brand,Chennai,400.76,1598,24,24,4,1,1,2499
2026-06-14,vrs26_gads_search_generic_marathon_natl,search_generic,Mumbai,2044.69,6924,105,105,13,2,2,1298
2026-06-14,vrs26_gads_search_generic_marathon_natl,search_generic,Delhi NCR,2106.88,7973,146,146,18,5,3,11096
2026-06-14,vrs26_gads_search_generic_marathon_natl,search_generic,Bengaluru,1814.5,7718,100,100,11,3,2,4597
2026-06-14,vrs26_gads_search_generic_marathon_natl,search_generic,Hyderabad,1170.33,4346,79,79,8,3,0,0
2026-06-14,vrs26_gads_search_generic_marathon_natl,search_generic,Pune,795.86,3303,57,57,8,2,2,1798
2026-06-14,vrs26_gads_search_generic_marathon_natl,search_generic,Chennai,676.8,2493,46,46,6,2,2,3798
2026-06-14,vrs26_gads_search_generic_10k_natl,search_generic,Mumbai,1416.67,5579,127,127,14,4,1,799
2026-06-14,vrs26_gads_search_generic_10k_natl,search_generic,Delhi NCR,1396.66,6085,124,124,13,3,3,9297
2026-06-14,vrs26_gads_search_generic_10k_natl,search_generic,Bengaluru,1028.9,4011,79,79,10,4,2,2798
2026-06-14,vrs26_gads_search_generic_10k_natl,search_generic,Hyderabad,672.55,2720,56,56,8,5,2,2498
2026-06-14,vrs26_gads_search_generic_10k_natl,search_generic,Pune,470.02,1984,42,42,4,2,1,1999
2026-06-14,vrs26_gads_search_generic_10k_natl,search_generic,Chennai,452.49,2019,41,41,7,3,1,1999
2026-06-14,vrs26_gads_pmax_all_natl,pmax,Mumbai,2089.89,8341,150,150,14,4,2,2098
2026-06-14,vrs26_gads_pmax_all_natl,pmax,Delhi NCR,1596.34,5960,121,121,17,6,3,1497
2026-06-14,vrs26_gads_pmax_all_natl,pmax,Bengaluru,1933.14,6400,122,122,14,5,3,8296
2026-06-14,vrs26_gads_pmax_all_natl,pmax,Hyderabad,996.57,3590,69,69,5,3,2,4298
2026-06-14,vrs26_gads_pmax_all_natl,pmax,Pune,921.65,3934,92,92,13,3,2,2598
2026-06-14,vrs26_gads_pmax_all_natl,pmax,Chennai,731.63,2974,66,66,5,1,0,0
2026-06-14,vrs26_gads_pmax_mum,pmax,Mumbai,3732.86,13579,333,333,51,12,5,7394
2026-06-14,vrs26_gads_pmax_mum,pmax,Delhi NCR,213.82,798,18,18,1,0,0,0
2026-06-14,vrs26_gads_pmax_mum,pmax,Bengaluru,173.34,588,6,6,0,0,0,0
2026-06-14,vrs26_gads_pmax_mum,pmax,Hyderabad,138.41,585,11,11,1,0,0,0
2026-06-14,vrs26_gads_pmax_mum,pmax,Pune,103.07,394,10,10,0,0,0,0
2026-06-14,vrs26_gads_pmax_mum,pmax,Chennai,56.3,194,1,1,0,0,0,0
2026-06-14,vrs26_gads_pmax_blr,pmax,Mumbai,232.17,945,23,23,6,1,1,1999
2026-06-14,vrs26_gads_pmax_blr,pmax,Delhi NCR,169.98,640,10,10,0,0,0,0
2026-06-14,vrs26_gads_pmax_blr,pmax,Bengaluru,3184.75,13036,331,331,48,13,11,19988
2026-06-14,vrs26_gads_pmax_blr,pmax,Hyderabad,104.65,470,11,11,0,0,0,0
2026-06-14,vrs26_gads_pmax_blr,pmax,Pune,92.07,354,12,12,2,0,0,0
2026-06-14,vrs26_gads_pmax_blr,pmax,Chennai,67.81,306,9,9,0,0,0,0
2026-06-14,vrs26_gads_display_remarketing_natl,display,Mumbai,1167.52,4862,107,107,5,0,0,0
2026-06-14,vrs26_gads_display_remarketing_natl,display,Delhi NCR,885.83,3448,60,60,5,2,1,799
2026-06-14,vrs26_gads_display_remarketing_natl,display,Bengaluru,798.8,3004,55,55,8,5,1,1299
2026-06-14,vrs26_gads_display_remarketing_natl,display,Hyderabad,581.83,2351,50,50,5,4,2,2997
2026-06-14,vrs26_gads_display_remarketing_natl,display,Pune,327.42,1388,25,25,3,1,1,1299
2026-06-14,vrs26_gads_display_remarketing_natl,display,Chennai,316.56,1285,17,17,2,0,0,0
2026-06-14,vrs26_gads_yt_instream_natl,youtube,Mumbai,1134.06,4782,92,92,7,2,0,0
2026-06-14,vrs26_gads_yt_instream_natl,youtube,Delhi NCR,1129.85,4540,81,81,9,3,2,5498
2026-06-14,vrs26_gads_yt_instream_natl,youtube,Bengaluru,1002.47,4191,92,92,6,2,1,799
2026-06-14,vrs26_gads_yt_instream_natl,youtube,Hyderabad,690.18,2553,60,60,3,1,0,0
2026-06-14,vrs26_gads_yt_instream_natl,youtube,Pune,482.7,1933,41,41,3,2,1,1999
2026-06-14,vrs26_gads_yt_instream_natl,youtube,Chennai,544.93,2436,48,48,2,0,0,0
2026-06-14,vrs26_gads_yt_shorts_natl,youtube,Mumbai,952.61,3706,102,102,7,2,1,6499
2026-06-14,vrs26_gads_yt_shorts_natl,youtube,Delhi NCR,630.84,2299,46,46,4,3,3,9797
2026-06-14,vrs26_gads_yt_shorts_natl,youtube,Bengaluru,600.74,2180,42,42,7,4,2,2598
2026-06-14,vrs26_gads_yt_shorts_natl,youtube,Hyderabad,434.26,1780,38,38,2,1,0,0
2026-06-14,vrs26_gads_yt_shorts_natl,youtube,Pune,290.54,1300,26,26,0,0,0,0
2026-06-14,vrs26_gads_yt_shorts_natl,youtube,Chennai,262.77,1035,19,19,1,0,0,0
2026-06-14,vrs26_gads_search_competitor_natl,search_generic,Mumbai,753.25,3651,71,71,5,2,2,2598
2026-06-14,vrs26_gads_search_competitor_natl,search_generic,Delhi NCR,555.07,2259,70,70,6,2,1,6499
2026-06-14,vrs26_gads_search_competitor_natl,search_generic,Bengaluru,603.54,2436,57,57,6,3,1,799
2026-06-14,vrs26_gads_search_competitor_natl,search_generic,Hyderabad,353.82,1376,15,15,0,0,0,0
2026-06-14,vrs26_gads_search_competitor_natl,search_generic,Pune,222.87,911,21,21,0,0,0,0
2026-06-14,vrs26_gads_search_competitor_natl,search_generic,Chennai,230.1,862,11,11,2,1,0,0
2026-06-14,vrs26_gads_discovery_feed_natl,discovery,Mumbai,791.52,3229,58,58,3,1,0,0
2026-06-14,vrs26_gads_discovery_feed_natl,discovery,Delhi NCR,699.76,2874,49,49,5,2,1,1299
2026-06-14,vrs26_gads_discovery_feed_natl,discovery,Bengaluru,620.87,2096,64,64,1,1,1,1999
2026-06-14,vrs26_gads_discovery_feed_natl,discovery,Hyderabad,361.06,1267,21,21,3,1,1,1299
2026-06-14,vrs26_gads_discovery_feed_natl,discovery,Pune,338.08,1334,22,22,3,0,0,0
2026-06-14,vrs26_gads_discovery_feed_natl,discovery,Chennai,247.18,971,21,21,2,1,1,799
2026-06-14,vrs26_gads_search_corp_hyd,search_generic,Mumbai,116.44,462,9,9,0,0,0,0
2026-06-14,vrs26_gads_search_corp_hyd,search_generic,Delhi NCR,124.06,514,9,9,2,1,1,799
2026-06-14,vrs26_gads_search_corp_hyd,search_generic,Bengaluru,108.87,469,9,9,1,0,0,0
2026-06-14,vrs26_gads_search_corp_hyd,search_generic,Hyderabad,1703.23,6912,101,101,11,3,2,3798
2026-06-14,vrs26_gads_search_corp_hyd,search_generic,Pune,59.63,214,7,7,2,0,0,0
2026-06-14,vrs26_gads_search_corp_hyd,search_generic,Chennai,40.04,167,4,4,0,0,0,0
2026-06-15,vrs26_gads_search_brand_natl,search_brand,Mumbai,1413.14,5728,87,87,15,3,3,4597
2026-06-15,vrs26_gads_search_brand_natl,search_brand,Delhi NCR,1331.37,5360,73,73,15,5,3,5297
2026-06-15,vrs26_gads_search_brand_natl,search_brand,Bengaluru,1400.86,4975,116,116,29,14,8,14992
2026-06-15,vrs26_gads_search_brand_natl,search_brand,Hyderabad,753.45,2895,59,59,12,6,4,8296
2026-06-15,vrs26_gads_search_brand_natl,search_brand,Pune,542.67,2140,39,39,12,5,5,5195
2026-06-15,vrs26_gads_search_brand_natl,search_brand,Chennai,432.47,1651,30,30,3,2,2,2798
2026-06-15,vrs26_gads_search_generic_marathon_natl,search_generic,Mumbai,2137.47,8281,200,200,18,9,5,7895
2026-06-15,vrs26_gads_search_generic_marathon_natl,search_generic,Delhi NCR,1874.81,7158,156,156,28,12,4,4196
2026-06-15,vrs26_gads_search_generic_marathon_natl,search_generic,Bengaluru,1627.16,6320,134,134,22,9,6,6593
2026-06-15,vrs26_gads_search_generic_marathon_natl,search_generic,Hyderabad,1340.58,5526,131,131,19,5,3,8296
2026-06-15,vrs26_gads_search_generic_marathon_natl,search_generic,Pune,834.38,3980,77,77,8,0,0,0
2026-06-15,vrs26_gads_search_generic_marathon_natl,search_generic,Chennai,770.61,2764,42,42,9,1,1,499
2026-06-15,vrs26_gads_search_generic_10k_natl,search_generic,Mumbai,1421.03,5545,88,88,14,4,2,1798
2026-06-15,vrs26_gads_search_generic_10k_natl,search_generic,Delhi NCR,1272.9,4860,86,86,11,5,2,4597
2026-06-15,vrs26_gads_search_generic_10k_natl,search_generic,Bengaluru,1060.28,4555,99,99,11,2,1,799
2026-06-15,vrs26_gads_search_generic_10k_natl,search_generic,Hyderabad,723.47,3185,84,84,11,5,2,2098
2026-06-15,vrs26_gads_search_generic_10k_natl,search_generic,Pune,493.09,1881,36,36,7,1,1,6499
2026-06-15,vrs26_gads_search_generic_10k_natl,search_generic,Chennai,451.34,1847,45,45,7,3,3,3597
2026-06-15,vrs26_gads_pmax_all_natl,pmax,Mumbai,2406.38,11607,236,236,21,8,4,5596
2026-06-15,vrs26_gads_pmax_all_natl,pmax,Delhi NCR,1997.15,9680,251,251,15,8,5,6695
2026-06-15,vrs26_gads_pmax_all_natl,pmax,Bengaluru,1382.49,6207,126,126,13,3,1,2499
2026-06-15,vrs26_gads_pmax_all_natl,pmax,Hyderabad,1070.18,4416,119,119,16,6,3,4896
2026-06-15,vrs26_gads_pmax_all_natl,pmax,Pune,726.58,3054,77,77,7,2,2,3998
2026-06-15,vrs26_gads_pmax_all_natl,pmax,Chennai,663.35,2867,66,66,9,1,0,0
2026-06-15,vrs26_gads_pmax_mum,pmax,Mumbai,3548.18,14382,284,284,38,11,8,17192
2026-06-15,vrs26_gads_pmax_mum,pmax,Delhi NCR,284.63,1091,20,20,2,0,0,0
2026-06-15,vrs26_gads_pmax_mum,pmax,Bengaluru,210.81,742,6,6,1,1,1,1299
2026-06-15,vrs26_gads_pmax_mum,pmax,Hyderabad,129.82,495,11,11,2,1,1,799
2026-06-15,vrs26_gads_pmax_mum,pmax,Pune,116.03,403,11,11,2,0,0,0
2026-06-15,vrs26_gads_pmax_mum,pmax,Chennai,115.99,502,8,8,1,0,0,0
2026-06-15,vrs26_gads_pmax_blr,pmax,Mumbai,307.43,1113,20,20,2,0,0,0
2026-06-15,vrs26_gads_pmax_blr,pmax,Delhi NCR,198.44,913,19,19,5,0,0,0
2026-06-15,vrs26_gads_pmax_blr,pmax,Bengaluru,3084.72,12692,280,280,27,13,9,28590
2026-06-15,vrs26_gads_pmax_blr,pmax,Hyderabad,100.41,393,5,5,1,0,0,0
2026-06-15,vrs26_gads_pmax_blr,pmax,Pune,77.81,298,8,8,1,1,0,0
2026-06-15,vrs26_gads_pmax_blr,pmax,Chennai,71.85,310,10,10,1,0,0,0
2026-06-15,vrs26_gads_display_remarketing_natl,display,Mumbai,871.44,3624,85,85,5,2,2,2598
2026-06-15,vrs26_gads_display_remarketing_natl,display,Delhi NCR,940.82,4021,70,70,8,6,5,9095
2026-06-15,vrs26_gads_display_remarketing_natl,display,Bengaluru,908.81,3518,79,79,3,0,0,0
2026-06-15,vrs26_gads_display_remarketing_natl,display,Hyderabad,640.04,2574,45,45,1,1,1,6499
2026-06-15,vrs26_gads_display_remarketing_natl,display,Pune,372.89,1398,23,23,2,0,0,0
2026-06-15,vrs26_gads_display_remarketing_natl,display,Chennai,332.59,1395,30,30,3,3,3,17496
2026-06-15,vrs26_gads_yt_instream_natl,youtube,Mumbai,1158.21,5109,124,124,6,0,0,0
2026-06-15,vrs26_gads_yt_instream_natl,youtube,Delhi NCR,1175.22,4668,113,113,5,2,1,799
2026-06-15,vrs26_gads_yt_instream_natl,youtube,Bengaluru,1087.72,3939,83,83,8,3,2,1298
2026-06-15,vrs26_gads_yt_instream_natl,youtube,Hyderabad,637.96,2341,56,56,7,5,2,4798
2026-06-15,vrs26_gads_yt_instream_natl,youtube,Pune,517.84,2238,63,63,6,2,0,0
2026-06-15,vrs26_gads_yt_instream_natl,youtube,Chennai,393.31,1527,29,29,2,2,0,0
2026-06-15,vrs26_gads_yt_shorts_natl,youtube,Mumbai,719.37,2909,59,59,5,2,1,1999
2026-06-15,vrs26_gads_yt_shorts_natl,youtube,Delhi NCR,763.76,3169,65,65,1,0,0,0
2026-06-15,vrs26_gads_yt_shorts_natl,youtube,Bengaluru,657.19,2903,65,65,0,0,0,0
2026-06-15,vrs26_gads_yt_shorts_natl,youtube,Hyderabad,469.67,1838,46,46,1,0,0,0
2026-06-15,vrs26_gads_yt_shorts_natl,youtube,Pune,304.58,1358,32,32,2,1,1,799
2026-06-15,vrs26_gads_yt_shorts_natl,youtube,Chennai,248.32,1186,26,26,3,1,1,1299
2026-06-15,vrs26_gads_search_competitor_natl,search_generic,Mumbai,685.71,2713,67,67,8,0,0,0
2026-06-15,vrs26_gads_search_competitor_natl,search_generic,Delhi NCR,624.75,2524,72,72,7,2,2,7298
2026-06-15,vrs26_gads_search_competitor_natl,search_generic,Bengaluru,453.19,2001,32,32,1,0,0,0
2026-06-15,vrs26_gads_search_competitor_natl,search_generic,Hyderabad,384.95,1658,43,43,2,1,1,1299
2026-06-15,vrs26_gads_search_competitor_natl,search_generic,Pune,318.86,1427,32,32,1,0,0,0
2026-06-15,vrs26_gads_search_competitor_natl,search_generic,Chennai,243.6,1049,24,24,2,1,1,1299
2026-06-15,vrs26_gads_discovery_feed_natl,discovery,Mumbai,809.28,2982,62,62,6,2,2,1598
2026-06-15,vrs26_gads_discovery_feed_natl,discovery,Delhi NCR,666.5,2547,79,79,7,4,2,3798
2026-06-15,vrs26_gads_discovery_feed_natl,discovery,Bengaluru,631.14,2283,55,55,4,1,0,0
2026-06-15,vrs26_gads_discovery_feed_natl,discovery,Hyderabad,389.81,1491,18,18,2,2,2,5498
2026-06-15,vrs26_gads_discovery_feed_natl,discovery,Pune,319.46,1303,28,28,1,1,1,6499
2026-06-15,vrs26_gads_discovery_feed_natl,discovery,Chennai,233.74,1095,28,28,5,1,1,3499
2026-06-15,vrs26_gads_search_corp_hyd,search_generic,Mumbai,144.23,659,11,11,3,0,0,0
2026-06-15,vrs26_gads_search_corp_hyd,search_generic,Delhi NCR,116.47,509,14,14,2,2,0,0
2026-06-15,vrs26_gads_search_corp_hyd,search_generic,Bengaluru,132.55,522,9,9,1,1,1,499
2026-06-15,vrs26_gads_search_corp_hyd,search_generic,Hyderabad,1671.56,6800,151,151,21,8,6,13293
2026-06-15,vrs26_gads_search_corp_hyd,search_generic,Pune,40.17,177,5,5,0,0,0,0
2026-06-15,vrs26_gads_search_corp_hyd,search_generic,Chennai,41.29,167,7,7,2,1,0,0
2026-06-16,vrs26_gads_search_brand_natl,search_brand,Mumbai,1359.03,5798,111,111,22,9,4,7595
2026-06-16,vrs26_gads_search_brand_natl,search_brand,Delhi NCR,1292.38,5530,101,101,15,9,4,8296
2026-06-16,vrs26_gads_search_brand_natl,search_brand,Bengaluru,1144.33,5429,139,139,26,15,10,14889
2026-06-16,vrs26_gads_search_brand_natl,search_brand,Hyderabad,641.17,2977,66,66,12,4,4,8395
2026-06-16,vrs26_gads_search_brand_natl,search_brand,Pune,437.02,1820,39,39,9,5,2,2798
2026-06-16,vrs26_gads_search_brand_natl,search_brand,Chennai,503.75,2038,52,52,5,3,3,2397
2026-06-16,vrs26_gads_search_generic_marathon_natl,search_generic,Mumbai,2138.73,8905,200,200,17,5,3,7297
2026-06-16,vrs26_gads_search_generic_marathon_natl,search_generic,Delhi NCR,1919.61,7247,161,161,18,9,3,4797
2026-06-16,vrs26_gads_search_generic_marathon_natl,search_generic,Bengaluru,1500.73,6777,132,132,15,7,5,13095
2026-06-16,vrs26_gads_search_generic_marathon_natl,search_generic,Hyderabad,1075.97,4919,90,90,13,6,3,7796
2026-06-16,vrs26_gads_search_generic_marathon_natl,search_generic,Pune,645.92,2878,89,89,12,5,3,2897
2026-06-16,vrs26_gads_search_generic_marathon_natl,search_generic,Chennai,578.71,2501,51,51,8,2,2,2798
2026-06-16,vrs26_gads_search_generic_10k_natl,search_generic,Mumbai,1481.06,5423,131,131,16,6,5,8095
2026-06-16,vrs26_gads_search_generic_10k_natl,search_generic,Delhi NCR,1079.62,4569,83,83,13,3,2,3597
2026-06-16,vrs26_gads_search_generic_10k_natl,search_generic,Bengaluru,790.04,3507,65,65,4,2,2,2598
2026-06-16,vrs26_gads_search_generic_10k_natl,search_generic,Hyderabad,704.75,2814,70,70,12,1,1,1999
2026-06-16,vrs26_gads_search_generic_10k_natl,search_generic,Pune,532.99,2375,60,60,6,2,1,799
2026-06-16,vrs26_gads_search_generic_10k_natl,search_generic,Chennai,375.54,1449,31,31,4,0,0,0
2026-06-16,vrs26_gads_pmax_all_natl,pmax,Mumbai,2016.75,9099,161,161,16,6,3,5097
2026-06-16,vrs26_gads_pmax_all_natl,pmax,Delhi NCR,1581.48,6278,132,132,12,2,1,1299
2026-06-16,vrs26_gads_pmax_all_natl,pmax,Bengaluru,1701.91,6433,179,179,16,6,4,4596
2026-06-16,vrs26_gads_pmax_all_natl,pmax,Hyderabad,1008.68,4485,76,76,7,2,1,799
2026-06-16,vrs26_gads_pmax_all_natl,pmax,Pune,575.27,2461,37,37,4,1,0,0
2026-06-16,vrs26_gads_pmax_all_natl,pmax,Chennai,665.35,2573,78,78,12,5,4,4196
2026-06-16,vrs26_gads_pmax_mum,pmax,Mumbai,3455.33,12417,251,251,27,10,5,14194
2026-06-16,vrs26_gads_pmax_mum,pmax,Delhi NCR,147.88,580,6,6,2,1,0,0
2026-06-16,vrs26_gads_pmax_mum,pmax,Bengaluru,172.24,684,12,12,2,0,0,0
2026-06-16,vrs26_gads_pmax_mum,pmax,Hyderabad,112.02,438,9,9,1,0,0,0
2026-06-16,vrs26_gads_pmax_mum,pmax,Pune,77.94,329,10,10,1,0,0,0
2026-06-16,vrs26_gads_pmax_mum,pmax,Chennai,67.84,298,4,4,1,0,0,0
2026-06-16,vrs26_gads_pmax_blr,pmax,Mumbai,176.43,784,21,21,5,1,0,0
2026-06-16,vrs26_gads_pmax_blr,pmax,Delhi NCR,155.42,655,16,16,3,1,0,0
2026-06-16,vrs26_gads_pmax_blr,pmax,Bengaluru,2939.87,11105,229,229,31,7,2,1598
2026-06-16,vrs26_gads_pmax_blr,pmax,Hyderabad,94.77,369,5,5,1,1,1,6499
2026-06-16,vrs26_gads_pmax_blr,pmax,Pune,85.84,321,4,4,0,0,0,0
2026-06-16,vrs26_gads_pmax_blr,pmax,Chennai,63.85,235,6,6,1,1,0,0
2026-06-16,vrs26_gads_display_remarketing_natl,display,Mumbai,1091.94,4969,91,91,6,3,0,0
2026-06-16,vrs26_gads_display_remarketing_natl,display,Delhi NCR,752.21,3186,64,64,2,0,0,0
2026-06-16,vrs26_gads_display_remarketing_natl,display,Bengaluru,781.18,3315,72,72,8,3,3,2597
2026-06-16,vrs26_gads_display_remarketing_natl,display,Hyderabad,498.9,2022,50,50,5,0,0,0
2026-06-16,vrs26_gads_display_remarketing_natl,display,Pune,334.98,1164,18,18,0,0,0,0
2026-06-16,vrs26_gads_display_remarketing_natl,display,Chennai,263.8,1013,20,20,2,0,0,0
2026-06-16,vrs26_gads_yt_instream_natl,youtube,Mumbai,1325.2,5514,111,111,5,1,0,0
2026-06-16,vrs26_gads_yt_instream_natl,youtube,Delhi NCR,829.11,3242,61,61,6,1,0,0
2026-06-16,vrs26_gads_yt_instream_natl,youtube,Bengaluru,923.82,4403,99,99,10,3,1,3499
2026-06-16,vrs26_gads_yt_instream_natl,youtube,Hyderabad,660.07,2656,41,41,4,2,2,2498
2026-06-16,vrs26_gads_yt_instream_natl,youtube,Pune,479.46,1875,47,47,1,1,1,799
2026-06-16,vrs26_gads_yt_instream_natl,youtube,Chennai,332.67,1457,32,32,3,1,0,0
2026-06-16,vrs26_gads_yt_shorts_natl,youtube,Mumbai,822.24,3450,64,64,3,1,1,499
2026-06-16,vrs26_gads_yt_shorts_natl,youtube,Delhi NCR,597.4,2812,79,79,11,3,1,2999
2026-06-16,vrs26_gads_yt_shorts_natl,youtube,Bengaluru,618.22,3070,63,63,4,1,1,799
2026-06-16,vrs26_gads_yt_shorts_natl,youtube,Hyderabad,373.77,1512,27,27,5,1,1,6499
2026-06-16,vrs26_gads_yt_shorts_natl,youtube,Pune,254.97,1108,24,24,1,0,0,0
2026-06-16,vrs26_gads_yt_shorts_natl,youtube,Chennai,229.08,1036,27,27,1,0,0,0
2026-06-16,vrs26_gads_search_competitor_natl,search_generic,Mumbai,477.59,2147,41,41,7,2,2,2098
2026-06-16,vrs26_gads_search_competitor_natl,search_generic,Delhi NCR,597.2,2481,38,38,5,1,1,799
2026-06-16,vrs26_gads_search_competitor_natl,search_generic,Bengaluru,582.63,2217,45,45,4,1,1,2499
2026-06-16,vrs26_gads_search_competitor_natl,search_generic,Hyderabad,350.72,1493,21,21,4,2,2,3798
2026-06-16,vrs26_gads_search_competitor_natl,search_generic,Pune,266.86,1136,30,30,1,0,0,0
2026-06-16,vrs26_gads_search_competitor_natl,search_generic,Chennai,207.01,939,15,15,1,0,0,0
2026-06-16,vrs26_gads_discovery_feed_natl,discovery,Mumbai,902.73,3739,69,69,8,1,1,1299
2026-06-16,vrs26_gads_discovery_feed_natl,discovery,Delhi NCR,492.13,1982,48,48,6,2,1,1999
2026-06-16,vrs26_gads_discovery_feed_natl,discovery,Bengaluru,567.33,2495,56,56,7,3,2,2798
2026-06-16,vrs26_gads_discovery_feed_natl,discovery,Hyderabad,341.36,1472,38,38,6,0,0,0
2026-06-16,vrs26_gads_discovery_feed_natl,discovery,Pune,258.3,941,12,12,2,0,0,0
2026-06-16,vrs26_gads_discovery_feed_natl,discovery,Chennai,230.41,1060,27,27,2,1,1,1299
2026-06-16,vrs26_gads_search_corp_hyd,search_generic,Mumbai,131.2,616,16,16,6,3,1,6499
2026-06-16,vrs26_gads_search_corp_hyd,search_generic,Delhi NCR,92.76,388,11,11,2,1,1,1999
2026-06-16,vrs26_gads_search_corp_hyd,search_generic,Bengaluru,108.8,469,14,14,3,0,0,0
2026-06-16,vrs26_gads_search_corp_hyd,search_generic,Hyderabad,1554.89,5644,95,95,13,6,3,2897
2026-06-16,vrs26_gads_search_corp_hyd,search_generic,Pune,48.34,206,6,6,1,0,0,0
2026-06-16,vrs26_gads_search_corp_hyd,search_generic,Chennai,28.94,110,2,2,0,0,0,0
2026-06-17,vrs26_gads_search_brand_natl,search_brand,Mumbai,1127.21,4950,106,106,21,11,10,15188
2026-06-17,vrs26_gads_search_brand_natl,search_brand,Delhi NCR,1066.84,4579,122,122,33,11,8,11691
2026-06-17,vrs26_gads_search_brand_natl,search_brand,Bengaluru,887.17,3364,85,85,12,5,3,2897
2026-06-17,vrs26_gads_search_brand_natl,search_brand,Hyderabad,681.84,2613,47,47,7,5,2,2098
2026-06-17,vrs26_gads_search_brand_natl,search_brand,Pune,495.67,2008,45,45,8,1,1,3499
2026-06-17,vrs26_gads_search_brand_natl,search_brand,Chennai,375.13,1614,33,33,11,4,2,2798
2026-06-17,vrs26_gads_search_generic_marathon_natl,search_generic,Mumbai,1581.32,7265,145,145,21,5,1,1999
2026-06-17,vrs26_gads_search_generic_marathon_natl,search_generic,Delhi NCR,1589.02,6959,180,180,25,8,4,6396
2026-06-17,vrs26_gads_search_generic_marathon_natl,search_generic,Bengaluru,1580.6,7115,158,158,20,8,7,16093
2026-06-17,vrs26_gads_search_generic_marathon_natl,search_generic,Hyderabad,859.47,4202,54,54,4,2,2,4498
2026-06-17,vrs26_gads_search_generic_marathon_natl,search_generic,Pune,627.93,2794,49,49,5,3,1,1999
2026-06-17,vrs26_gads_search_generic_marathon_natl,search_generic,Chennai,534.23,2178,60,60,7,3,2,3798
2026-06-17,vrs26_gads_search_generic_10k_natl,search_generic,Mumbai,1093.62,5579,92,92,19,8,4,5596
2026-06-17,vrs26_gads_search_generic_10k_natl,search_generic,Delhi NCR,1029.66,4245,67,67,8,3,2,3097
2026-06-17,vrs26_gads_search_generic_10k_natl,search_generic,Bengaluru,911.34,3874,85,85,12,3,3,4597
2026-06-17,vrs26_gads_search_generic_10k_natl,search_generic,Hyderabad,514.92,2260,69,69,9,4,4,7796
2026-06-17,vrs26_gads_search_generic_10k_natl,search_generic,Pune,383.99,1666,43,43,3,3,1,499
2026-06-17,vrs26_gads_search_generic_10k_natl,search_generic,Chennai,343.89,1620,26,26,2,1,1,1999
2026-06-17,vrs26_gads_pmax_all_natl,pmax,Mumbai,1521.82,6481,136,136,12,3,2,7997
2026-06-17,vrs26_gads_pmax_all_natl,pmax,Delhi NCR,1565.41,7319,125,125,10,3,1,12998
2026-06-17,vrs26_gads_pmax_all_natl,pmax,Bengaluru,1270.68,5131,112,112,11,6,3,3397
2026-06-17,vrs26_gads_pmax_all_natl,pmax,Hyderabad,846.13,3353,76,76,7,2,1,799
2026-06-17,vrs26_gads_pmax_all_natl,pmax,Pune,759.47,3410,66,66,6,2,1,499
2026-06-17,vrs26_gads_pmax_all_natl,pmax,Chennai,541.7,2459,44,44,7,5,3,7497
2026-06-17,vrs26_gads_pmax_mum,pmax,Mumbai,2623.85,11725,228,228,34,14,10,14090
2026-06-17,vrs26_gads_pmax_mum,pmax,Delhi NCR,262.32,1098,23,23,3,0,0,0
2026-06-17,vrs26_gads_pmax_mum,pmax,Bengaluru,227.84,925,20,20,2,1,0,0
2026-06-17,vrs26_gads_pmax_mum,pmax,Hyderabad,157.5,720,11,11,0,0,0,0
2026-06-17,vrs26_gads_pmax_mum,pmax,Pune,104.26,466,5,5,0,0,0,0
2026-06-17,vrs26_gads_pmax_mum,pmax,Chennai,99.63,475,13,13,1,1,1,1999
2026-06-17,vrs26_gads_pmax_blr,pmax,Mumbai,166.41,679,14,14,4,2,1,6499
2026-06-17,vrs26_gads_pmax_blr,pmax,Delhi NCR,125.74,560,15,15,1,0,0,0
2026-06-17,vrs26_gads_pmax_blr,pmax,Bengaluru,2548.67,10981,233,233,37,14,10,19590
2026-06-17,vrs26_gads_pmax_blr,pmax,Hyderabad,74.07,385,3,3,0,0,0,0
2026-06-17,vrs26_gads_pmax_blr,pmax,Pune,70.64,309,4,4,0,0,0,0
2026-06-17,vrs26_gads_pmax_blr,pmax,Chennai,44.29,221,6,6,0,0,0,0
2026-06-17,vrs26_gads_display_remarketing_natl,display,Mumbai,878.54,4172,89,89,6,2,2,2098
2026-06-17,vrs26_gads_display_remarketing_natl,display,Delhi NCR,661.56,2945,75,75,12,6,4,6096
2026-06-17,vrs26_gads_display_remarketing_natl,display,Bengaluru,611.29,2957,64,64,4,1,0,0
2026-06-17,vrs26_gads_display_remarketing_natl,display,Hyderabad,436.68,2123,47,47,4,3,3,4597
2026-06-17,vrs26_gads_display_remarketing_natl,display,Pune,334.48,1350,23,23,1,0,0,0
2026-06-17,vrs26_gads_display_remarketing_natl,display,Chennai,285.49,1202,25,25,1,0,0,0
2026-06-17,vrs26_gads_yt_instream_natl,youtube,Mumbai,1066.09,5449,118,118,5,3,1,1299
2026-06-17,vrs26_gads_yt_instream_natl,youtube,Delhi NCR,794.38,3572,83,83,6,3,2,2598
2026-06-17,vrs26_gads_yt_instream_natl,youtube,Bengaluru,868.33,4104,75,75,2,1,0,0
2026-06-17,vrs26_gads_yt_instream_natl,youtube,Hyderabad,541.65,2153,61,61,6,0,0,0
2026-06-17,vrs26_gads_yt_instream_natl,youtube,Pune,381.15,1695,35,35,4,1,1,1299
2026-06-17,vrs26_gads_yt_instream_natl,youtube,Chennai,269.35,961,11,11,1,0,0,0
2026-06-17,vrs26_gads_yt_shorts_natl,youtube,Mumbai,733.74,3738,77,77,4,2,1,1999
2026-06-17,vrs26_gads_yt_shorts_natl,youtube,Delhi NCR,460.07,1890,36,36,2,0,0,0
2026-06-17,vrs26_gads_yt_shorts_natl,youtube,Bengaluru,553.55,2458,45,45,2,1,0,0
2026-06-17,vrs26_gads_yt_shorts_natl,youtube,Hyderabad,322.76,1343,38,38,1,1,1,2999
2026-06-17,vrs26_gads_yt_shorts_natl,youtube,Pune,223.62,954,20,20,1,0,0,0
2026-06-17,vrs26_gads_yt_shorts_natl,youtube,Chennai,201.42,891,8,8,0,0,0,0
2026-06-17,vrs26_gads_search_competitor_natl,search_generic,Mumbai,578.51,2582,48,48,5,3,2,3998
2026-06-17,vrs26_gads_search_competitor_natl,search_generic,Delhi NCR,463.72,2067,49,49,5,2,1,799
2026-06-17,vrs26_gads_search_competitor_natl,search_generic,Bengaluru,438.97,1887,42,42,4,1,0,0
2026-06-17,vrs26_gads_search_competitor_natl,search_generic,Hyderabad,274.7,1194,24,24,4,1,0,0
2026-06-17,vrs26_gads_search_competitor_natl,search_generic,Pune,214.83,827,17,17,1,0,0,0
2026-06-17,vrs26_gads_search_competitor_natl,search_generic,Chennai,167.96,762,4,4,0,0,0,0
2026-06-17,vrs26_gads_discovery_feed_natl,discovery,Mumbai,676.81,3270,51,51,5,2,2,1298
2026-06-17,vrs26_gads_discovery_feed_natl,discovery,Delhi NCR,455.78,2026,43,43,7,1,1,1999
2026-06-17,vrs26_gads_discovery_feed_natl,discovery,Bengaluru,498.39,1993,48,48,4,3,1,1299
2026-06-17,vrs26_gads_discovery_feed_natl,discovery,Hyderabad,317.57,1609,22,22,2,1,1,1299
2026-06-17,vrs26_gads_discovery_feed_natl,discovery,Pune,271.3,1274,32,32,4,1,1,1999
2026-06-17,vrs26_gads_discovery_feed_natl,discovery,Chennai,186.19,850,24,24,1,0,0,0
2026-06-17,vrs26_gads_search_corp_hyd,search_generic,Mumbai,109.61,508,12,12,1,0,0,0
2026-06-17,vrs26_gads_search_corp_hyd,search_generic,Delhi NCR,83.64,350,11,11,0,0,0,0
2026-06-17,vrs26_gads_search_corp_hyd,search_generic,Bengaluru,90.58,356,5,5,1,0,0,0
2026-06-17,vrs26_gads_search_corp_hyd,search_generic,Hyderabad,1336.35,5902,140,140,15,7,6,6892
2026-06-17,vrs26_gads_search_corp_hyd,search_generic,Pune,36.43,173,7,7,2,1,0,0
2026-06-17,vrs26_gads_search_corp_hyd,search_generic,Chennai,36.53,140,1,1,0,0,0,0
2026-06-18,vrs26_gads_search_brand_natl,search_brand,Mumbai,1195.07,5566,116,116,25,10,4,6596
2026-06-18,vrs26_gads_search_brand_natl,search_brand,Delhi NCR,832.28,3142,46,46,8,7,6,8394
2026-06-18,vrs26_gads_search_brand_natl,search_brand,Bengaluru,842.54,3799,83,83,21,10,9,23490
2026-06-18,vrs26_gads_search_brand_natl,search_brand,Hyderabad,663.84,3457,66,66,17,8,4,9796
2026-06-18,vrs26_gads_search_brand_natl,search_brand,Pune,452.07,1786,36,36,7,4,4,7095
2026-06-18,vrs26_gads_search_brand_natl,search_brand,Chennai,349.98,1527,40,40,7,5,1,1299
2026-06-18,vrs26_gads_search_generic_marathon_natl,search_generic,Mumbai,1652.86,7141,158,158,27,13,9,10991
2026-06-18,vrs26_gads_search_generic_marathon_natl,search_generic,Delhi NCR,1418.74,6258,133,133,15,6,5,9494
2026-06-18,vrs26_gads_search_generic_marathon_natl,search_generic,Bengaluru,1386.16,5959,135,135,16,7,5,10395
2026-06-18,vrs26_gads_search_generic_marathon_natl,search_generic,Hyderabad,771.56,3218,64,64,11,3,2,2897
2026-06-18,vrs26_gads_search_generic_marathon_natl,search_generic,Pune,582.27,2595,46,46,6,2,1,499
2026-06-18,vrs26_gads_search_generic_marathon_natl,search_generic,Chennai,525.31,2428,62,62,6,2,1,1299
2026-06-18,vrs26_gads_search_generic_10k_natl,search_generic,Mumbai,1006.11,5022,81,81,11,2,0,0
2026-06-18,vrs26_gads_search_generic_10k_natl,search_generic,Delhi NCR,953.13,3973,81,81,8,3,3,11496
2026-06-18,vrs26_gads_search_generic_10k_natl,search_generic,Bengaluru,846.12,4050,90,90,11,5,2,2297
2026-06-18,vrs26_gads_search_generic_10k_natl,search_generic,Hyderabad,561.26,2352,28,28,3,0,0,0
2026-06-18,vrs26_gads_search_generic_10k_natl,search_generic,Pune,378.67,1612,47,47,5,3,1,1999
2026-06-18,vrs26_gads_search_generic_10k_natl,search_generic,Chennai,256.97,1356,21,21,1,0,0,0
2026-06-18,vrs26_gads_pmax_all_natl,pmax,Mumbai,1415.28,6621,139,139,18,7,4,13296
2026-06-18,vrs26_gads_pmax_all_natl,pmax,Delhi NCR,1392.29,5903,152,152,14,3,1,1999
2026-06-18,vrs26_gads_pmax_all_natl,pmax,Bengaluru,1390.2,6236,158,158,10,4,1,799
2026-06-18,vrs26_gads_pmax_all_natl,pmax,Hyderabad,845.55,3631,92,92,14,8,3,4597
2026-06-18,vrs26_gads_pmax_all_natl,pmax,Pune,560.72,2651,53,53,3,3,3,3797
2026-06-18,vrs26_gads_pmax_all_natl,pmax,Chennai,482.73,2185,61,61,7,3,2,3298
2026-06-18,vrs26_gads_pmax_mum,pmax,Mumbai,2704.43,12665,331,331,41,13,11,17188
2026-06-18,vrs26_gads_pmax_mum,pmax,Delhi NCR,153.96,693,17,17,1,0,0,0
2026-06-18,vrs26_gads_pmax_mum,pmax,Bengaluru,148.04,673,16,16,2,0,0,0
2026-06-18,vrs26_gads_pmax_mum,pmax,Hyderabad,85.08,403,5,5,0,0,0,0
2026-06-18,vrs26_gads_pmax_mum,pmax,Pune,96.29,388,10,10,2,2,1,1299
2026-06-18,vrs26_gads_pmax_mum,pmax,Chennai,64.01,296,8,8,0,0,0,0
2026-06-18,vrs26_gads_pmax_blr,pmax,Mumbai,214.02,1004,16,16,2,1,0,0
2026-06-18,vrs26_gads_pmax_blr,pmax,Delhi NCR,177.23,766,13,13,0,0,0,0
2026-06-18,vrs26_gads_pmax_blr,pmax,Bengaluru,2186.24,8947,164,164,19,9,3,15096
2026-06-18,vrs26_gads_pmax_blr,pmax,Hyderabad,103.33,430,10,10,1,0,0,0
2026-06-18,vrs26_gads_pmax_blr,pmax,Pune,87.15,358,9,9,1,0,0,0
2026-06-18,vrs26_gads_pmax_blr,pmax,Chennai,66.96,302,10,10,1,0,0,0
2026-06-18,vrs26_gads_display_remarketing_natl,display,Mumbai,808.04,3392,68,68,7,2,1,1999
2026-06-18,vrs26_gads_display_remarketing_natl,display,Delhi NCR,738.11,3256,60,60,3,0,0,0
2026-06-18,vrs26_gads_display_remarketing_natl,display,Bengaluru,547.49,2473,38,38,2,2,1,2499
2026-06-18,vrs26_gads_display_remarketing_natl,display,Hyderabad,436.32,1809,41,41,2,0,0,0
2026-06-18,vrs26_gads_display_remarketing_natl,display,Pune,274.32,1249,23,23,1,0,0,0
2026-06-18,vrs26_gads_display_remarketing_natl,display,Chennai,197.42,855,19,19,2,0,0,0
2026-06-18,vrs26_gads_yt_instream_natl,youtube,Mumbai,980.24,4628,95,95,6,2,1,1299
2026-06-18,vrs26_gads_yt_instream_natl,youtube,Delhi NCR,868.6,4128,87,87,2,0,0,0
2026-06-18,vrs26_gads_yt_instream_natl,youtube,Bengaluru,768.15,2862,54,54,2,2,1,6499
2026-06-18,vrs26_gads_yt_instream_natl,youtube,Hyderabad,463.68,1896,58,58,4,2,1,2499
2026-06-18,vrs26_gads_yt_instream_natl,youtube,Pune,326.25,1532,30,30,2,0,0,0
2026-06-18,vrs26_gads_yt_instream_natl,youtube,Chennai,261.82,1028,20,20,2,1,1,2499
2026-06-18,vrs26_gads_yt_shorts_natl,youtube,Mumbai,624.67,2645,41,41,0,0,0,0
2026-06-18,vrs26_gads_yt_shorts_natl,youtube,Delhi NCR,561.84,2165,43,43,2,0,0,0
2026-06-18,vrs26_gads_yt_shorts_natl,youtube,Bengaluru,487.3,1808,42,42,3,2,0,0
2026-06-18,vrs26_gads_yt_shorts_natl,youtube,Hyderabad,284.62,1181,32,32,2,2,0,0
2026-06-18,vrs26_gads_yt_shorts_natl,youtube,Pune,218.43,968,19,19,0,0,0,0
2026-06-18,vrs26_gads_yt_shorts_natl,youtube,Chennai,157.79,763,13,13,0,0,0,0
2026-06-18,vrs26_gads_search_competitor_natl,search_generic,Mumbai,560.12,2640,57,57,3,1,0,0
2026-06-18,vrs26_gads_search_competitor_natl,search_generic,Delhi NCR,432.63,1760,30,30,3,1,1,2598
2026-06-18,vrs26_gads_search_competitor_natl,search_generic,Bengaluru,388.18,1992,22,22,1,0,0,0
2026-06-18,vrs26_gads_search_competitor_natl,search_generic,Hyderabad,245.03,1094,22,22,2,1,1,1299
2026-06-18,vrs26_gads_search_competitor_natl,search_generic,Pune,210.2,996,27,27,0,0,0,0
2026-06-18,vrs26_gads_search_competitor_natl,search_generic,Chennai,164.97,704,6,6,0,0,0,0
2026-06-18,vrs26_gads_discovery_feed_natl,discovery,Mumbai,550.46,2602,57,57,5,0,0,0
2026-06-18,vrs26_gads_discovery_feed_natl,discovery,Delhi NCR,519.6,2296,37,37,4,2,0,0
2026-06-18,vrs26_gads_discovery_feed_natl,discovery,Bengaluru,443.67,1960,39,39,1,0,0,0
2026-06-18,vrs26_gads_discovery_feed_natl,discovery,Hyderabad,349.55,1516,36,36,4,1,1,1299
2026-06-18,vrs26_gads_discovery_feed_natl,discovery,Pune,206.87,909,21,21,2,1,1,2999
2026-06-18,vrs26_gads_discovery_feed_natl,discovery,Chennai,181.11,948,20,20,3,1,0,0
2026-06-18,vrs26_gads_search_corp_hyd,search_generic,Mumbai,65.8,265,3,3,1,0,0,0
2026-06-18,vrs26_gads_search_corp_hyd,search_generic,Delhi NCR,87.34,478,8,8,0,0,0,0
2026-06-18,vrs26_gads_search_corp_hyd,search_generic,Bengaluru,60.44,265,9,9,1,0,0,0
2026-06-18,vrs26_gads_search_corp_hyd,search_generic,Hyderabad,1304.81,6107,134,134,13,9,6,6994
2026-06-18,vrs26_gads_search_corp_hyd,search_generic,Pune,36.81,140,4,4,0,0,0,0
2026-06-18,vrs26_gads_search_corp_hyd,search_generic,Chennai,29.03,124,4,4,0,0,0,0
2026-06-19,vrs26_gads_search_brand_natl,search_brand,Mumbai,1042.46,5106,93,93,19,11,4,5896
2026-06-19,vrs26_gads_search_brand_natl,search_brand,Delhi NCR,732.88,2630,44,44,11,3,3,8597
2026-06-19,vrs26_gads_search_brand_natl,search_brand,Bengaluru,738.56,3294,50,50,15,5,2,2098
2026-06-19,vrs26_gads_search_brand_natl,search_brand,Hyderabad,578.19,2623,65,65,16,7,4,4195
2026-06-19,vrs26_gads_search_brand_natl,search_brand,Pune,335.1,1310,28,28,9,5,1,1299
2026-06-19,vrs26_gads_search_brand_natl,search_brand,Chennai,361.82,1810,42,42,15,6,5,6895
2026-06-19,vrs26_gads_search_generic_marathon_natl,search_generic,Mumbai,1328.06,7648,153,153,20,8,7,19692
2026-06-19,vrs26_gads_search_generic_marathon_natl,search_generic,Delhi NCR,1373.77,6432,64,64,10,2,1,1299
2026-06-19,vrs26_gads_search_generic_marathon_natl,search_generic,Bengaluru,1168.48,6233,117,117,16,9,5,11394
2026-06-19,vrs26_gads_search_generic_marathon_natl,search_generic,Hyderabad,661.24,3039,49,49,9,5,0,0
2026-06-19,vrs26_gads_search_generic_marathon_natl,search_generic,Pune,514.33,2305,52,52,2,2,2,5498
2026-06-19,vrs26_gads_search_generic_marathon_natl,search_generic,Chennai,491.89,2671,44,44,6,1,1,1999
2026-06-19,vrs26_gads_search_generic_10k_natl,search_generic,Mumbai,883.77,4553,62,62,9,2,1,1999
2026-06-19,vrs26_gads_search_generic_10k_natl,search_generic,Delhi NCR,738.27,3527,116,116,16,12,8,16292
2026-06-19,vrs26_gads_search_generic_10k_natl,search_generic,Bengaluru,603.17,2764,48,48,5,2,0,0
2026-06-19,vrs26_gads_search_generic_10k_natl,search_generic,Hyderabad,571.24,3095,74,74,5,1,0,0
2026-06-19,vrs26_gads_search_generic_10k_natl,search_generic,Pune,409.68,2004,37,37,7,1,0,0
2026-06-19,vrs26_gads_search_generic_10k_natl,search_generic,Chennai,291.42,1318,21,21,1,0,0,0
2026-06-19,vrs26_gads_pmax_all_natl,pmax,Mumbai,1493.29,6955,123,123,16,6,4,3396
2026-06-19,vrs26_gads_pmax_all_natl,pmax,Delhi NCR,1133.9,4967,87,87,9,3,1,2499
2026-06-19,vrs26_gads_pmax_all_natl,pmax,Bengaluru,948.17,4190,90,90,6,2,0,0
2026-06-19,vrs26_gads_pmax_all_natl,pmax,Hyderabad,745.65,3136,75,75,9,2,1,3499
2026-06-19,vrs26_gads_pmax_all_natl,pmax,Pune,521.68,2651,58,58,6,2,0,0
2026-06-19,vrs26_gads_pmax_all_natl,pmax,Chennai,476.49,2448,63,63,7,2,2,4798
2026-06-19,vrs26_gads_pmax_mum,pmax,Mumbai,2461.09,12170,355,355,36,11,8,16692
2026-06-19,vrs26_gads_pmax_mum,pmax,Delhi NCR,110.85,541,10,10,0,0,0,0
2026-06-19,vrs26_gads_pmax_mum,pmax,Bengaluru,108.03,527,7,7,0,0,0,0
2026-06-19,vrs26_gads_pmax_mum,pmax,Hyderabad,57.04,259,6,6,0,0,0,0
2026-06-19,vrs26_gads_pmax_mum,pmax,Pune,57.4,290,6,6,1,0,0,0
2026-06-19,vrs26_gads_pmax_mum,pmax,Chennai,47.35,205,1,1,0,0,0,0
2026-06-19,vrs26_gads_pmax_blr,pmax,Mumbai,129.1,546,15,15,0,0,0,0
2026-06-19,vrs26_gads_pmax_blr,pmax,Delhi NCR,155.64,685,8,8,2,0,0,0
2026-06-19,vrs26_gads_pmax_blr,pmax,Bengaluru,1976.5,9052,186,186,19,6,2,2098
2026-06-19,vrs26_gads_pmax_blr,pmax,Hyderabad,87.88,400,10,10,2,0,0,0
2026-06-19,vrs26_gads_pmax_blr,pmax,Pune,79.69,342,10,10,0,0,0,0
2026-06-19,vrs26_gads_pmax_blr,pmax,Chennai,48.63,250,7,7,0,0,0,0
2026-06-19,vrs26_gads_display_remarketing_natl,display,Mumbai,652.04,2996,93,93,8,3,0,0
2026-06-19,vrs26_gads_display_remarketing_natl,display,Delhi NCR,622.98,2917,57,57,9,2,1,799
2026-06-19,vrs26_gads_display_remarketing_natl,display,Bengaluru,496.54,2222,28,28,5,3,2,9498
2026-06-19,vrs26_gads_display_remarketing_natl,display,Hyderabad,360.69,1658,23,23,2,1,1,1299
2026-06-19,vrs26_gads_display_remarketing_natl,display,Pune,252.5,1281,24,24,1,0,0,0
2026-06-19,vrs26_gads_display_remarketing_natl,display,Chennai,238.41,1066,18,18,2,0,0,0
2026-06-19,vrs26_gads_yt_instream_natl,youtube,Mumbai,674.8,3376,50,50,3,1,1,3499
2026-06-19,vrs26_gads_yt_instream_natl,youtube,Delhi NCR,764.95,3759,83,83,8,3,2,5998
2026-06-19,vrs26_gads_yt_instream_natl,youtube,Bengaluru,691.09,3358,49,49,0,0,0,0
2026-06-19,vrs26_gads_yt_instream_natl,youtube,Hyderabad,484.98,2270,43,43,0,0,0,0
2026-06-19,vrs26_gads_yt_instream_natl,youtube,Pune,310.41,1334,25,25,0,0,0,0
2026-06-19,vrs26_gads_yt_instream_natl,youtube,Chennai,279.85,1480,35,35,1,1,1,799
2026-06-19,vrs26_gads_yt_shorts_natl,youtube,Mumbai,549.42,2908,73,73,4,3,1,3499
2026-06-19,vrs26_gads_yt_shorts_natl,youtube,Delhi NCR,473.14,2373,54,54,6,0,0,0
2026-06-19,vrs26_gads_yt_shorts_natl,youtube,Bengaluru,395.56,1867,52,52,5,2,1,499
2026-06-19,vrs26_gads_yt_shorts_natl,youtube,Hyderabad,313.97,1492,30,30,3,1,1,799
2026-06-19,vrs26_gads_yt_shorts_natl,youtube,Pune,180.61,832,12,12,0,0,0,0
2026-06-19,vrs26_gads_yt_shorts_natl,youtube,Chennai,127.53,634,14,14,1,0,0,0
2026-06-19,vrs26_gads_search_competitor_natl,search_generic,Mumbai,436.64,2263,48,48,6,3,2,1598
2026-06-19,vrs26_gads_search_competitor_natl,search_generic,Delhi NCR,412.35,1669,25,25,0,0,0,0
2026-06-19,vrs26_gads_search_competitor_natl,search_generic,Bengaluru,342.4,1726,28,28,1,0,0,0
2026-06-19,vrs26_gads_search_competitor_natl,search_generic,Hyderabad,200.19,1044,22,22,0,0,0,0
2026-06-19,vrs26_gads_search_competitor_natl,search_generic,Pune,213.96,996,21,21,2,0,0,0
2026-06-19,vrs26_gads_search_competitor_natl,search_generic,Chennai,143.24,660,19,19,1,0,0,0
2026-06-19,vrs26_gads_discovery_feed_natl,discovery,Mumbai,500.53,2449,78,78,2,0,0,0
2026-06-19,vrs26_gads_discovery_feed_natl,discovery,Delhi NCR,407.33,1877,34,34,3,3,2,4497
2026-06-19,vrs26_gads_discovery_feed_natl,discovery,Bengaluru,403.26,1762,29,29,1,0,0,0
2026-06-19,vrs26_gads_discovery_feed_natl,discovery,Hyderabad,316.94,1570,44,44,3,1,1,1999
2026-06-19,vrs26_gads_discovery_feed_natl,discovery,Pune,187.62,879,26,26,0,0,0,0
2026-06-19,vrs26_gads_discovery_feed_natl,discovery,Chennai,151.68,687,12,12,0,0,0,0
2026-06-19,vrs26_gads_search_corp_hyd,search_generic,Mumbai,79.61,422,10,10,2,0,0,0
2026-06-19,vrs26_gads_search_corp_hyd,search_generic,Delhi NCR,79.37,372,6,6,0,0,0,0
2026-06-19,vrs26_gads_search_corp_hyd,search_generic,Bengaluru,64.38,264,7,7,1,1,0,0
2026-06-19,vrs26_gads_search_corp_hyd,search_generic,Hyderabad,1105.9,5057,152,152,15,5,2,7298
2026-06-19,vrs26_gads_search_corp_hyd,search_generic,Pune,33.14,150,6,6,1,1,1,6499
2026-06-19,vrs26_gads_search_corp_hyd,search_generic,Chennai,22.05,101,2,2,1,1,1,3499
2026-06-20,vrs26_gads_search_brand_natl,search_brand,Mumbai,1342.93,6487,156,156,32,14,9,17391
2026-06-20,vrs26_gads_search_brand_natl,search_brand,Delhi NCR,1084.12,4380,104,104,23,8,6,13394
2026-06-20,vrs26_gads_search_brand_natl,search_brand,Bengaluru,855.91,3859,74,74,13,3,3,5896
2026-06-20,vrs26_gads_search_brand_natl,search_brand,Hyderabad,863.61,3421,62,62,10,1,1,799
2026-06-20,vrs26_gads_search_brand_natl,search_brand,Pune,620.66,2739,57,57,3,1,1,1299
2026-06-20,vrs26_gads_search_brand_natl,search_brand,Chennai,352.08,1527,27,27,7,4,1,998
2026-06-20,vrs26_gads_search_generic_marathon_natl,search_generic,Mumbai,1934.76,8740,152,152,27,11,7,16892
2026-06-20,vrs26_gads_search_generic_marathon_natl,search_generic,Delhi NCR,1836.27,7023,116,116,10,2,1,2999
2026-06-20,vrs26_gads_search_generic_marathon_natl,search_generic,Bengaluru,1335.11,5643,157,157,19,8,5,7395
2026-06-20,vrs26_gads_search_generic_marathon_natl,search_generic,Hyderabad,1139.93,4731,123,123,17,6,3,6396
2026-06-20,vrs26_gads_search_generic_marathon_natl,search_generic,Pune,693.5,2770,74,74,3,1,1,3499
2026-06-20,vrs26_gads_search_generic_marathon_natl,search_generic,Chennai,542.51,2437,38,38,5,1,0,0
2026-06-20,vrs26_gads_search_generic_10k_natl,search_generic,Mumbai,1087.88,4552,103,103,8,3,1,1299
2026-06-20,vrs26_gads_search_generic_10k_natl,search_generic,Delhi NCR,1162,4706,87,87,7,1,1,3499
2026-06-20,vrs26_gads_search_generic_10k_natl,search_generic,Bengaluru,1043.48,4513,103,103,11,5,3,3897
2026-06-20,vrs26_gads_search_generic_10k_natl,search_generic,Hyderabad,625.92,2642,65,65,8,1,1,799
2026-06-20,vrs26_gads_search_generic_10k_natl,search_generic,Pune,432.87,1989,33,33,7,4,2,3298
2026-06-20,vrs26_gads_search_generic_10k_natl,search_generic,Chennai,373.37,1421,20,20,3,1,1,799
2026-06-20,vrs26_gads_pmax_all_natl,pmax,Mumbai,1950.87,8194,145,145,15,5,4,4596
2026-06-20,vrs26_gads_pmax_all_natl,pmax,Delhi NCR,1480.54,6873,152,152,18,3,2,9998
2026-06-20,vrs26_gads_pmax_all_natl,pmax,Bengaluru,1412.57,5844,132,132,17,6,4,5296
2026-06-20,vrs26_gads_pmax_all_natl,pmax,Hyderabad,1044.9,4365,107,107,8,2,1,799
2026-06-20,vrs26_gads_pmax_all_natl,pmax,Pune,763.19,3032,71,71,6,3,2,2798
2026-06-20,vrs26_gads_pmax_all_natl,pmax,Chennai,534.65,2313,53,53,9,4,1,799
2026-06-20,vrs26_gads_pmax_mum,pmax,Mumbai,3155.95,13561,273,273,27,10,8,21691
2026-06-20,vrs26_gads_pmax_mum,pmax,Delhi NCR,198.5,865,18,18,2,0,0,0
2026-06-20,vrs26_gads_pmax_mum,pmax,Bengaluru,214.15,881,19,19,1,1,1,799
2026-06-20,vrs26_gads_pmax_mum,pmax,Hyderabad,117.41,496,11,11,0,0,0,0
2026-06-20,vrs26_gads_pmax_mum,pmax,Pune,89.87,370,2,2,0,0,0,0
2026-06-20,vrs26_gads_pmax_mum,pmax,Chennai,63.61,290,5,5,0,0,0,0
2026-06-20,vrs26_gads_pmax_blr,pmax,Mumbai,185.52,748,15,15,2,0,0,0
2026-06-20,vrs26_gads_pmax_blr,pmax,Delhi NCR,171.62,647,12,12,1,0,0,0
2026-06-20,vrs26_gads_pmax_blr,pmax,Bengaluru,2751.05,12577,302,302,44,11,6,9194
2026-06-20,vrs26_gads_pmax_blr,pmax,Hyderabad,105.16,521,7,7,1,0,0,0
2026-06-20,vrs26_gads_pmax_blr,pmax,Pune,70.53,295,8,8,0,0,0,0
2026-06-20,vrs26_gads_pmax_blr,pmax,Chennai,63.37,257,7,7,2,1,0,0
2026-06-20,vrs26_gads_display_remarketing_natl,display,Mumbai,1071.35,4463,90,90,7,2,1,1999
2026-06-20,vrs26_gads_display_remarketing_natl,display,Delhi NCR,778.52,2832,80,80,5,1,1,1999
2026-06-20,vrs26_gads_display_remarketing_natl,display,Bengaluru,652.88,2487,37,37,4,3,0,0
2026-06-20,vrs26_gads_display_remarketing_natl,display,Hyderabad,407.19,1833,31,31,1,0,0,0
2026-06-20,vrs26_gads_display_remarketing_natl,display,Pune,337.38,1462,39,39,1,0,0,0
2026-06-20,vrs26_gads_display_remarketing_natl,display,Chennai,296.83,1242,30,30,4,2,2,1598
2026-06-20,vrs26_gads_yt_instream_natl,youtube,Mumbai,977,4524,76,76,3,1,1,799
2026-06-20,vrs26_gads_yt_instream_natl,youtube,Delhi NCR,950.1,4329,102,102,4,1,0,0
2026-06-20,vrs26_gads_yt_instream_natl,youtube,Bengaluru,925.47,3872,91,91,2,2,1,799
2026-06-20,vrs26_gads_yt_instream_natl,youtube,Hyderabad,679.92,2832,78,78,6,1,1,1299
2026-06-20,vrs26_gads_yt_instream_natl,youtube,Pune,390.79,1386,35,35,2,0,0,0
2026-06-20,vrs26_gads_yt_instream_natl,youtube,Chennai,408.45,1691,44,44,2,1,0,0
2026-06-20,vrs26_gads_yt_shorts_natl,youtube,Mumbai,667.93,2700,55,55,4,1,1,1299
2026-06-20,vrs26_gads_yt_shorts_natl,youtube,Delhi NCR,601.3,2595,61,61,4,1,1,799
2026-06-20,vrs26_gads_yt_shorts_natl,youtube,Bengaluru,520.26,1958,39,39,3,1,0,0
2026-06-20,vrs26_gads_yt_shorts_natl,youtube,Hyderabad,371.61,1639,45,45,1,0,0,0
2026-06-20,vrs26_gads_yt_shorts_natl,youtube,Pune,312.23,1229,33,33,2,0,0,0
2026-06-20,vrs26_gads_yt_shorts_natl,youtube,Chennai,283.22,1195,31,31,6,1,1,799
2026-06-20,vrs26_gads_search_competitor_natl,search_generic,Mumbai,653,2692,47,47,5,1,1,499
2026-06-20,vrs26_gads_search_competitor_natl,search_generic,Delhi NCR,515.82,2418,51,51,5,1,0,0
2026-06-20,vrs26_gads_search_competitor_natl,search_generic,Bengaluru,496.49,2015,40,40,0,0,0,0
2026-06-20,vrs26_gads_search_competitor_natl,search_generic,Hyderabad,294.68,1393,32,32,2,1,0,0
2026-06-20,vrs26_gads_search_competitor_natl,search_generic,Pune,210.19,817,14,14,1,1,1,3499
2026-06-20,vrs26_gads_search_competitor_natl,search_generic,Chennai,192.58,839,15,15,0,0,0,0
2026-06-20,vrs26_gads_discovery_feed_natl,discovery,Mumbai,654.07,2659,63,63,5,4,2,7298
2026-06-20,vrs26_gads_discovery_feed_natl,discovery,Delhi NCR,607.42,2210,63,63,1,0,0,0
2026-06-20,vrs26_gads_discovery_feed_natl,discovery,Bengaluru,550.06,2358,46,46,7,4,2,7298
2026-06-20,vrs26_gads_discovery_feed_natl,discovery,Hyderabad,395.67,1769,29,29,0,0,0,0
2026-06-20,vrs26_gads_discovery_feed_natl,discovery,Pune,275.57,1135,34,34,3,1,1,799
2026-06-20,vrs26_gads_discovery_feed_natl,discovery,Chennai,175.32,712,14,14,0,0,0,0
2026-06-20,vrs26_gads_search_corp_hyd,search_generic,Mumbai,114.29,411,11,11,1,0,0,0
2026-06-20,vrs26_gads_search_corp_hyd,search_generic,Delhi NCR,102.81,427,12,12,1,1,1,1299
2026-06-20,vrs26_gads_search_corp_hyd,search_generic,Bengaluru,64.32,269,5,5,0,0,0,0
2026-06-20,vrs26_gads_search_corp_hyd,search_generic,Hyderabad,1515.72,6051,137,137,22,9,7,15093
2026-06-20,vrs26_gads_search_corp_hyd,search_generic,Pune,39.39,155,5,5,0,0,0,0
2026-06-20,vrs26_gads_search_corp_hyd,search_generic,Chennai,33.99,149,4,4,0,0,0,0
2026-06-21,vrs26_gads_search_brand_natl,search_brand,Mumbai,1728.91,7872,134,134,31,20,13,28985
2026-06-21,vrs26_gads_search_brand_natl,search_brand,Delhi NCR,1117.71,4128,91,91,22,8,8,14191
2026-06-21,vrs26_gads_search_brand_natl,search_brand,Bengaluru,903.8,3804,63,63,10,3,3,3297
2026-06-21,vrs26_gads_search_brand_natl,search_brand,Hyderabad,716.18,3071,58,58,11,7,5,4994
2026-06-21,vrs26_gads_search_brand_natl,search_brand,Pune,500.3,2186,46,46,10,6,4,6096
2026-06-21,vrs26_gads_search_brand_natl,search_brand,Chennai,330.26,1312,28,28,5,2,2,2098
2026-06-21,vrs26_gads_search_generic_marathon_natl,search_generic,Mumbai,2242.69,9019,185,185,24,13,6,12294
2026-06-21,vrs26_gads_search_generic_marathon_natl,search_generic,Delhi NCR,1664.72,7248,182,182,29,9,3,3996
2026-06-21,vrs26_gads_search_generic_marathon_natl,search_generic,Bengaluru,1464.17,5657,142,142,12,3,2,2098
2026-06-21,vrs26_gads_search_generic_marathon_natl,search_generic,Hyderabad,1087.21,4855,87,87,14,2,1,799
2026-06-21,vrs26_gads_search_generic_marathon_natl,search_generic,Pune,688.22,2794,47,47,7,0,0,0
2026-06-21,vrs26_gads_search_generic_marathon_natl,search_generic,Chennai,595,2907,78,78,6,2,0,0
2026-06-21,vrs26_gads_search_generic_10k_natl,search_generic,Mumbai,1287.46,5374,115,115,17,7,4,6396
2026-06-21,vrs26_gads_search_generic_10k_natl,search_generic,Delhi NCR,1042.13,3792,78,78,8,5,4,6496
2026-06-21,vrs26_gads_search_generic_10k_natl,search_generic,Bengaluru,991.73,3713,63,63,8,3,0,0
2026-06-21,vrs26_gads_search_generic_10k_natl,search_generic,Hyderabad,733.99,3004,62,62,7,4,2,7298
2026-06-21,vrs26_gads_search_generic_10k_natl,search_generic,Pune,490.29,2024,43,43,6,3,3,6496
2026-06-21,vrs26_gads_search_generic_10k_natl,search_generic,Chennai,344.09,1252,31,31,5,1,1,1299
2026-06-21,vrs26_gads_pmax_all_natl,pmax,Mumbai,2027.43,8224,211,211,23,8,4,3696
2026-06-21,vrs26_gads_pmax_all_natl,pmax,Delhi NCR,1592.91,6177,117,117,10,4,3,5896
2026-06-21,vrs26_gads_pmax_all_natl,pmax,Bengaluru,1455.56,6257,120,120,13,5,2,4298
2026-06-21,vrs26_gads_pmax_all_natl,pmax,Hyderabad,1063.64,4370,94,94,15,4,2,4498
2026-06-21,vrs26_gads_pmax_all_natl,pmax,Pune,780.16,3306,76,76,6,2,2,4498
2026-06-21,vrs26_gads_pmax_all_natl,pmax,Chennai,516.69,2352,69,69,5,1,1,1299
2026-06-21,vrs26_gads_pmax_mum,pmax,Mumbai,3289.31,14835,264,264,36,12,9,11091
2026-06-21,vrs26_gads_pmax_mum,pmax,Delhi NCR,196.98,767,16,16,3,0,0,0
2026-06-21,vrs26_gads_pmax_mum,pmax,Bengaluru,144.68,584,11,11,2,1,1,1299
2026-06-21,vrs26_gads_pmax_mum,pmax,Hyderabad,142.38,578,9,9,4,1,1,499
2026-06-21,vrs26_gads_pmax_mum,pmax,Pune,114.03,415,10,10,0,0,0,0
2026-06-21,vrs26_gads_pmax_mum,pmax,Chennai,85.48,305,4,4,0,0,0,0
2026-06-21,vrs26_gads_pmax_blr,pmax,Mumbai,230.88,1032,20,20,5,4,2,3798
2026-06-21,vrs26_gads_pmax_blr,pmax,Delhi NCR,218.09,1067,8,8,0,0,0,0
2026-06-21,vrs26_gads_pmax_blr,pmax,Bengaluru,2685.48,11310,270,270,42,15,12,19788
2026-06-21,vrs26_gads_pmax_blr,pmax,Hyderabad,119.02,535,7,7,0,0,0,0
2026-06-21,vrs26_gads_pmax_blr,pmax,Pune,110.97,419,10,10,0,0,0,0
2026-06-21,vrs26_gads_pmax_blr,pmax,Chennai,99.08,464,6,6,0,0,0,0
2026-06-21,vrs26_gads_display_remarketing_natl,display,Mumbai,904.25,3706,52,52,4,0,0,0
2026-06-21,vrs26_gads_display_remarketing_natl,display,Delhi NCR,871.77,3668,65,65,7,4,3,5896
2026-06-21,vrs26_gads_display_remarketing_natl,display,Bengaluru,798.76,3190,62,62,3,2,1,799
2026-06-21,vrs26_gads_display_remarketing_natl,display,Hyderabad,446.94,1540,24,24,0,0,0,0
2026-06-21,vrs26_gads_display_remarketing_natl,display,Pune,320.79,1344,29,29,2,0,0,0
2026-06-21,vrs26_gads_display_remarketing_natl,display,Chennai,324.74,1271,20,20,1,0,0,0
2026-06-21,vrs26_gads_yt_instream_natl,youtube,Mumbai,1139.78,4556,78,78,3,2,0,0
2026-06-21,vrs26_gads_yt_instream_natl,youtube,Delhi NCR,1017.26,4320,120,120,8,2,1,499
2026-06-21,vrs26_gads_yt_instream_natl,youtube,Bengaluru,864.09,3598,73,73,6,1,0,0
2026-06-21,vrs26_gads_yt_instream_natl,youtube,Hyderabad,609.86,2732,74,74,2,0,0,0
2026-06-21,vrs26_gads_yt_instream_natl,youtube,Pune,489.81,2250,43,43,3,2,2,9498
2026-06-21,vrs26_gads_yt_instream_natl,youtube,Chennai,361.41,1444,40,40,2,0,0,0
2026-06-21,vrs26_gads_yt_shorts_natl,youtube,Mumbai,788.04,3585,73,73,7,1,0,0
2026-06-21,vrs26_gads_yt_shorts_natl,youtube,Delhi NCR,651.23,2990,68,68,3,0,0,0
2026-06-21,vrs26_gads_yt_shorts_natl,youtube,Bengaluru,562.24,2646,57,57,6,2,2,3998
2026-06-21,vrs26_gads_yt_shorts_natl,youtube,Hyderabad,366.93,1586,37,37,1,0,0,0
2026-06-21,vrs26_gads_yt_shorts_natl,youtube,Pune,316.91,1395,32,32,1,0,0,0
2026-06-21,vrs26_gads_yt_shorts_natl,youtube,Chennai,166.97,755,17,17,2,0,0,0
2026-06-21,vrs26_gads_search_competitor_natl,search_generic,Mumbai,610.41,2555,43,43,7,4,3,7096
2026-06-21,vrs26_gads_search_competitor_natl,search_generic,Delhi NCR,553.71,2258,70,70,7,2,0,0
2026-06-21,vrs26_gads_search_competitor_natl,search_generic,Bengaluru,468.84,1964,46,46,7,3,1,799
2026-06-21,vrs26_gads_search_competitor_natl,search_generic,Hyderabad,328.95,1168,31,31,2,1,1,1999
2026-06-21,vrs26_gads_search_competitor_natl,search_generic,Pune,255.79,1026,25,25,0,0,0,0
2026-06-21,vrs26_gads_search_competitor_natl,search_generic,Chennai,227.15,876,19,19,1,0,0,0
2026-06-21,vrs26_gads_discovery_feed_natl,discovery,Mumbai,765.63,2908,40,40,2,0,0,0
2026-06-21,vrs26_gads_discovery_feed_natl,discovery,Delhi NCR,542.41,2290,46,46,3,1,1,799
2026-06-21,vrs26_gads_discovery_feed_natl,discovery,Bengaluru,597.92,2852,66,66,6,0,0,0
2026-06-21,vrs26_gads_discovery_feed_natl,discovery,Hyderabad,384.4,1681,36,36,3,2,0,0
2026-06-21,vrs26_gads_discovery_feed_natl,discovery,Pune,250.89,982,32,32,2,0,0,0
2026-06-21,vrs26_gads_discovery_feed_natl,discovery,Chennai,209.2,946,29,29,3,3,2,2098
2026-06-21,vrs26_gads_search_corp_hyd,search_generic,Mumbai,116.55,510,8,8,1,1,0,0
2026-06-21,vrs26_gads_search_corp_hyd,search_generic,Delhi NCR,89.54,415,6,6,0,0,0,0
2026-06-21,vrs26_gads_search_corp_hyd,search_generic,Bengaluru,105.07,395,4,4,2,0,0,0
2026-06-21,vrs26_gads_search_corp_hyd,search_generic,Hyderabad,1532.28,6495,128,128,18,7,3,9497
2026-06-21,vrs26_gads_search_corp_hyd,search_generic,Pune,40.53,154,3,3,0,0,0,0
2026-06-21,vrs26_gads_search_corp_hyd,search_generic,Chennai,51.53,217,6,6,1,0,0,0
2026-06-22,vrs26_gads_search_brand_natl,search_brand,Mumbai,816.04,4071,69,69,12,6,6,14892
2026-06-22,vrs26_gads_search_brand_natl,search_brand,Delhi NCR,913.56,4176,132,132,27,11,7,17993
2026-06-22,vrs26_gads_search_brand_natl,search_brand,Bengaluru,807.48,3266,88,88,18,7,7,25493
2026-06-22,vrs26_gads_search_brand_natl,search_brand,Hyderabad,541.23,2695,59,59,15,8,4,5896
2026-06-22,vrs26_gads_search_brand_natl,search_brand,Pune,434.49,1887,30,30,7,5,4,10295
2026-06-22,vrs26_gads_search_brand_natl,search_brand,Chennai,342.84,1693,41,41,8,4,3,5097
2026-06-22,vrs26_gads_search_generic_marathon_natl,search_generic,Mumbai,1535.86,7172,92,92,9,3,2,7497
2026-06-22,vrs26_gads_search_generic_marathon_natl,search_generic,Delhi NCR,1154.92,5411,100,100,16,4,3,11296
2026-06-22,vrs26_gads_search_generic_marathon_natl,search_generic,Bengaluru,1253.13,6195,114,114,12,5,4,4896
2026-06-22,vrs26_gads_search_generic_marathon_natl,search_generic,Hyderabad,751.76,3069,64,64,11,4,1,6499
2026-06-22,vrs26_gads_search_generic_marathon_natl,search_generic,Pune,521.36,2439,50,50,9,3,3,5297
2026-06-22,vrs26_gads_search_generic_marathon_natl,search_generic,Chennai,418.12,2021,38,38,7,2,1,1299
2026-06-22,vrs26_gads_search_generic_10k_natl,search_generic,Mumbai,933.72,4110,83,83,3,2,1,1999
2026-06-22,vrs26_gads_search_generic_10k_natl,search_generic,Delhi NCR,787.6,3897,107,107,15,8,5,8395
2026-06-22,vrs26_gads_search_generic_10k_natl,search_generic,Bengaluru,644.23,3080,61,61,3,1,1,1598
2026-06-22,vrs26_gads_search_generic_10k_natl,search_generic,Hyderabad,515.89,2646,57,57,6,2,1,799
2026-06-22,vrs26_gads_search_generic_10k_natl,search_generic,Pune,374.41,1525,33,33,3,0,0,0
2026-06-22,vrs26_gads_search_generic_10k_natl,search_generic,Chennai,303.2,1439,30,30,4,1,1,499
2026-06-22,vrs26_gads_pmax_all_natl,pmax,Mumbai,1363.86,5901,119,119,8,5,2,4998
2026-06-22,vrs26_gads_pmax_all_natl,pmax,Delhi NCR,1184.07,6461,142,142,26,10,4,4896
2026-06-22,vrs26_gads_pmax_all_natl,pmax,Bengaluru,1091.21,5149,82,82,9,4,3,3397
2026-06-22,vrs26_gads_pmax_all_natl,pmax,Hyderabad,779.58,3836,76,76,10,4,3,16497
2026-06-22,vrs26_gads_pmax_all_natl,pmax,Pune,623.89,2606,64,64,7,1,0,0
2026-06-22,vrs26_gads_pmax_all_natl,pmax,Chennai,370.11,1503,35,35,5,3,3,6297
2026-06-22,vrs26_gads_pmax_mum,pmax,Mumbai,2308.79,9871,168,168,23,9,7,11693
2026-06-22,vrs26_gads_pmax_mum,pmax,Delhi NCR,176,757,17,17,3,1,0,0
2026-06-22,vrs26_gads_pmax_mum,pmax,Bengaluru,154.79,794,16,16,4,0,0,0
2026-06-22,vrs26_gads_pmax_mum,pmax,Hyderabad,111.45,531,5,5,1,1,1,1299
2026-06-22,vrs26_gads_pmax_mum,pmax,Pune,71.61,340,2,2,0,0,0,0
2026-06-22,vrs26_gads_pmax_mum,pmax,Chennai,69.09,361,3,3,0,0,0,0
2026-06-22,vrs26_gads_pmax_blr,pmax,Mumbai,129.27,563,11,11,4,1,1,6499
2026-06-22,vrs26_gads_pmax_blr,pmax,Delhi NCR,126.91,575,5,5,0,0,0,0
2026-06-22,vrs26_gads_pmax_blr,pmax,Bengaluru,2048.98,9242,165,165,18,5,3,5096
2026-06-22,vrs26_gads_pmax_blr,pmax,Hyderabad,105.66,483,11,11,1,0,0,0
2026-06-22,vrs26_gads_pmax_blr,pmax,Pune,54.45,254,6,6,0,0,0,0
2026-06-22,vrs26_gads_pmax_blr,pmax,Chennai,55.73,238,7,7,0,0,0,0
2026-06-22,vrs26_gads_display_remarketing_natl,display,Mumbai,642.94,2339,50,50,5,3,2,3798
2026-06-22,vrs26_gads_display_remarketing_natl,display,Delhi NCR,593.52,3071,55,55,1,0,0,0
2026-06-22,vrs26_gads_display_remarketing_natl,display,Bengaluru,595.53,2892,70,70,9,1,1,1299
2026-06-22,vrs26_gads_display_remarketing_natl,display,Hyderabad,337.2,1341,28,28,0,0,0,0
2026-06-22,vrs26_gads_display_remarketing_natl,display,Pune,265.34,1146,38,38,3,1,0,0
2026-06-22,vrs26_gads_display_remarketing_natl,display,Chennai,234.75,1012,18,18,2,0,0,0
2026-06-22,vrs26_gads_yt_instream_natl,youtube,Mumbai,761.4,3719,77,77,9,2,1,1299
2026-06-22,vrs26_gads_yt_instream_natl,youtube,Delhi NCR,831.18,4190,88,88,3,2,0,0
2026-06-22,vrs26_gads_yt_instream_natl,youtube,Bengaluru,627.26,3770,78,78,9,2,2,6998
2026-06-22,vrs26_gads_yt_instream_natl,youtube,Hyderabad,418.79,1891,34,34,1,0,0,0
2026-06-22,vrs26_gads_yt_instream_natl,youtube,Pune,355.76,1829,51,51,2,0,0,0
2026-06-22,vrs26_gads_yt_instream_natl,youtube,Chennai,268.07,1009,12,12,1,0,0,0
2026-06-22,vrs26_gads_yt_shorts_natl,youtube,Mumbai,519.17,2425,77,77,8,3,2,3397
2026-06-22,vrs26_gads_yt_shorts_natl,youtube,Delhi NCR,488.6,2186,29,29,2,0,0,0
2026-06-22,vrs26_gads_yt_shorts_natl,youtube,Bengaluru,365.69,1599,24,24,1,0,0,0
2026-06-22,vrs26_gads_yt_shorts_natl,youtube,Hyderabad,300.4,1249,22,22,3,1,1,1299
2026-06-22,vrs26_gads_yt_shorts_natl,youtube,Pune,239.16,1062,31,31,1,1,1,1299
2026-06-22,vrs26_gads_yt_shorts_natl,youtube,Chennai,163.09,763,20,20,3,2,1,6499
2026-06-22,vrs26_gads_search_competitor_natl,search_generic,Mumbai,479.13,2131,42,42,5,2,0,0
2026-06-22,vrs26_gads_search_competitor_natl,search_generic,Delhi NCR,382.71,1818,34,34,4,1,0,0
2026-06-22,vrs26_gads_search_competitor_natl,search_generic,Bengaluru,349.69,1576,24,24,1,1,0,0
2026-06-22,vrs26_gads_search_competitor_natl,search_generic,Hyderabad,261.25,1180,28,28,3,1,0,0
2026-06-22,vrs26_gads_search_competitor_natl,search_generic,Pune,173.58,830,12,12,2,1,0,0
2026-06-22,vrs26_gads_search_competitor_natl,search_generic,Chennai,133.16,657,19,19,0,0,0,0
2026-06-22,vrs26_gads_discovery_feed_natl,discovery,Mumbai,460.69,2218,38,38,4,1,1,2999
2026-06-22,vrs26_gads_discovery_feed_natl,discovery,Delhi NCR,460.3,1932,34,34,2,0,0,0
2026-06-22,vrs26_gads_discovery_feed_natl,discovery,Bengaluru,375.53,1978,17,17,1,1,1,6499
2026-06-22,vrs26_gads_discovery_feed_natl,discovery,Hyderabad,326.34,1406,32,32,2,2,0,0
2026-06-22,vrs26_gads_discovery_feed_natl,discovery,Pune,213.19,1097,13,13,2,1,0,0
2026-06-22,vrs26_gads_discovery_feed_natl,discovery,Chennai,165.92,806,17,17,2,1,1,499
2026-06-22,vrs26_gads_search_corp_hyd,search_generic,Mumbai,76.21,322,6,6,2,0,0,0
2026-06-22,vrs26_gads_search_corp_hyd,search_generic,Delhi NCR,72.35,327,13,13,3,2,0,0
2026-06-22,vrs26_gads_search_corp_hyd,search_generic,Bengaluru,65.51,294,9,9,1,0,0,0
2026-06-22,vrs26_gads_search_corp_hyd,search_generic,Hyderabad,1150.24,5383,97,97,15,6,6,11494
2026-06-22,vrs26_gads_search_corp_hyd,search_generic,Pune,22.36,107,1,1,1,1,1,2999
2026-06-22,vrs26_gads_search_corp_hyd,search_generic,Chennai,22.11,103,2,2,0,0,0,0
2026-06-23,vrs26_gads_search_brand_natl,search_brand,Mumbai,1243.06,5720,153,153,27,16,9,12091
2026-06-23,vrs26_gads_search_brand_natl,search_brand,Delhi NCR,881.84,3511,66,66,22,10,6,8093
2026-06-23,vrs26_gads_search_brand_natl,search_brand,Bengaluru,938.53,4279,96,96,24,12,7,16892
2026-06-23,vrs26_gads_search_brand_natl,search_brand,Hyderabad,663.04,2665,47,47,7,2,1,799
2026-06-23,vrs26_gads_search_brand_natl,search_brand,Pune,508.68,2151,43,43,13,2,0,0
2026-06-23,vrs26_gads_search_brand_natl,search_brand,Chennai,468.71,1697,35,35,7,2,2,2098
2026-06-23,vrs26_gads_search_generic_marathon_natl,search_generic,Mumbai,1581.95,7574,172,172,28,10,6,11494
2026-06-23,vrs26_gads_search_generic_marathon_natl,search_generic,Delhi NCR,1483.61,7125,153,153,27,9,7,16692
2026-06-23,vrs26_gads_search_generic_marathon_natl,search_generic,Bengaluru,1490.12,6572,120,120,18,5,4,4196
2026-06-23,vrs26_gads_search_generic_marathon_natl,search_generic,Hyderabad,806.25,3178,78,78,9,3,2,3798
2026-06-23,vrs26_gads_search_generic_marathon_natl,search_generic,Pune,940.85,3876,73,73,8,3,0,0
2026-06-23,vrs26_gads_search_generic_marathon_natl,search_generic,Chennai,572.1,2517,45,45,5,1,0,0
2026-06-23,vrs26_gads_search_generic_10k_natl,search_generic,Mumbai,1328.19,6245,121,121,14,6,4,9396
2026-06-23,vrs26_gads_search_generic_10k_natl,search_generic,Delhi NCR,806.34,3251,78,78,7,3,0,0
2026-06-23,vrs26_gads_search_generic_10k_natl,search_generic,Bengaluru,817.64,3131,62,62,12,2,2,2397
2026-06-23,vrs26_gads_search_generic_10k_natl,search_generic,Hyderabad,669.98,2824,58,58,4,0,0,0
2026-06-23,vrs26_gads_search_generic_10k_natl,search_generic,Pune,389.31,1490,24,24,3,0,0,0
2026-06-23,vrs26_gads_search_generic_10k_natl,search_generic,Chennai,330.57,1251,28,28,3,1,1,3499
2026-06-23,vrs26_gads_pmax_all_natl,pmax,Mumbai,1587.01,6727,149,149,19,6,2,3998
2026-06-23,vrs26_gads_pmax_all_natl,pmax,Delhi NCR,1360.31,5881,169,169,28,13,5,5695
2026-06-23,vrs26_gads_pmax_all_natl,pmax,Bengaluru,1404.14,7030,135,135,13,3,2,2098
2026-06-23,vrs26_gads_pmax_all_natl,pmax,Hyderabad,1063.86,4604,111,111,10,2,1,1999
2026-06-23,vrs26_gads_pmax_all_natl,pmax,Pune,701.99,3345,88,88,11,2,1,6499
2026-06-23,vrs26_gads_pmax_all_natl,pmax,Chennai,486.19,1959,57,57,6,1,1,2598
2026-06-23,vrs26_gads_pmax_mum,pmax,Mumbai,2739.11,10197,211,211,33,6,2,3298
2026-06-23,vrs26_gads_pmax_mum,pmax,Delhi NCR,259.36,1156,19,19,4,2,2,2798
2026-06-23,vrs26_gads_pmax_mum,pmax,Bengaluru,219.49,877,18,18,3,2,1,2499
2026-06-23,vrs26_gads_pmax_mum,pmax,Hyderabad,127.55,505,11,11,2,0,0,0
2026-06-23,vrs26_gads_pmax_mum,pmax,Pune,101.53,437,6,6,0,0,0,0
2026-06-23,vrs26_gads_pmax_mum,pmax,Chennai,80.85,393,4,4,1,0,0,0
2026-06-23,vrs26_gads_pmax_blr,pmax,Mumbai,151.79,644,15,15,1,0,0,0
2026-06-23,vrs26_gads_pmax_blr,pmax,Delhi NCR,138.25,585,5,5,0,0,0,0
2026-06-23,vrs26_gads_pmax_blr,pmax,Bengaluru,2566.42,12225,195,195,24,8,6,12694
2026-06-23,vrs26_gads_pmax_blr,pmax,Hyderabad,96,457,10,10,3,1,1,1299
2026-06-23,vrs26_gads_pmax_blr,pmax,Pune,66.83,295,5,5,1,0,0,0
2026-06-23,vrs26_gads_pmax_blr,pmax,Chennai,56.33,246,7,7,1,0,0,0
2026-06-23,vrs26_gads_display_remarketing_natl,display,Mumbai,786.51,3246,80,80,3,0,0,0
2026-06-23,vrs26_gads_display_remarketing_natl,display,Delhi NCR,706.11,3063,67,67,2,2,1,1299
2026-06-23,vrs26_gads_display_remarketing_natl,display,Bengaluru,672.23,3073,62,62,0,0,0,0
2026-06-23,vrs26_gads_display_remarketing_natl,display,Hyderabad,493.52,2176,41,41,5,2,1,1299
2026-06-23,vrs26_gads_display_remarketing_natl,display,Pune,330.19,1409,27,27,2,1,0,0
2026-06-23,vrs26_gads_display_remarketing_natl,display,Chennai,267.95,1089,13,13,3,1,0,0
2026-06-23,vrs26_gads_yt_instream_natl,youtube,Mumbai,1042.43,4207,75,75,5,1,1,6499
2026-06-23,vrs26_gads_yt_instream_natl,youtube,Delhi NCR,926.01,4381,119,119,6,2,2,1298
2026-06-23,vrs26_gads_yt_instream_natl,youtube,Bengaluru,807.62,3304,71,71,4,2,0,0
2026-06-23,vrs26_gads_yt_instream_natl,youtube,Hyderabad,547.36,2267,43,43,3,1,0,0
2026-06-23,vrs26_gads_yt_instream_natl,youtube,Pune,353.31,1565,27,27,1,0,0,0
2026-06-23,vrs26_gads_yt_instream_natl,youtube,Chennai,303.47,1452,21,21,2,0,0,0
2026-06-23,vrs26_gads_yt_shorts_natl,youtube,Mumbai,576.82,2453,58,58,2,1,1,2999
2026-06-23,vrs26_gads_yt_shorts_natl,youtube,Delhi NCR,649.31,2632,50,50,6,3,1,1999
2026-06-23,vrs26_gads_yt_shorts_natl,youtube,Bengaluru,550.37,2391,60,60,0,0,0,0
2026-06-23,vrs26_gads_yt_shorts_natl,youtube,Hyderabad,311.95,1449,31,31,5,1,1,799
2026-06-23,vrs26_gads_yt_shorts_natl,youtube,Pune,241.15,1036,22,22,3,2,1,2598
2026-06-23,vrs26_gads_yt_shorts_natl,youtube,Chennai,203.25,842,28,28,2,2,1,799
2026-06-23,vrs26_gads_search_competitor_natl,search_generic,Mumbai,631.85,2798,69,69,5,1,1,799
2026-06-23,vrs26_gads_search_competitor_natl,search_generic,Delhi NCR,495.53,2006,29,29,2,0,0,0
2026-06-23,vrs26_gads_search_competitor_natl,search_generic,Bengaluru,398.38,1657,40,40,2,1,0,0
2026-06-23,vrs26_gads_search_competitor_natl,search_generic,Hyderabad,286.93,1180,25,25,5,1,1,799
2026-06-23,vrs26_gads_search_competitor_natl,search_generic,Pune,207.06,909,17,17,1,0,0,0
2026-06-23,vrs26_gads_search_competitor_natl,search_generic,Chennai,151.26,618,18,18,1,0,0,0
2026-06-23,vrs26_gads_discovery_feed_natl,discovery,Mumbai,694.15,2972,53,53,2,1,0,0
2026-06-23,vrs26_gads_discovery_feed_natl,discovery,Delhi NCR,495.49,2162,44,44,3,0,0,0
2026-06-23,vrs26_gads_discovery_feed_natl,discovery,Bengaluru,416.39,1755,47,47,5,2,2,2798
2026-06-23,vrs26_gads_discovery_feed_natl,discovery,Hyderabad,380.15,1757,26,26,4,2,2,2897
2026-06-23,vrs26_gads_discovery_feed_natl,discovery,Pune,276.71,1112,12,12,0,0,0,0
2026-06-23,vrs26_gads_discovery_feed_natl,discovery,Chennai,179.51,842,15,15,3,0,0,0
2026-06-23,vrs26_gads_search_corp_hyd,search_generic,Mumbai,92.09,501,12,12,3,0,0,0
2026-06-23,vrs26_gads_search_corp_hyd,search_generic,Delhi NCR,81.08,333,4,4,2,0,0,0
2026-06-23,vrs26_gads_search_corp_hyd,search_generic,Bengaluru,80.04,302,7,7,1,0,0,0
2026-06-23,vrs26_gads_search_corp_hyd,search_generic,Hyderabad,1389.3,6487,146,146,19,7,5,11594
2026-06-23,vrs26_gads_search_corp_hyd,search_generic,Pune,46.24,200,5,5,1,0,0,0
2026-06-23,vrs26_gads_search_corp_hyd,search_generic,Chennai,29.97,132,3,3,0,0,0,0
2026-06-24,vrs26_gads_search_brand_natl,search_brand,Mumbai,1065.69,4812,109,109,26,13,3,4097
2026-06-24,vrs26_gads_search_brand_natl,search_brand,Delhi NCR,851.48,4038,105,105,29,16,9,15991
2026-06-24,vrs26_gads_search_brand_natl,search_brand,Bengaluru,747.29,3833,73,73,16,7,5,5195
2026-06-24,vrs26_gads_search_brand_natl,search_brand,Hyderabad,712.25,3240,66,66,11,5,2,3298
2026-06-24,vrs26_gads_search_brand_natl,search_brand,Pune,425.4,1980,54,54,10,2,2,2098
2026-06-24,vrs26_gads_search_brand_natl,search_brand,Chennai,313,1528,37,37,8,2,1,1999
2026-06-24,vrs26_gads_search_generic_marathon_natl,search_generic,Mumbai,1792.52,7944,185,185,25,9,6,12493
2026-06-24,vrs26_gads_search_generic_marathon_natl,search_generic,Delhi NCR,1339.92,6106,139,139,17,6,4,11296
2026-06-24,vrs26_gads_search_generic_marathon_natl,search_generic,Bengaluru,1066.8,4501,91,91,13,5,5,9095
2026-06-24,vrs26_gads_search_generic_marathon_natl,search_generic,Hyderabad,726.2,3142,70,70,12,4,4,7596
2026-06-24,vrs26_gads_search_generic_marathon_natl,search_generic,Pune,611.46,2657,56,56,8,3,1,2499
2026-06-24,vrs26_gads_search_generic_marathon_natl,search_generic,Chennai,477.49,2051,41,41,4,0,0,0
2026-06-24,vrs26_gads_search_generic_10k_natl,search_generic,Mumbai,1094.46,5039,102,102,12,6,5,9893
2026-06-24,vrs26_gads_search_generic_10k_natl,search_generic,Delhi NCR,740.14,3715,77,77,10,4,4,13094
2026-06-24,vrs26_gads_search_generic_10k_natl,search_generic,Bengaluru,677.38,3204,83,83,15,4,1,799
2026-06-24,vrs26_gads_search_generic_10k_natl,search_generic,Hyderabad,532.9,2295,48,48,8,5,1,6499
2026-06-24,vrs26_gads_search_generic_10k_natl,search_generic,Pune,410.07,2074,53,53,6,1,0,0
2026-06-24,vrs26_gads_search_generic_10k_natl,search_generic,Chennai,343.62,1484,23,23,0,0,0,0
2026-06-24,vrs26_gads_pmax_all_natl,pmax,Mumbai,1494.03,6082,119,119,11,4,1,1999
2026-06-24,vrs26_gads_pmax_all_natl,pmax,Delhi NCR,1310.15,5861,99,99,13,3,2,3298
2026-06-24,vrs26_gads_pmax_all_natl,pmax,Bengaluru,1029.54,4774,95,95,13,5,3,5097
2026-06-24,vrs26_gads_pmax_all_natl,pmax,Hyderabad,769.75,3475,89,89,6,2,1,799
2026-06-24,vrs26_gads_pmax_all_natl,pmax,Pune,619.44,2763,44,44,7,1,1,799
2026-06-24,vrs26_gads_pmax_all_natl,pmax,Chennai,554.07,2282,33,33,2,1,1,1999
2026-06-24,vrs26_gads_pmax_mum,pmax,Mumbai,2647.17,11802,292,292,29,11,4,5896
2026-06-24,vrs26_gads_pmax_mum,pmax,Delhi NCR,106.59,433,15,15,1,0,0,0
2026-06-24,vrs26_gads_pmax_mum,pmax,Bengaluru,128.12,710,13,13,1,1,0,0
2026-06-24,vrs26_gads_pmax_mum,pmax,Hyderabad,87.8,399,10,10,1,0,0,0
2026-06-24,vrs26_gads_pmax_mum,pmax,Pune,67.33,298,4,4,1,1,1,1999
2026-06-24,vrs26_gads_pmax_mum,pmax,Chennai,49.33,219,5,5,1,1,0,0
2026-06-24,vrs26_gads_pmax_blr,pmax,Mumbai,172.77,712,4,4,1,0,0,0
2026-06-24,vrs26_gads_pmax_blr,pmax,Delhi NCR,170.02,835,21,21,3,3,0,0
2026-06-24,vrs26_gads_pmax_blr,pmax,Bengaluru,2132.87,10519,176,176,24,8,5,9095
2026-06-24,vrs26_gads_pmax_blr,pmax,Hyderabad,98.39,387,15,15,3,1,0,0
2026-06-24,vrs26_gads_pmax_blr,pmax,Pune,68.36,294,9,9,3,0,0,0
2026-06-24,vrs26_gads_pmax_blr,pmax,Chennai,48.24,241,4,4,0,0,0,0
2026-06-24,vrs26_gads_display_remarketing_natl,display,Mumbai,808.13,3878,115,115,8,3,2,2798
2026-06-24,vrs26_gads_display_remarketing_natl,display,Delhi NCR,599.12,2605,40,40,2,1,1,2499
2026-06-24,vrs26_gads_display_remarketing_natl,display,Bengaluru,543.33,2310,59,59,3,2,1,499
2026-06-24,vrs26_gads_display_remarketing_natl,display,Hyderabad,378.08,1588,42,42,2,1,0,0
2026-06-24,vrs26_gads_display_remarketing_natl,display,Pune,283.69,1292,24,24,0,0,0,0
2026-06-24,vrs26_gads_display_remarketing_natl,display,Chennai,236.58,1166,29,29,3,2,0,0
2026-06-24,vrs26_gads_yt_instream_natl,youtube,Mumbai,867.42,3776,60,60,5,2,1,6499
2026-06-24,vrs26_gads_yt_instream_natl,youtube,Delhi NCR,774.88,3626,86,86,5,0,0,0
2026-06-24,vrs26_gads_yt_instream_natl,youtube,Bengaluru,714.56,3512,76,76,4,4,2,4998
2026-06-24,vrs26_gads_yt_instream_natl,youtube,Hyderabad,486.36,2111,48,48,2,1,0,0
2026-06-24,vrs26_gads_yt_instream_natl,youtube,Pune,363.06,1971,40,40,3,0,0,0
2026-06-24,vrs26_gads_yt_instream_natl,youtube,Chennai,275.75,1223,33,33,2,1,1,799
2026-06-24,vrs26_gads_yt_shorts_natl,youtube,Mumbai,536.48,2705,58,58,1,0,0,0
2026-06-24,vrs26_gads_yt_shorts_natl,youtube,Delhi NCR,452.9,1897,47,47,1,1,1,1299
2026-06-24,vrs26_gads_yt_shorts_natl,youtube,Bengaluru,500.33,2105,55,55,8,4,2,8498
2026-06-24,vrs26_gads_yt_shorts_natl,youtube,Hyderabad,333.99,1550,23,23,1,1,1,799
2026-06-24,vrs26_gads_yt_shorts_natl,youtube,Pune,240.62,1042,30,30,4,3,1,1299
2026-06-24,vrs26_gads_yt_shorts_natl,youtube,Chennai,151.5,762,14,14,1,0,0,0
2026-06-24,vrs26_gads_search_competitor_natl,search_generic,Mumbai,522.6,2593,46,46,4,1,0,0
2026-06-24,vrs26_gads_search_competitor_natl,search_generic,Delhi NCR,437.44,2014,52,52,7,2,0,0
2026-06-24,vrs26_gads_search_competitor_natl,search_generic,Bengaluru,382.09,1809,23,23,0,0,0,0
2026-06-24,vrs26_gads_search_competitor_natl,search_generic,Hyderabad,236.52,955,16,16,0,0,0,0
2026-06-24,vrs26_gads_search_competitor_natl,search_generic,Pune,196.41,820,24,24,2,0,0,0
2026-06-24,vrs26_gads_search_competitor_natl,search_generic,Chennai,124.21,530,10,10,1,0,0,0
2026-06-24,vrs26_gads_discovery_feed_natl,discovery,Mumbai,619.55,2996,68,68,7,3,2,1598
2026-06-24,vrs26_gads_discovery_feed_natl,discovery,Delhi NCR,485.15,2183,55,55,5,1,0,0
2026-06-24,vrs26_gads_discovery_feed_natl,discovery,Bengaluru,388.87,1762,38,38,5,0,0,0
2026-06-24,vrs26_gads_discovery_feed_natl,discovery,Hyderabad,250.37,989,22,22,2,0,0,0
2026-06-24,vrs26_gads_discovery_feed_natl,discovery,Pune,228.25,1241,24,24,1,0,0,0
2026-06-24,vrs26_gads_discovery_feed_natl,discovery,Chennai,164.49,816,28,28,3,1,1,1598
2026-06-24,vrs26_gads_search_corp_hyd,search_generic,Mumbai,85.01,426,10,10,5,3,1,3499
2026-06-24,vrs26_gads_search_corp_hyd,search_generic,Delhi NCR,82.34,388,10,10,0,0,0,0
2026-06-24,vrs26_gads_search_corp_hyd,search_generic,Bengaluru,79.07,368,7,7,0,0,0,0
2026-06-24,vrs26_gads_search_corp_hyd,search_generic,Hyderabad,1195.47,5606,99,99,5,1,0,0
2026-06-24,vrs26_gads_search_corp_hyd,search_generic,Pune,34.6,153,5,5,0,0,0,0
2026-06-24,vrs26_gads_search_corp_hyd,search_generic,Chennai,27.1,106,2,2,0,0,0,0
2026-06-25,vrs26_gads_search_brand_natl,search_brand,Mumbai,1304.99,5053,98,98,28,15,11,29386
2026-06-25,vrs26_gads_search_brand_natl,search_brand,Delhi NCR,1085.01,4407,91,91,16,7,5,4195
2026-06-25,vrs26_gads_search_brand_natl,search_brand,Bengaluru,1004.86,3843,85,85,22,7,5,8095
2026-06-25,vrs26_gads_search_brand_natl,search_brand,Hyderabad,607.64,2508,66,66,17,5,3,9296
2026-06-25,vrs26_gads_search_brand_natl,search_brand,Pune,500.63,2265,54,54,15,4,3,1797
2026-06-25,vrs26_gads_search_brand_natl,search_brand,Chennai,369.01,1613,38,38,7,1,0,0
2026-06-25,vrs26_gads_search_generic_marathon_natl,search_generic,Mumbai,2090.92,9188,222,222,38,17,9,16890
2026-06-25,vrs26_gads_search_generic_marathon_natl,search_generic,Delhi NCR,1419.5,5992,135,135,17,8,1,1299
2026-06-25,vrs26_gads_search_generic_marathon_natl,search_generic,Bengaluru,1425.83,5510,127,127,16,7,3,3696
2026-06-25,vrs26_gads_search_generic_marathon_natl,search_generic,Hyderabad,1068.82,3988,105,105,15,7,4,6396
2026-06-25,vrs26_gads_search_generic_marathon_natl,search_generic,Pune,663.1,2913,59,59,8,2,1,1999
2026-06-25,vrs26_gads_search_generic_marathon_natl,search_generic,Chennai,452.67,1994,47,47,5,1,0,0
2026-06-25,vrs26_gads_search_generic_10k_natl,search_generic,Mumbai,1047.39,3473,71,71,11,5,4,6895
2026-06-25,vrs26_gads_search_generic_10k_natl,search_generic,Delhi NCR,965.18,3488,85,85,9,5,2,1798
2026-06-25,vrs26_gads_search_generic_10k_natl,search_generic,Bengaluru,1039.35,4062,105,105,16,7,5,14494
2026-06-25,vrs26_gads_search_generic_10k_natl,search_generic,Hyderabad,685.25,2616,52,52,8,2,2,1598
2026-06-25,vrs26_gads_search_generic_10k_natl,search_generic,Pune,427.39,1946,45,45,4,1,1,1299
2026-06-25,vrs26_gads_search_generic_10k_natl,search_generic,Chennai,332.8,1599,42,42,3,1,1,499
2026-06-25,vrs26_gads_pmax_all_natl,pmax,Mumbai,1868.02,8283,155,155,22,9,7,11992
2026-06-25,vrs26_gads_pmax_all_natl,pmax,Delhi NCR,1563.87,6671,177,177,19,9,8,16990
2026-06-25,vrs26_gads_pmax_all_natl,pmax,Bengaluru,1307.51,6182,152,152,14,7,3,6996
2026-06-25,vrs26_gads_pmax_all_natl,pmax,Hyderabad,952.14,4579,112,112,14,3,3,5497
2026-06-25,vrs26_gads_pmax_all_natl,pmax,Pune,604.29,2338,51,51,5,3,2,1798
2026-06-25,vrs26_gads_pmax_all_natl,pmax,Chennai,543.92,2157,41,41,7,4,1,6499
2026-06-25,vrs26_gads_pmax_mum,pmax,Mumbai,3045.62,13022,301,301,34,10,6,14594
2026-06-25,vrs26_gads_pmax_mum,pmax,Delhi NCR,153.22,687,25,25,3,0,0,0
2026-06-25,vrs26_gads_pmax_mum,pmax,Bengaluru,193.33,908,24,24,3,1,1,1299
2026-06-25,vrs26_gads_pmax_mum,pmax,Hyderabad,117.77,506,11,11,4,1,1,3499
2026-06-25,vrs26_gads_pmax_mum,pmax,Pune,74.3,339,8,8,0,0,0,0
2026-06-25,vrs26_gads_pmax_mum,pmax,Chennai,69.87,309,9,9,1,1,1,499
2026-06-25,vrs26_gads_pmax_blr,pmax,Mumbai,218.72,939,17,17,1,0,0,0
2026-06-25,vrs26_gads_pmax_blr,pmax,Delhi NCR,191.15,814,25,25,1,0,0,0
2026-06-25,vrs26_gads_pmax_blr,pmax,Bengaluru,2477.06,9074,200,200,26,13,12,19287
2026-06-25,vrs26_gads_pmax_blr,pmax,Hyderabad,126.25,415,6,6,0,0,0,0
2026-06-25,vrs26_gads_pmax_blr,pmax,Pune,98.22,439,11,11,1,1,1,3499
2026-06-25,vrs26_gads_pmax_blr,pmax,Chennai,74.22,312,1,1,0,0,0,0
2026-06-25,vrs26_gads_display_remarketing_natl,display,Mumbai,802.26,3811,84,84,3,3,2,7298
2026-06-25,vrs26_gads_display_remarketing_natl,display,Delhi NCR,795.11,3571,62,62,7,3,2,2098
2026-06-25,vrs26_gads_display_remarketing_natl,display,Bengaluru,651.45,2852,94,94,5,3,0,0
2026-06-25,vrs26_gads_display_remarketing_natl,display,Hyderabad,451.51,1798,31,31,1,1,0,0
2026-06-25,vrs26_gads_display_remarketing_natl,display,Pune,326.38,1382,20,20,2,0,0,0
2026-06-25,vrs26_gads_display_remarketing_natl,display,Chennai,346.3,1537,35,35,2,0,0,0
2026-06-25,vrs26_gads_yt_instream_natl,youtube,Mumbai,1092.48,4974,95,95,4,2,1,2999
2026-06-25,vrs26_gads_yt_instream_natl,youtube,Delhi NCR,987.49,4464,109,109,7,4,2,4298
2026-06-25,vrs26_gads_yt_instream_natl,youtube,Bengaluru,742.31,2617,56,56,1,0,0,0
2026-06-25,vrs26_gads_yt_instream_natl,youtube,Hyderabad,546.39,1854,29,29,1,1,1,1299
2026-06-25,vrs26_gads_yt_instream_natl,youtube,Pune,441.04,1934,49,49,1,1,0,0
2026-06-25,vrs26_gads_yt_instream_natl,youtube,Chennai,312.87,1422,36,36,2,0,0,0
2026-06-25,vrs26_gads_yt_shorts_natl,youtube,Mumbai,648.59,2743,60,60,4,2,2,7298
2026-06-25,vrs26_gads_yt_shorts_natl,youtube,Delhi NCR,687.88,2609,49,49,7,3,2,3397
2026-06-25,vrs26_gads_yt_shorts_natl,youtube,Bengaluru,468.32,1847,42,42,4,2,0,0
2026-06-25,vrs26_gads_yt_shorts_natl,youtube,Hyderabad,341.09,1368,29,29,3,1,1,1299
2026-06-25,vrs26_gads_yt_shorts_natl,youtube,Pune,267.66,1156,26,26,2,1,0,0
2026-06-25,vrs26_gads_yt_shorts_natl,youtube,Chennai,209.92,904,19,19,1,1,1,1299
2026-06-25,vrs26_gads_search_competitor_natl,search_generic,Mumbai,574.86,2405,54,54,4,2,1,1299
2026-06-25,vrs26_gads_search_competitor_natl,search_generic,Delhi NCR,516.65,2085,43,43,4,0,0,0
2026-06-25,vrs26_gads_search_competitor_natl,search_generic,Bengaluru,466.63,2128,46,46,2,1,1,499
2026-06-25,vrs26_gads_search_competitor_natl,search_generic,Hyderabad,301.03,1186,24,24,3,1,1,2999
2026-06-25,vrs26_gads_search_competitor_natl,search_generic,Pune,233.43,971,16,16,2,1,1,799
2026-06-25,vrs26_gads_search_competitor_natl,search_generic,Chennai,156.08,656,16,16,1,1,1,1299
2026-06-25,vrs26_gads_discovery_feed_natl,discovery,Mumbai,688.85,2946,51,51,8,4,3,4097
2026-06-25,vrs26_gads_discovery_feed_natl,discovery,Delhi NCR,474.91,1625,16,16,2,0,0,0
2026-06-25,vrs26_gads_discovery_feed_natl,discovery,Bengaluru,547.11,2174,29,29,2,1,0,0
2026-06-25,vrs26_gads_discovery_feed_natl,discovery,Hyderabad,385.62,1635,30,30,2,0,0,0
2026-06-25,vrs26_gads_discovery_feed_natl,discovery,Pune,253.22,1087,14,14,0,0,0,0
2026-06-25,vrs26_gads_discovery_feed_natl,discovery,Chennai,180.06,812,14,14,6,0,0,0
2026-06-25,vrs26_gads_search_corp_hyd,search_generic,Mumbai,102.98,487,13,13,2,1,0,0
2026-06-25,vrs26_gads_search_corp_hyd,search_generic,Delhi NCR,79.52,355,9,9,1,1,1,1999
2026-06-25,vrs26_gads_search_corp_hyd,search_generic,Bengaluru,71.21,318,4,4,2,1,1,499
2026-06-25,vrs26_gads_search_corp_hyd,search_generic,Hyderabad,1457.78,5926,105,105,14,6,4,4995
2026-06-25,vrs26_gads_search_corp_hyd,search_generic,Pune,37.87,167,7,7,2,1,1,6499
2026-06-25,vrs26_gads_search_corp_hyd,search_generic,Chennai,30.87,147,3,3,1,0,0,0
2026-06-26,vrs26_gads_search_brand_natl,search_brand,Mumbai,1129.52,4415,100,100,19,12,5,9295
2026-06-26,vrs26_gads_search_brand_natl,search_brand,Delhi NCR,1129.86,5398,93,93,18,7,5,6194
2026-06-26,vrs26_gads_search_brand_natl,search_brand,Bengaluru,830.69,3640,75,75,13,2,1,1299
2026-06-26,vrs26_gads_search_brand_natl,search_brand,Hyderabad,576.95,2554,70,70,15,8,6,12594
2026-06-26,vrs26_gads_search_brand_natl,search_brand,Pune,392.9,1866,26,26,6,2,0,0
2026-06-26,vrs26_gads_search_brand_natl,search_brand,Chennai,362.59,1787,35,35,11,2,2,5998
2026-06-26,vrs26_gads_search_generic_marathon_natl,search_generic,Mumbai,1452.18,6752,137,137,14,2,1,998
2026-06-26,vrs26_gads_search_generic_marathon_natl,search_generic,Delhi NCR,1335.76,5800,126,126,17,5,3,4097
2026-06-26,vrs26_gads_search_generic_marathon_natl,search_generic,Bengaluru,1415.81,6989,128,128,19,13,6,9594
2026-06-26,vrs26_gads_search_generic_marathon_natl,search_generic,Hyderabad,976.46,4335,81,81,12,5,2,4998
2026-06-26,vrs26_gads_search_generic_marathon_natl,search_generic,Pune,743.62,3447,73,73,8,2,1,1999
2026-06-26,vrs26_gads_search_generic_marathon_natl,search_generic,Chennai,539.85,2481,57,57,7,4,1,799
2026-06-26,vrs26_gads_search_generic_10k_natl,search_generic,Mumbai,1210.8,6145,144,144,16,5,3,5797
2026-06-26,vrs26_gads_search_generic_10k_natl,search_generic,Delhi NCR,810.21,3303,65,65,6,2,1,3499
2026-06-26,vrs26_gads_search_generic_10k_natl,search_generic,Bengaluru,755.12,2968,58,58,4,0,0,0
2026-06-26,vrs26_gads_search_generic_10k_natl,search_generic,Hyderabad,586.62,2851,61,61,6,3,1,2499
2026-06-26,vrs26_gads_search_generic_10k_natl,search_generic,Pune,381.91,1677,44,44,7,4,2,3798
2026-06-26,vrs26_gads_search_generic_10k_natl,search_generic,Chennai,337.66,1458,39,39,5,4,1,1999
2026-06-26,vrs26_gads_pmax_all_natl,pmax,Mumbai,1516.66,6389,145,145,7,2,1,1999
2026-06-26,vrs26_gads_pmax_all_natl,pmax,Delhi NCR,1297.53,5927,90,90,10,4,4,6795
2026-06-26,vrs26_gads_pmax_all_natl,pmax,Bengaluru,1165.96,5862,125,125,19,8,6,9894
2026-06-26,vrs26_gads_pmax_all_natl,pmax,Hyderabad,1004.78,5248,118,118,13,5,1,499
2026-06-26,vrs26_gads_pmax_all_natl,pmax,Pune,689.59,2871,65,65,9,4,2,2098
2026-06-26,vrs26_gads_pmax_all_natl,pmax,Chennai,534.01,2228,52,52,6,3,0,0
2026-06-26,vrs26_gads_pmax_mum,pmax,Mumbai,2558.51,11178,225,225,31,10,5,3595
2026-06-26,vrs26_gads_pmax_mum,pmax,Delhi NCR,226.59,1115,19,19,3,2,1,799
2026-06-26,vrs26_gads_pmax_mum,pmax,Bengaluru,239.3,918,19,19,2,0,0,0
2026-06-26,vrs26_gads_pmax_mum,pmax,Hyderabad,123.56,517,13,13,1,0,0,0
2026-06-26,vrs26_gads_pmax_mum,pmax,Pune,93.71,424,10,10,0,0,0,0
2026-06-26,vrs26_gads_pmax_mum,pmax,Chennai,75.23,367,9,9,0,0,0,0
2026-06-26,vrs26_gads_pmax_blr,pmax,Mumbai,195.63,929,23,23,1,0,0,0
2026-06-26,vrs26_gads_pmax_blr,pmax,Delhi NCR,135.9,586,13,13,3,1,1,2499
2026-06-26,vrs26_gads_pmax_blr,pmax,Bengaluru,2357.49,10792,272,272,40,22,13,17486
2026-06-26,vrs26_gads_pmax_blr,pmax,Hyderabad,79.63,371,11,11,1,0,0,0
2026-06-26,vrs26_gads_pmax_blr,pmax,Pune,62.39,255,1,1,0,0,0,0
2026-06-26,vrs26_gads_pmax_blr,pmax,Chennai,60.61,272,6,6,1,0,0,0
2026-06-26,vrs26_gads_display_remarketing_natl,display,Mumbai,786.18,3638,82,82,5,3,2,2598
2026-06-26,vrs26_gads_display_remarketing_natl,display,Delhi NCR,687.55,3404,94,94,9,1,0,0
2026-06-26,vrs26_gads_display_remarketing_natl,display,Bengaluru,584.36,2496,71,71,6,2,1,1999
2026-06-26,vrs26_gads_display_remarketing_natl,display,Hyderabad,451.78,2144,30,30,1,0,0,0
2026-06-26,vrs26_gads_display_remarketing_natl,display,Pune,311.49,1394,36,36,2,0,0,0
2026-06-26,vrs26_gads_display_remarketing_natl,display,Chennai,240.39,1099,24,24,0,0,0,0
2026-06-26,vrs26_gads_yt_instream_natl,youtube,Mumbai,1118.1,4722,102,102,2,0,0,0
2026-06-26,vrs26_gads_yt_instream_natl,youtube,Delhi NCR,856.74,4084,47,47,4,0,0,0
2026-06-26,vrs26_gads_yt_instream_natl,youtube,Bengaluru,693.88,2868,53,53,6,1,0,0
2026-06-26,vrs26_gads_yt_instream_natl,youtube,Hyderabad,424.82,1973,38,38,2,0,0,0
2026-06-26,vrs26_gads_yt_instream_natl,youtube,Pune,309.89,1420,47,47,3,1,1,1999
2026-06-26,vrs26_gads_yt_instream_natl,youtube,Chennai,338.7,1542,47,47,5,1,0,0
2026-06-26,vrs26_gads_yt_shorts_natl,youtube,Mumbai,600.55,2769,71,71,5,0,0,0
2026-06-26,vrs26_gads_yt_shorts_natl,youtube,Delhi NCR,540.36,2937,66,66,6,5,2,2498
2026-06-26,vrs26_gads_yt_shorts_natl,youtube,Bengaluru,444.76,2200,47,47,3,1,0,0
2026-06-26,vrs26_gads_yt_shorts_natl,youtube,Hyderabad,369.07,1447,30,30,4,0,0,0
2026-06-26,vrs26_gads_yt_shorts_natl,youtube,Pune,228.69,969,22,22,2,0,0,0
2026-06-26,vrs26_gads_yt_shorts_natl,youtube,Chennai,197.93,927,21,21,3,0,0,0
2026-06-26,vrs26_gads_search_competitor_natl,search_generic,Mumbai,534.85,2342,59,59,3,1,1,1299
2026-06-26,vrs26_gads_search_competitor_natl,search_generic,Delhi NCR,475.03,1842,38,38,5,1,1,2499
2026-06-26,vrs26_gads_search_competitor_natl,search_generic,Bengaluru,405.49,1851,34,34,2,1,0,0
2026-06-26,vrs26_gads_search_competitor_natl,search_generic,Hyderabad,297.81,1210,20,20,4,2,2,3298
2026-06-26,vrs26_gads_search_competitor_natl,search_generic,Pune,181.45,841,18,18,1,1,0,0
2026-06-26,vrs26_gads_search_competitor_natl,search_generic,Chennai,146.53,586,18,18,2,2,1,1299
2026-06-26,vrs26_gads_discovery_feed_natl,discovery,Mumbai,594.4,2227,60,60,2,0,0,0
2026-06-26,vrs26_gads_discovery_feed_natl,discovery,Delhi NCR,571.46,2556,68,68,6,1,1,3998
2026-06-26,vrs26_gads_discovery_feed_natl,discovery,Bengaluru,434.31,1576,34,34,1,0,0,0
2026-06-26,vrs26_gads_discovery_feed_natl,discovery,Hyderabad,304.7,1263,26,26,6,5,5,10795
2026-06-26,vrs26_gads_discovery_feed_natl,discovery,Pune,227.35,981,20,20,0,0,0,0
2026-06-26,vrs26_gads_discovery_feed_natl,discovery,Chennai,164.09,751,12,12,2,1,1,1299
2026-06-26,vrs26_gads_search_corp_hyd,search_generic,Mumbai,86.29,388,7,7,0,0,0,0
2026-06-26,vrs26_gads_search_corp_hyd,search_generic,Delhi NCR,90.08,420,10,10,0,0,0,0
2026-06-26,vrs26_gads_search_corp_hyd,search_generic,Bengaluru,77.86,391,10,10,1,1,0,0
2026-06-26,vrs26_gads_search_corp_hyd,search_generic,Hyderabad,1294.15,6160,155,155,13,4,4,7596
2026-06-26,vrs26_gads_search_corp_hyd,search_generic,Pune,37.88,172,3,3,1,0,0,0
2026-06-26,vrs26_gads_search_corp_hyd,search_generic,Chennai,29.65,139,0,0,0,0,0,0
2026-06-27,vrs26_gads_search_brand_natl,search_brand,Mumbai,1383.19,6050,167,167,34,19,16,27084
2026-06-27,vrs26_gads_search_brand_natl,search_brand,Delhi NCR,996.63,4630,112,112,25,10,9,15990
2026-06-27,vrs26_gads_search_brand_natl,search_brand,Bengaluru,965.63,4144,80,80,19,2,0,0
2026-06-27,vrs26_gads_search_brand_natl,search_brand,Hyderabad,639.58,2961,70,70,20,7,5,6895
2026-06-27,vrs26_gads_search_brand_natl,search_brand,Pune,440.97,2037,28,28,4,2,1,3499
2026-06-27,vrs26_gads_search_brand_natl,search_brand,Chennai,309.32,1349,23,23,4,3,1,799
2026-06-27,vrs26_gads_search_generic_marathon_natl,search_generic,Mumbai,1605.03,7036,111,111,17,12,6,8193
2026-06-27,vrs26_gads_search_generic_marathon_natl,search_generic,Delhi NCR,1660.95,7020,124,124,8,4,3,2897
2026-06-27,vrs26_gads_search_generic_marathon_natl,search_generic,Bengaluru,1281.87,4944,122,122,11,6,4,5596
2026-06-27,vrs26_gads_search_generic_marathon_natl,search_generic,Hyderabad,1028.57,3805,85,85,10,5,4,15096
2026-06-27,vrs26_gads_search_generic_marathon_natl,search_generic,Pune,742.81,3321,65,65,15,5,1,1299
2026-06-27,vrs26_gads_search_generic_marathon_natl,search_generic,Chennai,601.63,2369,46,46,6,1,1,1299
2026-06-27,vrs26_gads_search_generic_10k_natl,search_generic,Mumbai,1132.29,4556,90,90,12,4,3,2297
2026-06-27,vrs26_gads_search_generic_10k_natl,search_generic,Delhi NCR,1068.87,4984,108,108,16,3,2,4798
2026-06-27,vrs26_gads_search_generic_10k_natl,search_generic,Bengaluru,698.68,2528,43,43,3,3,2,13497
2026-06-27,vrs26_gads_search_generic_10k_natl,search_generic,Hyderabad,652.51,3247,70,70,8,5,3,2097
2026-06-27,vrs26_gads_search_generic_10k_natl,search_generic,Pune,451.11,2139,19,19,1,1,0,0
2026-06-27,vrs26_gads_search_generic_10k_natl,search_generic,Chennai,367.6,1613,40,40,1,1,1,1999
2026-06-27,vrs26_gads_pmax_all_natl,pmax,Mumbai,1512.41,7252,158,158,15,5,4,10795
2026-06-27,vrs26_gads_pmax_all_natl,pmax,Delhi NCR,1534.96,7492,199,199,26,9,6,6894
2026-06-27,vrs26_gads_pmax_all_natl,pmax,Bengaluru,1370.64,5830,159,159,20,7,4,7096
2026-06-27,vrs26_gads_pmax_all_natl,pmax,Hyderabad,1046.35,4291,85,85,8,3,3,5797
2026-06-27,vrs26_gads_pmax_all_natl,pmax,Pune,717.19,3445,75,75,10,6,3,5097
2026-06-27,vrs26_gads_pmax_all_natl,pmax,Chennai,466.1,1737,36,36,3,1,1,799
2026-06-27,vrs26_gads_pmax_mum,pmax,Mumbai,3069.22,12638,251,251,33,9,6,16894
2026-06-27,vrs26_gads_pmax_mum,pmax,Delhi NCR,167.62,836,27,27,2,1,1,2598
2026-06-27,vrs26_gads_pmax_mum,pmax,Bengaluru,123.72,557,15,15,2,2,2,3798
2026-06-27,vrs26_gads_pmax_mum,pmax,Hyderabad,76.23,313,7,7,1,1,0,0
2026-06-27,vrs26_gads_pmax_mum,pmax,Pune,60.28,253,8,8,2,0,0,0
2026-06-27,vrs26_gads_pmax_mum,pmax,Chennai,54.41,225,7,7,1,0,0,0
2026-06-27,vrs26_gads_pmax_blr,pmax,Mumbai,205.62,865,28,28,3,1,1,1999
2026-06-27,vrs26_gads_pmax_blr,pmax,Delhi NCR,184.01,881,29,29,4,2,1,799
2026-06-27,vrs26_gads_pmax_blr,pmax,Bengaluru,2462.25,10732,248,248,19,6,3,4396
2026-06-27,vrs26_gads_pmax_blr,pmax,Hyderabad,109.72,456,8,8,1,0,0,0
2026-06-27,vrs26_gads_pmax_blr,pmax,Pune,66.03,274,6,6,2,1,0,0
2026-06-27,vrs26_gads_pmax_blr,pmax,Chennai,68.53,301,8,8,0,0,0,0
2026-06-27,vrs26_gads_display_remarketing_natl,display,Mumbai,932.68,4348,107,107,9,2,2,2798
2026-06-27,vrs26_gads_display_remarketing_natl,display,Delhi NCR,686.15,2769,80,80,4,2,2,1598
2026-06-27,vrs26_gads_display_remarketing_natl,display,Bengaluru,618.77,2461,56,56,2,0,0,0
2026-06-27,vrs26_gads_display_remarketing_natl,display,Hyderabad,447.68,2009,41,41,4,1,1,499
2026-06-27,vrs26_gads_display_remarketing_natl,display,Pune,334.19,1422,23,23,3,1,0,0
2026-06-27,vrs26_gads_display_remarketing_natl,display,Chennai,258.82,1086,27,27,1,1,1,2499
2026-06-27,vrs26_gads_yt_instream_natl,youtube,Mumbai,971.15,4794,77,77,4,2,1,3998
2026-06-27,vrs26_gads_yt_instream_natl,youtube,Delhi NCR,867.98,3645,78,78,4,0,0,0
2026-06-27,vrs26_gads_yt_instream_natl,youtube,Bengaluru,889.12,4591,82,82,3,2,1,3499
2026-06-27,vrs26_gads_yt_instream_natl,youtube,Hyderabad,641.91,2521,50,50,5,3,1,5998
2026-06-27,vrs26_gads_yt_instream_natl,youtube,Pune,339.38,1535,32,32,3,2,1,1299
2026-06-27,vrs26_gads_yt_instream_natl,youtube,Chennai,297.26,1159,27,27,1,1,0,0
2026-06-27,vrs26_gads_yt_shorts_natl,youtube,Mumbai,578.64,2334,43,43,4,2,2,9998
2026-06-27,vrs26_gads_yt_shorts_natl,youtube,Delhi NCR,549.23,2684,65,65,7,4,3,8597
2026-06-27,vrs26_gads_yt_shorts_natl,youtube,Bengaluru,568.19,2508,35,35,1,0,0,0
2026-06-27,vrs26_gads_yt_shorts_natl,youtube,Hyderabad,348.18,1764,39,39,1,0,0,0
2026-06-27,vrs26_gads_yt_shorts_natl,youtube,Pune,284.84,1157,18,18,2,0,0,0
2026-06-27,vrs26_gads_yt_shorts_natl,youtube,Chennai,220.72,917,18,18,1,0,0,0
2026-06-27,vrs26_gads_search_competitor_natl,search_generic,Mumbai,611.9,2917,89,89,12,3,2,2798
2026-06-27,vrs26_gads_search_competitor_natl,search_generic,Delhi NCR,442.89,1762,51,51,5,3,1,1299
2026-06-27,vrs26_gads_search_competitor_natl,search_generic,Bengaluru,452.59,1771,31,31,1,1,1,1999
2026-06-27,vrs26_gads_search_competitor_natl,search_generic,Hyderabad,285.97,1426,43,43,4,3,1,799
2026-06-27,vrs26_gads_search_competitor_natl,search_generic,Pune,203.04,1017,24,24,1,0,0,0
2026-06-27,vrs26_gads_search_competitor_natl,search_generic,Chennai,189.14,860,15,15,1,1,0,0
2026-06-27,vrs26_gads_discovery_feed_natl,discovery,Mumbai,660.74,3015,72,72,9,3,2,4996
2026-06-27,vrs26_gads_discovery_feed_natl,discovery,Delhi NCR,503.38,2267,41,41,8,1,0,0
2026-06-27,vrs26_gads_discovery_feed_natl,discovery,Bengaluru,495.13,1925,34,34,3,1,1,799
2026-06-27,vrs26_gads_discovery_feed_natl,discovery,Hyderabad,356.14,1551,43,43,4,1,1,1999
2026-06-27,vrs26_gads_discovery_feed_natl,discovery,Pune,229.9,972,13,13,0,0,0,0
2026-06-27,vrs26_gads_discovery_feed_natl,discovery,Chennai,213.43,717,16,16,1,0,0,0
2026-06-27,vrs26_gads_search_corp_hyd,search_generic,Mumbai,98.11,412,9,9,0,0,0,0
2026-06-27,vrs26_gads_search_corp_hyd,search_generic,Delhi NCR,93.58,429,8,8,1,1,1,1299
2026-06-27,vrs26_gads_search_corp_hyd,search_generic,Bengaluru,69.64,280,8,8,1,0,0,0
2026-06-27,vrs26_gads_search_corp_hyd,search_generic,Hyderabad,1392.55,5758,108,108,11,3,1,1299
2026-06-27,vrs26_gads_search_corp_hyd,search_generic,Pune,43.23,176,5,5,1,1,1,1299
2026-06-27,vrs26_gads_search_corp_hyd,search_generic,Chennai,33.09,135,4,4,0,0,0,0
2026-06-28,vrs26_gads_search_brand_natl,search_brand,Mumbai,1487.97,6172,98,98,26,15,9,15689
2026-06-28,vrs26_gads_search_brand_natl,search_brand,Delhi NCR,1012.26,3669,98,98,24,12,11,11489
2026-06-28,vrs26_gads_search_brand_natl,search_brand,Bengaluru,1192.37,4833,118,118,31,13,8,10092
2026-06-28,vrs26_gads_search_brand_natl,search_brand,Hyderabad,818.1,3652,56,56,9,5,1,6499
2026-06-28,vrs26_gads_search_brand_natl,search_brand,Pune,454.87,1839,33,33,8,4,3,5597
2026-06-28,vrs26_gads_search_brand_natl,search_brand,Chennai,403.46,1913,51,51,10,3,3,8997
2026-06-28,vrs26_gads_search_generic_marathon_natl,search_generic,Mumbai,1871.08,7262,130,130,14,8,5,9395
2026-06-28,vrs26_gads_search_generic_marathon_natl,search_generic,Delhi NCR,1509.31,6706,167,167,23,7,4,13496
2026-06-28,vrs26_gads_search_generic_marathon_natl,search_generic,Bengaluru,1754.07,7016,156,156,28,9,6,13394
2026-06-28,vrs26_gads_search_generic_marathon_natl,search_generic,Hyderabad,1130.74,5145,104,104,16,8,4,8296
2026-06-28,vrs26_gads_search_generic_marathon_natl,search_generic,Pune,881.85,3595,72,72,12,4,4,16796
2026-06-28,vrs26_gads_search_generic_marathon_natl,search_generic,Chennai,699.98,2464,70,70,9,2,2,1298
2026-06-28,vrs26_gads_search_generic_10k_natl,search_generic,Mumbai,1281.35,5945,119,119,16,5,3,9297
2026-06-28,vrs26_gads_search_generic_10k_natl,search_generic,Delhi NCR,907.31,3610,72,72,4,1,1,799
2026-06-28,vrs26_gads_search_generic_10k_natl,search_generic,Bengaluru,1055.45,4449,105,105,16,7,3,3397
2026-06-28,vrs26_gads_search_generic_10k_natl,search_generic,Hyderabad,830.09,3176,79,79,10,3,3,3397
2026-06-28,vrs26_gads_search_generic_10k_natl,search_generic,Pune,517.31,1810,49,49,6,1,1,499
2026-06-28,vrs26_gads_search_generic_10k_natl,search_generic,Chennai,364.51,1329,34,34,2,0,0,0
2026-06-28,vrs26_gads_pmax_all_natl,pmax,Mumbai,2091.17,8143,132,132,20,6,4,7496
2026-06-28,vrs26_gads_pmax_all_natl,pmax,Delhi NCR,1728.16,7105,126,126,17,6,3,8796
2026-06-28,vrs26_gads_pmax_all_natl,pmax,Bengaluru,1297.02,5453,74,74,8,3,0,0
2026-06-28,vrs26_gads_pmax_all_natl,pmax,Hyderabad,1063.98,3846,91,91,18,5,1,3499
2026-06-28,vrs26_gads_pmax_all_natl,pmax,Pune,740.17,3146,77,77,16,6,1,1999
2026-06-28,vrs26_gads_pmax_all_natl,pmax,Chennai,616.79,2799,64,64,11,3,1,1299
2026-06-28,vrs26_gads_pmax_mum,pmax,Mumbai,3345.04,14480,264,264,29,10,3,4597
2026-06-28,vrs26_gads_pmax_mum,pmax,Delhi NCR,202.44,840,25,25,3,1,1,2999
2026-06-28,vrs26_gads_pmax_mum,pmax,Bengaluru,189.58,789,21,21,5,2,1,1299
2026-06-28,vrs26_gads_pmax_mum,pmax,Hyderabad,113.81,457,15,15,1,1,1,1299
2026-06-28,vrs26_gads_pmax_mum,pmax,Pune,98.44,400,12,12,2,1,1,1999
2026-06-28,vrs26_gads_pmax_mum,pmax,Chennai,77.47,314,4,4,0,0,0,0
2026-06-28,vrs26_gads_pmax_blr,pmax,Mumbai,194.22,799,21,21,3,2,0,0
2026-06-28,vrs26_gads_pmax_blr,pmax,Delhi NCR,159.7,656,14,14,3,1,0,0
2026-06-28,vrs26_gads_pmax_blr,pmax,Bengaluru,2948.41,10699,227,227,34,15,6,9594
2026-06-28,vrs26_gads_pmax_blr,pmax,Hyderabad,76.55,290,7,7,2,0,0,0
2026-06-28,vrs26_gads_pmax_blr,pmax,Pune,70.34,288,4,4,1,0,0,0
2026-06-28,vrs26_gads_pmax_blr,pmax,Chennai,61.3,269,3,3,0,0,0,0
2026-06-28,vrs26_gads_display_remarketing_natl,display,Mumbai,922.71,4101,79,79,8,2,0,0
2026-06-28,vrs26_gads_display_remarketing_natl,display,Delhi NCR,906,3580,46,46,1,0,0,0
2026-06-28,vrs26_gads_display_remarketing_natl,display,Bengaluru,738.48,3193,70,70,7,2,2,4298
2026-06-28,vrs26_gads_display_remarketing_natl,display,Hyderabad,497.31,2105,37,37,2,0,0,0
2026-06-28,vrs26_gads_display_remarketing_natl,display,Pune,333.4,1345,37,37,3,1,1,2499
2026-06-28,vrs26_gads_display_remarketing_natl,display,Chennai,319.11,1424,31,31,2,2,2,3298
2026-06-28,vrs26_gads_yt_instream_natl,youtube,Mumbai,1127.61,4506,90,90,6,1,1,1299
2026-06-28,vrs26_gads_yt_instream_natl,youtube,Delhi NCR,1077.65,4514,101,101,2,0,0,0
2026-06-28,vrs26_gads_yt_instream_natl,youtube,Bengaluru,926.22,3983,66,66,4,0,0,0
2026-06-28,vrs26_gads_yt_instream_natl,youtube,Hyderabad,590.93,2315,34,34,3,1,1,1299
2026-06-28,vrs26_gads_yt_instream_natl,youtube,Pune,495.79,2434,42,42,4,1,1,799
2026-06-28,vrs26_gads_yt_instream_natl,youtube,Chennai,324.83,1273,27,27,2,0,0,0
2026-06-28,vrs26_gads_yt_shorts_natl,youtube,Mumbai,693.51,2680,45,45,2,1,0,0
2026-06-28,vrs26_gads_yt_shorts_natl,youtube,Delhi NCR,608.37,2567,52,52,4,0,0,0
2026-06-28,vrs26_gads_yt_shorts_natl,youtube,Bengaluru,563.15,2310,51,51,0,0,0,0
2026-06-28,vrs26_gads_yt_shorts_natl,youtube,Hyderabad,489.78,1749,28,28,0,0,0,0
2026-06-28,vrs26_gads_yt_shorts_natl,youtube,Pune,267.88,1138,18,18,2,1,0,0
2026-06-28,vrs26_gads_yt_shorts_natl,youtube,Chennai,268.33,1158,23,23,1,0,0,0
2026-06-28,vrs26_gads_search_competitor_natl,search_generic,Mumbai,718.34,2936,57,57,7,4,4,7096
2026-06-28,vrs26_gads_search_competitor_natl,search_generic,Delhi NCR,541.78,2209,55,55,6,2,1,1299
2026-06-28,vrs26_gads_search_competitor_natl,search_generic,Bengaluru,433.19,1712,47,47,5,1,1,499
2026-06-28,vrs26_gads_search_competitor_natl,search_generic,Hyderabad,343.67,1424,32,32,4,2,2,7298
2026-06-28,vrs26_gads_search_competitor_natl,search_generic,Pune,273.44,1036,28,28,6,2,2,8097
2026-06-28,vrs26_gads_search_competitor_natl,search_generic,Chennai,167.6,644,11,11,1,1,1,799
2026-06-28,vrs26_gads_discovery_feed_natl,discovery,Mumbai,746.24,2864,53,53,10,4,1,799
2026-06-28,vrs26_gads_discovery_feed_natl,discovery,Delhi NCR,664.38,2178,54,54,8,1,1,1999
2026-06-28,vrs26_gads_discovery_feed_natl,discovery,Bengaluru,560.18,2436,65,65,5,4,2,4498
2026-06-28,vrs26_gads_discovery_feed_natl,discovery,Hyderabad,304.35,1346,18,18,3,3,2,2798
2026-06-28,vrs26_gads_discovery_feed_natl,discovery,Pune,277.95,1114,23,23,3,0,0,0
2026-06-28,vrs26_gads_discovery_feed_natl,discovery,Chennai,234.66,1024,17,17,1,1,0,0
2026-06-28,vrs26_gads_search_corp_hyd,search_generic,Mumbai,126.86,577,12,12,3,1,1,799
2026-06-28,vrs26_gads_search_corp_hyd,search_generic,Delhi NCR,117.86,448,11,11,0,0,0,0
2026-06-28,vrs26_gads_search_corp_hyd,search_generic,Bengaluru,76.28,341,8,8,1,0,0,0
2026-06-28,vrs26_gads_search_corp_hyd,search_generic,Hyderabad,1567.65,7065,139,139,20,8,4,6796
2026-06-28,vrs26_gads_search_corp_hyd,search_generic,Pune,37.75,143,5,5,1,0,0,0
2026-06-28,vrs26_gads_search_corp_hyd,search_generic,Chennai,35.36,155,2,2,2,1,0,0
2026-06-29,vrs26_gads_search_brand_natl,search_brand,Mumbai,1202.07,4892,114,114,22,6,6,8894
2026-06-29,vrs26_gads_search_brand_natl,search_brand,Delhi NCR,939.68,3690,77,77,17,9,6,11094
2026-06-29,vrs26_gads_search_brand_natl,search_brand,Bengaluru,991.46,4463,121,121,23,11,11,27288
2026-06-29,vrs26_gads_search_brand_natl,search_brand,Hyderabad,727.47,3461,56,56,9,4,2,4298
2026-06-29,vrs26_gads_search_brand_natl,search_brand,Pune,443.41,2180,37,37,7,4,1,799
2026-06-29,vrs26_gads_search_brand_natl,search_brand,Chennai,392.94,1613,48,48,13,8,4,9194
2026-06-29,vrs26_gads_search_generic_marathon_natl,search_generic,Mumbai,1768.98,7172,141,141,23,7,5,5695
2026-06-29,vrs26_gads_search_generic_marathon_natl,search_generic,Delhi NCR,1452.74,5991,147,147,23,8,5,8195
2026-06-29,vrs26_gads_search_generic_marathon_natl,search_generic,Bengaluru,1381.56,5623,144,144,19,6,5,8395
2026-06-29,vrs26_gads_search_generic_marathon_natl,search_generic,Hyderabad,967.01,4234,128,128,18,6,5,9395
2026-06-29,vrs26_gads_search_generic_marathon_natl,search_generic,Pune,712.02,2950,75,75,14,3,2,2897
2026-06-29,vrs26_gads_search_generic_marathon_natl,search_generic,Chennai,582.57,2554,60,60,7,3,2,2598
2026-06-29,vrs26_gads_search_generic_10k_natl,search_generic,Mumbai,1121.92,4708,116,116,16,6,3,3397
2026-06-29,vrs26_gads_search_generic_10k_natl,search_generic,Delhi NCR,783.79,3260,52,52,11,6,3,2897
2026-06-29,vrs26_gads_search_generic_10k_natl,search_generic,Bengaluru,954.27,4375,82,82,11,7,3,5997
2026-06-29,vrs26_gads_search_generic_10k_natl,search_generic,Hyderabad,701.79,2999,62,62,4,2,2,4298
2026-06-29,vrs26_gads_search_generic_10k_natl,search_generic,Pune,431.51,1917,46,46,7,5,5,8095
2026-06-29,vrs26_gads_search_generic_10k_natl,search_generic,Chennai,342.42,1389,32,32,3,1,0,0
2026-06-29,vrs26_gads_pmax_all_natl,pmax,Mumbai,1476.42,6668,187,187,27,3,1,1598
2026-06-29,vrs26_gads_pmax_all_natl,pmax,Delhi NCR,1386.92,5834,131,131,12,1,0,0
2026-06-29,vrs26_gads_pmax_all_natl,pmax,Bengaluru,1418.12,6099,174,174,17,5,3,3097
2026-06-29,vrs26_gads_pmax_all_natl,pmax,Hyderabad,938.01,3885,74,74,5,2,0,0
2026-06-29,vrs26_gads_pmax_all_natl,pmax,Pune,748.84,3186,62,62,3,1,1,1999
2026-06-29,vrs26_gads_pmax_all_natl,pmax,Chennai,625.57,2519,50,50,9,4,2,4298
2026-06-29,vrs26_gads_pmax_mum,pmax,Mumbai,2995.3,13834,285,285,38,10,6,9594
2026-06-29,vrs26_gads_pmax_mum,pmax,Delhi NCR,143.08,623,9,9,1,0,0,0
2026-06-29,vrs26_gads_pmax_mum,pmax,Bengaluru,151.67,623,15,15,2,1,1,1299
2026-06-29,vrs26_gads_pmax_mum,pmax,Hyderabad,97.28,406,6,6,1,1,1,799
2026-06-29,vrs26_gads_pmax_mum,pmax,Pune,68.72,300,4,4,0,0,0,0
2026-06-29,vrs26_gads_pmax_mum,pmax,Chennai,66.72,266,8,8,0,0,0,0
2026-06-29,vrs26_gads_pmax_blr,pmax,Mumbai,160.34,760,16,16,0,0,0,0
2026-06-29,vrs26_gads_pmax_blr,pmax,Delhi NCR,148.29,601,0,0,0,0,0,0
2026-06-29,vrs26_gads_pmax_blr,pmax,Bengaluru,2543.58,9881,132,132,19,5,5,5195
2026-06-29,vrs26_gads_pmax_blr,pmax,Hyderabad,95.33,407,9,9,0,0,0,0
2026-06-29,vrs26_gads_pmax_blr,pmax,Pune,74.34,371,8,8,1,1,1,1999
2026-06-29,vrs26_gads_pmax_blr,pmax,Chennai,49.24,195,10,10,0,0,0,0
2026-06-29,vrs26_gads_display_remarketing_natl,display,Mumbai,880.34,3972,86,86,4,1,1,1999
2026-06-29,vrs26_gads_display_remarketing_natl,display,Delhi NCR,702.38,3060,68,68,5,0,0,0
2026-06-29,vrs26_gads_display_remarketing_natl,display,Bengaluru,655.56,2676,65,65,9,1,0,0
2026-06-29,vrs26_gads_display_remarketing_natl,display,Hyderabad,398.58,1640,45,45,5,3,3,5797
2026-06-29,vrs26_gads_display_remarketing_natl,display,Pune,317.56,1418,24,24,3,1,0,0
2026-06-29,vrs26_gads_display_remarketing_natl,display,Chennai,297.36,1347,30,30,2,1,1,3499
2026-06-29,vrs26_gads_yt_instream_natl,youtube,Mumbai,915.33,4014,85,85,7,3,3,3797
2026-06-29,vrs26_gads_yt_instream_natl,youtube,Delhi NCR,936.61,4343,81,81,5,2,0,0
2026-06-29,vrs26_gads_yt_instream_natl,youtube,Bengaluru,806.19,3217,61,61,5,1,0,0
2026-06-29,vrs26_gads_yt_instream_natl,youtube,Hyderabad,557.26,2248,54,54,2,0,0,0
2026-06-29,vrs26_gads_yt_instream_natl,youtube,Pune,458.77,2047,44,44,5,0,0,0
2026-06-29,vrs26_gads_yt_instream_natl,youtube,Chennai,300.23,1172,32,32,0,0,0,0
2026-06-29,vrs26_gads_yt_shorts_natl,youtube,Mumbai,626.01,2818,63,63,3,1,1,3499
2026-06-29,vrs26_gads_yt_shorts_natl,youtube,Delhi NCR,582.23,2676,20,20,1,1,1,2499
2026-06-29,vrs26_gads_yt_shorts_natl,youtube,Bengaluru,520.64,2093,30,30,3,2,1,1299
2026-06-29,vrs26_gads_yt_shorts_natl,youtube,Hyderabad,341.23,1536,39,39,3,1,1,799
2026-06-29,vrs26_gads_yt_shorts_natl,youtube,Pune,248.23,1129,33,33,4,1,0,0
2026-06-29,vrs26_gads_yt_shorts_natl,youtube,Chennai,210.81,841,19,19,2,0,0,0
2026-06-29,vrs26_gads_search_competitor_natl,search_generic,Mumbai,585.05,2493,51,51,6,4,3,6797
2026-06-29,vrs26_gads_search_competitor_natl,search_generic,Delhi NCR,421.01,1750,31,31,1,0,0,0
2026-06-29,vrs26_gads_search_competitor_natl,search_generic,Bengaluru,444.46,1866,27,27,6,3,2,1798
2026-06-29,vrs26_gads_search_competitor_natl,search_generic,Hyderabad,321.28,1610,21,21,3,1,1,499
2026-06-29,vrs26_gads_search_competitor_natl,search_generic,Pune,223.07,986,18,18,2,1,0,0
2026-06-29,vrs26_gads_search_competitor_natl,search_generic,Chennai,172.99,754,19,19,2,0,0,0
2026-06-29,vrs26_gads_discovery_feed_natl,discovery,Mumbai,586.15,2553,56,56,8,3,1,1299
2026-06-29,vrs26_gads_discovery_feed_natl,discovery,Delhi NCR,502.56,2381,44,44,3,2,2,1298
2026-06-29,vrs26_gads_discovery_feed_natl,discovery,Bengaluru,566.37,2523,54,54,6,4,1,3499
2026-06-29,vrs26_gads_discovery_feed_natl,discovery,Hyderabad,352.17,1485,37,37,2,1,0,0
2026-06-29,vrs26_gads_discovery_feed_natl,discovery,Pune,236.01,990,20,20,4,2,1,799
2026-06-29,vrs26_gads_discovery_feed_natl,discovery,Chennai,195.57,811,15,15,2,0,0,0
2026-06-29,vrs26_gads_search_corp_hyd,search_generic,Mumbai,90.02,387,6,6,0,0,0,0
2026-06-29,vrs26_gads_search_corp_hyd,search_generic,Delhi NCR,98.15,444,10,10,1,0,0,0
2026-06-29,vrs26_gads_search_corp_hyd,search_generic,Bengaluru,84.07,355,9,9,3,3,2,3298
2026-06-29,vrs26_gads_search_corp_hyd,search_generic,Hyderabad,1379.48,6753,133,133,14,5,4,6796
2026-06-29,vrs26_gads_search_corp_hyd,search_generic,Pune,33.5,142,2,2,0,0,0,0
2026-06-29,vrs26_gads_search_corp_hyd,search_generic,Chennai,31,126,5,5,0,0,0,0
2026-06-30,vrs26_gads_search_brand_natl,search_brand,Mumbai,1225.6,5011,133,133,26,9,5,10394
2026-06-30,vrs26_gads_search_brand_natl,search_brand,Delhi NCR,1037.56,4860,114,114,26,12,6,21392
2026-06-30,vrs26_gads_search_brand_natl,search_brand,Bengaluru,823.09,3334,80,80,20,8,7,9493
2026-06-30,vrs26_gads_search_brand_natl,search_brand,Hyderabad,670.76,2892,72,72,18,8,3,5097
2026-06-30,vrs26_gads_search_brand_natl,search_brand,Pune,505.38,2218,52,52,10,3,2,2397
2026-06-30,vrs26_gads_search_brand_natl,search_brand,Chennai,380.88,1683,40,40,6,2,2,1298
2026-06-30,vrs26_gads_search_generic_marathon_natl,search_generic,Mumbai,1821.22,8023,194,194,28,11,5,12895
2026-06-30,vrs26_gads_search_generic_marathon_natl,search_generic,Delhi NCR,1060.19,4536,113,113,18,11,4,4596
2026-06-30,vrs26_gads_search_generic_marathon_natl,search_generic,Bengaluru,1384.75,5729,102,102,17,3,2,4798
2026-06-30,vrs26_gads_search_generic_marathon_natl,search_generic,Hyderabad,1063.09,4454,87,87,8,3,1,799
2026-06-30,vrs26_gads_search_generic_marathon_natl,search_generic,Pune,766.52,3338,60,60,9,4,2,4998
2026-06-30,vrs26_gads_search_generic_marathon_natl,search_generic,Chennai,690.53,2579,49,49,7,1,0,0
2026-06-30,vrs26_gads_search_generic_10k_natl,search_generic,Mumbai,1307.13,5957,106,106,23,4,4,5196
2026-06-30,vrs26_gads_search_generic_10k_natl,search_generic,Delhi NCR,857.53,3899,94,94,19,6,3,9797
2026-06-30,vrs26_gads_search_generic_10k_natl,search_generic,Bengaluru,831.86,3986,80,80,13,2,2,3798
2026-06-30,vrs26_gads_search_generic_10k_natl,search_generic,Hyderabad,520.92,2514,63,63,11,3,0,0
2026-06-30,vrs26_gads_search_generic_10k_natl,search_generic,Pune,370.55,1557,24,24,3,1,0,0
2026-06-30,vrs26_gads_search_generic_10k_natl,search_generic,Chennai,398.09,1753,48,48,6,1,0,0
2026-06-30,vrs26_gads_pmax_all_natl,pmax,Mumbai,1816.41,6972,121,121,15,3,2,1598
2026-06-30,vrs26_gads_pmax_all_natl,pmax,Delhi NCR,1485.41,5685,139,139,19,7,1,2499
2026-06-30,vrs26_gads_pmax_all_natl,pmax,Bengaluru,992.86,4355,88,88,10,4,2,1598
2026-06-30,vrs26_gads_pmax_all_natl,pmax,Hyderabad,920.79,4087,90,90,11,3,1,799
2026-06-30,vrs26_gads_pmax_all_natl,pmax,Pune,767.64,3649,98,98,11,7,4,5596
2026-06-30,vrs26_gads_pmax_all_natl,pmax,Chennai,535.31,2313,56,56,9,2,2,2098
2026-06-30,vrs26_gads_pmax_mum,pmax,Mumbai,2824.73,11878,254,254,25,10,5,6495
2026-06-30,vrs26_gads_pmax_mum,pmax,Delhi NCR,194.2,792,16,16,2,0,0,0
2026-06-30,vrs26_gads_pmax_mum,pmax,Bengaluru,173.13,767,10,10,0,0,0,0
2026-06-30,vrs26_gads_pmax_mum,pmax,Hyderabad,117.47,517,7,7,0,0,0,0
2026-06-30,vrs26_gads_pmax_mum,pmax,Pune,95.59,427,10,10,0,0,0,0
2026-06-30,vrs26_gads_pmax_mum,pmax,Chennai,77.34,339,3,3,1,0,0,0
2026-06-30,vrs26_gads_pmax_blr,pmax,Mumbai,182.74,853,21,21,1,0,0,0
2026-06-30,vrs26_gads_pmax_blr,pmax,Delhi NCR,149.89,681,18,18,2,0,0,0
2026-06-30,vrs26_gads_pmax_blr,pmax,Bengaluru,2504.49,9913,223,223,25,7,6,13894
2026-06-30,vrs26_gads_pmax_blr,pmax,Hyderabad,93.3,446,7,7,0,0,0,0
2026-06-30,vrs26_gads_pmax_blr,pmax,Pune,56.87,277,8,8,0,0,0,0
2026-06-30,vrs26_gads_pmax_blr,pmax,Chennai,48.69,223,6,6,1,0,0,0
2026-06-30,vrs26_gads_display_remarketing_natl,display,Mumbai,913.55,4252,95,95,6,3,3,4097
2026-06-30,vrs26_gads_display_remarketing_natl,display,Delhi NCR,751.88,3188,52,52,6,3,2,3798
2026-06-30,vrs26_gads_display_remarketing_natl,display,Bengaluru,559.07,2503,54,54,5,2,2,2098
2026-06-30,vrs26_gads_display_remarketing_natl,display,Hyderabad,480.37,2111,39,39,2,0,0,0
2026-06-30,vrs26_gads_display_remarketing_natl,display,Pune,250.83,1019,19,19,0,0,0,0
2026-06-30,vrs26_gads_display_remarketing_natl,display,Chennai,258.87,1134,18,18,2,0,0,0
2026-06-30,vrs26_gads_yt_instream_natl,youtube,Mumbai,972.74,4421,112,112,8,4,4,9396
2026-06-30,vrs26_gads_yt_instream_natl,youtube,Delhi NCR,859.64,4058,108,108,5,1,0,0
2026-06-30,vrs26_gads_yt_instream_natl,youtube,Bengaluru,796.74,3415,82,82,5,1,1,799
2026-06-30,vrs26_gads_yt_instream_natl,youtube,Hyderabad,514.68,2407,42,42,3,1,1,799
2026-06-30,vrs26_gads_yt_instream_natl,youtube,Pune,422.33,1837,45,45,2,1,1,1999
2026-06-30,vrs26_gads_yt_instream_natl,youtube,Chennai,362.78,1443,36,36,3,1,1,1999
2026-06-30,vrs26_gads_yt_shorts_natl,youtube,Mumbai,710.06,3239,89,89,7,1,0,0
2026-06-30,vrs26_gads_yt_shorts_natl,youtube,Delhi NCR,571.59,2549,72,72,7,4,1,1299
2026-06-30,vrs26_gads_yt_shorts_natl,youtube,Bengaluru,419.74,1746,43,43,4,0,0,0
2026-06-30,vrs26_gads_yt_shorts_natl,youtube,Hyderabad,387.62,1579,35,35,4,2,1,3499
2026-06-30,vrs26_gads_yt_shorts_natl,youtube,Pune,251.97,1116,26,26,3,1,1,799
2026-06-30,vrs26_gads_yt_shorts_natl,youtube,Chennai,159.23,618,10,10,3,1,1,799
2026-06-30,vrs26_gads_search_competitor_natl,search_generic,Mumbai,575.23,2172,46,46,4,2,1,799
2026-06-30,vrs26_gads_search_competitor_natl,search_generic,Delhi NCR,460.72,1986,43,43,5,1,1,799
2026-06-30,vrs26_gads_search_competitor_natl,search_generic,Bengaluru,411.31,1803,58,58,0,0,0,0
2026-06-30,vrs26_gads_search_competitor_natl,search_generic,Hyderabad,295.16,1287,25,25,1,1,1,2999
2026-06-30,vrs26_gads_search_competitor_natl,search_generic,Pune,206.71,976,22,22,2,1,1,1999
2026-06-30,vrs26_gads_search_competitor_natl,search_generic,Chennai,193.91,848,25,25,3,0,0,0
2026-06-30,vrs26_gads_discovery_feed_natl,discovery,Mumbai,586.04,2686,54,54,7,3,3,3797
2026-06-30,vrs26_gads_discovery_feed_natl,discovery,Delhi NCR,618.33,3010,55,55,9,3,1,1299
2026-06-30,vrs26_gads_discovery_feed_natl,discovery,Bengaluru,447.78,2049,37,37,4,2,2,9998
2026-06-30,vrs26_gads_discovery_feed_natl,discovery,Hyderabad,335.3,1584,27,27,0,0,0,0
2026-06-30,vrs26_gads_discovery_feed_natl,discovery,Pune,252.29,1199,20,20,2,0,0,0
2026-06-30,vrs26_gads_discovery_feed_natl,discovery,Chennai,171.2,598,13,13,1,1,0,0
2026-06-30,vrs26_gads_search_corp_hyd,search_generic,Mumbai,114.66,465,4,4,2,0,0,0
2026-06-30,vrs26_gads_search_corp_hyd,search_generic,Delhi NCR,79.1,360,9,9,0,0,0,0
2026-06-30,vrs26_gads_search_corp_hyd,search_generic,Bengaluru,82.37,335,6,6,0,0,0,0
2026-06-30,vrs26_gads_search_corp_hyd,search_generic,Hyderabad,1357.15,6455,106,106,17,6,2,2098
2026-06-30,vrs26_gads_search_corp_hyd,search_generic,Pune,31.87,140,5,5,0,0,0,0
2026-06-30,vrs26_gads_search_corp_hyd,search_generic,Chennai,31.42,138,3,3,0,0,0,0
2026-07-01,vrs26_gads_search_brand_natl,search_brand,Mumbai,1013.06,5254,113,113,20,8,4,7695
2026-07-01,vrs26_gads_search_brand_natl,search_brand,Delhi NCR,785.13,3837,74,74,14,7,2,7798
2026-07-01,vrs26_gads_search_brand_natl,search_brand,Bengaluru,808.04,3899,64,64,13,3,2,3998
2026-07-01,vrs26_gads_search_brand_natl,search_brand,Hyderabad,559.97,2686,42,42,7,6,3,3597
2026-07-01,vrs26_gads_search_brand_natl,search_brand,Pune,364.17,1579,28,28,5,2,1,1999
2026-07-01,vrs26_gads_search_brand_natl,search_brand,Chennai,314.64,1409,31,31,6,2,2,3498
2026-07-01,vrs26_gads_search_generic_marathon_natl,search_generic,Mumbai,1508.82,7593,141,141,15,3,3,10497
2026-07-01,vrs26_gads_search_generic_marathon_natl,search_generic,Delhi NCR,1069.35,5652,102,102,10,3,3,9797
2026-07-01,vrs26_gads_search_generic_marathon_natl,search_generic,Bengaluru,1138.64,5050,99,99,18,8,3,9096
2026-07-01,vrs26_gads_search_generic_marathon_natl,search_generic,Hyderabad,910.85,3930,70,70,6,2,0,0
2026-07-01,vrs26_gads_search_generic_marathon_natl,search_generic,Pune,524.82,2214,42,42,5,2,1,1999
2026-07-01,vrs26_gads_search_generic_marathon_natl,search_generic,Chennai,467.16,2234,60,60,11,4,2,3998
2026-07-01,vrs26_gads_search_generic_10k_natl,search_generic,Mumbai,879.96,4353,101,101,15,4,2,5498
2026-07-01,vrs26_gads_search_generic_10k_natl,search_generic,Delhi NCR,828.93,3415,62,62,6,2,2,2098
2026-07-01,vrs26_gads_search_generic_10k_natl,search_generic,Bengaluru,719.89,3246,78,78,11,2,2,3298
2026-07-01,vrs26_gads_search_generic_10k_natl,search_generic,Hyderabad,454.24,2114,45,45,12,8,4,7596
2026-07-01,vrs26_gads_search_generic_10k_natl,search_generic,Pune,384.35,1782,36,36,6,1,0,0
2026-07-01,vrs26_gads_search_generic_10k_natl,search_generic,Chennai,281.87,1291,24,24,4,0,0,0
2026-07-01,vrs26_gads_pmax_all_natl,pmax,Mumbai,1504.46,7962,159,159,22,3,3,5797
2026-07-01,vrs26_gads_pmax_all_natl,pmax,Delhi NCR,1059.13,5210,117,117,20,9,3,9797
2026-07-01,vrs26_gads_pmax_all_natl,pmax,Bengaluru,1164.52,5697,104,104,6,1,1,799
2026-07-01,vrs26_gads_pmax_all_natl,pmax,Hyderabad,778.15,3874,92,92,12,4,1,3499
2026-07-01,vrs26_gads_pmax_all_natl,pmax,Pune,441.53,1994,35,35,1,1,1,1999
2026-07-01,vrs26_gads_pmax_all_natl,pmax,Chennai,450.01,1959,39,39,7,5,2,2798
2026-07-01,vrs26_gads_pmax_mum,pmax,Mumbai,2428.5,10658,220,220,22,5,3,12497
2026-07-01,vrs26_gads_pmax_mum,pmax,Delhi NCR,143.41,628,8,8,0,0,0,0
2026-07-01,vrs26_gads_pmax_mum,pmax,Bengaluru,118.11,650,11,11,2,1,0,0
2026-07-01,vrs26_gads_pmax_mum,pmax,Hyderabad,77.49,416,7,7,0,0,0,0
2026-07-01,vrs26_gads_pmax_mum,pmax,Pune,61.97,254,4,4,2,1,1,2999
2026-07-01,vrs26_gads_pmax_mum,pmax,Chennai,54.27,190,5,5,1,0,0,0
2026-07-01,vrs26_gads_pmax_blr,pmax,Mumbai,163.59,791,17,17,2,0,0,0
2026-07-01,vrs26_gads_pmax_blr,pmax,Delhi NCR,120.85,555,13,13,3,2,1,1999
2026-07-01,vrs26_gads_pmax_blr,pmax,Bengaluru,2045.54,10034,154,154,16,8,7,10693
2026-07-01,vrs26_gads_pmax_blr,pmax,Hyderabad,82.7,364,10,10,0,0,0,0
2026-07-01,vrs26_gads_pmax_blr,pmax,Pune,63.65,270,7,7,0,0,0,0
2026-07-01,vrs26_gads_pmax_blr,pmax,Chennai,37.72,187,3,3,0,0,0,0
2026-07-01,vrs26_gads_display_remarketing_natl,display,Mumbai,654.15,2979,55,55,3,0,0,0
2026-07-01,vrs26_gads_display_remarketing_natl,display,Delhi NCR,585.88,3053,89,89,6,3,2,4998
2026-07-01,vrs26_gads_display_remarketing_natl,display,Bengaluru,567.6,2619,44,44,2,0,0,0
2026-07-01,vrs26_gads_display_remarketing_natl,display,Hyderabad,387.51,2099,44,44,1,0,0,0
2026-07-01,vrs26_gads_display_remarketing_natl,display,Pune,261.87,1181,25,25,2,0,0,0
2026-07-01,vrs26_gads_display_remarketing_natl,display,Chennai,204.93,997,26,26,2,1,0,0
2026-07-01,vrs26_gads_yt_instream_natl,youtube,Mumbai,839.07,4304,91,91,3,0,0,0
2026-07-01,vrs26_gads_yt_instream_natl,youtube,Delhi NCR,784.35,3738,100,100,7,3,1,2499
2026-07-01,vrs26_gads_yt_instream_natl,youtube,Bengaluru,607.64,2690,71,71,4,3,2,2098
2026-07-01,vrs26_gads_yt_instream_natl,youtube,Hyderabad,512.13,2413,52,52,3,1,0,0
2026-07-01,vrs26_gads_yt_instream_natl,youtube,Pune,260.81,1174,22,22,1,1,1,799
2026-07-01,vrs26_gads_yt_instream_natl,youtube,Chennai,249.47,1316,21,21,5,3,2,4798
2026-07-01,vrs26_gads_yt_shorts_natl,youtube,Mumbai,607.69,3430,89,89,4,1,1,1299
2026-07-01,vrs26_gads_yt_shorts_natl,youtube,Delhi NCR,431.81,1525,26,26,1,0,0,0
2026-07-01,vrs26_gads_yt_shorts_natl,youtube,Bengaluru,399.76,1742,36,36,1,0,0,0
2026-07-01,vrs26_gads_yt_shorts_natl,youtube,Hyderabad,286.52,1472,30,30,2,1,0,0
2026-07-01,vrs26_gads_yt_shorts_natl,youtube,Pune,164.33,737,17,17,2,0,0,0
2026-07-01,vrs26_gads_yt_shorts_natl,youtube,Chennai,180.28,1039,13,13,0,0,0,0
2026-07-01,vrs26_gads_search_competitor_natl,search_generic,Mumbai,443.14,2235,37,37,2,2,1,2499
2026-07-01,vrs26_gads_search_competitor_natl,search_generic,Delhi NCR,417.71,1849,49,49,2,1,0,0
2026-07-01,vrs26_gads_search_competitor_natl,search_generic,Bengaluru,355.17,1537,24,24,1,1,0,0
2026-07-01,vrs26_gads_search_competitor_natl,search_generic,Hyderabad,236.66,1058,22,22,2,0,0,0
2026-07-01,vrs26_gads_search_competitor_natl,search_generic,Pune,176.63,894,11,11,0,0,0,0
2026-07-01,vrs26_gads_search_competitor_natl,search_generic,Chennai,145.31,701,17,17,1,0,0,0
2026-07-01,vrs26_gads_discovery_feed_natl,discovery,Mumbai,536.54,2571,55,55,5,1,1,1999
2026-07-01,vrs26_gads_discovery_feed_natl,discovery,Delhi NCR,449.32,1690,39,39,0,0,0,0
2026-07-01,vrs26_gads_discovery_feed_natl,discovery,Bengaluru,426.29,1858,26,26,2,0,0,0
2026-07-01,vrs26_gads_discovery_feed_natl,discovery,Hyderabad,240.3,1268,28,28,1,0,0,0
2026-07-01,vrs26_gads_discovery_feed_natl,discovery,Pune,188.83,891,18,18,0,0,0,0
2026-07-01,vrs26_gads_discovery_feed_natl,discovery,Chennai,155.17,748,16,16,1,0,0,0
2026-07-01,vrs26_gads_search_corp_hyd,search_generic,Mumbai,95.01,407,10,10,0,0,0,0
2026-07-01,vrs26_gads_search_corp_hyd,search_generic,Delhi NCR,73.22,415,9,9,1,1,0,0
2026-07-01,vrs26_gads_search_corp_hyd,search_generic,Bengaluru,61.21,253,5,5,0,0,0,0
2026-07-01,vrs26_gads_search_corp_hyd,search_generic,Hyderabad,1112.66,5601,147,147,28,15,9,11191
2026-07-01,vrs26_gads_search_corp_hyd,search_generic,Pune,40.21,209,5,5,1,1,0,0
2026-07-01,vrs26_gads_search_corp_hyd,search_generic,Chennai,22.59,107,3,3,0,0,0,0
2026-07-02,vrs26_gads_search_brand_natl,search_brand,Mumbai,1416.5,6331,150,150,23,9,2,1798
2026-07-02,vrs26_gads_search_brand_natl,search_brand,Delhi NCR,1083.45,4076,80,80,15,6,3,5097
2026-07-02,vrs26_gads_search_brand_natl,search_brand,Bengaluru,972.88,3746,78,78,20,8,7,6593
2026-07-02,vrs26_gads_search_brand_natl,search_brand,Hyderabad,560.83,2355,48,48,7,2,1,1999
2026-07-02,vrs26_gads_search_brand_natl,search_brand,Pune,494.77,2221,72,72,18,7,4,5595
2026-07-02,vrs26_gads_search_brand_natl,search_brand,Chennai,279.1,1190,30,30,3,1,0,0
2026-07-02,vrs26_gads_search_generic_marathon_natl,search_generic,Mumbai,1822.2,9042,170,170,25,13,7,8792
2026-07-02,vrs26_gads_search_generic_marathon_natl,search_generic,Delhi NCR,1444.25,5798,116,116,11,2,2,2098
2026-07-02,vrs26_gads_search_generic_marathon_natl,search_generic,Bengaluru,1547.23,7360,151,151,19,5,1,799
2026-07-02,vrs26_gads_search_generic_marathon_natl,search_generic,Hyderabad,892.99,3412,74,74,10,6,2,2098
2026-07-02,vrs26_gads_search_generic_marathon_natl,search_generic,Pune,719.58,3009,57,57,3,2,0,0
2026-07-02,vrs26_gads_search_generic_marathon_natl,search_generic,Chennai,600.13,2498,62,62,12,6,4,4696
2026-07-02,vrs26_gads_search_generic_10k_natl,search_generic,Mumbai,1294.15,5889,142,142,15,4,0,0
2026-07-02,vrs26_gads_search_generic_10k_natl,search_generic,Delhi NCR,929.38,3862,60,60,10,6,2,3298
2026-07-02,vrs26_gads_search_generic_10k_natl,search_generic,Bengaluru,840.89,3537,89,89,13,7,3,4597
2026-07-02,vrs26_gads_search_generic_10k_natl,search_generic,Hyderabad,653.73,2916,91,91,16,3,3,3397
2026-07-02,vrs26_gads_search_generic_10k_natl,search_generic,Pune,398.34,1603,28,28,4,2,0,0
2026-07-02,vrs26_gads_search_generic_10k_natl,search_generic,Chennai,321.22,1371,39,39,5,1,1,1299
2026-07-02,vrs26_gads_pmax_all_natl,pmax,Mumbai,1702.1,6140,121,121,12,7,4,4696
2026-07-02,vrs26_gads_pmax_all_natl,pmax,Delhi NCR,1499.14,7355,170,170,25,3,2,3298
2026-07-02,vrs26_gads_pmax_all_natl,pmax,Bengaluru,1229.5,5656,104,104,7,3,1,1999
2026-07-02,vrs26_gads_pmax_all_natl,pmax,Hyderabad,1007.2,4131,99,99,3,1,0,0
2026-07-02,vrs26_gads_pmax_all_natl,pmax,Pune,676.7,3315,58,58,5,0,0,0
2026-07-02,vrs26_gads_pmax_all_natl,pmax,Chennai,634.38,2788,54,54,4,2,1,2999
2026-07-02,vrs26_gads_pmax_mum,pmax,Mumbai,2968.81,12693,302,302,34,16,9,22090
2026-07-02,vrs26_gads_pmax_mum,pmax,Delhi NCR,209.61,992,19,19,4,1,1,1299
2026-07-02,vrs26_gads_pmax_mum,pmax,Bengaluru,178.81,844,11,11,2,1,0,0
2026-07-02,vrs26_gads_pmax_mum,pmax,Hyderabad,113.66,514,4,4,0,0,0,0
2026-07-02,vrs26_gads_pmax_mum,pmax,Pune,83.08,396,8,8,0,0,0,0
2026-07-02,vrs26_gads_pmax_mum,pmax,Chennai,51.68,252,6,6,1,0,0,0
2026-07-02,vrs26_gads_pmax_blr,pmax,Mumbai,201.65,989,22,22,2,2,0,0
2026-07-02,vrs26_gads_pmax_blr,pmax,Delhi NCR,182.94,850,15,15,2,0,0,0
2026-07-02,vrs26_gads_pmax_blr,pmax,Bengaluru,2527.69,10545,214,214,24,5,3,6297
2026-07-02,vrs26_gads_pmax_blr,pmax,Hyderabad,88.57,368,11,11,2,1,1,499
2026-07-02,vrs26_gads_pmax_blr,pmax,Pune,80.4,358,12,12,2,1,0,0
2026-07-02,vrs26_gads_pmax_blr,pmax,Chennai,62.14,270,4,4,1,0,0,0
2026-07-02,vrs26_gads_display_remarketing_natl,display,Mumbai,780.81,3369,56,56,4,2,1,6499
2026-07-02,vrs26_gads_display_remarketing_natl,display,Delhi NCR,788.13,3315,75,75,2,0,0,0
2026-07-02,vrs26_gads_display_remarketing_natl,display,Bengaluru,676.14,3019,81,81,5,1,1,1299
2026-07-02,vrs26_gads_display_remarketing_natl,display,Hyderabad,458.72,1742,34,34,3,0,0,0
2026-07-02,vrs26_gads_display_remarketing_natl,display,Pune,338.82,1610,23,23,2,0,0,0
2026-07-02,vrs26_gads_display_remarketing_natl,display,Chennai,285.66,1247,35,35,4,0,0,0
2026-07-02,vrs26_gads_yt_instream_natl,youtube,Mumbai,993.24,4583,96,96,3,2,1,1299
2026-07-02,vrs26_gads_yt_instream_natl,youtube,Delhi NCR,896.34,3883,76,76,8,3,1,499
2026-07-02,vrs26_gads_yt_instream_natl,youtube,Bengaluru,781.44,3207,65,65,7,2,2,2598
2026-07-02,vrs26_gads_yt_instream_natl,youtube,Hyderabad,574.27,2683,42,42,3,1,1,1299
2026-07-02,vrs26_gads_yt_instream_natl,youtube,Pune,421.34,1818,42,42,2,1,1,6499
2026-07-02,vrs26_gads_yt_instream_natl,youtube,Chennai,401.26,1538,38,38,0,0,0,0
2026-07-02,vrs26_gads_yt_shorts_natl,youtube,Mumbai,640.49,3064,66,66,4,1,0,0
2026-07-02,vrs26_gads_yt_shorts_natl,youtube,Delhi NCR,609.15,2501,54,54,5,3,1,1999
2026-07-02,vrs26_gads_yt_shorts_natl,youtube,Bengaluru,501.29,1910,49,49,5,1,0,0
2026-07-02,vrs26_gads_yt_shorts_natl,youtube,Hyderabad,411.39,1880,38,38,1,0,0,0
2026-07-02,vrs26_gads_yt_shorts_natl,youtube,Pune,237.66,1039,17,17,3,1,0,0
2026-07-02,vrs26_gads_yt_shorts_natl,youtube,Chennai,188.68,841,10,10,2,0,0,0
2026-07-02,vrs26_gads_search_competitor_natl,search_generic,Mumbai,493.75,1952,42,42,3,1,1,1299
2026-07-02,vrs26_gads_search_competitor_natl,search_generic,Delhi NCR,520.14,2602,39,39,4,2,1,799
2026-07-02,vrs26_gads_search_competitor_natl,search_generic,Bengaluru,489.21,2059,28,28,5,4,3,12497
2026-07-02,vrs26_gads_search_competitor_natl,search_generic,Hyderabad,329.08,1399,24,24,3,2,2,5997
2026-07-02,vrs26_gads_search_competitor_natl,search_generic,Pune,201.93,936,19,19,3,2,1,799
2026-07-02,vrs26_gads_search_competitor_natl,search_generic,Chennai,184.75,782,15,15,0,0,0,0
2026-07-02,vrs26_gads_discovery_feed_natl,discovery,Mumbai,665.62,2755,65,65,5,2,2,4798
2026-07-02,vrs26_gads_discovery_feed_natl,discovery,Delhi NCR,588.08,2697,41,41,2,0,0,0
2026-07-02,vrs26_gads_discovery_feed_natl,discovery,Bengaluru,494.07,1779,44,44,4,1,0,0
2026-07-02,vrs26_gads_discovery_feed_natl,discovery,Hyderabad,329.13,1327,32,32,2,0,0,0
2026-07-02,vrs26_gads_discovery_feed_natl,discovery,Pune,216.59,884,13,13,0,0,0,0
2026-07-02,vrs26_gads_discovery_feed_natl,discovery,Chennai,202.72,982,25,25,2,0,0,0
2026-07-02,vrs26_gads_search_corp_hyd,search_generic,Mumbai,141.72,654,11,11,2,1,0,0
2026-07-02,vrs26_gads_search_corp_hyd,search_generic,Delhi NCR,117.84,526,13,13,1,1,1,1299
2026-07-02,vrs26_gads_search_corp_hyd,search_generic,Bengaluru,96.1,408,10,10,3,1,1,1299
2026-07-02,vrs26_gads_search_corp_hyd,search_generic,Hyderabad,1312.74,5424,128,128,10,5,3,6297
2026-07-02,vrs26_gads_search_corp_hyd,search_generic,Pune,46.64,204,4,4,1,0,0,0
2026-07-02,vrs26_gads_search_corp_hyd,search_generic,Chennai,41.57,174,9,9,1,0,0,0
2026-07-03,vrs26_gads_search_brand_natl,search_brand,Mumbai,1420.04,5899,117,117,31,9,4,2896
2026-07-03,vrs26_gads_search_brand_natl,search_brand,Delhi NCR,1235.41,5787,125,125,25,9,7,9993
2026-07-03,vrs26_gads_search_brand_natl,search_brand,Bengaluru,984.86,3629,66,66,15,9,9,9791
2026-07-03,vrs26_gads_search_brand_natl,search_brand,Hyderabad,672.25,2462,37,37,6,2,1,1299
2026-07-03,vrs26_gads_search_brand_natl,search_brand,Pune,519.31,2107,42,42,11,5,2,3298
2026-07-03,vrs26_gads_search_brand_natl,search_brand,Chennai,492.96,2103,49,49,11,5,3,7997
2026-07-03,vrs26_gads_search_generic_marathon_natl,search_generic,Mumbai,2111.21,9153,195,195,21,10,6,7494
2026-07-03,vrs26_gads_search_generic_marathon_natl,search_generic,Delhi NCR,1484.54,6694,62,62,7,3,1,1598
2026-07-03,vrs26_gads_search_generic_marathon_natl,search_generic,Bengaluru,1576.73,6770,159,159,20,8,6,11894
2026-07-03,vrs26_gads_search_generic_marathon_natl,search_generic,Hyderabad,1223.23,5068,113,113,10,2,0,0
2026-07-03,vrs26_gads_search_generic_marathon_natl,search_generic,Pune,827.5,3611,86,86,11,5,4,7796
2026-07-03,vrs26_gads_search_generic_marathon_natl,search_generic,Chennai,559.23,2087,46,46,6,3,1,499
2026-07-03,vrs26_gads_search_generic_10k_natl,search_generic,Mumbai,1143.32,5236,58,58,8,2,2,3298
2026-07-03,vrs26_gads_search_generic_10k_natl,search_generic,Delhi NCR,1199.22,4656,70,70,10,4,1,1299
2026-07-03,vrs26_gads_search_generic_10k_natl,search_generic,Bengaluru,985.28,4994,109,109,12,3,1,799
2026-07-03,vrs26_gads_search_generic_10k_natl,search_generic,Hyderabad,752.74,2937,52,52,7,1,0,0
2026-07-03,vrs26_gads_search_generic_10k_natl,search_generic,Pune,442.37,1881,61,61,7,1,1,1299
2026-07-03,vrs26_gads_search_generic_10k_natl,search_generic,Chennai,392.3,1594,38,38,4,1,0,0
2026-07-03,vrs26_gads_pmax_all_natl,pmax,Mumbai,2022.76,9177,150,150,20,7,4,4196
2026-07-03,vrs26_gads_pmax_all_natl,pmax,Delhi NCR,1602.15,6298,157,157,14,7,3,3397
2026-07-03,vrs26_gads_pmax_all_natl,pmax,Bengaluru,1494.75,5971,112,112,9,5,4,13296
2026-07-03,vrs26_gads_pmax_all_natl,pmax,Hyderabad,1021.81,4240,82,82,11,5,4,12995
2026-07-03,vrs26_gads_pmax_all_natl,pmax,Pune,745.86,3137,86,86,17,7,4,10596
2026-07-03,vrs26_gads_pmax_all_natl,pmax,Chennai,587.9,2569,53,53,5,0,0,0
2026-07-03,vrs26_gads_pmax_mum,pmax,Mumbai,3410.4,12545,324,324,42,18,8,22892
2026-07-03,vrs26_gads_pmax_mum,pmax,Delhi NCR,176.5,712,13,13,0,0,0,0
2026-07-03,vrs26_gads_pmax_mum,pmax,Bengaluru,135.15,487,13,13,1,0,0,0
2026-07-03,vrs26_gads_pmax_mum,pmax,Hyderabad,128.84,552,16,16,1,0,0,0
2026-07-03,vrs26_gads_pmax_mum,pmax,Pune,74.96,317,3,3,1,1,1,499
2026-07-03,vrs26_gads_pmax_mum,pmax,Chennai,67.77,302,5,5,0,0,0,0
2026-07-03,vrs26_gads_pmax_blr,pmax,Mumbai,242.3,962,21,21,4,0,0,0
2026-07-03,vrs26_gads_pmax_blr,pmax,Delhi NCR,162.73,749,14,14,2,1,1,1999
2026-07-03,vrs26_gads_pmax_blr,pmax,Bengaluru,2833.86,11372,173,173,29,11,5,9795
2026-07-03,vrs26_gads_pmax_blr,pmax,Hyderabad,127.25,459,7,7,0,0,0,0
2026-07-03,vrs26_gads_pmax_blr,pmax,Pune,56.54,250,5,5,0,0,0,0
2026-07-03,vrs26_gads_pmax_blr,pmax,Chennai,58.94,263,7,7,0,0,0,0
2026-07-03,vrs26_gads_display_remarketing_natl,display,Mumbai,993.64,3900,99,99,3,1,1,799
2026-07-03,vrs26_gads_display_remarketing_natl,display,Delhi NCR,745.65,3523,59,59,5,0,0,0
2026-07-03,vrs26_gads_display_remarketing_natl,display,Bengaluru,792.98,3717,41,41,3,1,1,799
2026-07-03,vrs26_gads_display_remarketing_natl,display,Hyderabad,492.13,2290,46,46,5,2,2,3897
2026-07-03,vrs26_gads_display_remarketing_natl,display,Pune,368.97,1512,21,21,4,3,2,4298
2026-07-03,vrs26_gads_display_remarketing_natl,display,Chennai,293.06,1243,16,16,2,1,1,799
2026-07-03,vrs26_gads_yt_instream_natl,youtube,Mumbai,1160.71,4846,85,85,8,4,3,3297
2026-07-03,vrs26_gads_yt_instream_natl,youtube,Delhi NCR,1036.16,4089,92,92,11,5,1,799
2026-07-03,vrs26_gads_yt_instream_natl,youtube,Bengaluru,854.21,3267,51,51,3,1,1,1299
2026-07-03,vrs26_gads_yt_instream_natl,youtube,Hyderabad,658.66,2646,73,73,3,1,1,1999
2026-07-03,vrs26_gads_yt_instream_natl,youtube,Pune,490.82,2019,46,46,5,1,0,0
2026-07-03,vrs26_gads_yt_instream_natl,youtube,Chennai,305.07,1332,35,35,6,2,2,2798
2026-07-03,vrs26_gads_yt_shorts_natl,youtube,Mumbai,730.94,3333,57,57,5,0,0,0
2026-07-03,vrs26_gads_yt_shorts_natl,youtube,Delhi NCR,659.44,2687,77,77,6,2,1,1999
2026-07-03,vrs26_gads_yt_shorts_natl,youtube,Bengaluru,603.15,2295,44,44,2,0,0,0
2026-07-03,vrs26_gads_yt_shorts_natl,youtube,Hyderabad,415.13,1817,18,18,0,0,0,0
2026-07-03,vrs26_gads_yt_shorts_natl,youtube,Pune,272.53,1235,28,28,3,1,1,1999
2026-07-03,vrs26_gads_yt_shorts_natl,youtube,Chennai,186.03,691,18,18,2,0,0,0
2026-07-03,vrs26_gads_search_competitor_natl,search_generic,Mumbai,663.35,2539,55,55,4,1,1,1299
2026-07-03,vrs26_gads_search_competitor_natl,search_generic,Delhi NCR,586.58,2248,52,52,3,2,2,2098
2026-07-03,vrs26_gads_search_competitor_natl,search_generic,Bengaluru,439.21,1864,31,31,4,1,0,0
2026-07-03,vrs26_gads_search_competitor_natl,search_generic,Hyderabad,343.67,1367,37,37,6,4,1,1299
2026-07-03,vrs26_gads_search_competitor_natl,search_generic,Pune,234.82,916,20,20,2,1,1,1999
2026-07-03,vrs26_gads_search_competitor_natl,search_generic,Chennai,189.98,787,16,16,0,0,0,0
2026-07-03,vrs26_gads_discovery_feed_natl,discovery,Mumbai,754.25,3088,82,82,3,2,1,1299
2026-07-03,vrs26_gads_discovery_feed_natl,discovery,Delhi NCR,556.05,2046,28,28,2,2,1,3499
2026-07-03,vrs26_gads_discovery_feed_natl,discovery,Bengaluru,538.27,2255,56,56,3,2,1,2999
2026-07-03,vrs26_gads_discovery_feed_natl,discovery,Hyderabad,370.73,1455,36,36,1,0,0,0
2026-07-03,vrs26_gads_discovery_feed_natl,discovery,Pune,314.7,1130,30,30,0,0,0,0
2026-07-03,vrs26_gads_discovery_feed_natl,discovery,Chennai,230.82,894,17,17,2,0,0,0
2026-07-03,vrs26_gads_search_corp_hyd,search_generic,Mumbai,132.41,611,13,13,1,0,0,0
2026-07-03,vrs26_gads_search_corp_hyd,search_generic,Delhi NCR,105.84,420,12,12,2,1,1,1299
2026-07-03,vrs26_gads_search_corp_hyd,search_generic,Bengaluru,75.86,335,9,9,1,1,1,1299
2026-07-03,vrs26_gads_search_corp_hyd,search_generic,Hyderabad,1554.68,6659,138,138,15,4,2,3798
2026-07-03,vrs26_gads_search_corp_hyd,search_generic,Pune,41.15,170,0,0,0,0,0,0
2026-07-03,vrs26_gads_search_corp_hyd,search_generic,Chennai,35.67,142,4,4,2,1,1,1299
2026-07-04,vrs26_gads_search_brand_natl,search_brand,Mumbai,1841.19,7017,192,192,32,12,7,7693
2026-07-04,vrs26_gads_search_brand_natl,search_brand,Delhi NCR,1556.55,5735,122,122,27,9,5,6395
2026-07-04,vrs26_gads_search_brand_natl,search_brand,Bengaluru,1295.67,4317,85,85,11,6,2,7298
2026-07-04,vrs26_gads_search_brand_natl,search_brand,Hyderabad,811.46,3362,77,77,14,3,3,8097
2026-07-04,vrs26_gads_search_brand_natl,search_brand,Pune,635.5,2402,51,51,13,7,2,7798
2026-07-04,vrs26_gads_search_brand_natl,search_brand,Chennai,567.59,2164,49,49,10,4,3,4797
2026-07-04,vrs26_gads_search_generic_marathon_natl,search_generic,Mumbai,2160.73,8267,167,167,23,7,4,12096
2026-07-04,vrs26_gads_search_generic_marathon_natl,search_generic,Delhi NCR,2161.42,8365,175,175,16,8,5,8395
2026-07-04,vrs26_gads_search_generic_marathon_natl,search_generic,Bengaluru,1765.34,7335,159,159,29,12,7,10292
2026-07-04,vrs26_gads_search_generic_marathon_natl,search_generic,Hyderabad,1675.74,6309,118,118,19,9,5,5195
2026-07-04,vrs26_gads_search_generic_marathon_natl,search_generic,Pune,1167.86,4276,87,87,14,3,2,3998
2026-07-04,vrs26_gads_search_generic_marathon_natl,search_generic,Chennai,872.84,3254,69,69,11,3,1,4998
2026-07-04,vrs26_gads_search_generic_10k_natl,search_generic,Mumbai,1431.85,5842,135,135,19,14,9,21089
2026-07-04,vrs26_gads_search_generic_10k_natl,search_generic,Delhi NCR,1433.2,5831,90,90,11,5,3,3397
2026-07-04,vrs26_gads_search_generic_10k_natl,search_generic,Bengaluru,1374.14,5196,88,88,15,6,4,9096
2026-07-04,vrs26_gads_search_generic_10k_natl,search_generic,Hyderabad,859.28,3369,78,78,8,1,1,499
2026-07-04,vrs26_gads_search_generic_10k_natl,search_generic,Pune,562.93,2181,36,36,7,2,2,2098
2026-07-04,vrs26_gads_search_generic_10k_natl,search_generic,Chennai,530.55,2025,46,46,5,2,1,1598
2026-07-04,vrs26_gads_pmax_all_natl,pmax,Mumbai,2323.58,8406,170,170,28,10,5,7095
2026-07-04,vrs26_gads_pmax_all_natl,pmax,Delhi NCR,2216.26,7844,181,181,22,9,6,11094
2026-07-04,vrs26_gads_pmax_all_natl,pmax,Bengaluru,1883,6454,158,158,11,5,3,4797
2026-07-04,vrs26_gads_pmax_all_natl,pmax,Hyderabad,1373.46,5438,158,158,24,11,7,14193
2026-07-04,vrs26_gads_pmax_all_natl,pmax,Pune,980.34,3661,59,59,4,1,0,0
2026-07-04,vrs26_gads_pmax_all_natl,pmax,Chennai,640.28,2426,54,54,1,1,0,0
2026-07-04,vrs26_gads_pmax_mum,pmax,Mumbai,4234.95,15267,274,274,36,14,9,32590
2026-07-04,vrs26_gads_pmax_mum,pmax,Delhi NCR,260.66,1090,23,23,10,3,1,1299
2026-07-04,vrs26_gads_pmax_mum,pmax,Bengaluru,187.61,768,9,9,1,0,0,0
2026-07-04,vrs26_gads_pmax_mum,pmax,Hyderabad,141.99,514,15,15,2,1,1,2999
2026-07-04,vrs26_gads_pmax_mum,pmax,Pune,108.47,362,9,9,0,0,0,0
2026-07-04,vrs26_gads_pmax_mum,pmax,Chennai,97.29,320,6,6,1,0,0,0
2026-07-04,vrs26_gads_pmax_blr,pmax,Mumbai,303.41,1048,39,39,5,2,2,1598
2026-07-04,vrs26_gads_pmax_blr,pmax,Delhi NCR,178.67,637,9,9,0,0,0,0
2026-07-04,vrs26_gads_pmax_blr,pmax,Bengaluru,3594.05,13410,266,266,30,11,5,6695
2026-07-04,vrs26_gads_pmax_blr,pmax,Hyderabad,121.23,529,6,6,2,0,0,0
2026-07-04,vrs26_gads_pmax_blr,pmax,Pune,101.19,331,10,10,1,0,0,0
2026-07-04,vrs26_gads_pmax_blr,pmax,Chennai,87.43,340,7,7,0,0,0,0
2026-07-04,vrs26_gads_display_remarketing_natl,display,Mumbai,1082.05,4313,76,76,6,3,2,2798
2026-07-04,vrs26_gads_display_remarketing_natl,display,Delhi NCR,1036.47,4010,93,93,9,2,1,6998
2026-07-04,vrs26_gads_display_remarketing_natl,display,Bengaluru,1041.87,3437,53,53,2,1,0,0
2026-07-04,vrs26_gads_display_remarketing_natl,display,Hyderabad,703.8,3103,75,75,7,1,0,0
2026-07-04,vrs26_gads_display_remarketing_natl,display,Pune,481.45,1984,20,20,0,0,0,0
2026-07-04,vrs26_gads_display_remarketing_natl,display,Chennai,298.32,1158,16,16,1,0,0,0
2026-07-04,vrs26_gads_yt_instream_natl,youtube,Mumbai,1483.29,6337,123,123,8,2,0,0
2026-07-04,vrs26_gads_yt_instream_natl,youtube,Delhi NCR,1230.26,4809,78,78,4,2,1,1999
2026-07-04,vrs26_gads_yt_instream_natl,youtube,Bengaluru,1176.59,4326,85,85,5,1,1,2499
2026-07-04,vrs26_gads_yt_instream_natl,youtube,Hyderabad,745.96,2438,46,46,2,0,0,0
2026-07-04,vrs26_gads_yt_instream_natl,youtube,Pune,634.83,2732,55,55,4,3,2,3497
2026-07-04,vrs26_gads_yt_instream_natl,youtube,Chennai,405.02,1332,32,32,5,2,1,799
2026-07-04,vrs26_gads_yt_shorts_natl,youtube,Mumbai,995.29,4006,97,97,4,1,0,0
2026-07-04,vrs26_gads_yt_shorts_natl,youtube,Delhi NCR,687.62,2722,59,59,6,2,1,1299
2026-07-04,vrs26_gads_yt_shorts_natl,youtube,Bengaluru,725.84,2702,65,65,4,3,3,7497
2026-07-04,vrs26_gads_yt_shorts_natl,youtube,Hyderabad,537.52,2242,45,45,5,3,1,799
2026-07-04,vrs26_gads_yt_shorts_natl,youtube,Pune,367.5,1474,31,31,1,1,0,0
2026-07-04,vrs26_gads_yt_shorts_natl,youtube,Chennai,298.19,979,14,14,0,0,0,0
2026-07-04,vrs26_gads_search_competitor_natl,search_generic,Mumbai,760.58,2909,58,58,5,2,1,2999
2026-07-04,vrs26_gads_search_competitor_natl,search_generic,Delhi NCR,581.45,2238,40,40,7,2,0,0
2026-07-04,vrs26_gads_search_competitor_natl,search_generic,Bengaluru,642.73,2344,64,64,5,2,2,2798
2026-07-04,vrs26_gads_search_competitor_natl,search_generic,Hyderabad,460.66,1727,30,30,1,0,0,0
2026-07-04,vrs26_gads_search_competitor_natl,search_generic,Pune,366.73,1447,34,34,4,2,2,2598
2026-07-04,vrs26_gads_search_competitor_natl,search_generic,Chennai,283.83,1026,8,8,1,0,0,0
2026-07-04,vrs26_gads_discovery_feed_natl,discovery,Mumbai,832.83,3225,78,78,9,3,1,1999
2026-07-04,vrs26_gads_discovery_feed_natl,discovery,Delhi NCR,802.12,3039,67,67,3,1,1,499
2026-07-04,vrs26_gads_discovery_feed_natl,discovery,Bengaluru,708.11,2970,80,80,3,1,1,1999
2026-07-04,vrs26_gads_discovery_feed_natl,discovery,Hyderabad,497.51,1871,34,34,2,1,0,0
2026-07-04,vrs26_gads_discovery_feed_natl,discovery,Pune,374.95,1463,41,41,8,3,1,6499
2026-07-04,vrs26_gads_discovery_feed_natl,discovery,Chennai,267.46,1018,23,23,1,0,0,0
2026-07-04,vrs26_gads_search_corp_hyd,search_generic,Mumbai,154.88,622,10,10,1,1,0,0
2026-07-04,vrs26_gads_search_corp_hyd,search_generic,Delhi NCR,147.08,548,20,20,2,0,0,0
2026-07-04,vrs26_gads_search_corp_hyd,search_generic,Bengaluru,129.64,482,9,9,1,0,0,0
2026-07-04,vrs26_gads_search_corp_hyd,search_generic,Hyderabad,1893.49,8450,170,170,11,6,5,9394
2026-07-04,vrs26_gads_search_corp_hyd,search_generic,Pune,71.16,261,4,4,1,1,0,0
2026-07-04,vrs26_gads_search_corp_hyd,search_generic,Chennai,54.73,223,2,2,1,0,0,0
2026-07-05,vrs26_gads_search_brand_natl,search_brand,Mumbai,1347.8,4915,106,106,25,12,7,12193
2026-07-05,vrs26_gads_search_brand_natl,search_brand,Delhi NCR,916,3331,74,74,13,3,2,3798
2026-07-05,vrs26_gads_search_brand_natl,search_brand,Bengaluru,1051.62,4001,104,104,23,10,9,12090
2026-07-05,vrs26_gads_search_brand_natl,search_brand,Hyderabad,683.42,2880,57,57,8,1,1,1299
2026-07-05,vrs26_gads_search_brand_natl,search_brand,Pune,532.31,2133,45,45,8,1,0,0
2026-07-05,vrs26_gads_search_brand_natl,search_brand,Chennai,457.2,1993,36,36,10,2,1,1299
2026-07-05,vrs26_gads_search_generic_marathon_natl,search_generic,Mumbai,1770.26,7340,141,141,22,4,3,3597
2026-07-05,vrs26_gads_search_generic_marathon_natl,search_generic,Delhi NCR,1467.49,6039,93,93,12,2,2,3798
2026-07-05,vrs26_gads_search_generic_marathon_natl,search_generic,Bengaluru,1727.18,6091,137,137,18,9,3,6497
2026-07-05,vrs26_gads_search_generic_marathon_natl,search_generic,Hyderabad,1075.41,4130,92,92,15,6,4,18795
2026-07-05,vrs26_gads_search_generic_marathon_natl,search_generic,Pune,701.62,3101,51,51,8,3,2,3798
2026-07-05,vrs26_gads_search_generic_marathon_natl,search_generic,Chennai,548.69,2349,54,54,10,3,2,1598
2026-07-05,vrs26_gads_search_generic_10k_natl,search_generic,Mumbai,1169.71,5051,112,112,17,4,4,7396
2026-07-05,vrs26_gads_search_generic_10k_natl,search_generic,Delhi NCR,1105.56,5099,78,78,12,7,5,8594
2026-07-05,vrs26_gads_search_generic_10k_natl,search_generic,Bengaluru,936.73,3875,80,80,10,5,2,1798
2026-07-05,vrs26_gads_search_generic_10k_natl,search_generic,Hyderabad,571.81,2846,46,46,8,4,1,799
2026-07-05,vrs26_gads_search_generic_10k_natl,search_generic,Pune,416.28,1590,18,18,1,0,0,0
2026-07-05,vrs26_gads_search_generic_10k_natl,search_generic,Chennai,404.54,1803,51,51,9,1,1,799
2026-07-05,vrs26_gads_pmax_all_natl,pmax,Mumbai,1678.09,7222,133,133,13,5,1,6499
2026-07-05,vrs26_gads_pmax_all_natl,pmax,Delhi NCR,1323.97,5733,114,114,16,8,6,6994
2026-07-05,vrs26_gads_pmax_all_natl,pmax,Bengaluru,1621.2,7866,188,188,21,9,6,9094
2026-07-05,vrs26_gads_pmax_all_natl,pmax,Hyderabad,935.7,3781,64,64,8,4,3,4497
2026-07-05,vrs26_gads_pmax_all_natl,pmax,Pune,848.52,3257,53,53,5,1,0,0
2026-07-05,vrs26_gads_pmax_all_natl,pmax,Chennai,595.38,2398,57,57,7,3,1,6499
2026-07-05,vrs26_gads_pmax_mum,pmax,Mumbai,3132.54,13750,302,302,34,14,9,14991
2026-07-05,vrs26_gads_pmax_mum,pmax,Delhi NCR,156.33,658,15,15,2,0,0,0
2026-07-05,vrs26_gads_pmax_mum,pmax,Bengaluru,190.04,872,22,22,3,2,1,799
2026-07-05,vrs26_gads_pmax_mum,pmax,Hyderabad,113.45,532,11,11,2,1,1,499
2026-07-05,vrs26_gads_pmax_mum,pmax,Pune,75.33,312,8,8,0,0,0,0
2026-07-05,vrs26_gads_pmax_mum,pmax,Chennai,73.57,318,4,4,1,0,0,0
2026-07-05,vrs26_gads_pmax_blr,pmax,Mumbai,189.66,799,12,12,1,0,0,0
2026-07-05,vrs26_gads_pmax_blr,pmax,Delhi NCR,182.09,849,23,23,3,1,0,0
2026-07-05,vrs26_gads_pmax_blr,pmax,Bengaluru,2654.35,11915,292,292,42,22,13,38885
2026-07-05,vrs26_gads_pmax_blr,pmax,Hyderabad,110.9,424,5,5,0,0,0,0
2026-07-05,vrs26_gads_pmax_blr,pmax,Pune,65.13,278,4,4,1,0,0,0
2026-07-05,vrs26_gads_pmax_blr,pmax,Chennai,59.47,242,7,7,1,1,1,799
2026-07-05,vrs26_gads_display_remarketing_natl,display,Mumbai,870.55,3732,75,75,4,2,1,1299
2026-07-05,vrs26_gads_display_remarketing_natl,display,Delhi NCR,710.13,2902,51,51,5,1,1,1999
2026-07-05,vrs26_gads_display_remarketing_natl,display,Bengaluru,720.87,3438,79,79,5,3,2,7298
2026-07-05,vrs26_gads_display_remarketing_natl,display,Hyderabad,522.69,2275,60,60,3,1,1,1598
2026-07-05,vrs26_gads_display_remarketing_natl,display,Pune,352.88,1606,36,36,4,1,1,1999
2026-07-05,vrs26_gads_display_remarketing_natl,display,Chennai,276.33,1085,24,24,0,0,0,0
2026-07-05,vrs26_gads_yt_instream_natl,youtube,Mumbai,1033.5,4165,78,78,3,0,0,0
2026-07-05,vrs26_gads_yt_instream_natl,youtube,Delhi NCR,955.96,3870,95,95,7,0,0,0
2026-07-05,vrs26_gads_yt_instream_natl,youtube,Bengaluru,929.23,3708,86,86,7,2,2,3498
2026-07-05,vrs26_gads_yt_instream_natl,youtube,Hyderabad,593.06,2373,42,42,3,1,0,0
2026-07-05,vrs26_gads_yt_instream_natl,youtube,Pune,400.86,1608,39,39,5,1,1,1299
2026-07-05,vrs26_gads_yt_instream_natl,youtube,Chennai,308.3,1235,23,23,0,0,0,0
2026-07-05,vrs26_gads_yt_shorts_natl,youtube,Mumbai,573.41,2551,58,58,2,2,1,799
2026-07-05,vrs26_gads_yt_shorts_natl,youtube,Delhi NCR,604.59,2547,67,67,3,1,0,0
2026-07-05,vrs26_gads_yt_shorts_natl,youtube,Bengaluru,629.76,2775,83,83,10,2,1,3499
2026-07-05,vrs26_gads_yt_shorts_natl,youtube,Hyderabad,415.59,1610,45,45,4,1,1,1999
2026-07-05,vrs26_gads_yt_shorts_natl,youtube,Pune,285.16,1174,22,22,1,0,0,0
2026-07-05,vrs26_gads_yt_shorts_natl,youtube,Chennai,177.53,768,10,10,2,0,0,0
2026-07-05,vrs26_gads_search_competitor_natl,search_generic,Mumbai,553.16,2595,65,65,8,1,1,799
2026-07-05,vrs26_gads_search_competitor_natl,search_generic,Delhi NCR,537.04,2352,61,61,7,1,1,1598
2026-07-05,vrs26_gads_search_competitor_natl,search_generic,Bengaluru,468.47,1827,47,47,2,0,0,0
2026-07-05,vrs26_gads_search_competitor_natl,search_generic,Hyderabad,328.21,1431,33,33,3,0,0,0
2026-07-05,vrs26_gads_search_competitor_natl,search_generic,Pune,205,868,24,24,0,0,0,0
2026-07-05,vrs26_gads_search_competitor_natl,search_generic,Chennai,210.43,856,20,20,2,1,1,799
2026-07-05,vrs26_gads_discovery_feed_natl,discovery,Mumbai,616.34,2718,66,66,8,3,1,799
2026-07-05,vrs26_gads_discovery_feed_natl,discovery,Delhi NCR,576.19,2202,38,38,7,5,5,9295
2026-07-05,vrs26_gads_discovery_feed_natl,discovery,Bengaluru,584.45,2648,60,60,4,2,2,8498
2026-07-05,vrs26_gads_discovery_feed_natl,discovery,Hyderabad,349.43,1633,30,30,3,1,1,2999
2026-07-05,vrs26_gads_discovery_feed_natl,discovery,Pune,252.61,1058,24,24,4,1,1,799
2026-07-05,vrs26_gads_discovery_feed_natl,discovery,Chennai,211.07,881,11,11,1,0,0,0
2026-07-05,vrs26_gads_search_corp_hyd,search_generic,Mumbai,103.72,494,7,7,1,1,0,0
2026-07-05,vrs26_gads_search_corp_hyd,search_generic,Delhi NCR,89.45,360,5,5,0,0,0,0
2026-07-05,vrs26_gads_search_corp_hyd,search_generic,Bengaluru,74.11,314,8,8,1,1,1,1299
2026-07-05,vrs26_gads_search_corp_hyd,search_generic,Hyderabad,1482.55,5518,115,115,9,2,1,2999
2026-07-05,vrs26_gads_search_corp_hyd,search_generic,Pune,45.34,193,4,4,1,1,0,0
2026-07-05,vrs26_gads_search_corp_hyd,search_generic,Chennai,27.49,99,1,1,0,0,0,0
2026-07-06,vrs26_gads_search_brand_natl,search_brand,Mumbai,1539.42,5782,126,126,34,18,11,20689
2026-07-06,vrs26_gads_search_brand_natl,search_brand,Delhi NCR,1296.3,4155,84,84,16,6,4,6396
2026-07-06,vrs26_gads_search_brand_natl,search_brand,Bengaluru,1310.83,5258,87,87,19,7,3,3397
2026-07-06,vrs26_gads_search_brand_natl,search_brand,Hyderabad,841.27,2776,61,61,15,9,3,2897
2026-07-06,vrs26_gads_search_brand_natl,search_brand,Pune,682.22,2201,57,57,15,4,2,6998
2026-07-06,vrs26_gads_search_brand_natl,search_brand,Chennai,572.34,2195,51,51,17,8,6,3894
2026-07-06,vrs26_gads_search_generic_marathon_natl,search_generic,Mumbai,2616.32,9917,220,220,21,9,3,2897
2026-07-06,vrs26_gads_search_generic_marathon_natl,search_generic,Delhi NCR,1765,7021,150,150,33,10,6,9693
2026-07-06,vrs26_gads_search_generic_marathon_natl,search_generic,Bengaluru,1712.68,7387,163,163,26,11,9,14191
2026-07-06,vrs26_gads_search_generic_marathon_natl,search_generic,Hyderabad,1300.51,4656,119,119,22,5,3,2897
2026-07-06,vrs26_gads_search_generic_marathon_natl,search_generic,Pune,992.86,3949,101,101,20,8,3,3597
2026-07-06,vrs26_gads_search_generic_marathon_natl,search_generic,Chennai,736.12,3211,42,42,9,1,0,0
2026-07-06,vrs26_gads_search_generic_10k_natl,search_generic,Mumbai,1648.96,6765,144,144,21,5,3,3995
2026-07-06,vrs26_gads_search_generic_10k_natl,search_generic,Delhi NCR,1266.45,5112,99,99,11,6,2,4998
2026-07-06,vrs26_gads_search_generic_10k_natl,search_generic,Bengaluru,1151.03,4228,73,73,8,2,1,2999
2026-07-06,vrs26_gads_search_generic_10k_natl,search_generic,Hyderabad,753.35,2989,64,64,7,2,2,4298
2026-07-06,vrs26_gads_search_generic_10k_natl,search_generic,Pune,516.94,1876,53,53,9,3,1,1299
2026-07-06,vrs26_gads_search_generic_10k_natl,search_generic,Chennai,425.48,1507,23,23,1,1,1,799
2026-07-06,vrs26_gads_pmax_all_natl,pmax,Mumbai,2285.33,8552,181,181,20,3,1,1598
2026-07-06,vrs26_gads_pmax_all_natl,pmax,Delhi NCR,2169.47,8643,219,219,20,8,5,5294
2026-07-06,vrs26_gads_pmax_all_natl,pmax,Bengaluru,1409.81,5404,107,107,11,6,4,2896
2026-07-06,vrs26_gads_pmax_all_natl,pmax,Hyderabad,1151.49,4211,76,76,5,1,1,3499
2026-07-06,vrs26_gads_pmax_all_natl,pmax,Pune,1045.07,4150,85,85,13,6,3,6797
2026-07-06,vrs26_gads_pmax_all_natl,pmax,Chennai,702.17,2517,66,66,7,4,2,2798
2026-07-06,vrs26_gads_pmax_mum,pmax,Mumbai,3922.72,14189,332,332,30,13,6,11094
2026-07-06,vrs26_gads_pmax_mum,pmax,Delhi NCR,176.16,634,13,13,1,0,0,0
2026-07-06,vrs26_gads_pmax_mum,pmax,Bengaluru,247.69,947,12,12,1,0,0,0
2026-07-06,vrs26_gads_pmax_mum,pmax,Hyderabad,141.75,583,10,10,0,0,0,0
2026-07-06,vrs26_gads_pmax_mum,pmax,Pune,115.16,441,7,7,0,0,0,0
2026-07-06,vrs26_gads_pmax_mum,pmax,Chennai,78.3,298,2,2,0,0,0,0
2026-07-06,vrs26_gads_pmax_blr,pmax,Mumbai,259.98,955,20,20,1,1,0,0
2026-07-06,vrs26_gads_pmax_blr,pmax,Delhi NCR,206.96,785,8,8,1,1,0,0
2026-07-06,vrs26_gads_pmax_blr,pmax,Bengaluru,3306.18,12385,299,299,38,14,8,12392
2026-07-06,vrs26_gads_pmax_blr,pmax,Hyderabad,120.33,434,8,8,1,0,0,0
2026-07-06,vrs26_gads_pmax_blr,pmax,Pune,103.87,391,12,12,0,0,0,0
2026-07-06,vrs26_gads_pmax_blr,pmax,Chennai,84.24,319,3,3,0,0,0,0
2026-07-06,vrs26_gads_display_remarketing_natl,display,Mumbai,998.26,3895,83,83,6,3,2,3798
2026-07-06,vrs26_gads_display_remarketing_natl,display,Delhi NCR,977.67,3943,54,54,5,1,0,0
2026-07-06,vrs26_gads_display_remarketing_natl,display,Bengaluru,872.6,3437,68,68,4,2,1,2499
2026-07-06,vrs26_gads_display_remarketing_natl,display,Hyderabad,737.52,2838,64,64,4,0,0,0
2026-07-06,vrs26_gads_display_remarketing_natl,display,Pune,384.5,1384,36,36,2,0,0,0
2026-07-06,vrs26_gads_display_remarketing_natl,display,Chennai,351.09,1474,35,35,4,1,1,2499
2026-07-06,vrs26_gads_yt_instream_natl,youtube,Mumbai,1490.09,5970,121,121,6,1,0,0
2026-07-06,vrs26_gads_yt_instream_natl,youtube,Delhi NCR,1191.58,4571,93,93,6,1,1,799
2026-07-06,vrs26_gads_yt_instream_natl,youtube,Bengaluru,1034.19,4298,96,96,12,7,3,6796
2026-07-06,vrs26_gads_yt_instream_natl,youtube,Hyderabad,694.27,3018,69,69,7,2,2,2098
2026-07-06,vrs26_gads_yt_instream_natl,youtube,Pune,501.71,1922,30,30,3,1,1,2999
2026-07-06,vrs26_gads_yt_instream_natl,youtube,Chennai,370.19,1325,30,30,3,1,0,0
2026-07-06,vrs26_gads_yt_shorts_natl,youtube,Mumbai,785.87,3100,53,53,5,4,3,7497
2026-07-06,vrs26_gads_yt_shorts_natl,youtube,Delhi NCR,779.55,2634,71,71,5,2,1,1299
2026-07-06,vrs26_gads_yt_shorts_natl,youtube,Bengaluru,692.74,2939,74,74,7,3,2,3998
2026-07-06,vrs26_gads_yt_shorts_natl,youtube,Hyderabad,437.74,1648,36,36,4,1,1,2598
2026-07-06,vrs26_gads_yt_shorts_natl,youtube,Pune,418.89,1461,25,25,2,1,0,0
2026-07-06,vrs26_gads_yt_shorts_natl,youtube,Chennai,246.49,1014,24,24,4,3,0,0
2026-07-06,vrs26_gads_search_competitor_natl,search_generic,Mumbai,716.08,2858,52,52,4,1,1,799
2026-07-06,vrs26_gads_search_competitor_natl,search_generic,Delhi NCR,615.04,2471,49,49,5,1,1,1999
2026-07-06,vrs26_gads_search_competitor_natl,search_generic,Bengaluru,611.61,2298,62,62,3,3,1,1299
2026-07-06,vrs26_gads_search_competitor_natl,search_generic,Hyderabad,448.35,1775,40,40,3,1,1,799
2026-07-06,vrs26_gads_search_competitor_natl,search_generic,Pune,272.33,1048,20,20,4,2,2,1598
2026-07-06,vrs26_gads_search_competitor_natl,search_generic,Chennai,217.69,918,29,29,5,1,0,0
2026-07-06,vrs26_gads_discovery_feed_natl,discovery,Mumbai,796.23,3080,70,70,6,2,0,0
2026-07-06,vrs26_gads_discovery_feed_natl,discovery,Delhi NCR,666.44,2739,65,65,5,4,4,7596
2026-07-06,vrs26_gads_discovery_feed_natl,discovery,Bengaluru,667.83,2695,63,63,9,3,3,4097
2026-07-06,vrs26_gads_discovery_feed_natl,discovery,Hyderabad,520.89,1877,56,56,5,3,0,0
2026-07-06,vrs26_gads_discovery_feed_natl,discovery,Pune,342.32,1283,28,28,4,0,0,0
2026-07-06,vrs26_gads_discovery_feed_natl,discovery,Chennai,247.53,999,21,21,4,2,1,3499
2026-07-06,vrs26_gads_search_corp_hyd,search_generic,Mumbai,122.51,418,12,12,1,0,0,0
2026-07-06,vrs26_gads_search_corp_hyd,search_generic,Delhi NCR,103.21,360,13,13,1,0,0,0
2026-07-06,vrs26_gads_search_corp_hyd,search_generic,Bengaluru,76.33,325,5,5,0,0,0,0
2026-07-06,vrs26_gads_search_corp_hyd,search_generic,Hyderabad,1884.75,6298,144,144,26,12,7,22793
2026-07-06,vrs26_gads_search_corp_hyd,search_generic,Pune,49.32,213,2,2,0,0,0,0
2026-07-06,vrs26_gads_search_corp_hyd,search_generic,Chennai,44.76,169,4,4,0,0,0,0
2026-07-07,vrs26_gads_search_brand_natl,search_brand,Mumbai,1484.24,5393,130,130,34,21,13,20985
2026-07-07,vrs26_gads_search_brand_natl,search_brand,Delhi NCR,1058.55,4734,75,75,15,9,8,12692
2026-07-07,vrs26_gads_search_brand_natl,search_brand,Bengaluru,1175.02,4558,104,104,20,8,5,4195
2026-07-07,vrs26_gads_search_brand_natl,search_brand,Hyderabad,868.94,3484,71,71,17,10,7,10893
2026-07-07,vrs26_gads_search_brand_natl,search_brand,Pune,557.42,2204,51,51,9,7,6,18294
2026-07-07,vrs26_gads_search_brand_natl,search_brand,Chennai,503.23,2080,47,47,17,6,3,9797
2026-07-07,vrs26_gads_search_generic_marathon_natl,search_generic,Mumbai,1715.97,7253,146,146,20,10,3,3397
2026-07-07,vrs26_gads_search_generic_marathon_natl,search_generic,Delhi NCR,2071.71,8301,200,200,45,18,11,20489
2026-07-07,vrs26_gads_search_generic_marathon_natl,search_generic,Bengaluru,1657.02,6633,133,133,19,8,2,4597
2026-07-07,vrs26_gads_search_generic_marathon_natl,search_generic,Hyderabad,1226.15,4770,125,125,19,7,3,9297
2026-07-07,vrs26_gads_search_generic_marathon_natl,search_generic,Pune,843.2,3138,76,76,2,0,0,0
2026-07-07,vrs26_gads_search_generic_marathon_natl,search_generic,Chennai,739.87,3182,62,62,4,0,0,0
2026-07-07,vrs26_gads_search_generic_10k_natl,search_generic,Mumbai,1383.98,5457,121,121,14,7,2,6998
2026-07-07,vrs26_gads_search_generic_10k_natl,search_generic,Delhi NCR,1093.96,4948,124,124,14,6,5,4495
2026-07-07,vrs26_gads_search_generic_10k_natl,search_generic,Bengaluru,974.54,3704,86,86,12,8,4,4395
2026-07-07,vrs26_gads_search_generic_10k_natl,search_generic,Hyderabad,862.51,3699,86,86,11,4,2,3998
2026-07-07,vrs26_gads_search_generic_10k_natl,search_generic,Pune,507.84,2081,48,48,6,1,1,2598
2026-07-07,vrs26_gads_search_generic_10k_natl,search_generic,Chennai,390.15,1325,28,28,6,2,1,3499
2026-07-07,vrs26_gads_pmax_all_natl,pmax,Mumbai,1994.78,8462,158,158,23,10,9,13190
2026-07-07,vrs26_gads_pmax_all_natl,pmax,Delhi NCR,1753.31,7401,112,112,11,5,3,2897
2026-07-07,vrs26_gads_pmax_all_natl,pmax,Bengaluru,1579.27,7181,173,173,22,11,5,6894
2026-07-07,vrs26_gads_pmax_all_natl,pmax,Hyderabad,1274.09,5339,105,105,12,6,3,4297
2026-07-07,vrs26_gads_pmax_all_natl,pmax,Pune,761.2,3467,67,67,6,2,2,5997
2026-07-07,vrs26_gads_pmax_all_natl,pmax,Chennai,565.44,2295,74,74,9,4,3,10997
2026-07-07,vrs26_gads_pmax_mum,pmax,Mumbai,3552.1,14401,326,326,57,22,12,15088
2026-07-07,vrs26_gads_pmax_mum,pmax,Delhi NCR,170.31,692,17,17,1,0,0,0
2026-07-07,vrs26_gads_pmax_mum,pmax,Bengaluru,180.4,679,8,8,0,0,0,0
2026-07-07,vrs26_gads_pmax_mum,pmax,Hyderabad,139.37,576,9,9,1,1,1,799
2026-07-07,vrs26_gads_pmax_mum,pmax,Pune,124.95,492,5,5,0,0,0,0
2026-07-07,vrs26_gads_pmax_mum,pmax,Chennai,68.43,301,6,6,1,0,0,0
2026-07-07,vrs26_gads_pmax_blr,pmax,Mumbai,267.17,1150,27,27,2,0,0,0
2026-07-07,vrs26_gads_pmax_blr,pmax,Delhi NCR,173.64,694,23,23,6,2,2,2798
2026-07-07,vrs26_gads_pmax_blr,pmax,Bengaluru,2953.27,11899,277,277,37,16,13,30585
2026-07-07,vrs26_gads_pmax_blr,pmax,Hyderabad,129.72,520,13,13,1,0,0,0
2026-07-07,vrs26_gads_pmax_blr,pmax,Pune,95.44,391,9,9,0,0,0,0
2026-07-07,vrs26_gads_pmax_blr,pmax,Chennai,73.29,316,4,4,0,0,0,0
2026-07-07,vrs26_gads_display_remarketing_natl,display,Mumbai,983.63,4323,66,66,7,2,2,6596
2026-07-07,vrs26_gads_display_remarketing_natl,display,Delhi NCR,793.4,3112,57,57,7,1,1,1999
2026-07-07,vrs26_gads_display_remarketing_natl,display,Bengaluru,808.59,3141,87,87,6,1,0,0
2026-07-07,vrs26_gads_display_remarketing_natl,display,Hyderabad,599.45,2340,52,52,2,1,1,6499
2026-07-07,vrs26_gads_display_remarketing_natl,display,Pune,375.27,1443,25,25,4,1,1,1299
2026-07-07,vrs26_gads_display_remarketing_natl,display,Chennai,349.41,1441,34,34,1,0,0,0
2026-07-07,vrs26_gads_yt_instream_natl,youtube,Mumbai,1141.8,4524,75,75,6,0,0,0
2026-07-07,vrs26_gads_yt_instream_natl,youtube,Delhi NCR,953.32,4129,107,107,10,2,1,2598
2026-07-07,vrs26_gads_yt_instream_natl,youtube,Bengaluru,1058.03,4091,78,78,3,1,0,0
2026-07-07,vrs26_gads_yt_instream_natl,youtube,Hyderabad,726,3255,60,60,3,0,0,0
2026-07-07,vrs26_gads_yt_instream_natl,youtube,Pune,469.65,1744,32,32,1,1,1,3499
2026-07-07,vrs26_gads_yt_instream_natl,youtube,Chennai,429.78,1765,27,27,5,3,2,1298
2026-07-07,vrs26_gads_yt_shorts_natl,youtube,Mumbai,731.3,3136,66,66,2,2,0,0
2026-07-07,vrs26_gads_yt_shorts_natl,youtube,Delhi NCR,735.18,2924,72,72,7,1,1,3499
2026-07-07,vrs26_gads_yt_shorts_natl,youtube,Bengaluru,596.8,2664,47,47,4,1,1,1299
2026-07-07,vrs26_gads_yt_shorts_natl,youtube,Hyderabad,420.55,1603,30,30,2,1,0,0
2026-07-07,vrs26_gads_yt_shorts_natl,youtube,Pune,304.87,1216,28,28,1,0,0,0
2026-07-07,vrs26_gads_yt_shorts_natl,youtube,Chennai,252.22,940,21,21,1,0,0,0
2026-07-07,vrs26_gads_search_competitor_natl,search_generic,Mumbai,693.04,2639,42,42,3,2,2,1798
2026-07-07,vrs26_gads_search_competitor_natl,search_generic,Delhi NCR,556.77,2334,47,47,4,1,1,799
2026-07-07,vrs26_gads_search_competitor_natl,search_generic,Bengaluru,526.84,1970,57,57,8,0,0,0
2026-07-07,vrs26_gads_search_competitor_natl,search_generic,Hyderabad,374.17,1607,23,23,1,0,0,0
2026-07-07,vrs26_gads_search_competitor_natl,search_generic,Pune,252.01,818,23,23,2,1,1,799
2026-07-07,vrs26_gads_search_competitor_natl,search_generic,Chennai,203.66,811,20,20,1,1,1,799
2026-07-07,vrs26_gads_discovery_feed_natl,discovery,Mumbai,846.57,3297,99,99,3,1,0,0
2026-07-07,vrs26_gads_discovery_feed_natl,discovery,Delhi NCR,625.44,2150,51,51,6,3,1,2598
2026-07-07,vrs26_gads_discovery_feed_natl,discovery,Bengaluru,538.43,2048,46,46,3,1,1,1999
2026-07-07,vrs26_gads_discovery_feed_natl,discovery,Hyderabad,431.67,1894,45,45,5,4,2,3397
2026-07-07,vrs26_gads_discovery_feed_natl,discovery,Pune,236.05,974,25,25,2,2,0,0
2026-07-07,vrs26_gads_discovery_feed_natl,discovery,Chennai,254.15,1057,30,30,4,1,0,0
2026-07-07,vrs26_gads_search_corp_hyd,search_generic,Mumbai,108.12,450,12,12,2,1,1,799
2026-07-07,vrs26_gads_search_corp_hyd,search_generic,Delhi NCR,104.06,436,7,7,0,0,0,0
2026-07-07,vrs26_gads_search_corp_hyd,search_generic,Bengaluru,99.01,373,11,11,2,1,1,799
2026-07-07,vrs26_gads_search_corp_hyd,search_generic,Hyderabad,1678.39,6738,126,126,9,5,2,2798
2026-07-07,vrs26_gads_search_corp_hyd,search_generic,Pune,40.24,165,0,0,0,0,0,0
2026-07-07,vrs26_gads_search_corp_hyd,search_generic,Chennai,33.66,140,1,1,1,0,0,0
2026-07-08,vrs26_gads_search_brand_natl,search_brand,Mumbai,1239.67,4398,69,69,14,6,5,8395
2026-07-08,vrs26_gads_search_brand_natl,search_brand,Delhi NCR,949.8,4615,110,110,22,10,6,4994
2026-07-08,vrs26_gads_search_brand_natl,search_brand,Bengaluru,864.8,4365,77,77,18,10,8,18592
2026-07-08,vrs26_gads_search_brand_natl,search_brand,Hyderabad,680.51,3125,76,76,23,10,7,12492
2026-07-08,vrs26_gads_search_brand_natl,search_brand,Pune,385.43,1587,31,31,9,4,4,5896
2026-07-08,vrs26_gads_search_brand_natl,search_brand,Chennai,306.9,1257,20,20,4,1,0,0
2026-07-08,vrs26_gads_search_generic_marathon_natl,search_generic,Mumbai,1813.9,8407,168,168,22,12,7,14393
2026-07-08,vrs26_gads_search_generic_marathon_natl,search_generic,Delhi NCR,1491.83,6460,126,126,20,7,2,1298
2026-07-08,vrs26_gads_search_generic_marathon_natl,search_generic,Bengaluru,1022.96,4694,107,107,6,3,1,1999
2026-07-08,vrs26_gads_search_generic_marathon_natl,search_generic,Hyderabad,1005.36,4100,76,76,11,5,3,5997
2026-07-08,vrs26_gads_search_generic_marathon_natl,search_generic,Pune,620.83,2978,50,50,8,4,2,1598
2026-07-08,vrs26_gads_search_generic_marathon_natl,search_generic,Chennai,515.5,2428,38,38,4,0,0,0
2026-07-08,vrs26_gads_search_generic_10k_natl,search_generic,Mumbai,1172.31,5360,136,136,17,2,2,4298
2026-07-08,vrs26_gads_search_generic_10k_natl,search_generic,Delhi NCR,915.56,4255,66,66,11,4,2,3298
2026-07-08,vrs26_gads_search_generic_10k_natl,search_generic,Bengaluru,909.96,4515,94,94,16,6,5,9894
2026-07-08,vrs26_gads_search_generic_10k_natl,search_generic,Hyderabad,463.87,1920,56,56,5,1,1,1999
2026-07-08,vrs26_gads_search_generic_10k_natl,search_generic,Pune,372.75,1615,33,33,5,4,1,799
2026-07-08,vrs26_gads_search_generic_10k_natl,search_generic,Chennai,252.11,1193,19,19,6,2,2,8498
2026-07-08,vrs26_gads_pmax_all_natl,pmax,Mumbai,1509.57,5237,115,115,11,2,1,799
2026-07-08,vrs26_gads_pmax_all_natl,pmax,Delhi NCR,1150.24,4650,95,95,10,3,2,5998
2026-07-08,vrs26_gads_pmax_all_natl,pmax,Bengaluru,1398.09,6118,125,125,6,1,1,2499
2026-07-08,vrs26_gads_pmax_all_natl,pmax,Hyderabad,950.44,4836,80,80,10,1,1,6499
2026-07-08,vrs26_gads_pmax_all_natl,pmax,Pune,672.49,2706,60,60,6,1,1,1299
2026-07-08,vrs26_gads_pmax_all_natl,pmax,Chennai,534.14,2558,40,40,2,1,0,0
2026-07-08,vrs26_gads_pmax_mum,pmax,Mumbai,2769.21,11783,253,253,28,9,7,7793
2026-07-08,vrs26_gads_pmax_mum,pmax,Delhi NCR,173.98,795,18,18,4,3,3,5297
2026-07-08,vrs26_gads_pmax_mum,pmax,Bengaluru,138.76,634,16,16,3,1,1,499
2026-07-08,vrs26_gads_pmax_mum,pmax,Hyderabad,88.22,465,8,8,1,1,0,0
2026-07-08,vrs26_gads_pmax_mum,pmax,Pune,84.35,383,3,3,0,0,0,0
2026-07-08,vrs26_gads_pmax_mum,pmax,Chennai,65.81,302,5,5,1,1,1,1999
2026-07-08,vrs26_gads_pmax_blr,pmax,Mumbai,176.01,788,13,13,1,1,0,0
2026-07-08,vrs26_gads_pmax_blr,pmax,Delhi NCR,147.53,634,11,11,0,0,0,0
2026-07-08,vrs26_gads_pmax_blr,pmax,Bengaluru,2323.56,11211,236,236,30,8,5,11594
2026-07-08,vrs26_gads_pmax_blr,pmax,Hyderabad,104.95,466,10,10,0,0,0,0
2026-07-08,vrs26_gads_pmax_blr,pmax,Pune,79.44,336,9,9,1,1,0,0
2026-07-08,vrs26_gads_pmax_blr,pmax,Chennai,63.15,287,8,8,0,0,0,0
2026-07-08,vrs26_gads_display_remarketing_natl,display,Mumbai,725.51,3505,72,72,0,0,0,0
2026-07-08,vrs26_gads_display_remarketing_natl,display,Delhi NCR,633.04,2529,52,52,3,0,0,0
2026-07-08,vrs26_gads_display_remarketing_natl,display,Bengaluru,666.68,3016,51,51,6,2,1,2999
2026-07-08,vrs26_gads_display_remarketing_natl,display,Hyderabad,438.87,1846,41,41,2,0,0,0
2026-07-08,vrs26_gads_display_remarketing_natl,display,Pune,336.21,1607,38,38,1,1,0,0
2026-07-08,vrs26_gads_display_remarketing_natl,display,Chennai,264.62,1231,36,36,2,1,1,1299
2026-07-08,vrs26_gads_yt_instream_natl,youtube,Mumbai,1020.33,4285,81,81,4,2,2,1598
2026-07-08,vrs26_gads_yt_instream_natl,youtube,Delhi NCR,788.56,3488,80,80,10,4,2,2798
2026-07-08,vrs26_gads_yt_instream_natl,youtube,Bengaluru,759.65,2759,48,48,4,2,1,499
2026-07-08,vrs26_gads_yt_instream_natl,youtube,Hyderabad,528.57,2364,44,44,0,0,0,0
2026-07-08,vrs26_gads_yt_instream_natl,youtube,Pune,363.78,1620,49,49,3,3,1,1299
2026-07-08,vrs26_gads_yt_instream_natl,youtube,Chennai,285.12,1346,38,38,5,2,1,1598
2026-07-08,vrs26_gads_yt_shorts_natl,youtube,Mumbai,585.16,2357,44,44,2,1,1,1999
2026-07-08,vrs26_gads_yt_shorts_natl,youtube,Delhi NCR,555.52,1989,52,52,3,2,1,1299
2026-07-08,vrs26_gads_yt_shorts_natl,youtube,Bengaluru,452.65,2199,48,48,0,0,0,0
2026-07-08,vrs26_gads_yt_shorts_natl,youtube,Hyderabad,352.21,1469,26,26,0,0,0,0
2026-07-08,vrs26_gads_yt_shorts_natl,youtube,Pune,246.26,1079,31,31,3,0,0,0
2026-07-08,vrs26_gads_yt_shorts_natl,youtube,Chennai,192.03,739,20,20,4,1,1,2598
2026-07-08,vrs26_gads_search_competitor_natl,search_generic,Mumbai,550.73,2611,45,45,2,1,1,799
2026-07-08,vrs26_gads_search_competitor_natl,search_generic,Delhi NCR,475.67,1747,40,40,5,2,1,2598
2026-07-08,vrs26_gads_search_competitor_natl,search_generic,Bengaluru,331.63,1523,26,26,3,2,0,0
2026-07-08,vrs26_gads_search_competitor_natl,search_generic,Hyderabad,316.67,1215,25,25,4,0,0,0
2026-07-08,vrs26_gads_search_competitor_natl,search_generic,Pune,192.41,845,25,25,2,0,0,0
2026-07-08,vrs26_gads_search_competitor_natl,search_generic,Chennai,176.17,901,16,16,1,0,0,0
2026-07-08,vrs26_gads_discovery_feed_natl,discovery,Mumbai,589.92,2534,77,77,5,3,3,2897
2026-07-08,vrs26_gads_discovery_feed_natl,discovery,Delhi NCR,568.76,2471,53,53,7,3,2,3597
2026-07-08,vrs26_gads_discovery_feed_natl,discovery,Bengaluru,469.74,1900,38,38,3,1,1,6499
2026-07-08,vrs26_gads_discovery_feed_natl,discovery,Hyderabad,312.22,1456,19,19,0,0,0,0
2026-07-08,vrs26_gads_discovery_feed_natl,discovery,Pune,221.03,1079,23,23,3,1,1,998
2026-07-08,vrs26_gads_discovery_feed_natl,discovery,Chennai,137.02,609,4,4,0,0,0,0
2026-07-08,vrs26_gads_search_corp_hyd,search_generic,Mumbai,77.31,329,8,8,1,0,0,0
2026-07-08,vrs26_gads_search_corp_hyd,search_generic,Delhi NCR,93.64,423,9,9,1,1,0,0
2026-07-08,vrs26_gads_search_corp_hyd,search_generic,Bengaluru,71.22,327,8,8,1,0,0,0
2026-07-08,vrs26_gads_search_corp_hyd,search_generic,Hyderabad,1315.28,5297,105,105,13,4,3,5597
2026-07-08,vrs26_gads_search_corp_hyd,search_generic,Pune,33.79,130,1,1,0,0,0,0
2026-07-08,vrs26_gads_search_corp_hyd,search_generic,Chennai,26.35,112,4,4,0,0,0,0
2026-07-09,vrs26_gads_search_brand_natl,search_brand,Mumbai,995.77,4626,109,109,17,7,6,17094
2026-07-09,vrs26_gads_search_brand_natl,search_brand,Delhi NCR,971.37,4463,99,99,22,10,9,20591
2026-07-09,vrs26_gads_search_brand_natl,search_brand,Bengaluru,832.34,3896,106,106,10,2,2,1298
2026-07-09,vrs26_gads_search_brand_natl,search_brand,Hyderabad,584.41,2503,70,70,12,6,4,7095
2026-07-09,vrs26_gads_search_brand_natl,search_brand,Pune,399.47,1834,39,39,10,2,0,0
2026-07-09,vrs26_gads_search_brand_natl,search_brand,Chennai,290.68,1280,14,14,4,1,0,0
2026-07-09,vrs26_gads_search_generic_marathon_natl,search_generic,Mumbai,1348.93,5960,131,131,24,11,10,13190
2026-07-09,vrs26_gads_search_generic_marathon_natl,search_generic,Delhi NCR,1364.89,6400,145,145,18,8,5,6895
2026-07-09,vrs26_gads_search_generic_marathon_natl,search_generic,Bengaluru,1292.01,5930,125,125,20,10,1,799
2026-07-09,vrs26_gads_search_generic_marathon_natl,search_generic,Hyderabad,869.47,4129,102,102,15,6,4,5896
2026-07-09,vrs26_gads_search_generic_marathon_natl,search_generic,Pune,540.68,2475,69,69,12,5,4,10195
2026-07-09,vrs26_gads_search_generic_marathon_natl,search_generic,Chennai,538.4,2412,51,51,3,1,1,3998
2026-07-09,vrs26_gads_search_generic_10k_natl,search_generic,Mumbai,973.7,4438,114,114,10,4,2,2798
2026-07-09,vrs26_gads_search_generic_10k_natl,search_generic,Delhi NCR,979.17,4743,91,91,14,6,5,7895
2026-07-09,vrs26_gads_search_generic_10k_natl,search_generic,Bengaluru,567.31,2328,39,39,7,5,1,2499
2026-07-09,vrs26_gads_search_generic_10k_natl,search_generic,Hyderabad,545.85,2437,56,56,8,5,3,2597
2026-07-09,vrs26_gads_search_generic_10k_natl,search_generic,Pune,366.69,1632,32,32,4,0,0,0
2026-07-09,vrs26_gads_search_generic_10k_natl,search_generic,Chennai,327.94,1352,38,38,3,1,1,2499
2026-07-09,vrs26_gads_pmax_all_natl,pmax,Mumbai,1510.08,5957,143,143,19,8,5,6895
2026-07-09,vrs26_gads_pmax_all_natl,pmax,Delhi NCR,1226.46,5261,131,131,20,9,7,10193
2026-07-09,vrs26_gads_pmax_all_natl,pmax,Bengaluru,1051.51,4527,136,136,20,8,3,8597
2026-07-09,vrs26_gads_pmax_all_natl,pmax,Hyderabad,816.74,3872,80,80,11,2,2,2098
2026-07-09,vrs26_gads_pmax_all_natl,pmax,Pune,687.71,3288,65,65,4,1,0,0
2026-07-09,vrs26_gads_pmax_all_natl,pmax,Chennai,426.85,1875,37,37,5,3,2,4998
2026-07-09,vrs26_gads_pmax_mum,pmax,Mumbai,2490.84,11617,265,265,34,16,9,40789
2026-07-09,vrs26_gads_pmax_mum,pmax,Delhi NCR,173.6,902,14,14,0,0,0,0
2026-07-09,vrs26_gads_pmax_mum,pmax,Bengaluru,167.45,648,10,10,1,0,0,0
2026-07-09,vrs26_gads_pmax_mum,pmax,Hyderabad,102.89,400,15,15,4,2,1,799
2026-07-09,vrs26_gads_pmax_mum,pmax,Pune,72.03,327,4,4,0,0,0,0
2026-07-09,vrs26_gads_pmax_mum,pmax,Chennai,48.74,258,0,0,0,0,0,0
2026-07-09,vrs26_gads_pmax_blr,pmax,Mumbai,167.38,886,22,22,2,0,0,0
2026-07-09,vrs26_gads_pmax_blr,pmax,Delhi NCR,133.8,654,20,20,2,0,0,0
2026-07-09,vrs26_gads_pmax_blr,pmax,Bengaluru,2143.48,10203,157,157,18,4,2,3298
2026-07-09,vrs26_gads_pmax_blr,pmax,Hyderabad,97.25,501,10,10,5,4,3,5097
2026-07-09,vrs26_gads_pmax_blr,pmax,Pune,78.12,350,7,7,1,0,0,0
2026-07-09,vrs26_gads_pmax_blr,pmax,Chennai,43.77,188,1,1,0,0,0,0
2026-07-09,vrs26_gads_display_remarketing_natl,display,Mumbai,757.23,3320,70,70,5,2,0,0
2026-07-09,vrs26_gads_display_remarketing_natl,display,Delhi NCR,573.52,2535,55,55,4,1,0,0
2026-07-09,vrs26_gads_display_remarketing_natl,display,Bengaluru,529.76,2749,48,48,7,0,0,0
2026-07-09,vrs26_gads_display_remarketing_natl,display,Hyderabad,446.48,1874,36,36,0,0,0,0
2026-07-09,vrs26_gads_display_remarketing_natl,display,Pune,279.94,1303,27,27,2,0,0,0
2026-07-09,vrs26_gads_display_remarketing_natl,display,Chennai,233.57,1067,40,40,4,2,2,7298
2026-07-09,vrs26_gads_yt_instream_natl,youtube,Mumbai,907.22,4084,78,78,6,1,1,1299
2026-07-09,vrs26_gads_yt_instream_natl,youtube,Delhi NCR,713.18,3154,70,70,8,3,2,1598
2026-07-09,vrs26_gads_yt_instream_natl,youtube,Bengaluru,715.01,3498,99,99,6,0,0,0
2026-07-09,vrs26_gads_yt_instream_natl,youtube,Hyderabad,438.04,2048,39,39,4,0,0,0
2026-07-09,vrs26_gads_yt_instream_natl,youtube,Pune,358.98,1530,27,27,3,1,0,0
2026-07-09,vrs26_gads_yt_instream_natl,youtube,Chennai,314.83,1505,28,28,2,1,0,0
2026-07-09,vrs26_gads_yt_shorts_natl,youtube,Mumbai,554.92,2424,48,48,2,0,0,0
2026-07-09,vrs26_gads_yt_shorts_natl,youtube,Delhi NCR,474.96,2233,52,52,6,1,0,0
2026-07-09,vrs26_gads_yt_shorts_natl,youtube,Bengaluru,397.19,1898,39,39,7,1,0,0
2026-07-09,vrs26_gads_yt_shorts_natl,youtube,Hyderabad,319.01,1321,30,30,2,1,1,2499
2026-07-09,vrs26_gads_yt_shorts_natl,youtube,Pune,242.31,1075,26,26,0,0,0,0
2026-07-09,vrs26_gads_yt_shorts_natl,youtube,Chennai,205.32,1055,18,18,1,1,1,799
2026-07-09,vrs26_gads_search_competitor_natl,search_generic,Mumbai,518.27,2487,44,44,4,0,0,0
2026-07-09,vrs26_gads_search_competitor_natl,search_generic,Delhi NCR,451.92,1965,37,37,5,2,1,1999
2026-07-09,vrs26_gads_search_competitor_natl,search_generic,Bengaluru,305.3,1226,19,19,6,1,1,1299
2026-07-09,vrs26_gads_search_competitor_natl,search_generic,Hyderabad,221.95,998,15,15,1,1,0,0
2026-07-09,vrs26_gads_search_competitor_natl,search_generic,Pune,217.62,1050,28,28,1,0,0,0
2026-07-09,vrs26_gads_search_competitor_natl,search_generic,Chennai,165.27,715,16,16,5,2,2,2798
2026-07-09,vrs26_gads_discovery_feed_natl,discovery,Mumbai,520.22,2369,71,71,7,2,0,0
2026-07-09,vrs26_gads_discovery_feed_natl,discovery,Delhi NCR,456.99,2025,42,42,8,1,1,6499
2026-07-09,vrs26_gads_discovery_feed_natl,discovery,Bengaluru,435.77,2296,40,40,7,3,2,2798
2026-07-09,vrs26_gads_discovery_feed_natl,discovery,Hyderabad,321.81,1431,27,27,1,0,0,0
2026-07-09,vrs26_gads_discovery_feed_natl,discovery,Pune,199.79,974,20,20,1,0,0,0
2026-07-09,vrs26_gads_discovery_feed_natl,discovery,Chennai,180.79,801,21,21,2,1,0,0
2026-07-09,vrs26_gads_search_corp_hyd,search_generic,Mumbai,91.71,486,14,14,1,1,0,0
2026-07-09,vrs26_gads_search_corp_hyd,search_generic,Delhi NCR,75.84,324,4,4,0,0,0,0
2026-07-09,vrs26_gads_search_corp_hyd,search_generic,Bengaluru,69.92,286,8,8,2,2,2,7798
2026-07-09,vrs26_gads_search_corp_hyd,search_generic,Hyderabad,1193.92,5408,126,126,19,8,2,3298
2026-07-09,vrs26_gads_search_corp_hyd,search_generic,Pune,31.56,135,6,6,0,0,0,0
2026-07-09,vrs26_gads_search_corp_hyd,search_generic,Chennai,25.65,107,1,1,0,0,0,0
2026-07-10,vrs26_gads_search_brand_natl,search_brand,Mumbai,1155.69,4793,129,129,31,14,8,13592
2026-07-10,vrs26_gads_search_brand_natl,search_brand,Delhi NCR,976.96,4365,87,87,16,9,7,12692
2026-07-10,vrs26_gads_search_brand_natl,search_brand,Bengaluru,998.52,4437,90,90,14,5,2,1598
2026-07-10,vrs26_gads_search_brand_natl,search_brand,Hyderabad,554.98,2641,62,62,15,6,4,3896
2026-07-10,vrs26_gads_search_brand_natl,search_brand,Pune,437.46,1813,26,26,4,2,2,3498
2026-07-10,vrs26_gads_search_brand_natl,search_brand,Chennai,413.01,1905,41,41,8,6,2,3897
2026-07-10,vrs26_gads_search_generic_marathon_natl,search_generic,Mumbai,1466.33,6844,138,138,15,8,2,2397
2026-07-10,vrs26_gads_search_generic_marathon_natl,search_generic,Delhi NCR,1690.49,7384,139,139,15,5,5,5695
2026-07-10,vrs26_gads_search_generic_marathon_natl,search_generic,Bengaluru,1400.13,6088,175,175,24,9,3,5097
2026-07-10,vrs26_gads_search_generic_marathon_natl,search_generic,Hyderabad,957.79,4075,68,68,8,3,3,4797
2026-07-10,vrs26_gads_search_generic_marathon_natl,search_generic,Pune,543.78,2312,49,49,7,5,3,5297
2026-07-10,vrs26_gads_search_generic_marathon_natl,search_generic,Chennai,571.92,2272,52,52,9,4,3,3097
2026-07-10,vrs26_gads_search_generic_10k_natl,search_generic,Mumbai,1029.73,4334,67,67,11,5,3,5597
2026-07-10,vrs26_gads_search_generic_10k_natl,search_generic,Delhi NCR,957.42,4479,101,101,10,5,5,19594
2026-07-10,vrs26_gads_search_generic_10k_natl,search_generic,Bengaluru,798.68,3793,55,55,9,4,1,799
2026-07-10,vrs26_gads_search_generic_10k_natl,search_generic,Hyderabad,601.26,2721,70,70,8,2,1,2499
2026-07-10,vrs26_gads_search_generic_10k_natl,search_generic,Pune,438.61,2046,39,39,2,0,0,0
2026-07-10,vrs26_gads_search_generic_10k_natl,search_generic,Chennai,361.96,1718,28,28,2,0,0,0
2026-07-10,vrs26_gads_pmax_all_natl,pmax,Mumbai,1551.09,6573,146,146,17,7,5,6095
2026-07-10,vrs26_gads_pmax_all_natl,pmax,Delhi NCR,1437.79,6881,124,124,18,6,5,14094
2026-07-10,vrs26_gads_pmax_all_natl,pmax,Bengaluru,1321.22,6535,151,151,11,7,5,11193
2026-07-10,vrs26_gads_pmax_all_natl,pmax,Hyderabad,822.87,3321,91,91,7,3,3,10797
2026-07-10,vrs26_gads_pmax_all_natl,pmax,Pune,713.23,3270,53,53,4,2,2,2098
2026-07-10,vrs26_gads_pmax_all_natl,pmax,Chennai,522.52,2018,46,46,6,4,4,6596
2026-07-10,vrs26_gads_pmax_mum,pmax,Mumbai,2861.48,12649,277,277,28,13,6,3894
2026-07-10,vrs26_gads_pmax_mum,pmax,Delhi NCR,137.2,635,19,19,2,0,0,0
2026-07-10,vrs26_gads_pmax_mum,pmax,Bengaluru,156.1,726,15,15,3,1,1,1999
2026-07-10,vrs26_gads_pmax_mum,pmax,Hyderabad,114.93,494,9,9,0,0,0,0
2026-07-10,vrs26_gads_pmax_mum,pmax,Pune,73.38,309,9,9,2,0,0,0
2026-07-10,vrs26_gads_pmax_mum,pmax,Chennai,59.38,286,7,7,1,1,1,799
2026-07-10,vrs26_gads_pmax_blr,pmax,Mumbai,207.51,886,14,14,1,0,0,0
2026-07-10,vrs26_gads_pmax_blr,pmax,Delhi NCR,130.22,561,12,12,1,0,0,0
2026-07-10,vrs26_gads_pmax_blr,pmax,Bengaluru,2368.42,9904,188,188,25,7,5,7095
2026-07-10,vrs26_gads_pmax_blr,pmax,Hyderabad,117.35,419,14,14,1,0,0,0
2026-07-10,vrs26_gads_pmax_blr,pmax,Pune,84.65,371,9,9,1,0,0,0
2026-07-10,vrs26_gads_pmax_blr,pmax,Chennai,58.1,302,13,13,4,1,0,0
2026-07-10,vrs26_gads_display_remarketing_natl,display,Mumbai,762.87,3301,57,57,5,2,2,1598
2026-07-10,vrs26_gads_display_remarketing_natl,display,Delhi NCR,683.1,2868,62,62,1,1,1,1999
2026-07-10,vrs26_gads_display_remarketing_natl,display,Bengaluru,550.59,2592,41,41,6,1,0,0
2026-07-10,vrs26_gads_display_remarketing_natl,display,Hyderabad,536.47,2420,50,50,1,0,0,0
2026-07-10,vrs26_gads_display_remarketing_natl,display,Pune,301.47,1263,18,18,0,0,0,0
2026-07-10,vrs26_gads_display_remarketing_natl,display,Chennai,306.24,1472,22,22,3,1,0,0
2026-07-10,vrs26_gads_yt_instream_natl,youtube,Mumbai,1035.86,4607,78,78,6,2,1,799
2026-07-10,vrs26_gads_yt_instream_natl,youtube,Delhi NCR,890.83,3804,79,79,4,2,2,5498
2026-07-10,vrs26_gads_yt_instream_natl,youtube,Bengaluru,667.22,2814,44,44,1,0,0,0
2026-07-10,vrs26_gads_yt_instream_natl,youtube,Hyderabad,535.77,2038,40,40,2,0,0,0
2026-07-10,vrs26_gads_yt_instream_natl,youtube,Pune,418.09,1829,23,23,2,0,0,0
2026-07-10,vrs26_gads_yt_instream_natl,youtube,Chennai,290.9,1352,28,28,1,0,0,0
2026-07-10,vrs26_gads_yt_shorts_natl,youtube,Mumbai,543.38,2156,38,38,2,0,0,0
2026-07-10,vrs26_gads_yt_shorts_natl,youtube,Delhi NCR,530.08,2252,55,55,5,2,0,0
2026-07-10,vrs26_gads_yt_shorts_natl,youtube,Bengaluru,499.41,2483,57,57,1,1,1,1999
2026-07-10,vrs26_gads_yt_shorts_natl,youtube,Hyderabad,384.49,1721,38,38,4,3,2,3298
2026-07-10,vrs26_gads_yt_shorts_natl,youtube,Pune,274.92,1308,25,25,1,0,0,0
2026-07-10,vrs26_gads_yt_shorts_natl,youtube,Chennai,210.52,969,22,22,0,0,0,0
2026-07-10,vrs26_gads_search_competitor_natl,search_generic,Mumbai,567.6,2420,39,39,3,0,0,0
2026-07-10,vrs26_gads_search_competitor_natl,search_generic,Delhi NCR,554.8,2088,34,34,6,1,0,0
2026-07-10,vrs26_gads_search_competitor_natl,search_generic,Bengaluru,279.8,1297,42,42,2,0,0,0
2026-07-10,vrs26_gads_search_competitor_natl,search_generic,Hyderabad,328.65,1605,37,37,4,1,1,2999
2026-07-10,vrs26_gads_search_competitor_natl,search_generic,Pune,205.41,1007,17,17,2,0,0,0
2026-07-10,vrs26_gads_search_competitor_natl,search_generic,Chennai,157.57,745,20,20,2,1,1,6499
2026-07-10,vrs26_gads_discovery_feed_natl,discovery,Mumbai,459.9,1994,52,52,7,5,4,16295
2026-07-10,vrs26_gads_discovery_feed_natl,discovery,Delhi NCR,507.27,2228,39,39,3,1,0,0
2026-07-10,vrs26_gads_discovery_feed_natl,discovery,Bengaluru,539.32,2762,60,60,9,4,2,5597
2026-07-10,vrs26_gads_discovery_feed_natl,discovery,Hyderabad,421.13,2095,55,55,6,2,1,499
2026-07-10,vrs26_gads_discovery_feed_natl,discovery,Pune,254.82,1075,20,20,3,2,0,0
2026-07-10,vrs26_gads_discovery_feed_natl,discovery,Chennai,173.1,762,13,13,2,1,1,1299
2026-07-10,vrs26_gads_search_corp_hyd,search_generic,Mumbai,109.7,507,8,8,0,0,0,0
2026-07-10,vrs26_gads_search_corp_hyd,search_generic,Delhi NCR,77.99,336,0,0,0,0,0,0
2026-07-10,vrs26_gads_search_corp_hyd,search_generic,Bengaluru,62.15,285,5,5,0,0,0,0
2026-07-10,vrs26_gads_search_corp_hyd,search_generic,Hyderabad,1336.66,6157,131,131,13,5,4,11395
2026-07-10,vrs26_gads_search_corp_hyd,search_generic,Pune,39.36,153,3,3,0,0,0,0
2026-07-10,vrs26_gads_search_corp_hyd,search_generic,Chennai,31.75,146,3,3,0,0,0,0
2026-07-11,vrs26_gads_search_brand_natl,search_brand,Mumbai,979.76,4772,96,96,14,7,5,11795
2026-07-11,vrs26_gads_search_brand_natl,search_brand,Delhi NCR,1059.05,5279,99,99,31,11,7,13793
2026-07-11,vrs26_gads_search_brand_natl,search_brand,Bengaluru,829.6,3504,63,63,17,8,5,11295
2026-07-11,vrs26_gads_search_brand_natl,search_brand,Hyderabad,649.1,2938,62,62,14,6,5,11394
2026-07-11,vrs26_gads_search_brand_natl,search_brand,Pune,451.87,1903,36,36,6,4,3,4097
2026-07-11,vrs26_gads_search_brand_natl,search_brand,Chennai,322.31,1553,34,34,10,1,1,799
2026-07-11,vrs26_gads_search_generic_marathon_natl,search_generic,Mumbai,1530.43,7118,186,186,13,4,2,2098
2026-07-11,vrs26_gads_search_generic_marathon_natl,search_generic,Delhi NCR,1288.2,5778,144,144,18,6,4,7096
2026-07-11,vrs26_gads_search_generic_marathon_natl,search_generic,Bengaluru,1281.19,5225,147,147,22,7,5,5195
2026-07-11,vrs26_gads_search_generic_marathon_natl,search_generic,Hyderabad,971.74,4101,71,71,5,2,1,799
2026-07-11,vrs26_gads_search_generic_marathon_natl,search_generic,Pune,642.59,2747,51,51,11,3,0,0
2026-07-11,vrs26_gads_search_generic_marathon_natl,search_generic,Chennai,558.32,2148,23,23,4,1,1,799
2026-07-11,vrs26_gads_search_generic_10k_natl,search_generic,Mumbai,1071.35,4724,123,123,16,8,6,7993
2026-07-11,vrs26_gads_search_generic_10k_natl,search_generic,Delhi NCR,804.78,3432,77,77,11,3,0,0
2026-07-11,vrs26_gads_search_generic_10k_natl,search_generic,Bengaluru,939.72,4526,105,105,18,7,5,17294
2026-07-11,vrs26_gads_search_generic_10k_natl,search_generic,Hyderabad,481.39,1832,42,42,7,5,4,11096
2026-07-11,vrs26_gads_search_generic_10k_natl,search_generic,Pune,359.89,1725,46,46,5,2,1,799
2026-07-11,vrs26_gads_search_generic_10k_natl,search_generic,Chennai,304.44,1550,37,37,8,2,1,799
2026-07-11,vrs26_gads_pmax_all_natl,pmax,Mumbai,1479.68,6560,142,142,20,7,2,3998
2026-07-11,vrs26_gads_pmax_all_natl,pmax,Delhi NCR,1361.48,5154,143,143,13,2,1,3998
2026-07-11,vrs26_gads_pmax_all_natl,pmax,Bengaluru,1258.18,5812,123,123,23,8,5,9795
2026-07-11,vrs26_gads_pmax_all_natl,pmax,Hyderabad,814.98,4358,109,109,7,4,2,6498
2026-07-11,vrs26_gads_pmax_all_natl,pmax,Pune,673.21,3120,58,58,2,0,0,0
2026-07-11,vrs26_gads_pmax_all_natl,pmax,Chennai,437.35,1915,43,43,5,1,0,0
2026-07-11,vrs26_gads_pmax_mum,pmax,Mumbai,2665.27,11718,251,251,21,13,9,15591
2026-07-11,vrs26_gads_pmax_mum,pmax,Delhi NCR,143.03,651,18,18,2,0,0,0
2026-07-11,vrs26_gads_pmax_mum,pmax,Bengaluru,167.4,737,17,17,4,4,2,3798
2026-07-11,vrs26_gads_pmax_mum,pmax,Hyderabad,104.15,434,8,8,0,0,0,0
2026-07-11,vrs26_gads_pmax_mum,pmax,Pune,77.86,305,4,4,0,0,0,0
2026-07-11,vrs26_gads_pmax_mum,pmax,Chennai,61.05,287,5,5,1,0,0,0
2026-07-11,vrs26_gads_pmax_blr,pmax,Mumbai,175.77,841,17,17,4,2,0,0
2026-07-11,vrs26_gads_pmax_blr,pmax,Delhi NCR,125.51,489,14,14,1,0,0,0
2026-07-11,vrs26_gads_pmax_blr,pmax,Bengaluru,2307.28,12086,262,262,36,15,9,19091
2026-07-11,vrs26_gads_pmax_blr,pmax,Hyderabad,82.48,379,10,10,1,0,0,0
2026-07-11,vrs26_gads_pmax_blr,pmax,Pune,56.29,267,11,11,1,0,0,0
2026-07-11,vrs26_gads_pmax_blr,pmax,Chennai,58.77,265,5,5,0,0,0,0
2026-07-11,vrs26_gads_display_remarketing_natl,display,Mumbai,752.35,2730,58,58,3,2,0,0
2026-07-11,vrs26_gads_display_remarketing_natl,display,Delhi NCR,649.03,3029,58,58,4,3,2,3998
2026-07-11,vrs26_gads_display_remarketing_natl,display,Bengaluru,640.16,3064,68,68,2,1,0,0
2026-07-11,vrs26_gads_display_remarketing_natl,display,Hyderabad,424.47,1958,35,35,1,1,0,0
2026-07-11,vrs26_gads_display_remarketing_natl,display,Pune,265.63,1049,20,20,1,0,0,0
2026-07-11,vrs26_gads_display_remarketing_natl,display,Chennai,239.53,1291,16,16,1,0,0,0
2026-07-11,vrs26_gads_yt_instream_natl,youtube,Mumbai,984.76,4415,75,75,5,1,1,499
2026-07-11,vrs26_gads_yt_instream_natl,youtube,Delhi NCR,843.84,3847,60,60,4,1,1,799
2026-07-11,vrs26_gads_yt_instream_natl,youtube,Bengaluru,627.75,2973,51,51,4,1,1,3499
2026-07-11,vrs26_gads_yt_instream_natl,youtube,Hyderabad,511.2,2303,43,43,1,1,0,0
2026-07-11,vrs26_gads_yt_instream_natl,youtube,Pune,361.26,1424,23,23,0,0,0,0
2026-07-11,vrs26_gads_yt_instream_natl,youtube,Chennai,302.63,1493,37,37,2,1,0,0
2026-07-11,vrs26_gads_yt_shorts_natl,youtube,Mumbai,682.99,3262,68,68,4,0,0,0
2026-07-11,vrs26_gads_yt_shorts_natl,youtube,Delhi NCR,464.82,1987,49,49,4,2,1,799
2026-07-11,vrs26_gads_yt_shorts_natl,youtube,Bengaluru,466.61,2073,59,59,5,1,0,0
2026-07-11,vrs26_gads_yt_shorts_natl,youtube,Hyderabad,260.44,1258,23,23,3,1,1,1299
2026-07-11,vrs26_gads_yt_shorts_natl,youtube,Pune,221.82,1007,25,25,0,0,0,0
2026-07-11,vrs26_gads_yt_shorts_natl,youtube,Chennai,214.23,901,18,18,1,0,0,0
2026-07-11,vrs26_gads_search_competitor_natl,search_generic,Mumbai,502.86,2385,54,54,7,3,2,2498
2026-07-11,vrs26_gads_search_competitor_natl,search_generic,Delhi NCR,522.24,2424,59,59,8,3,2,5498
2026-07-11,vrs26_gads_search_competitor_natl,search_generic,Bengaluru,329.74,1350,43,43,7,3,2,3298
2026-07-11,vrs26_gads_search_competitor_natl,search_generic,Hyderabad,282.14,1328,26,26,4,3,0,0
2026-07-11,vrs26_gads_search_competitor_natl,search_generic,Pune,192.99,825,19,19,0,0,0,0
2026-07-11,vrs26_gads_search_competitor_natl,search_generic,Chennai,150.81,676,13,13,2,0,0,0
2026-07-11,vrs26_gads_discovery_feed_natl,discovery,Mumbai,545.59,2533,55,55,3,0,0,0
2026-07-11,vrs26_gads_discovery_feed_natl,discovery,Delhi NCR,457.11,2009,38,38,3,0,0,0
2026-07-11,vrs26_gads_discovery_feed_natl,discovery,Bengaluru,442.82,1824,26,26,3,0,0,0
2026-07-11,vrs26_gads_discovery_feed_natl,discovery,Hyderabad,351.07,1769,22,22,1,1,1,1299
2026-07-11,vrs26_gads_discovery_feed_natl,discovery,Pune,251.23,1212,22,22,3,2,0,0
2026-07-11,vrs26_gads_discovery_feed_natl,discovery,Chennai,180.57,782,14,14,2,1,0,0
2026-07-11,vrs26_gads_search_corp_hyd,search_generic,Mumbai,90.44,382,6,6,1,0,0,0
2026-07-11,vrs26_gads_search_corp_hyd,search_generic,Delhi NCR,67.78,313,6,6,0,0,0,0
2026-07-11,vrs26_gads_search_corp_hyd,search_generic,Bengaluru,71.2,309,7,7,1,0,0,0
2026-07-11,vrs26_gads_search_corp_hyd,search_generic,Hyderabad,1275.58,5533,110,110,20,8,4,5096
2026-07-11,vrs26_gads_search_corp_hyd,search_generic,Pune,30.66,144,1,1,0,0,0,0
2026-07-11,vrs26_gads_search_corp_hyd,search_generic,Chennai,32.47,173,1,1,0,0,0,0
2026-07-12,vrs26_gads_search_brand_natl,search_brand,Mumbai,1750.58,6813,167,167,36,12,6,21793
2026-07-12,vrs26_gads_search_brand_natl,search_brand,Delhi NCR,1425.63,5826,103,103,20,7,6,14993
2026-07-12,vrs26_gads_search_brand_natl,search_brand,Bengaluru,1278.96,5397,90,90,28,10,5,10795
2026-07-12,vrs26_gads_search_brand_natl,search_brand,Hyderabad,759.32,2637,44,44,14,6,4,4196
2026-07-12,vrs26_gads_search_brand_natl,search_brand,Pune,523.66,1780,32,32,11,1,0,0
2026-07-12,vrs26_gads_search_brand_natl,search_brand,Chennai,551.05,2205,44,44,8,3,3,9297
2026-07-12,vrs26_gads_search_generic_marathon_natl,search_generic,Mumbai,2588.27,10391,221,221,27,12,9,23689
2026-07-12,vrs26_gads_search_generic_marathon_natl,search_generic,Delhi NCR,2176.62,8159,191,191,20,7,0,0
2026-07-12,vrs26_gads_search_generic_marathon_natl,search_generic,Bengaluru,1593.01,6090,103,103,20,8,5,4995
2026-07-12,vrs26_gads_search_generic_marathon_natl,search_generic,Hyderabad,1339.59,4573,102,102,11,5,5,6195
2026-07-12,vrs26_gads_search_generic_marathon_natl,search_generic,Pune,775.9,2611,62,62,10,3,2,2598
2026-07-12,vrs26_gads_search_generic_marathon_natl,search_generic,Chennai,718.51,2523,51,51,10,3,0,0
2026-07-12,vrs26_gads_search_generic_10k_natl,search_generic,Mumbai,1567.91,6705,157,157,18,9,7,9393
2026-07-12,vrs26_gads_search_generic_10k_natl,search_generic,Delhi NCR,1275.54,4318,78,78,11,4,2,4798
2026-07-12,vrs26_gads_search_generic_10k_natl,search_generic,Bengaluru,1111.65,3767,81,81,5,2,1,799
2026-07-12,vrs26_gads_search_generic_10k_natl,search_generic,Hyderabad,788.03,2891,51,51,8,7,2,6998
2026-07-12,vrs26_gads_search_generic_10k_natl,search_generic,Pune,629.83,2420,45,45,2,1,0,0
2026-07-12,vrs26_gads_search_generic_10k_natl,search_generic,Chennai,432.45,1532,36,36,8,4,2,1598
2026-07-12,vrs26_gads_pmax_all_natl,pmax,Mumbai,2099.09,8148,165,165,17,6,5,8795
2026-07-12,vrs26_gads_pmax_all_natl,pmax,Delhi NCR,1848.72,7210,121,121,17,11,5,14995
2026-07-12,vrs26_gads_pmax_all_natl,pmax,Bengaluru,1726.89,6662,156,156,19,4,3,17496
2026-07-12,vrs26_gads_pmax_all_natl,pmax,Hyderabad,1375.58,4976,112,112,18,6,2,1798
2026-07-12,vrs26_gads_pmax_all_natl,pmax,Pune,982.24,3433,91,91,11,3,3,3797
2026-07-12,vrs26_gads_pmax_all_natl,pmax,Chennai,796.54,3203,68,68,10,4,1,1999
2026-07-12,vrs26_gads_pmax_mum,pmax,Mumbai,3841.67,13279,217,217,29,11,7,10393
2026-07-12,vrs26_gads_pmax_mum,pmax,Delhi NCR,231.4,862,13,13,1,0,0,0
2026-07-12,vrs26_gads_pmax_mum,pmax,Bengaluru,223.26,933,16,16,3,2,1,1999
2026-07-12,vrs26_gads_pmax_mum,pmax,Hyderabad,166.2,674,16,16,0,0,0,0
2026-07-12,vrs26_gads_pmax_mum,pmax,Pune,131.9,564,9,9,2,1,1,799
2026-07-12,vrs26_gads_pmax_mum,pmax,Chennai,122.47,511,11,11,1,0,0,0
2026-07-12,vrs26_gads_pmax_blr,pmax,Mumbai,250.17,944,15,15,2,1,0,0
2026-07-12,vrs26_gads_pmax_blr,pmax,Delhi NCR,194.44,754,16,16,1,0,0,0
2026-07-12,vrs26_gads_pmax_blr,pmax,Bengaluru,3392.05,14075,282,282,44,15,13,24485
2026-07-12,vrs26_gads_pmax_blr,pmax,Hyderabad,131.69,457,6,6,0,0,0,0
2026-07-12,vrs26_gads_pmax_blr,pmax,Pune,76.64,266,8,8,0,0,0,0
2026-07-12,vrs26_gads_pmax_blr,pmax,Chennai,67.17,236,2,2,0,0,0,0
2026-07-12,vrs26_gads_display_remarketing_natl,display,Mumbai,1160.92,4694,84,84,6,1,0,0
2026-07-12,vrs26_gads_display_remarketing_natl,display,Delhi NCR,1050.07,3850,77,77,9,3,2,3298
2026-07-12,vrs26_gads_display_remarketing_natl,display,Bengaluru,945.02,3543,54,54,7,4,1,799
2026-07-12,vrs26_gads_display_remarketing_natl,display,Hyderabad,497.54,1773,39,39,1,1,1,499
2026-07-12,vrs26_gads_display_remarketing_natl,display,Pune,365.79,1329,27,27,1,0,0,0
2026-07-12,vrs26_gads_display_remarketing_natl,display,Chennai,334.72,1188,36,36,3,2,0,0
2026-07-12,vrs26_gads_yt_instream_natl,youtube,Mumbai,1543.47,6563,133,133,15,3,3,4597
2026-07-12,vrs26_gads_yt_instream_natl,youtube,Delhi NCR,981.6,4049,60,60,3,1,0,0
2026-07-12,vrs26_gads_yt_instream_natl,youtube,Bengaluru,1071.15,4575,64,64,5,2,2,14997
2026-07-12,vrs26_gads_yt_instream_natl,youtube,Hyderabad,742.57,2721,61,61,9,1,0,0
2026-07-12,vrs26_gads_yt_instream_natl,youtube,Pune,586.96,2566,41,41,4,2,2,2098
2026-07-12,vrs26_gads_yt_instream_natl,youtube,Chennai,395.88,1658,30,30,2,2,2,3298
2026-07-12,vrs26_gads_yt_shorts_natl,youtube,Mumbai,895.23,3122,79,79,7,2,2,3298
2026-07-12,vrs26_gads_yt_shorts_natl,youtube,Delhi NCR,698.34,2916,60,60,4,1,1,1999
2026-07-12,vrs26_gads_yt_shorts_natl,youtube,Bengaluru,651.39,2499,66,66,3,2,0,0
2026-07-12,vrs26_gads_yt_shorts_natl,youtube,Hyderabad,497.36,1690,37,37,1,1,0,0
2026-07-12,vrs26_gads_yt_shorts_natl,youtube,Pune,354.34,1315,24,24,6,2,0,0
2026-07-12,vrs26_gads_yt_shorts_natl,youtube,Chennai,289.83,1173,40,40,5,0,0,0
2026-07-12,vrs26_gads_search_competitor_natl,search_generic,Mumbai,673.41,2716,47,47,4,1,0,0
2026-07-12,vrs26_gads_search_competitor_natl,search_generic,Delhi NCR,780.35,3225,57,57,8,5,4,7096
2026-07-12,vrs26_gads_search_competitor_natl,search_generic,Bengaluru,525.69,2319,41,41,6,1,0,0
2026-07-12,vrs26_gads_search_competitor_natl,search_generic,Hyderabad,423.18,1791,37,37,4,2,1,499
2026-07-12,vrs26_gads_search_competitor_natl,search_generic,Pune,276.58,1144,10,10,1,0,0,0
2026-07-12,vrs26_gads_search_competitor_natl,search_generic,Chennai,223.49,905,25,25,4,2,1,799
2026-07-12,vrs26_gads_discovery_feed_natl,discovery,Mumbai,669.23,2921,86,86,8,4,0,0
2026-07-12,vrs26_gads_discovery_feed_natl,discovery,Delhi NCR,706.13,2669,56,56,9,6,2,2798
2026-07-12,vrs26_gads_discovery_feed_natl,discovery,Bengaluru,742.13,2670,53,53,3,2,1,499
2026-07-12,vrs26_gads_discovery_feed_natl,discovery,Hyderabad,498.75,1686,44,44,3,0,0,0
2026-07-12,vrs26_gads_discovery_feed_natl,discovery,Pune,343.86,1552,31,31,0,0,0,0
2026-07-12,vrs26_gads_discovery_feed_natl,discovery,Chennai,305.44,1229,23,23,3,1,1,1299
2026-07-12,vrs26_gads_search_corp_hyd,search_generic,Mumbai,132.17,496,8,8,1,0,0,0
2026-07-12,vrs26_gads_search_corp_hyd,search_generic,Delhi NCR,98.75,394,11,11,3,1,0,0
2026-07-12,vrs26_gads_search_corp_hyd,search_generic,Bengaluru,105.23,448,9,9,0,0,0,0
2026-07-12,vrs26_gads_search_corp_hyd,search_generic,Hyderabad,1872.92,7116,134,134,15,8,3,4597
2026-07-12,vrs26_gads_search_corp_hyd,search_generic,Pune,41.1,159,4,4,0,0,0,0
2026-07-12,vrs26_gads_search_corp_hyd,search_generic,Chennai,47.8,213,3,3,0,0,0,0
2026-07-13,vrs26_gads_search_brand_natl,search_brand,Mumbai,1185.95,4860,111,111,22,8,5,8395
2026-07-13,vrs26_gads_search_brand_natl,search_brand,Delhi NCR,959.76,4196,77,77,10,2,1,499
2026-07-13,vrs26_gads_search_brand_natl,search_brand,Bengaluru,1047.35,4255,113,113,33,14,7,15193
2026-07-13,vrs26_gads_search_brand_natl,search_brand,Hyderabad,767,3336,82,82,14,6,2,4498
2026-07-13,vrs26_gads_search_brand_natl,search_brand,Pune,590.3,2187,43,43,12,4,4,16795
2026-07-13,vrs26_gads_search_brand_natl,search_brand,Chennai,499.79,2082,56,56,17,5,2,1598
2026-07-13,vrs26_gads_search_generic_marathon_natl,search_generic,Mumbai,1881.03,8221,160,160,24,11,5,7695
2026-07-13,vrs26_gads_search_generic_marathon_natl,search_generic,Delhi NCR,1547,5592,161,161,28,11,6,8792
2026-07-13,vrs26_gads_search_generic_marathon_natl,search_generic,Bengaluru,1462.01,6428,142,142,17,5,2,4998
2026-07-13,vrs26_gads_search_generic_marathon_natl,search_generic,Hyderabad,1043.14,4837,90,90,6,3,0,0
2026-07-13,vrs26_gads_search_generic_marathon_natl,search_generic,Pune,786.06,3127,75,75,9,5,5,5395
2026-07-13,vrs26_gads_search_generic_marathon_natl,search_generic,Chennai,661.73,2700,63,63,8,2,1,6499
2026-07-13,vrs26_gads_search_generic_10k_natl,search_generic,Mumbai,1146.4,4566,97,97,19,8,6,9092
2026-07-13,vrs26_gads_search_generic_10k_natl,search_generic,Delhi NCR,948.16,4482,91,91,11,1,0,0
2026-07-13,vrs26_gads_search_generic_10k_natl,search_generic,Bengaluru,1178.83,5154,88,88,12,4,0,0
2026-07-13,vrs26_gads_search_generic_10k_natl,search_generic,Hyderabad,614.8,2403,50,50,5,2,1,3499
2026-07-13,vrs26_gads_search_generic_10k_natl,search_generic,Pune,453.21,1974,35,35,3,3,2,7298
2026-07-13,vrs26_gads_search_generic_10k_natl,search_generic,Chennai,320.27,1255,30,30,4,2,0,0
2026-07-13,vrs26_gads_pmax_all_natl,pmax,Mumbai,1618.24,7650,141,141,23,9,5,10895
2026-07-13,vrs26_gads_pmax_all_natl,pmax,Delhi NCR,1587.39,6140,101,101,17,8,7,12492
2026-07-13,vrs26_gads_pmax_all_natl,pmax,Bengaluru,1491.93,6704,179,179,21,10,8,14892
2026-07-13,vrs26_gads_pmax_all_natl,pmax,Hyderabad,1069.85,4654,110,110,9,4,2,2098
2026-07-13,vrs26_gads_pmax_all_natl,pmax,Pune,792.89,3516,94,94,11,6,3,3397
2026-07-13,vrs26_gads_pmax_all_natl,pmax,Chennai,529.32,1994,30,30,5,1,1,1999
2026-07-13,vrs26_gads_pmax_mum,pmax,Mumbai,3034.19,11910,267,267,27,7,5,9395
2026-07-13,vrs26_gads_pmax_mum,pmax,Delhi NCR,286.36,1231,34,34,1,0,0,0
2026-07-13,vrs26_gads_pmax_mum,pmax,Bengaluru,188.12,718,14,14,3,1,1,2999
2026-07-13,vrs26_gads_pmax_mum,pmax,Hyderabad,129.46,542,12,12,2,0,0,0
2026-07-13,vrs26_gads_pmax_mum,pmax,Pune,84.79,374,4,4,1,1,1,799
2026-07-13,vrs26_gads_pmax_mum,pmax,Chennai,64.69,305,10,10,3,3,1,1299
2026-07-13,vrs26_gads_pmax_blr,pmax,Mumbai,210.36,944,15,15,3,2,1,1999
2026-07-13,vrs26_gads_pmax_blr,pmax,Delhi NCR,163.86,673,12,12,0,0,0,0
2026-07-13,vrs26_gads_pmax_blr,pmax,Bengaluru,2711.66,11117,237,237,37,14,9,14090
2026-07-13,vrs26_gads_pmax_blr,pmax,Hyderabad,99.93,426,10,10,2,0,0,0
2026-07-13,vrs26_gads_pmax_blr,pmax,Pune,62.57,296,6,6,0,0,0,0
2026-07-13,vrs26_gads_pmax_blr,pmax,Chennai,53.63,208,4,4,0,0,0,0
2026-07-13,vrs26_gads_display_remarketing_natl,display,Mumbai,913.89,4325,120,120,11,1,1,1299
2026-07-13,vrs26_gads_display_remarketing_natl,display,Delhi NCR,709.95,3267,92,92,9,5,3,7096
2026-07-13,vrs26_gads_display_remarketing_natl,display,Bengaluru,718.61,3065,78,78,3,1,0,0
2026-07-13,vrs26_gads_display_remarketing_natl,display,Hyderabad,572.07,2679,61,61,6,2,0,0
2026-07-13,vrs26_gads_display_remarketing_natl,display,Pune,325.33,1349,20,20,1,0,0,0
2026-07-13,vrs26_gads_display_remarketing_natl,display,Chennai,256.4,956,28,28,1,1,1,799
2026-07-13,vrs26_gads_yt_instream_natl,youtube,Mumbai,1078.06,4223,78,78,4,2,2,2098
2026-07-13,vrs26_gads_yt_instream_natl,youtube,Delhi NCR,986.34,4039,80,80,7,2,1,799
2026-07-13,vrs26_gads_yt_instream_natl,youtube,Bengaluru,783.64,3416,73,73,2,1,0,0
2026-07-13,vrs26_gads_yt_instream_natl,youtube,Hyderabad,742.44,3236,91,91,9,1,0,0
2026-07-13,vrs26_gads_yt_instream_natl,youtube,Pune,377.76,1621,49,49,1,0,0,0
2026-07-13,vrs26_gads_yt_instream_natl,youtube,Chennai,304.94,1334,22,22,0,0,0,0
2026-07-13,vrs26_gads_yt_shorts_natl,youtube,Mumbai,697.46,2752,47,47,4,4,2,2498
2026-07-13,vrs26_gads_yt_shorts_natl,youtube,Delhi NCR,647.66,2687,68,68,8,3,2,7298
2026-07-13,vrs26_gads_yt_shorts_natl,youtube,Bengaluru,555.08,2242,40,40,2,1,1,3499
2026-07-13,vrs26_gads_yt_shorts_natl,youtube,Hyderabad,347.07,1386,26,26,1,1,1,799
2026-07-13,vrs26_gads_yt_shorts_natl,youtube,Pune,259.05,1106,20,20,0,0,0,0
2026-07-13,vrs26_gads_yt_shorts_natl,youtube,Chennai,212.98,887,23,23,2,1,1,799
2026-07-13,vrs26_gads_search_competitor_natl,search_generic,Mumbai,644.09,2828,79,79,8,4,3,10396
2026-07-13,vrs26_gads_search_competitor_natl,search_generic,Delhi NCR,435.8,1706,47,47,7,5,3,16296
2026-07-13,vrs26_gads_search_competitor_natl,search_generic,Bengaluru,512.36,2270,54,54,9,2,2,5097
2026-07-13,vrs26_gads_search_competitor_natl,search_generic,Hyderabad,317.89,1194,25,25,5,0,0,0
2026-07-13,vrs26_gads_search_competitor_natl,search_generic,Pune,248.05,1085,21,21,2,0,0,0
2026-07-13,vrs26_gads_search_competitor_natl,search_generic,Chennai,172.65,736,20,20,4,2,1,799
2026-07-13,vrs26_gads_discovery_feed_natl,discovery,Mumbai,586.7,2752,67,67,5,3,1,799
2026-07-13,vrs26_gads_discovery_feed_natl,discovery,Delhi NCR,688.91,3173,78,78,8,2,2,4298
2026-07-13,vrs26_gads_discovery_feed_natl,discovery,Bengaluru,499.82,2252,46,46,0,0,0,0
2026-07-13,vrs26_gads_discovery_feed_natl,discovery,Hyderabad,336.71,1515,34,34,3,1,1,1598
2026-07-13,vrs26_gads_discovery_feed_natl,discovery,Pune,297.64,1336,31,31,2,0,0,0
2026-07-13,vrs26_gads_discovery_feed_natl,discovery,Chennai,212.4,997,25,25,2,0,0,0
2026-07-13,vrs26_gads_search_corp_hyd,search_generic,Mumbai,143.23,543,3,3,0,0,0,0
2026-07-13,vrs26_gads_search_corp_hyd,search_generic,Delhi NCR,89.18,277,8,8,1,1,0,0
2026-07-13,vrs26_gads_search_corp_hyd,search_generic,Bengaluru,78.73,336,7,7,0,0,0,0
2026-07-13,vrs26_gads_search_corp_hyd,search_generic,Hyderabad,1438.33,7579,173,173,16,5,5,11095
2026-07-13,vrs26_gads_search_corp_hyd,search_generic,Pune,49.56,184,4,4,1,1,0,0
2026-07-13,vrs26_gads_search_corp_hyd,search_generic,Chennai,46.22,226,6,6,0,0,0,0
2026-07-14,vrs26_gads_search_brand_natl,search_brand,Mumbai,1421.7,6003,158,158,31,12,7,8393
2026-07-14,vrs26_gads_search_brand_natl,search_brand,Delhi NCR,1192.76,4752,77,77,20,7,4,6896
2026-07-14,vrs26_gads_search_brand_natl,search_brand,Bengaluru,1103.22,4273,76,76,14,8,5,13395
2026-07-14,vrs26_gads_search_brand_natl,search_brand,Hyderabad,583.26,2125,37,37,6,2,2,3798
2026-07-14,vrs26_gads_search_brand_natl,search_brand,Pune,542.88,2227,43,43,12,1,1,1999
2026-07-14,vrs26_gads_search_brand_natl,search_brand,Chennai,390.61,1633,32,32,7,4,3,4097
2026-07-14,vrs26_gads_search_generic_marathon_natl,search_generic,Mumbai,1816.42,8018,189,189,29,8,2,5297
2026-07-14,vrs26_gads_search_generic_marathon_natl,search_generic,Delhi NCR,1727.02,7816,200,200,22,10,8,13692
2026-07-14,vrs26_gads_search_generic_marathon_natl,search_generic,Bengaluru,1595.94,7052,164,164,28,13,6,11894
2026-07-14,vrs26_gads_search_generic_marathon_natl,search_generic,Hyderabad,974.46,4444,81,81,12,4,4,4596
2026-07-14,vrs26_gads_search_generic_marathon_natl,search_generic,Pune,846.93,3590,73,73,8,3,3,4196
2026-07-14,vrs26_gads_search_generic_marathon_natl,search_generic,Chennai,689.56,3032,64,64,9,3,2,2098
2026-07-14,vrs26_gads_search_generic_10k_natl,search_generic,Mumbai,1349.38,5964,95,95,11,6,1,1299
2026-07-14,vrs26_gads_search_generic_10k_natl,search_generic,Delhi NCR,935.2,3670,64,64,9,4,2,2098
2026-07-14,vrs26_gads_search_generic_10k_natl,search_generic,Bengaluru,943.89,3539,64,64,6,5,5,9095
2026-07-14,vrs26_gads_search_generic_10k_natl,search_generic,Hyderabad,715.6,3019,73,73,10,5,2,5297
2026-07-14,vrs26_gads_search_generic_10k_natl,search_generic,Pune,468.63,1799,38,38,5,2,2,2098
2026-07-14,vrs26_gads_search_generic_10k_natl,search_generic,Chennai,419.07,1705,32,32,4,0,0,0
2026-07-14,vrs26_gads_pmax_all_natl,pmax,Mumbai,1819.53,7830,146,146,19,7,6,13094
2026-07-14,vrs26_gads_pmax_all_natl,pmax,Delhi NCR,1847.45,8374,159,159,19,3,1,2499
2026-07-14,vrs26_gads_pmax_all_natl,pmax,Bengaluru,1397.22,5526,87,87,12,4,4,5596
2026-07-14,vrs26_gads_pmax_all_natl,pmax,Hyderabad,967.58,4539,112,112,15,7,3,8997
2026-07-14,vrs26_gads_pmax_all_natl,pmax,Pune,715.86,2848,44,44,7,5,2,2498
2026-07-14,vrs26_gads_pmax_all_natl,pmax,Chennai,600.69,2511,42,42,1,0,0,0
2026-07-14,vrs26_gads_pmax_mum,pmax,Mumbai,3302.45,14091,258,258,29,13,6,15594
2026-07-14,vrs26_gads_pmax_mum,pmax,Delhi NCR,180.67,625,9,9,2,0,0,0
2026-07-14,vrs26_gads_pmax_mum,pmax,Bengaluru,168.93,660,14,14,1,1,0,0
2026-07-14,vrs26_gads_pmax_mum,pmax,Hyderabad,115.49,493,10,10,1,0,0,0
2026-07-14,vrs26_gads_pmax_mum,pmax,Pune,82.26,319,7,7,1,1,0,0
2026-07-14,vrs26_gads_pmax_mum,pmax,Chennai,76.02,325,2,2,0,0,0,0
2026-07-14,vrs26_gads_pmax_blr,pmax,Mumbai,202.65,902,15,15,4,2,0,0
2026-07-14,vrs26_gads_pmax_blr,pmax,Delhi NCR,158.69,653,15,15,2,0,0,0
2026-07-14,vrs26_gads_pmax_blr,pmax,Bengaluru,2791.56,12375,292,292,29,6,4,14296
2026-07-14,vrs26_gads_pmax_blr,pmax,Hyderabad,103.96,388,9,9,0,0,0,0
2026-07-14,vrs26_gads_pmax_blr,pmax,Pune,86.61,328,8,8,2,1,1,1999
2026-07-14,vrs26_gads_pmax_blr,pmax,Chennai,79.03,305,7,7,3,2,1,799
2026-07-14,vrs26_gads_display_remarketing_natl,display,Mumbai,842.58,3621,84,84,6,3,1,799
2026-07-14,vrs26_gads_display_remarketing_natl,display,Delhi NCR,760.4,3402,79,79,6,0,0,0
2026-07-14,vrs26_gads_display_remarketing_natl,display,Bengaluru,736.49,2873,58,58,5,2,2,5498
2026-07-14,vrs26_gads_display_remarketing_natl,display,Hyderabad,591.35,2423,51,51,7,1,1,1299
2026-07-14,vrs26_gads_display_remarketing_natl,display,Pune,361.08,1336,38,38,2,0,0,0
2026-07-14,vrs26_gads_display_remarketing_natl,display,Chennai,331.94,1483,38,38,4,1,1,3998
2026-07-14,vrs26_gads_yt_instream_natl,youtube,Mumbai,996.9,4141,103,103,10,5,3,4597
2026-07-14,vrs26_gads_yt_instream_natl,youtube,Delhi NCR,1065.05,4684,62,62,8,2,1,499
2026-07-14,vrs26_gads_yt_instream_natl,youtube,Bengaluru,850.48,3827,82,82,5,2,0,0
2026-07-14,vrs26_gads_yt_instream_natl,youtube,Hyderabad,649.52,2994,55,55,4,3,3,5297
2026-07-14,vrs26_gads_yt_instream_natl,youtube,Pune,516.77,2023,56,56,6,2,2,5797
2026-07-14,vrs26_gads_yt_instream_natl,youtube,Chennai,350.43,1664,31,31,1,0,0,0
2026-07-14,vrs26_gads_yt_shorts_natl,youtube,Mumbai,850.07,3746,106,106,7,4,1,2499
2026-07-14,vrs26_gads_yt_shorts_natl,youtube,Delhi NCR,498.66,2443,64,64,3,0,0,0
2026-07-14,vrs26_gads_yt_shorts_natl,youtube,Bengaluru,580.21,2220,54,54,6,2,1,799
2026-07-14,vrs26_gads_yt_shorts_natl,youtube,Hyderabad,386.71,1684,30,30,2,1,0,0
2026-07-14,vrs26_gads_yt_shorts_natl,youtube,Pune,278.03,1126,29,29,3,2,2,5998
2026-07-14,vrs26_gads_yt_shorts_natl,youtube,Chennai,224.86,931,18,18,2,0,0,0
2026-07-14,vrs26_gads_search_competitor_natl,search_generic,Mumbai,612.67,2821,78,78,5,3,1,799
2026-07-14,vrs26_gads_search_competitor_natl,search_generic,Delhi NCR,530.71,2078,38,38,2,1,1,799
2026-07-14,vrs26_gads_search_competitor_natl,search_generic,Bengaluru,478.29,2152,40,40,4,2,0,0
2026-07-14,vrs26_gads_search_competitor_natl,search_generic,Hyderabad,384.48,1499,31,31,4,0,0,0
2026-07-14,vrs26_gads_search_competitor_natl,search_generic,Pune,225.54,903,16,16,1,1,1,1299
2026-07-14,vrs26_gads_search_competitor_natl,search_generic,Chennai,184.2,818,22,22,3,0,0,0
2026-07-14,vrs26_gads_discovery_feed_natl,discovery,Mumbai,674.33,2484,72,72,6,2,2,3498
2026-07-14,vrs26_gads_discovery_feed_natl,discovery,Delhi NCR,574.47,2221,46,46,3,0,0,0
2026-07-14,vrs26_gads_discovery_feed_natl,discovery,Bengaluru,635.4,2950,61,61,5,2,1,799
2026-07-14,vrs26_gads_discovery_feed_natl,discovery,Hyderabad,399.71,1636,44,44,5,1,0,0
2026-07-14,vrs26_gads_discovery_feed_natl,discovery,Pune,212.21,854,15,15,0,0,0,0
2026-07-14,vrs26_gads_discovery_feed_natl,discovery,Chennai,221.76,976,26,26,3,1,1,998
2026-07-14,vrs26_gads_search_corp_hyd,search_generic,Mumbai,91.05,332,7,7,2,1,1,1999
2026-07-14,vrs26_gads_search_corp_hyd,search_generic,Delhi NCR,85.4,330,11,11,1,0,0,0
2026-07-14,vrs26_gads_search_corp_hyd,search_generic,Bengaluru,66.75,260,5,5,0,0,0,0
2026-07-14,vrs26_gads_search_corp_hyd,search_generic,Hyderabad,1610.83,6558,172,172,12,4,2,3998
2026-07-14,vrs26_gads_search_corp_hyd,search_generic,Pune,35.71,131,1,1,0,0,0,0
2026-07-14,vrs26_gads_search_corp_hyd,search_generic,Chennai,22.84,102,5,5,1,1,0,0
2026-07-15,vrs26_gads_search_brand_natl,search_brand,Mumbai,1647.99,5839,87,87,30,18,11,15089
2026-07-15,vrs26_gads_search_brand_natl,search_brand,Delhi NCR,1376.79,5749,109,109,23,11,8,12192
2026-07-15,vrs26_gads_search_brand_natl,search_brand,Bengaluru,1149.93,4941,108,108,24,17,9,14691
2026-07-15,vrs26_gads_search_brand_natl,search_brand,Hyderabad,823.52,3764,57,57,11,4,3,3797
2026-07-15,vrs26_gads_search_brand_natl,search_brand,Pune,487.48,1950,50,50,14,6,5,5495
2026-07-15,vrs26_gads_search_brand_natl,search_brand,Chennai,443.02,1923,50,50,11,5,2,2798
2026-07-15,vrs26_gads_search_generic_marathon_natl,search_generic,Mumbai,2378.8,10224,192,192,31,14,6,15394
2026-07-15,vrs26_gads_search_generic_marathon_natl,search_generic,Delhi NCR,1727.43,7360,130,130,6,3,3,15596
2026-07-15,vrs26_gads_search_generic_marathon_natl,search_generic,Bengaluru,1657.19,6335,108,108,17,6,4,8796
2026-07-15,vrs26_gads_search_generic_marathon_natl,search_generic,Hyderabad,1333.51,5301,82,82,11,6,5,13593
2026-07-15,vrs26_gads_search_generic_marathon_natl,search_generic,Pune,912.7,3344,66,66,11,7,3,3397
2026-07-15,vrs26_gads_search_generic_marathon_natl,search_generic,Chennai,655.43,2587,60,60,9,3,2,3298
2026-07-15,vrs26_gads_search_generic_10k_natl,search_generic,Mumbai,1646.42,6984,113,113,13,7,3,5396
2026-07-15,vrs26_gads_search_generic_10k_natl,search_generic,Delhi NCR,1195.72,5222,108,108,10,3,2,1598
2026-07-15,vrs26_gads_search_generic_10k_natl,search_generic,Bengaluru,1010.11,4158,89,89,11,5,1,2999
2026-07-15,vrs26_gads_search_generic_10k_natl,search_generic,Hyderabad,634.58,2238,50,50,11,4,3,3297
2026-07-15,vrs26_gads_search_generic_10k_natl,search_generic,Pune,612.85,2245,34,34,5,5,5,8395
2026-07-15,vrs26_gads_search_generic_10k_natl,search_generic,Chennai,372.99,1551,22,22,3,2,2,14297
2026-07-15,vrs26_gads_pmax_all_natl,pmax,Mumbai,2368.93,9451,173,173,19,5,1,1299
2026-07-15,vrs26_gads_pmax_all_natl,pmax,Delhi NCR,1815.31,6776,125,125,16,7,3,3696
2026-07-15,vrs26_gads_pmax_all_natl,pmax,Bengaluru,1529.29,5887,117,117,16,7,4,7195
2026-07-15,vrs26_gads_pmax_all_natl,pmax,Hyderabad,1264.17,4519,103,103,11,5,3,10997
2026-07-15,vrs26_gads_pmax_all_natl,pmax,Pune,701.61,2766,62,62,5,2,1,1999
2026-07-15,vrs26_gads_pmax_all_natl,pmax,Chennai,643.71,2507,20,20,1,0,0,0
2026-07-15,vrs26_gads_pmax_mum,pmax,Mumbai,3678.29,15099,397,397,55,24,9,20391
2026-07-15,vrs26_gads_pmax_mum,pmax,Delhi NCR,261.55,1127,27,27,3,1,0,0
2026-07-15,vrs26_gads_pmax_mum,pmax,Bengaluru,177.7,638,13,13,0,0,0,0
2026-07-15,vrs26_gads_pmax_mum,pmax,Hyderabad,128.29,489,15,15,4,1,0,0
2026-07-15,vrs26_gads_pmax_mum,pmax,Pune,96.24,402,10,10,1,0,0,0
2026-07-15,vrs26_gads_pmax_mum,pmax,Chennai,104.48,385,8,8,1,0,0,0
2026-07-15,vrs26_gads_pmax_blr,pmax,Mumbai,300.43,1156,21,21,0,0,0,0
2026-07-15,vrs26_gads_pmax_blr,pmax,Delhi NCR,177.57,693,22,22,4,2,1,3499
2026-07-15,vrs26_gads_pmax_blr,pmax,Bengaluru,3129.35,11958,194,194,22,9,4,6596
2026-07-15,vrs26_gads_pmax_blr,pmax,Hyderabad,117.39,520,6,6,1,1,0,0
2026-07-15,vrs26_gads_pmax_blr,pmax,Pune,86.1,386,5,5,4,1,0,0
2026-07-15,vrs26_gads_pmax_blr,pmax,Chennai,65.64,229,4,4,0,0,0,0
2026-07-15,vrs26_gads_display_remarketing_natl,display,Mumbai,994.68,3878,49,49,5,1,0,0
2026-07-15,vrs26_gads_display_remarketing_natl,display,Delhi NCR,965.93,3718,87,87,8,3,1,1299
2026-07-15,vrs26_gads_display_remarketing_natl,display,Bengaluru,847.43,2912,80,80,5,1,1,499
2026-07-15,vrs26_gads_display_remarketing_natl,display,Hyderabad,585.06,2337,52,52,5,1,1,799
2026-07-15,vrs26_gads_display_remarketing_natl,display,Pune,385.86,1557,26,26,5,2,2,1598
2026-07-15,vrs26_gads_display_remarketing_natl,display,Chennai,325.54,1236,31,31,3,1,0,0
2026-07-15,vrs26_gads_yt_instream_natl,youtube,Mumbai,1208.77,4716,107,107,7,4,3,5196
2026-07-15,vrs26_gads_yt_instream_natl,youtube,Delhi NCR,1017.48,4020,69,69,5,3,2,2598
2026-07-15,vrs26_gads_yt_instream_natl,youtube,Bengaluru,1075.16,3933,81,81,5,2,2,1598
2026-07-15,vrs26_gads_yt_instream_natl,youtube,Hyderabad,726.5,3061,67,67,3,1,1,3998
2026-07-15,vrs26_gads_yt_instream_natl,youtube,Pune,619.49,2822,74,74,7,4,2,1798
2026-07-15,vrs26_gads_yt_instream_natl,youtube,Chennai,369.21,1447,39,39,2,0,0,0
2026-07-15,vrs26_gads_yt_shorts_natl,youtube,Mumbai,821.37,3248,59,59,3,1,0,0
2026-07-15,vrs26_gads_yt_shorts_natl,youtube,Delhi NCR,689.35,2861,40,40,3,3,2,5997
2026-07-15,vrs26_gads_yt_shorts_natl,youtube,Bengaluru,647.51,2411,39,39,3,2,1,799
2026-07-15,vrs26_gads_yt_shorts_natl,youtube,Hyderabad,415.27,1578,26,26,2,0,0,0
2026-07-15,vrs26_gads_yt_shorts_natl,youtube,Pune,384.51,1447,28,28,2,0,0,0
2026-07-15,vrs26_gads_yt_shorts_natl,youtube,Chennai,234.38,1005,17,17,2,1,1,1299
2026-07-15,vrs26_gads_search_competitor_natl,search_generic,Mumbai,655.63,2449,55,55,8,4,1,1299
2026-07-15,vrs26_gads_search_competitor_natl,search_generic,Delhi NCR,594.12,2386,54,54,4,1,1,799
2026-07-15,vrs26_gads_search_competitor_natl,search_generic,Bengaluru,566.62,2227,66,66,7,2,1,1999
2026-07-15,vrs26_gads_search_competitor_natl,search_generic,Hyderabad,396.15,1796,28,28,2,2,2,2098
2026-07-15,vrs26_gads_search_competitor_natl,search_generic,Pune,300.78,1185,27,27,2,1,1,799
2026-07-15,vrs26_gads_search_competitor_natl,search_generic,Chennai,223.03,928,12,12,1,0,0,0
2026-07-15,vrs26_gads_discovery_feed_natl,discovery,Mumbai,790.73,3360,83,83,7,0,0,0
2026-07-15,vrs26_gads_discovery_feed_natl,discovery,Delhi NCR,693.34,2356,73,73,2,0,0,0
2026-07-15,vrs26_gads_discovery_feed_natl,discovery,Bengaluru,603.48,2420,53,53,4,3,2,2798
2026-07-15,vrs26_gads_discovery_feed_natl,discovery,Hyderabad,462.47,1724,38,38,3,0,0,0
2026-07-15,vrs26_gads_discovery_feed_natl,discovery,Pune,297.82,1241,24,24,1,1,1,6499
2026-07-15,vrs26_gads_discovery_feed_natl,discovery,Chennai,230.55,828,18,18,1,0,0,0
2026-07-15,vrs26_gads_search_corp_hyd,search_generic,Mumbai,147.69,576,12,12,1,0,0,0
2026-07-15,vrs26_gads_search_corp_hyd,search_generic,Delhi NCR,107.04,448,11,11,3,1,1,799
2026-07-15,vrs26_gads_search_corp_hyd,search_generic,Bengaluru,120.48,481,13,13,3,0,0,0
2026-07-15,vrs26_gads_search_corp_hyd,search_generic,Hyderabad,1704.32,6993,130,130,19,5,0,0
2026-07-15,vrs26_gads_search_corp_hyd,search_generic,Pune,50.04,184,7,7,1,0,0,0
2026-07-15,vrs26_gads_search_corp_hyd,search_generic,Chennai,36.69,149,0,0,0,0,0,0
2026-07-16,vrs26_gads_search_brand_natl,search_brand,Mumbai,1545.1,6044,130,130,34,14,6,7394
2026-07-16,vrs26_gads_search_brand_natl,search_brand,Delhi NCR,1029.5,4346,92,92,21,10,7,11493
2026-07-16,vrs26_gads_search_brand_natl,search_brand,Bengaluru,1059.97,4086,80,80,21,8,3,4597
2026-07-16,vrs26_gads_search_brand_natl,search_brand,Hyderabad,743.69,3025,64,64,5,1,0,0
2026-07-16,vrs26_gads_search_brand_natl,search_brand,Pune,498.4,2021,43,43,8,5,3,7297
2026-07-16,vrs26_gads_search_brand_natl,search_brand,Chennai,402.21,1822,35,35,9,3,2,3298
2026-07-16,vrs26_gads_search_generic_marathon_natl,search_generic,Mumbai,2068.11,7278,142,142,18,7,2,3498
2026-07-16,vrs26_gads_search_generic_marathon_natl,search_generic,Delhi NCR,1345.49,5651,136,136,23,12,4,7096
2026-07-16,vrs26_gads_search_generic_marathon_natl,search_generic,Bengaluru,1599.89,7189,179,179,24,8,7,13693
2026-07-16,vrs26_gads_search_generic_marathon_natl,search_generic,Hyderabad,1107.92,5047,114,114,16,4,4,4896
2026-07-16,vrs26_gads_search_generic_marathon_natl,search_generic,Pune,841.55,3641,77,77,14,8,4,6596
2026-07-16,vrs26_gads_search_generic_marathon_natl,search_generic,Chennai,752.3,3243,90,90,17,9,2,1598
2026-07-16,vrs26_gads_search_generic_10k_natl,search_generic,Mumbai,1305.78,5033,116,116,20,8,5,6895
2026-07-16,vrs26_gads_search_generic_10k_natl,search_generic,Delhi NCR,975.52,3257,73,73,11,2,0,0
2026-07-16,vrs26_gads_search_generic_10k_natl,search_generic,Bengaluru,879.9,3464,77,77,12,4,2,2897
2026-07-16,vrs26_gads_search_generic_10k_natl,search_generic,Hyderabad,716.29,2744,43,43,3,0,0,0
2026-07-16,vrs26_gads_search_generic_10k_natl,search_generic,Pune,576.42,2363,63,63,12,4,2,2998
2026-07-16,vrs26_gads_search_generic_10k_natl,search_generic,Chennai,418.88,1495,29,29,3,1,1,799
2026-07-16,vrs26_gads_pmax_all_natl,pmax,Mumbai,2216.1,9041,189,189,28,12,4,6396
2026-07-16,vrs26_gads_pmax_all_natl,pmax,Delhi NCR,1482.51,5433,132,132,17,8,6,12694
2026-07-16,vrs26_gads_pmax_all_natl,pmax,Bengaluru,1420.46,5519,103,103,18,6,4,5196
2026-07-16,vrs26_gads_pmax_all_natl,pmax,Hyderabad,924.56,3355,87,87,11,6,4,3696
2026-07-16,vrs26_gads_pmax_all_natl,pmax,Pune,708.15,3048,64,64,12,7,4,7296
2026-07-16,vrs26_gads_pmax_all_natl,pmax,Chennai,658.94,2768,65,65,12,5,1,799
2026-07-16,vrs26_gads_pmax_mum,pmax,Mumbai,3245.01,12771,306,306,45,15,9,12790
2026-07-16,vrs26_gads_pmax_mum,pmax,Delhi NCR,210.69,912,25,25,3,0,0,0
2026-07-16,vrs26_gads_pmax_mum,pmax,Bengaluru,207.88,896,23,23,5,1,0,0
2026-07-16,vrs26_gads_pmax_mum,pmax,Hyderabad,132.16,624,11,11,1,0,0,0
2026-07-16,vrs26_gads_pmax_mum,pmax,Pune,98.75,417,12,12,0,0,0,0
2026-07-16,vrs26_gads_pmax_mum,pmax,Chennai,64.67,282,3,3,1,1,0,0
2026-07-16,vrs26_gads_pmax_blr,pmax,Mumbai,216.33,898,19,19,3,0,0,0
2026-07-16,vrs26_gads_pmax_blr,pmax,Delhi NCR,157.88,631,13,13,3,2,0,0
2026-07-16,vrs26_gads_pmax_blr,pmax,Bengaluru,2819,12006,247,247,28,6,2,3998
2026-07-16,vrs26_gads_pmax_blr,pmax,Hyderabad,120.35,521,12,12,2,1,0,0
2026-07-16,vrs26_gads_pmax_blr,pmax,Pune,72.24,290,4,4,0,0,0,0
2026-07-16,vrs26_gads_pmax_blr,pmax,Chennai,65.76,252,2,2,0,0,0,0
2026-07-16,vrs26_gads_display_remarketing_natl,display,Mumbai,893.98,3709,85,85,6,3,1,799
2026-07-16,vrs26_gads_display_remarketing_natl,display,Delhi NCR,867.08,3508,87,87,6,2,2,1298
2026-07-16,vrs26_gads_display_remarketing_natl,display,Bengaluru,814.02,3408,54,54,6,0,0,0
2026-07-16,vrs26_gads_display_remarketing_natl,display,Hyderabad,469.67,1958,33,33,3,1,0,0
2026-07-16,vrs26_gads_display_remarketing_natl,display,Pune,310.11,1448,25,25,1,1,1,799
2026-07-16,vrs26_gads_display_remarketing_natl,display,Chennai,299.73,1266,20,20,0,0,0,0
2026-07-16,vrs26_gads_yt_instream_natl,youtube,Mumbai,1215.71,5247,140,140,11,4,1,799
2026-07-16,vrs26_gads_yt_instream_natl,youtube,Delhi NCR,1028.77,4802,85,85,4,0,0,0
2026-07-16,vrs26_gads_yt_instream_natl,youtube,Bengaluru,786.55,3568,106,106,6,2,1,799
2026-07-16,vrs26_gads_yt_instream_natl,youtube,Hyderabad,659.95,2696,61,61,2,0,0,0
2026-07-16,vrs26_gads_yt_instream_natl,youtube,Pune,386.73,1788,40,40,3,0,0,0
2026-07-16,vrs26_gads_yt_instream_natl,youtube,Chennai,389.02,1508,23,23,2,1,1,799
2026-07-16,vrs26_gads_yt_shorts_natl,youtube,Mumbai,679.58,2553,78,78,3,1,1,2499
2026-07-16,vrs26_gads_yt_shorts_natl,youtube,Delhi NCR,664.16,2794,71,71,8,1,1,6499
2026-07-16,vrs26_gads_yt_shorts_natl,youtube,Bengaluru,531.46,2211,41,41,1,0,0,0
2026-07-16,vrs26_gads_yt_shorts_natl,youtube,Hyderabad,443.72,1811,44,44,7,4,4,3895
2026-07-16,vrs26_gads_yt_shorts_natl,youtube,Pune,270.68,1083,20,20,2,0,0,0
2026-07-16,vrs26_gads_yt_shorts_natl,youtube,Chennai,252.87,1174,26,26,3,1,0,0
2026-07-16,vrs26_gads_search_competitor_natl,search_generic,Mumbai,546.66,2302,62,62,7,4,2,8498
2026-07-16,vrs26_gads_search_competitor_natl,search_generic,Delhi NCR,532.27,2385,64,64,7,5,0,0
2026-07-16,vrs26_gads_search_competitor_natl,search_generic,Bengaluru,595.66,2738,53,53,5,1,0,0
2026-07-16,vrs26_gads_search_competitor_natl,search_generic,Hyderabad,333.15,1365,34,34,2,1,0,0
2026-07-16,vrs26_gads_search_competitor_natl,search_generic,Pune,245.59,1064,26,26,5,1,1,499
2026-07-16,vrs26_gads_search_competitor_natl,search_generic,Chennai,183.07,727,13,13,1,0,0,0
2026-07-16,vrs26_gads_discovery_feed_natl,discovery,Mumbai,801.71,3332,70,70,5,3,2,9998
2026-07-16,vrs26_gads_discovery_feed_natl,discovery,Delhi NCR,594.46,2572,47,47,5,2,0,0
2026-07-16,vrs26_gads_discovery_feed_natl,discovery,Bengaluru,478.72,1837,40,40,2,1,0,0
2026-07-16,vrs26_gads_discovery_feed_natl,discovery,Hyderabad,346.1,1680,33,33,3,1,1,799
2026-07-16,vrs26_gads_discovery_feed_natl,discovery,Pune,304.66,1212,21,21,1,0,0,0
2026-07-16,vrs26_gads_discovery_feed_natl,discovery,Chennai,215.3,1036,23,23,3,1,1,799
2026-07-16,vrs26_gads_search_corp_hyd,search_generic,Mumbai,99.73,496,6,6,1,0,0,0
2026-07-16,vrs26_gads_search_corp_hyd,search_generic,Delhi NCR,97.59,406,6,6,1,1,0,0
2026-07-16,vrs26_gads_search_corp_hyd,search_generic,Bengaluru,99.06,396,7,7,2,1,1,799
2026-07-16,vrs26_gads_search_corp_hyd,search_generic,Hyderabad,1561.51,6183,159,159,22,9,6,7593
2026-07-16,vrs26_gads_search_corp_hyd,search_generic,Pune,38.99,157,3,3,0,0,0,0
2026-07-16,vrs26_gads_search_corp_hyd,search_generic,Chennai,31.93,140,2,2,0,0,0,0
2026-07-17,vrs26_gads_search_brand_natl,search_brand,Mumbai,1836.74,7063,147,147,35,10,7,7793
2026-07-17,vrs26_gads_search_brand_natl,search_brand,Delhi NCR,1196.7,5095,89,89,22,11,7,22391
2026-07-17,vrs26_gads_search_brand_natl,search_brand,Bengaluru,1253.56,4666,85,85,23,11,6,14594
2026-07-17,vrs26_gads_search_brand_natl,search_brand,Hyderabad,1008.57,4330,107,107,22,10,5,6695
2026-07-17,vrs26_gads_search_brand_natl,search_brand,Pune,685.58,2808,49,49,10,4,1,1299
2026-07-17,vrs26_gads_search_brand_natl,search_brand,Chennai,580.57,2331,65,65,14,6,5,18094
2026-07-17,vrs26_gads_search_generic_marathon_natl,search_generic,Mumbai,2244.14,7776,114,114,21,8,3,3097
2026-07-17,vrs26_gads_search_generic_marathon_natl,search_generic,Delhi NCR,2152.08,8313,194,194,28,10,8,14992
2026-07-17,vrs26_gads_search_generic_marathon_natl,search_generic,Bengaluru,1931.67,7495,174,174,27,8,5,8494
2026-07-17,vrs26_gads_search_generic_marathon_natl,search_generic,Hyderabad,1312.15,4987,101,101,16,9,5,8895
2026-07-17,vrs26_gads_search_generic_marathon_natl,search_generic,Pune,1066.11,4278,133,133,27,6,3,4097
2026-07-17,vrs26_gads_search_generic_marathon_natl,search_generic,Chennai,884.07,3689,81,81,13,6,4,6396
2026-07-17,vrs26_gads_search_generic_10k_natl,search_generic,Mumbai,1540.78,5821,134,134,25,15,7,23592
2026-07-17,vrs26_gads_search_generic_10k_natl,search_generic,Delhi NCR,1391.67,6162,161,161,18,6,4,7096
2026-07-17,vrs26_gads_search_generic_10k_natl,search_generic,Bengaluru,1315.79,4879,90,90,12,5,4,7195
2026-07-17,vrs26_gads_search_generic_10k_natl,search_generic,Hyderabad,745.39,2888,49,49,7,3,1,799
2026-07-17,vrs26_gads_search_generic_10k_natl,search_generic,Pune,604.74,2391,55,55,8,1,1,1299
2026-07-17,vrs26_gads_search_generic_10k_natl,search_generic,Chennai,458.61,1770,40,40,8,4,2,2098
2026-07-17,vrs26_gads_pmax_all_natl,pmax,Mumbai,1973.94,8098,178,178,18,7,5,6895
2026-07-17,vrs26_gads_pmax_all_natl,pmax,Delhi NCR,2458.47,8949,170,170,20,7,3,9797
2026-07-17,vrs26_gads_pmax_all_natl,pmax,Bengaluru,1883.01,7176,107,107,12,5,3,10797
2026-07-17,vrs26_gads_pmax_all_natl,pmax,Hyderabad,1308.77,5621,137,137,21,10,6,9794
2026-07-17,vrs26_gads_pmax_all_natl,pmax,Pune,900.37,3605,67,67,11,7,1,799
2026-07-17,vrs26_gads_pmax_all_natl,pmax,Chennai,687.1,2550,53,53,3,1,1,799
2026-07-17,vrs26_gads_pmax_mum,pmax,Mumbai,4122.6,16371,378,378,41,15,11,29989
2026-07-17,vrs26_gads_pmax_mum,pmax,Delhi NCR,227.26,887,25,25,5,4,2,3798
2026-07-17,vrs26_gads_pmax_mum,pmax,Bengaluru,239.71,971,21,21,3,0,0,0
2026-07-17,vrs26_gads_pmax_mum,pmax,Hyderabad,143.72,531,16,16,0,0,0,0
2026-07-17,vrs26_gads_pmax_mum,pmax,Pune,112.77,451,12,12,2,1,1,799
2026-07-17,vrs26_gads_pmax_mum,pmax,Chennai,75.24,247,4,4,2,2,1,799
2026-07-17,vrs26_gads_pmax_blr,pmax,Mumbai,239.06,917,20,20,3,1,0,0
2026-07-17,vrs26_gads_pmax_blr,pmax,Delhi NCR,223.48,728,11,11,2,0,0,0
2026-07-17,vrs26_gads_pmax_blr,pmax,Bengaluru,3502.67,13826,258,258,33,11,6,9394
2026-07-17,vrs26_gads_pmax_blr,pmax,Hyderabad,159.68,582,14,14,2,0,0,0
2026-07-17,vrs26_gads_pmax_blr,pmax,Pune,75.32,216,5,5,1,0,0,0
2026-07-17,vrs26_gads_pmax_blr,pmax,Chennai,90.15,369,8,8,1,0,0,0
2026-07-17,vrs26_gads_display_remarketing_natl,display,Mumbai,1142.03,3871,71,71,2,0,0,0
2026-07-17,vrs26_gads_display_remarketing_natl,display,Delhi NCR,1057.7,4520,87,87,12,7,4,8596
2026-07-17,vrs26_gads_display_remarketing_natl,display,Bengaluru,758.61,2949,71,71,7,2,1,2499
2026-07-17,vrs26_gads_display_remarketing_natl,display,Hyderabad,716.66,2632,60,60,6,2,2,2098
2026-07-17,vrs26_gads_display_remarketing_natl,display,Pune,417.15,1710,41,41,6,0,0,0
2026-07-17,vrs26_gads_display_remarketing_natl,display,Chennai,450.6,1975,36,36,4,2,1,799
2026-07-17,vrs26_gads_yt_instream_natl,youtube,Mumbai,1467.93,5408,111,111,15,5,2,3298
2026-07-17,vrs26_gads_yt_instream_natl,youtube,Delhi NCR,1271.9,4597,94,94,4,1,1,1999
2026-07-17,vrs26_gads_yt_instream_natl,youtube,Bengaluru,1122.1,4399,113,113,8,3,2,1598
2026-07-17,vrs26_gads_yt_instream_natl,youtube,Hyderabad,664.5,2243,34,34,3,1,1,1299
2026-07-17,vrs26_gads_yt_instream_natl,youtube,Pune,592.71,2312,49,49,2,2,1,1299
2026-07-17,vrs26_gads_yt_instream_natl,youtube,Chennai,433.1,1560,21,21,1,1,1,799
2026-07-17,vrs26_gads_yt_shorts_natl,youtube,Mumbai,903.52,3426,82,82,7,0,0,0
2026-07-17,vrs26_gads_yt_shorts_natl,youtube,Delhi NCR,773.91,2973,67,67,2,0,0,0
2026-07-17,vrs26_gads_yt_shorts_natl,youtube,Bengaluru,773.64,2689,49,49,6,3,1,1999
2026-07-17,vrs26_gads_yt_shorts_natl,youtube,Hyderabad,427.78,1609,24,24,0,0,0,0
2026-07-17,vrs26_gads_yt_shorts_natl,youtube,Pune,364.36,1449,29,29,3,2,2,1598
2026-07-17,vrs26_gads_yt_shorts_natl,youtube,Chennai,290.03,1184,33,33,3,0,0,0
2026-07-17,vrs26_gads_search_competitor_natl,search_generic,Mumbai,924.31,3753,73,73,5,3,2,3298
2026-07-17,vrs26_gads_search_competitor_natl,search_generic,Delhi NCR,669.06,2391,47,47,7,1,0,0
2026-07-17,vrs26_gads_search_competitor_natl,search_generic,Bengaluru,581.3,1867,40,40,2,1,1,1999
2026-07-17,vrs26_gads_search_competitor_natl,search_generic,Hyderabad,409.15,1750,38,38,4,2,2,2098
2026-07-17,vrs26_gads_search_competitor_natl,search_generic,Pune,250.05,1007,21,21,1,1,1,1999
2026-07-17,vrs26_gads_search_competitor_natl,search_generic,Chennai,194.62,682,7,7,1,0,0,0
2026-07-17,vrs26_gads_discovery_feed_natl,discovery,Mumbai,828.36,3100,44,44,5,2,2,3798
2026-07-17,vrs26_gads_discovery_feed_natl,discovery,Delhi NCR,818.42,3548,108,108,12,5,5,10595
2026-07-17,vrs26_gads_discovery_feed_natl,discovery,Bengaluru,746.33,2858,60,60,5,2,1,1299
2026-07-17,vrs26_gads_discovery_feed_natl,discovery,Hyderabad,429.98,1588,32,32,4,2,1,1999
2026-07-17,vrs26_gads_discovery_feed_natl,discovery,Pune,347.3,1212,28,28,2,1,1,1598
2026-07-17,vrs26_gads_discovery_feed_natl,discovery,Chennai,236.65,926,19,19,1,0,0,0
2026-07-17,vrs26_gads_search_corp_hyd,search_generic,Mumbai,156.13,548,18,18,1,0,0,0
2026-07-17,vrs26_gads_search_corp_hyd,search_generic,Delhi NCR,122.63,474,10,10,1,0,0,0
2026-07-17,vrs26_gads_search_corp_hyd,search_generic,Bengaluru,128.95,510,14,14,0,0,0,0
2026-07-17,vrs26_gads_search_corp_hyd,search_generic,Hyderabad,1889.75,8688,184,184,34,12,11,27888
2026-07-17,vrs26_gads_search_corp_hyd,search_generic,Pune,53.2,210,3,3,0,0,0,0
2026-07-17,vrs26_gads_search_corp_hyd,search_generic,Chennai,46.88,201,5,5,0,0,0,0
2026-07-18,vrs26_gads_search_brand_natl,search_brand,Mumbai,1908.81,8236,155,155,44,16,12,23587
2026-07-18,vrs26_gads_search_brand_natl,search_brand,Delhi NCR,1302.29,5006,113,113,28,13,6,6794
2026-07-18,vrs26_gads_search_brand_natl,search_brand,Bengaluru,1397.09,5159,99,99,22,12,6,11093
2026-07-18,vrs26_gads_search_brand_natl,search_brand,Hyderabad,971.81,3481,55,55,10,3,3,3397
2026-07-18,vrs26_gads_search_brand_natl,search_brand,Pune,670.81,2523,60,60,13,7,1,1999
2026-07-18,vrs26_gads_search_brand_natl,search_brand,Chennai,519.29,2025,33,33,10,6,5,12594
2026-07-18,vrs26_gads_search_generic_marathon_natl,search_generic,Mumbai,2540.89,8061,212,212,33,12,8,13492
2026-07-18,vrs26_gads_search_generic_marathon_natl,search_generic,Delhi NCR,2383.71,9051,168,168,19,7,3,3397
2026-07-18,vrs26_gads_search_generic_marathon_natl,search_generic,Bengaluru,1854.81,7527,157,157,23,12,5,7195
2026-07-18,vrs26_gads_search_generic_marathon_natl,search_generic,Hyderabad,1520.8,5462,103,103,12,5,2,3998
2026-07-18,vrs26_gads_search_generic_marathon_natl,search_generic,Pune,855.62,3292,50,50,4,1,0,0
2026-07-18,vrs26_gads_search_generic_marathon_natl,search_generic,Chennai,738.92,2438,45,45,10,5,1,799
2026-07-18,vrs26_gads_search_generic_10k_natl,search_generic,Mumbai,1563.82,5738,123,123,22,5,2,4498
2026-07-18,vrs26_gads_search_generic_10k_natl,search_generic,Delhi NCR,1548.31,5169,143,143,23,8,4,12296
2026-07-18,vrs26_gads_search_generic_10k_natl,search_generic,Bengaluru,1215.94,4447,92,92,6,4,3,6096
2026-07-18,vrs26_gads_search_generic_10k_natl,search_generic,Hyderabad,896.56,3169,63,63,9,6,5,14394
2026-07-18,vrs26_gads_search_generic_10k_natl,search_generic,Pune,538.83,1753,45,45,8,5,4,9596
2026-07-18,vrs26_gads_search_generic_10k_natl,search_generic,Chennai,485.86,1766,39,39,6,2,0,0
2026-07-18,vrs26_gads_pmax_all_natl,pmax,Mumbai,2324.38,7762,233,233,26,11,6,13594
2026-07-18,vrs26_gads_pmax_all_natl,pmax,Delhi NCR,2235.85,7156,182,182,9,4,1,6499
2026-07-18,vrs26_gads_pmax_all_natl,pmax,Bengaluru,1952.43,7802,191,191,25,13,7,9193
2026-07-18,vrs26_gads_pmax_all_natl,pmax,Hyderabad,1315.49,5498,148,148,18,3,2,2998
2026-07-18,vrs26_gads_pmax_all_natl,pmax,Pune,989.85,4213,76,76,7,3,1,799
2026-07-18,vrs26_gads_pmax_all_natl,pmax,Chennai,686.16,2449,55,55,7,5,2,7798
2026-07-18,vrs26_gads_pmax_mum,pmax,Mumbai,4062.8,17155,401,401,51,18,11,27788
2026-07-18,vrs26_gads_pmax_mum,pmax,Delhi NCR,286.48,1207,34,34,4,1,1,6499
2026-07-18,vrs26_gads_pmax_mum,pmax,Bengaluru,242.2,799,11,11,2,2,1,3499
2026-07-18,vrs26_gads_pmax_mum,pmax,Hyderabad,233.59,787,15,15,2,0,0,0
2026-07-18,vrs26_gads_pmax_mum,pmax,Pune,135.87,567,15,15,2,0,0,0
2026-07-18,vrs26_gads_pmax_mum,pmax,Chennai,116.63,481,8,8,3,2,1,2499
2026-07-18,vrs26_gads_pmax_blr,pmax,Mumbai,265.41,992,15,15,0,0,0,0
2026-07-18,vrs26_gads_pmax_blr,pmax,Delhi NCR,214.4,804,21,21,4,2,1,1299
2026-07-18,vrs26_gads_pmax_blr,pmax,Bengaluru,3625.2,14350,329,329,38,16,15,19685
2026-07-18,vrs26_gads_pmax_blr,pmax,Hyderabad,132.12,478,11,11,1,0,0,0
2026-07-18,vrs26_gads_pmax_blr,pmax,Pune,102.19,359,8,8,1,1,1,1999
2026-07-18,vrs26_gads_pmax_blr,pmax,Chennai,87.28,320,6,6,0,0,0,0
2026-07-18,vrs26_gads_display_remarketing_natl,display,Mumbai,1266.24,3604,49,49,4,1,1,1999
2026-07-18,vrs26_gads_display_remarketing_natl,display,Delhi NCR,933.49,3180,73,73,9,1,1,799
2026-07-18,vrs26_gads_display_remarketing_natl,display,Bengaluru,910.67,2971,75,75,10,3,2,4998
2026-07-18,vrs26_gads_display_remarketing_natl,display,Hyderabad,649.4,2250,46,46,6,2,1,6499
2026-07-18,vrs26_gads_display_remarketing_natl,display,Pune,501.28,1692,32,32,1,1,1,799
2026-07-18,vrs26_gads_display_remarketing_natl,display,Chennai,425.91,1860,39,39,4,2,1,799
2026-07-18,vrs26_gads_yt_instream_natl,youtube,Mumbai,1567.54,6005,116,116,9,6,2,2098
2026-07-18,vrs26_gads_yt_instream_natl,youtube,Delhi NCR,1288.37,5025,110,110,11,3,1,799
2026-07-18,vrs26_gads_yt_instream_natl,youtube,Bengaluru,1066.36,4164,103,103,10,2,0,0
2026-07-18,vrs26_gads_yt_instream_natl,youtube,Hyderabad,849.57,3250,49,49,5,1,1,2999
2026-07-18,vrs26_gads_yt_instream_natl,youtube,Pune,575.67,2144,37,37,5,1,1,6499
2026-07-18,vrs26_gads_yt_instream_natl,youtube,Chennai,381.02,1359,18,18,1,0,0,0
2026-07-18,vrs26_gads_yt_shorts_natl,youtube,Mumbai,1044.25,3692,87,87,3,0,0,0
2026-07-18,vrs26_gads_yt_shorts_natl,youtube,Delhi NCR,734.72,2689,57,57,7,2,1,799
2026-07-18,vrs26_gads_yt_shorts_natl,youtube,Bengaluru,689.65,2768,46,46,2,0,0,0
2026-07-18,vrs26_gads_yt_shorts_natl,youtube,Hyderabad,494.67,1895,43,43,5,2,2,6997
2026-07-18,vrs26_gads_yt_shorts_natl,youtube,Pune,367.14,1457,26,26,3,2,0,0
2026-07-18,vrs26_gads_yt_shorts_natl,youtube,Chennai,315.01,1235,28,28,0,0,0,0
2026-07-18,vrs26_gads_search_competitor_natl,search_generic,Mumbai,811.19,2979,53,53,4,3,3,3897
2026-07-18,vrs26_gads_search_competitor_natl,search_generic,Delhi NCR,671.12,2767,76,76,7,2,1,6499
2026-07-18,vrs26_gads_search_competitor_natl,search_generic,Bengaluru,634.13,2170,47,47,7,4,3,4097
2026-07-18,vrs26_gads_search_competitor_natl,search_generic,Hyderabad,403.68,1388,17,17,0,0,0,0
2026-07-18,vrs26_gads_search_competitor_natl,search_generic,Pune,336.11,1189,35,35,4,2,2,2798
2026-07-18,vrs26_gads_search_competitor_natl,search_generic,Chennai,268.43,1101,21,21,3,2,1,1299
2026-07-18,vrs26_gads_discovery_feed_natl,discovery,Mumbai,1009.58,3561,77,77,6,1,1,2999
2026-07-18,vrs26_gads_discovery_feed_natl,discovery,Delhi NCR,759.37,2488,55,55,5,1,0,0
2026-07-18,vrs26_gads_discovery_feed_natl,discovery,Bengaluru,636.27,2125,31,31,2,1,0,0
2026-07-18,vrs26_gads_discovery_feed_natl,discovery,Hyderabad,498.44,1838,37,37,2,2,2,14997
2026-07-18,vrs26_gads_discovery_feed_natl,discovery,Pune,331.41,1327,23,23,2,1,0,0
2026-07-18,vrs26_gads_discovery_feed_natl,discovery,Chennai,280.18,1066,14,14,1,1,1,499
2026-07-18,vrs26_gads_search_corp_hyd,search_generic,Mumbai,108.06,415,13,13,1,1,0,0
2026-07-18,vrs26_gads_search_corp_hyd,search_generic,Delhi NCR,115.84,429,8,8,1,0,0,0
2026-07-18,vrs26_gads_search_corp_hyd,search_generic,Bengaluru,94.9,324,5,5,0,0,0,0
2026-07-18,vrs26_gads_search_corp_hyd,search_generic,Hyderabad,2064.65,8428,178,178,18,8,6,7594
2026-07-18,vrs26_gads_search_corp_hyd,search_generic,Pune,49.31,209,1,1,1,1,1,799
2026-07-18,vrs26_gads_search_corp_hyd,search_generic,Chennai,40.92,136,1,1,0,0,0,0
2026-07-19,vrs26_gads_search_brand_natl,search_brand,Mumbai,1929.85,8486,179,179,39,19,6,12394
2026-07-19,vrs26_gads_search_brand_natl,search_brand,Delhi NCR,1252.22,4606,80,80,19,8,8,18092
2026-07-19,vrs26_gads_search_brand_natl,search_brand,Bengaluru,1266.36,4669,97,97,26,13,6,9993
2026-07-19,vrs26_gads_search_brand_natl,search_brand,Hyderabad,800.47,3131,76,76,15,5,3,2897
2026-07-19,vrs26_gads_search_brand_natl,search_brand,Pune,696.62,3042,49,49,12,5,4,10395
2026-07-19,vrs26_gads_search_brand_natl,search_brand,Chennai,543.29,2446,58,58,16,8,5,6695
2026-07-19,vrs26_gads_search_generic_marathon_natl,search_generic,Mumbai,2999.81,11720,259,259,25,13,6,7494
2026-07-19,vrs26_gads_search_generic_marathon_natl,search_generic,Delhi NCR,1825.26,7085,124,124,22,6,5,4695
2026-07-19,vrs26_gads_search_generic_marathon_natl,search_generic,Bengaluru,1526.14,5441,92,92,10,4,3,2897
2026-07-19,vrs26_gads_search_generic_marathon_natl,search_generic,Hyderabad,1431.45,5155,126,126,16,4,3,5297
2026-07-19,vrs26_gads_search_generic_marathon_natl,search_generic,Pune,1002.75,4762,99,99,10,2,1,6499
2026-07-19,vrs26_gads_search_generic_marathon_natl,search_generic,Chennai,698.23,3207,52,52,6,3,1,3499
2026-07-19,vrs26_gads_search_generic_10k_natl,search_generic,Mumbai,1467.81,5401,117,117,17,9,6,8194
2026-07-19,vrs26_gads_search_generic_10k_natl,search_generic,Delhi NCR,1263.47,4677,61,61,5,2,1,1299
2026-07-19,vrs26_gads_search_generic_10k_natl,search_generic,Bengaluru,1282.6,4844,102,102,11,4,1,799
2026-07-19,vrs26_gads_search_generic_10k_natl,search_generic,Hyderabad,960.99,3314,74,74,13,5,3,4997
2026-07-19,vrs26_gads_search_generic_10k_natl,search_generic,Pune,585.99,2205,41,41,3,2,0,0
2026-07-19,vrs26_gads_search_generic_10k_natl,search_generic,Chennai,428.82,1665,32,32,2,1,1,799
2026-07-19,vrs26_gads_pmax_all_natl,pmax,Mumbai,2249.49,7910,146,146,19,7,2,1298
2026-07-19,vrs26_gads_pmax_all_natl,pmax,Delhi NCR,2102.41,8378,190,190,30,11,4,12096
2026-07-19,vrs26_gads_pmax_all_natl,pmax,Bengaluru,1794.06,6640,171,171,28,12,8,15591
2026-07-19,vrs26_gads_pmax_all_natl,pmax,Hyderabad,1347.73,4783,118,118,14,8,3,2897
2026-07-19,vrs26_gads_pmax_all_natl,pmax,Pune,850.56,3393,81,81,16,9,1,2999
2026-07-19,vrs26_gads_pmax_all_natl,pmax,Chennai,765.02,3162,68,68,10,7,1,6499
2026-07-19,vrs26_gads_pmax_mum,pmax,Mumbai,3904,14944,296,296,40,14,11,28489
2026-07-19,vrs26_gads_pmax_mum,pmax,Delhi NCR,331,1321,41,41,4,1,0,0
2026-07-19,vrs26_gads_pmax_mum,pmax,Bengaluru,254.19,894,21,21,4,2,2,3298
2026-07-19,vrs26_gads_pmax_mum,pmax,Hyderabad,167.75,566,8,8,2,1,0,0
2026-07-19,vrs26_gads_pmax_mum,pmax,Pune,103.78,370,8,8,0,0,0,0
2026-07-19,vrs26_gads_pmax_mum,pmax,Chennai,105.89,421,8,8,1,0,0,0
2026-07-19,vrs26_gads_pmax_blr,pmax,Mumbai,249.06,855,23,23,2,0,0,0
2026-07-19,vrs26_gads_pmax_blr,pmax,Delhi NCR,201.01,839,10,10,1,0,0,0
2026-07-19,vrs26_gads_pmax_blr,pmax,Bengaluru,3479.61,12131,298,298,43,20,12,18588
2026-07-19,vrs26_gads_pmax_blr,pmax,Hyderabad,130.23,474,7,7,0,0,0,0
2026-07-19,vrs26_gads_pmax_blr,pmax,Pune,103.53,369,6,6,1,1,1,1299
2026-07-19,vrs26_gads_pmax_blr,pmax,Chennai,79.24,267,1,1,0,0,0,0
2026-07-19,vrs26_gads_display_remarketing_natl,display,Mumbai,1084.33,3888,92,92,11,3,0,0
2026-07-19,vrs26_gads_display_remarketing_natl,display,Delhi NCR,1044.11,3955,74,74,3,1,0,0
2026-07-19,vrs26_gads_display_remarketing_natl,display,Bengaluru,913.61,3010,80,80,6,0,0,0
2026-07-19,vrs26_gads_display_remarketing_natl,display,Hyderabad,675.7,2313,33,33,2,2,2,1598
2026-07-19,vrs26_gads_display_remarketing_natl,display,Pune,466.54,1744,40,40,6,0,0,0
2026-07-19,vrs26_gads_display_remarketing_natl,display,Chennai,307.97,1132,20,20,2,1,1,1999
2026-07-19,vrs26_gads_yt_instream_natl,youtube,Mumbai,1481.87,5090,131,131,2,0,0,0
2026-07-19,vrs26_gads_yt_instream_natl,youtube,Delhi NCR,1183.02,5020,94,94,4,1,0,0
2026-07-19,vrs26_gads_yt_instream_natl,youtube,Bengaluru,1057.27,4177,89,89,7,4,3,2897
2026-07-19,vrs26_gads_yt_instream_natl,youtube,Hyderabad,863.28,3203,66,66,3,1,1,1299
2026-07-19,vrs26_gads_yt_instream_natl,youtube,Pune,536.42,1990,59,59,2,1,1,1299
2026-07-19,vrs26_gads_yt_instream_natl,youtube,Chennai,368.67,1389,29,29,3,2,2,3998
2026-07-19,vrs26_gads_yt_shorts_natl,youtube,Mumbai,882.99,3329,65,65,6,3,0,0
2026-07-19,vrs26_gads_yt_shorts_natl,youtube,Delhi NCR,793.83,3617,86,86,7,3,1,3998
2026-07-19,vrs26_gads_yt_shorts_natl,youtube,Bengaluru,716.33,2470,51,51,3,1,1,799
2026-07-19,vrs26_gads_yt_shorts_natl,youtube,Hyderabad,438.25,1740,38,38,7,2,1,799
2026-07-19,vrs26_gads_yt_shorts_natl,youtube,Pune,373.69,1261,25,25,2,1,1,1299
2026-07-19,vrs26_gads_yt_shorts_natl,youtube,Chennai,288.88,1217,30,30,2,1,0,0
2026-07-19,vrs26_gads_search_competitor_natl,search_generic,Mumbai,906.84,3565,94,94,7,1,0,0
2026-07-19,vrs26_gads_search_competitor_natl,search_generic,Delhi NCR,620.12,2269,55,55,5,2,0,0
2026-07-19,vrs26_gads_search_competitor_natl,search_generic,Bengaluru,567.98,2239,37,37,4,1,0,0
2026-07-19,vrs26_gads_search_competitor_natl,search_generic,Hyderabad,391.44,1334,24,24,7,2,1,1999
2026-07-19,vrs26_gads_search_competitor_natl,search_generic,Pune,297.66,1104,20,20,2,1,0,0
2026-07-19,vrs26_gads_search_competitor_natl,search_generic,Chennai,210.79,688,17,17,1,1,0,0
2026-07-19,vrs26_gads_discovery_feed_natl,discovery,Mumbai,970.8,3662,73,73,6,3,2,2098
2026-07-19,vrs26_gads_discovery_feed_natl,discovery,Delhi NCR,727.86,2872,64,64,7,3,2,3998
2026-07-19,vrs26_gads_discovery_feed_natl,discovery,Bengaluru,648.7,2528,53,53,6,5,2,3298
2026-07-19,vrs26_gads_discovery_feed_natl,discovery,Hyderabad,415.5,1699,45,45,3,1,0,0
2026-07-19,vrs26_gads_discovery_feed_natl,discovery,Pune,358.81,1385,33,33,2,1,1,1299
2026-07-19,vrs26_gads_discovery_feed_natl,discovery,Chennai,247.53,796,7,7,1,0,0,0
2026-07-19,vrs26_gads_search_corp_hyd,search_generic,Mumbai,159.7,639,14,14,1,0,0,0
2026-07-19,vrs26_gads_search_corp_hyd,search_generic,Delhi NCR,103.04,382,11,11,0,0,0,0
2026-07-19,vrs26_gads_search_corp_hyd,search_generic,Bengaluru,132.75,587,17,17,2,0,0,0
2026-07-19,vrs26_gads_search_corp_hyd,search_generic,Hyderabad,1896.28,8269,141,141,23,17,8,10192
2026-07-19,vrs26_gads_search_corp_hyd,search_generic,Pune,41.25,160,5,5,0,0,0,0
2026-07-19,vrs26_gads_search_corp_hyd,search_generic,Chennai,37.89,137,4,4,1,0,0,0
2026-07-20,vrs26_gads_search_brand_natl,search_brand,Mumbai,1663.83,6041,131,131,30,17,9,25391
2026-07-20,vrs26_gads_search_brand_natl,search_brand,Delhi NCR,985.37,3702,66,66,18,8,3,6497
2026-07-20,vrs26_gads_search_brand_natl,search_brand,Bengaluru,1015.41,4271,68,68,10,3,1,1299
2026-07-20,vrs26_gads_search_brand_natl,search_brand,Hyderabad,862.62,3432,64,64,18,10,5,4495
2026-07-20,vrs26_gads_search_brand_natl,search_brand,Pune,546.49,2398,37,37,8,3,1,799
2026-07-20,vrs26_gads_search_brand_natl,search_brand,Chennai,469.46,1777,29,29,7,6,5,9095
2026-07-20,vrs26_gads_search_generic_marathon_natl,search_generic,Mumbai,1680.44,7679,181,181,35,12,6,13794
2026-07-20,vrs26_gads_search_generic_marathon_natl,search_generic,Delhi NCR,1767.98,8045,149,149,15,11,9,14991
2026-07-20,vrs26_gads_search_generic_marathon_natl,search_generic,Bengaluru,1946.32,8798,198,198,31,12,7,12393
2026-07-20,vrs26_gads_search_generic_marathon_natl,search_generic,Hyderabad,1039.46,4552,112,112,17,7,5,7795
2026-07-20,vrs26_gads_search_generic_marathon_natl,search_generic,Pune,947.8,3782,88,88,13,4,3,3696
2026-07-20,vrs26_gads_search_generic_marathon_natl,search_generic,Chennai,719.56,2775,57,57,12,2,1,1999
2026-07-20,vrs26_gads_search_generic_10k_natl,search_generic,Mumbai,1504.8,5661,131,131,16,7,6,11794
2026-07-20,vrs26_gads_search_generic_10k_natl,search_generic,Delhi NCR,1056.06,4816,122,122,12,7,5,8395
2026-07-20,vrs26_gads_search_generic_10k_natl,search_generic,Bengaluru,987.29,3714,78,78,11,3,1,1299
2026-07-20,vrs26_gads_search_generic_10k_natl,search_generic,Hyderabad,632.02,2790,53,53,8,5,2,1298
2026-07-20,vrs26_gads_search_generic_10k_natl,search_generic,Pune,511.19,1945,40,40,7,2,1,1299
2026-07-20,vrs26_gads_search_generic_10k_natl,search_generic,Chennai,425.42,1887,40,40,3,1,0,0
2026-07-20,vrs26_gads_pmax_all_natl,pmax,Mumbai,1993.02,8865,131,131,19,9,3,6297
2026-07-20,vrs26_gads_pmax_all_natl,pmax,Delhi NCR,1691.07,7040,169,169,29,7,5,8095
2026-07-20,vrs26_gads_pmax_all_natl,pmax,Bengaluru,1430.6,6048,141,141,10,5,2,1598
2026-07-20,vrs26_gads_pmax_all_natl,pmax,Hyderabad,1179.75,5038,99,99,17,4,2,5998
2026-07-20,vrs26_gads_pmax_all_natl,pmax,Pune,808.7,3441,69,69,12,7,2,9498
2026-07-20,vrs26_gads_pmax_all_natl,pmax,Chennai,678.63,2877,80,80,8,4,4,5396
2026-07-20,vrs26_gads_pmax_mum,pmax,Mumbai,3362.58,11725,213,213,29,16,8,14790
2026-07-20,vrs26_gads_pmax_mum,pmax,Delhi NCR,213.8,951,13,13,1,0,0,0
2026-07-20,vrs26_gads_pmax_mum,pmax,Bengaluru,224.94,972,28,28,4,2,1,3998
2026-07-20,vrs26_gads_pmax_mum,pmax,Hyderabad,165.51,677,15,15,2,0,0,0
2026-07-20,vrs26_gads_pmax_mum,pmax,Pune,110.02,466,5,5,2,1,1,799
2026-07-20,vrs26_gads_pmax_mum,pmax,Chennai,80.54,363,0,0,0,0,0,0
2026-07-20,vrs26_gads_pmax_blr,pmax,Mumbai,204.16,820,17,17,4,1,0,0
2026-07-20,vrs26_gads_pmax_blr,pmax,Delhi NCR,179.34,742,16,16,3,1,1,2999
2026-07-20,vrs26_gads_pmax_blr,pmax,Bengaluru,2942.78,12640,271,271,33,15,11,23187
2026-07-20,vrs26_gads_pmax_blr,pmax,Hyderabad,145.44,574,16,16,0,0,0,0
2026-07-20,vrs26_gads_pmax_blr,pmax,Pune,78.1,341,5,5,1,1,1,1299
2026-07-20,vrs26_gads_pmax_blr,pmax,Chennai,74.56,283,3,3,0,0,0,0
2026-07-20,vrs26_gads_display_remarketing_natl,display,Mumbai,908.34,3481,78,78,7,3,2,2098
2026-07-20,vrs26_gads_display_remarketing_natl,display,Delhi NCR,947.64,4226,109,109,9,2,0,0
2026-07-20,vrs26_gads_display_remarketing_natl,display,Bengaluru,684.99,2854,60,60,7,2,2,3298
2026-07-20,vrs26_gads_display_remarketing_natl,display,Hyderabad,596.23,2935,67,67,3,2,0,0
2026-07-20,vrs26_gads_display_remarketing_natl,display,Pune,391.55,1456,36,36,1,0,0,0
2026-07-20,vrs26_gads_display_remarketing_natl,display,Chennai,308.83,1230,22,22,6,3,1,1999
2026-07-20,vrs26_gads_yt_instream_natl,youtube,Mumbai,1251.32,5473,115,115,4,1,0,0
2026-07-20,vrs26_gads_yt_instream_natl,youtube,Delhi NCR,1258.69,5322,131,131,9,2,0,0
2026-07-20,vrs26_gads_yt_instream_natl,youtube,Bengaluru,774.37,3148,49,49,3,2,1,799
2026-07-20,vrs26_gads_yt_instream_natl,youtube,Hyderabad,565.86,2414,48,48,4,1,1,799
2026-07-20,vrs26_gads_yt_instream_natl,youtube,Pune,512.98,1986,52,52,4,3,2,8498
2026-07-20,vrs26_gads_yt_instream_natl,youtube,Chennai,327.16,1187,16,16,0,0,0,0
2026-07-20,vrs26_gads_yt_shorts_natl,youtube,Mumbai,781.87,3386,75,75,4,3,2,1598
2026-07-20,vrs26_gads_yt_shorts_natl,youtube,Delhi NCR,675.89,2752,50,50,4,2,2,2098
2026-07-20,vrs26_gads_yt_shorts_natl,youtube,Bengaluru,635.59,2381,43,43,3,2,2,9998
2026-07-20,vrs26_gads_yt_shorts_natl,youtube,Hyderabad,380.84,1622,41,41,3,0,0,0
2026-07-20,vrs26_gads_yt_shorts_natl,youtube,Pune,260.51,1144,21,21,2,2,0,0
2026-07-20,vrs26_gads_yt_shorts_natl,youtube,Chennai,250.09,920,22,22,2,0,0,0
2026-07-20,vrs26_gads_search_competitor_natl,search_generic,Mumbai,595.63,2100,37,37,2,1,0,0
2026-07-20,vrs26_gads_search_competitor_natl,search_generic,Delhi NCR,626.02,2513,63,63,4,0,0,0
2026-07-20,vrs26_gads_search_competitor_natl,search_generic,Bengaluru,467.43,1741,54,54,4,1,1,3499
2026-07-20,vrs26_gads_search_competitor_natl,search_generic,Hyderabad,415.82,1569,38,38,3,0,0,0
2026-07-20,vrs26_gads_search_competitor_natl,search_generic,Pune,265.49,1108,22,22,3,2,1,6499
2026-07-20,vrs26_gads_search_competitor_natl,search_generic,Chennai,188,798,21,21,0,0,0,0
2026-07-20,vrs26_gads_discovery_feed_natl,discovery,Mumbai,730.85,2927,64,64,7,3,2,2598
2026-07-20,vrs26_gads_discovery_feed_natl,discovery,Delhi NCR,645.66,2660,52,52,4,3,1,499
2026-07-20,vrs26_gads_discovery_feed_natl,discovery,Bengaluru,575.5,2355,56,56,2,0,0,0
2026-07-20,vrs26_gads_discovery_feed_natl,discovery,Hyderabad,400.37,1713,40,40,1,0,0,0
2026-07-20,vrs26_gads_discovery_feed_natl,discovery,Pune,295.75,1202,29,29,0,0,0,0
2026-07-20,vrs26_gads_discovery_feed_natl,discovery,Chennai,230.05,914,20,20,1,0,0,0
2026-07-20,vrs26_gads_search_corp_hyd,search_generic,Mumbai,118.2,472,14,14,3,1,1,3499
2026-07-20,vrs26_gads_search_corp_hyd,search_generic,Delhi NCR,94.41,369,6,6,1,0,0,0
2026-07-20,vrs26_gads_search_corp_hyd,search_generic,Bengaluru,86.92,366,7,7,3,2,2,1598
2026-07-20,vrs26_gads_search_corp_hyd,search_generic,Hyderabad,1646.19,6417,137,137,14,5,3,5297
2026-07-20,vrs26_gads_search_corp_hyd,search_generic,Pune,49.68,205,4,4,1,0,0,0
2026-07-20,vrs26_gads_search_corp_hyd,search_generic,Chennai,29.98,123,1,1,0,0,0,0
2026-07-21,vrs26_gads_search_brand_natl,search_brand,Mumbai,1513.37,5602,120,120,18,7,5,5695
2026-07-21,vrs26_gads_search_brand_natl,search_brand,Delhi NCR,1449.16,5234,101,101,25,9,5,7195
2026-07-21,vrs26_gads_search_brand_natl,search_brand,Bengaluru,1141.35,4458,70,70,13,10,10,17690
2026-07-21,vrs26_gads_search_brand_natl,search_brand,Hyderabad,865.31,3805,82,82,12,4,2,2098
2026-07-21,vrs26_gads_search_brand_natl,search_brand,Pune,553.83,2223,52,52,12,4,2,1598
2026-07-21,vrs26_gads_search_brand_natl,search_brand,Chennai,476.75,1983,48,48,10,4,4,11596
2026-07-21,vrs26_gads_search_generic_marathon_natl,search_generic,Mumbai,2434.44,9754,216,216,31,10,7,15893
2026-07-21,vrs26_gads_search_generic_marathon_natl,search_generic,Delhi NCR,1898.24,7042,180,180,20,3,2,2098
2026-07-21,vrs26_gads_search_generic_marathon_natl,search_generic,Bengaluru,1701.22,5997,112,112,19,11,6,7494
2026-07-21,vrs26_gads_search_generic_marathon_natl,search_generic,Hyderabad,1146.85,4478,93,93,13,5,2,4298
2026-07-21,vrs26_gads_search_generic_marathon_natl,search_generic,Pune,937.13,3613,89,89,11,6,5,12595
2026-07-21,vrs26_gads_search_generic_marathon_natl,search_generic,Chennai,651.01,2587,65,65,5,2,2,2798
2026-07-21,vrs26_gads_search_generic_10k_natl,search_generic,Mumbai,1219.6,4602,113,113,15,3,1,12998
2026-07-21,vrs26_gads_search_generic_10k_natl,search_generic,Delhi NCR,1187.35,4037,76,76,9,5,5,10395
2026-07-21,vrs26_gads_search_generic_10k_natl,search_generic,Bengaluru,1346.96,5313,91,91,7,3,0,0
2026-07-21,vrs26_gads_search_generic_10k_natl,search_generic,Hyderabad,672.65,2548,73,73,9,4,3,2397
2026-07-21,vrs26_gads_search_generic_10k_natl,search_generic,Pune,662.97,2293,49,49,9,5,4,4396
2026-07-21,vrs26_gads_search_generic_10k_natl,search_generic,Chennai,448.72,1724,35,35,6,1,1,799
2026-07-21,vrs26_gads_pmax_all_natl,pmax,Mumbai,2166.77,9342,170,170,36,14,10,11789
2026-07-21,vrs26_gads_pmax_all_natl,pmax,Delhi NCR,1889.03,6864,149,149,20,7,4,7296
2026-07-21,vrs26_gads_pmax_all_natl,pmax,Bengaluru,1769.18,6257,149,149,25,9,6,4994
2026-07-21,vrs26_gads_pmax_all_natl,pmax,Hyderabad,1032.46,4123,119,119,20,5,3,5497
2026-07-21,vrs26_gads_pmax_all_natl,pmax,Pune,814.43,3339,82,82,4,2,2,3298
2026-07-21,vrs26_gads_pmax_all_natl,pmax,Chennai,750.89,3078,53,53,6,0,0,0
2026-07-21,vrs26_gads_pmax_mum,pmax,Mumbai,3777.49,14963,270,270,38,15,6,22693
2026-07-21,vrs26_gads_pmax_mum,pmax,Delhi NCR,229.14,876,18,18,5,1,1,12998
2026-07-21,vrs26_gads_pmax_mum,pmax,Bengaluru,192.05,739,15,15,2,0,0,0
2026-07-21,vrs26_gads_pmax_mum,pmax,Hyderabad,130.18,462,13,13,2,1,0,0
2026-07-21,vrs26_gads_pmax_mum,pmax,Pune,82.6,348,13,13,1,1,1,1999
2026-07-21,vrs26_gads_pmax_mum,pmax,Chennai,88.36,367,10,10,2,0,0,0
2026-07-21,vrs26_gads_pmax_blr,pmax,Mumbai,198.63,709,22,22,2,1,1,1999
2026-07-21,vrs26_gads_pmax_blr,pmax,Delhi NCR,176.9,600,17,17,4,2,1,799
2026-07-21,vrs26_gads_pmax_blr,pmax,Bengaluru,3234.24,13347,317,317,35,16,12,23988
2026-07-21,vrs26_gads_pmax_blr,pmax,Hyderabad,144.74,649,12,12,1,0,0,0
2026-07-21,vrs26_gads_pmax_blr,pmax,Pune,88.18,374,9,9,1,0,0,0
2026-07-21,vrs26_gads_pmax_blr,pmax,Chennai,80.24,346,6,6,0,0,0,0
2026-07-21,vrs26_gads_display_remarketing_natl,display,Mumbai,1209.76,4185,94,94,11,3,1,998
2026-07-21,vrs26_gads_display_remarketing_natl,display,Delhi NCR,830.02,3422,49,49,0,0,0,0
2026-07-21,vrs26_gads_display_remarketing_natl,display,Bengaluru,822.99,3062,59,59,2,1,1,499
2026-07-21,vrs26_gads_display_remarketing_natl,display,Hyderabad,519.32,2107,42,42,4,3,2,10497
2026-07-21,vrs26_gads_display_remarketing_natl,display,Pune,449.38,1326,25,25,3,0,0,0
2026-07-21,vrs26_gads_display_remarketing_natl,display,Chennai,322.22,1264,28,28,2,0,0,0
2026-07-21,vrs26_gads_yt_instream_natl,youtube,Mumbai,1309.96,5055,109,109,11,2,1,1299
2026-07-21,vrs26_gads_yt_instream_natl,youtube,Delhi NCR,1040.99,4657,86,86,4,3,2,3298
2026-07-21,vrs26_gads_yt_instream_natl,youtube,Bengaluru,1008.77,4154,72,72,6,2,1,1299
2026-07-21,vrs26_gads_yt_instream_natl,youtube,Hyderabad,697.11,3320,67,67,5,1,1,799
2026-07-21,vrs26_gads_yt_instream_natl,youtube,Pune,595.34,2265,78,78,6,3,3,4597
2026-07-21,vrs26_gads_yt_instream_natl,youtube,Chennai,424.56,1559,38,38,5,2,2,3498
2026-07-21,vrs26_gads_yt_shorts_natl,youtube,Mumbai,759.24,3146,62,62,2,1,0,0
2026-07-21,vrs26_gads_yt_shorts_natl,youtube,Delhi NCR,734.35,3059,69,69,5,1,1,6499
2026-07-21,vrs26_gads_yt_shorts_natl,youtube,Bengaluru,672.71,2881,55,55,3,1,0,0
2026-07-21,vrs26_gads_yt_shorts_natl,youtube,Hyderabad,455.72,1874,39,39,5,2,2,2598
2026-07-21,vrs26_gads_yt_shorts_natl,youtube,Pune,328.98,1435,34,34,4,3,2,2098
2026-07-21,vrs26_gads_yt_shorts_natl,youtube,Chennai,279.64,1148,28,28,3,1,0,0
2026-07-21,vrs26_gads_search_competitor_natl,search_generic,Mumbai,663.99,2191,49,49,4,2,2,2798
2026-07-21,vrs26_gads_search_competitor_natl,search_generic,Delhi NCR,566.24,2214,51,51,5,3,0,0
2026-07-21,vrs26_gads_search_competitor_natl,search_generic,Bengaluru,570.85,2223,49,49,8,4,1,799
2026-07-21,vrs26_gads_search_competitor_natl,search_generic,Hyderabad,427.09,1997,44,44,4,2,2,3798
2026-07-21,vrs26_gads_search_competitor_natl,search_generic,Pune,303.68,1002,24,24,4,1,1,1299
2026-07-21,vrs26_gads_search_competitor_natl,search_generic,Chennai,237.28,1106,17,17,4,0,0,0
2026-07-21,vrs26_gads_discovery_feed_natl,discovery,Mumbai,730.24,2729,69,69,10,4,3,7296
2026-07-21,vrs26_gads_discovery_feed_natl,discovery,Delhi NCR,750.06,2761,52,52,6,2,2,4298
2026-07-21,vrs26_gads_discovery_feed_natl,discovery,Bengaluru,671.79,2824,64,64,7,5,1,1299
2026-07-21,vrs26_gads_discovery_feed_natl,discovery,Hyderabad,408.58,1617,30,30,3,2,1,499
2026-07-21,vrs26_gads_discovery_feed_natl,discovery,Pune,291.62,1111,16,16,1,0,0,0
2026-07-21,vrs26_gads_discovery_feed_natl,discovery,Chennai,262.97,1121,19,19,2,0,0,0
2026-07-21,vrs26_gads_search_corp_hyd,search_generic,Mumbai,132.22,498,12,12,0,0,0,0
2026-07-21,vrs26_gads_search_corp_hyd,search_generic,Delhi NCR,100.05,332,11,11,0,0,0,0
2026-07-21,vrs26_gads_search_corp_hyd,search_generic,Bengaluru,119.61,446,10,10,1,1,1,799
2026-07-21,vrs26_gads_search_corp_hyd,search_generic,Hyderabad,1756.22,7290,141,141,23,11,9,9791
2026-07-21,vrs26_gads_search_corp_hyd,search_generic,Pune,48.64,185,2,2,0,0,0,0
2026-07-21,vrs26_gads_search_corp_hyd,search_generic,Chennai,35.48,132,4,4,1,0,0,0
2026-07-22,vrs26_gads_search_brand_natl,search_brand,Mumbai,1761.67,7385,130,130,31,12,9,15891
2026-07-22,vrs26_gads_search_brand_natl,search_brand,Delhi NCR,1291.77,4681,84,84,19,13,5,6294
2026-07-22,vrs26_gads_search_brand_natl,search_brand,Bengaluru,1320.28,4716,98,98,25,10,7,7093
2026-07-22,vrs26_gads_search_brand_natl,search_brand,Hyderabad,902.5,3520,66,66,10,6,4,4196
2026-07-22,vrs26_gads_search_brand_natl,search_brand,Pune,625.73,2667,44,44,7,3,2,3298
2026-07-22,vrs26_gads_search_brand_natl,search_brand,Chennai,417.25,1594,38,38,10,4,3,14297
2026-07-22,vrs26_gads_search_generic_marathon_natl,search_generic,Mumbai,2534.35,9461,195,195,35,12,6,19594
2026-07-22,vrs26_gads_search_generic_marathon_natl,search_generic,Delhi NCR,1873.64,7273,206,206,25,10,4,5096
2026-07-22,vrs26_gads_search_generic_marathon_natl,search_generic,Bengaluru,1796.37,7639,161,161,20,8,5,9394
2026-07-22,vrs26_gads_search_generic_marathon_natl,search_generic,Hyderabad,1360.15,5415,116,116,14,7,1,499
2026-07-22,vrs26_gads_search_generic_marathon_natl,search_generic,Pune,882.14,3504,92,92,15,6,3,9797
2026-07-22,vrs26_gads_search_generic_marathon_natl,search_generic,Chennai,789.09,3151,62,62,7,4,2,4298
2026-07-22,vrs26_gads_search_generic_10k_natl,search_generic,Mumbai,1355.78,5800,127,127,10,4,4,7195
2026-07-22,vrs26_gads_search_generic_10k_natl,search_generic,Delhi NCR,1396.59,5828,117,117,23,13,5,4695
2026-07-22,vrs26_gads_search_generic_10k_natl,search_generic,Bengaluru,1108.61,4404,86,86,7,2,2,2798
2026-07-22,vrs26_gads_search_generic_10k_natl,search_generic,Hyderabad,737.19,2663,59,59,5,0,0,0
2026-07-22,vrs26_gads_search_generic_10k_natl,search_generic,Pune,681.39,2571,55,55,8,4,2,2098
2026-07-22,vrs26_gads_search_generic_10k_natl,search_generic,Chennai,553.55,2160,48,48,7,4,3,6395
2026-07-22,vrs26_gads_pmax_all_natl,pmax,Mumbai,2019.69,7695,159,159,23,11,6,8793
2026-07-22,vrs26_gads_pmax_all_natl,pmax,Delhi NCR,2035.67,6366,103,103,15,8,5,9795
2026-07-22,vrs26_gads_pmax_all_natl,pmax,Bengaluru,1860.58,6440,130,130,10,4,3,8096
2026-07-22,vrs26_gads_pmax_all_natl,pmax,Hyderabad,1312.74,4517,96,96,15,8,4,10596
2026-07-22,vrs26_gads_pmax_all_natl,pmax,Pune,896.11,3610,99,99,10,8,6,7893
2026-07-22,vrs26_gads_pmax_all_natl,pmax,Chennai,746.38,2461,52,52,3,3,1,1999
2026-07-22,vrs26_gads_pmax_mum,pmax,Mumbai,3773.14,15548,309,309,42,18,10,16290
2026-07-22,vrs26_gads_pmax_mum,pmax,Delhi NCR,300.77,1218,32,32,6,3,1,1999
2026-07-22,vrs26_gads_pmax_mum,pmax,Bengaluru,255.83,978,20,20,4,1,1,2999
2026-07-22,vrs26_gads_pmax_mum,pmax,Hyderabad,179.32,652,13,13,1,0,0,0
2026-07-22,vrs26_gads_pmax_mum,pmax,Pune,117.04,449,6,6,2,2,2,3298
2026-07-22,vrs26_gads_pmax_mum,pmax,Chennai,113.3,495,16,16,4,1,1,799
2026-07-22,vrs26_gads_pmax_blr,pmax,Mumbai,243.05,933,20,20,1,0,0,0
2026-07-22,vrs26_gads_pmax_blr,pmax,Delhi NCR,227.78,1035,22,22,7,3,1,1299
2026-07-22,vrs26_gads_pmax_blr,pmax,Bengaluru,3396.53,12266,236,236,28,15,9,16490
2026-07-22,vrs26_gads_pmax_blr,pmax,Hyderabad,113.83,425,12,12,2,0,0,0
2026-07-22,vrs26_gads_pmax_blr,pmax,Pune,79.15,356,6,6,1,0,0,0
2026-07-22,vrs26_gads_pmax_blr,pmax,Chennai,71.45,330,6,6,0,0,0,0
2026-07-22,vrs26_gads_display_remarketing_natl,display,Mumbai,1150.13,4198,110,110,9,3,2,3298
2026-07-22,vrs26_gads_display_remarketing_natl,display,Delhi NCR,1012.34,3286,67,67,7,2,2,3798
2026-07-22,vrs26_gads_display_remarketing_natl,display,Bengaluru,825.4,3292,57,57,6,2,1,499
2026-07-22,vrs26_gads_display_remarketing_natl,display,Hyderabad,585.75,2016,55,55,4,2,2,6497
2026-07-22,vrs26_gads_display_remarketing_natl,display,Pune,418.73,1545,32,32,4,1,0,0
2026-07-22,vrs26_gads_display_remarketing_natl,display,Chennai,382.47,1666,59,59,3,0,0,0
2026-07-22,vrs26_gads_yt_instream_natl,youtube,Mumbai,1408.9,6085,125,125,10,6,2,1598
2026-07-22,vrs26_gads_yt_instream_natl,youtube,Delhi NCR,1103.19,4427,48,48,6,2,2,2798
2026-07-22,vrs26_gads_yt_instream_natl,youtube,Bengaluru,1107.49,4349,86,86,7,3,2,4298
2026-07-22,vrs26_gads_yt_instream_natl,youtube,Hyderabad,818.21,3080,70,70,8,3,2,4298
2026-07-22,vrs26_gads_yt_instream_natl,youtube,Pune,503.16,1960,47,47,5,3,2,2397
2026-07-22,vrs26_gads_yt_instream_natl,youtube,Chennai,406.07,1634,30,30,1,0,0,0
2026-07-22,vrs26_gads_yt_shorts_natl,youtube,Mumbai,868.07,3574,68,68,2,0,0,0
2026-07-22,vrs26_gads_yt_shorts_natl,youtube,Delhi NCR,826.39,3371,72,72,4,1,0,0
2026-07-22,vrs26_gads_yt_shorts_natl,youtube,Bengaluru,645.8,2249,36,36,1,1,0,0
2026-07-22,vrs26_gads_yt_shorts_natl,youtube,Hyderabad,478.72,1843,47,47,6,1,0,0
2026-07-22,vrs26_gads_yt_shorts_natl,youtube,Pune,315.42,1279,27,27,3,2,1,1999
2026-07-22,vrs26_gads_yt_shorts_natl,youtube,Chennai,268.24,1010,21,21,2,1,1,1299
2026-07-22,vrs26_gads_search_competitor_natl,search_generic,Mumbai,733.71,2702,65,65,7,5,4,7296
2026-07-22,vrs26_gads_search_competitor_natl,search_generic,Delhi NCR,692.69,2663,56,56,12,3,3,4797
2026-07-22,vrs26_gads_search_competitor_natl,search_generic,Bengaluru,556.88,2237,48,48,5,3,1,799
2026-07-22,vrs26_gads_search_competitor_natl,search_generic,Hyderabad,349.66,1449,24,24,4,3,3,3597
2026-07-22,vrs26_gads_search_competitor_natl,search_generic,Pune,349.22,1460,39,39,3,2,1,2499
2026-07-22,vrs26_gads_search_competitor_natl,search_generic,Chennai,234.4,893,22,22,4,2,1,1299
2026-07-22,vrs26_gads_discovery_feed_natl,discovery,Mumbai,856.74,3321,66,66,3,1,0,0
2026-07-22,vrs26_gads_discovery_feed_natl,discovery,Delhi NCR,783,2799,64,64,5,3,1,6499
2026-07-22,vrs26_gads_discovery_feed_natl,discovery,Bengaluru,568.95,1997,37,37,3,1,1,998
2026-07-22,vrs26_gads_discovery_feed_natl,discovery,Hyderabad,499.05,2157,40,40,0,0,0,0
2026-07-22,vrs26_gads_discovery_feed_natl,discovery,Pune,326.69,1224,29,29,2,1,0,0
2026-07-22,vrs26_gads_discovery_feed_natl,discovery,Chennai,246.69,842,22,22,6,1,0,0
2026-07-22,vrs26_gads_search_corp_hyd,search_generic,Mumbai,133.77,569,8,8,1,1,1,1299
2026-07-22,vrs26_gads_search_corp_hyd,search_generic,Delhi NCR,100.62,426,10,10,2,1,1,3499
2026-07-22,vrs26_gads_search_corp_hyd,search_generic,Bengaluru,97.25,335,10,10,3,1,1,799
2026-07-22,vrs26_gads_search_corp_hyd,search_generic,Hyderabad,1884.53,6871,163,163,28,13,6,9493
2026-07-22,vrs26_gads_search_corp_hyd,search_generic,Pune,57.24,224,6,6,0,0,0,0
2026-07-22,vrs26_gads_search_corp_hyd,search_generic,Chennai,35.51,142,5,5,1,1,1,1299
2026-07-23,vrs26_gads_search_brand_natl,search_brand,Mumbai,2179.25,7025,171,171,39,17,9,10491
2026-07-23,vrs26_gads_search_brand_natl,search_brand,Delhi NCR,1365.45,5491,104,104,20,11,10,17188
2026-07-23,vrs26_gads_search_brand_natl,search_brand,Bengaluru,1482.57,5842,137,137,38,20,12,19386
2026-07-23,vrs26_gads_search_brand_natl,search_brand,Hyderabad,1047.64,3839,102,102,24,11,7,14692
2026-07-23,vrs26_gads_search_brand_natl,search_brand,Pune,716.03,2722,63,63,12,8,6,10594
2026-07-23,vrs26_gads_search_brand_natl,search_brand,Chennai,582.61,2097,54,54,13,4,4,6896
2026-07-23,vrs26_gads_search_generic_marathon_natl,search_generic,Mumbai,2722.19,9179,201,201,31,8,5,29593
2026-07-23,vrs26_gads_search_generic_marathon_natl,search_generic,Delhi NCR,2452.13,9344,221,221,33,14,11,24687
2026-07-23,vrs26_gads_search_generic_marathon_natl,search_generic,Bengaluru,2218.53,8128,167,167,33,12,4,17795
2026-07-23,vrs26_gads_search_generic_marathon_natl,search_generic,Hyderabad,1510.19,5022,68,68,9,4,0,0
2026-07-23,vrs26_gads_search_generic_marathon_natl,search_generic,Pune,1005.94,3331,75,75,15,8,5,11895
2026-07-23,vrs26_gads_search_generic_marathon_natl,search_generic,Chennai,867.75,3112,69,69,7,3,3,17495
2026-07-23,vrs26_gads_search_generic_10k_natl,search_generic,Mumbai,1822.53,6425,128,128,25,12,8,9792
2026-07-23,vrs26_gads_search_generic_10k_natl,search_generic,Delhi NCR,1650.1,5864,120,120,12,5,4,8395
2026-07-23,vrs26_gads_search_generic_10k_natl,search_generic,Bengaluru,1191.9,4829,106,106,15,5,3,3896
2026-07-23,vrs26_gads_search_generic_10k_natl,search_generic,Hyderabad,955.64,3437,78,78,4,0,0,0
2026-07-23,vrs26_gads_search_generic_10k_natl,search_generic,Pune,655.98,2401,53,53,7,2,1,799
2026-07-23,vrs26_gads_search_generic_10k_natl,search_generic,Chennai,530.2,2144,44,44,8,5,5,12492
2026-07-23,vrs26_gads_pmax_all_natl,pmax,Mumbai,3170.04,11770,182,182,17,8,4,8895
2026-07-23,vrs26_gads_pmax_all_natl,pmax,Delhi NCR,2298.76,9079,229,229,31,9,3,3397
2026-07-23,vrs26_gads_pmax_all_natl,pmax,Bengaluru,1663.16,6277,113,113,13,6,1,5998
2026-07-23,vrs26_gads_pmax_all_natl,pmax,Hyderabad,1499.1,5501,130,130,20,13,6,10694
2026-07-23,vrs26_gads_pmax_all_natl,pmax,Pune,1060.16,3778,74,74,7,2,1,799
2026-07-23,vrs26_gads_pmax_all_natl,pmax,Chennai,660.12,2434,35,35,5,1,0,0
2026-07-23,vrs26_gads_pmax_mum,pmax,Mumbai,4611.62,15905,263,263,35,12,6,7493
2026-07-23,vrs26_gads_pmax_mum,pmax,Delhi NCR,278.44,932,19,19,2,1,0,0
2026-07-23,vrs26_gads_pmax_mum,pmax,Bengaluru,221.2,824,16,16,3,2,1,799
2026-07-23,vrs26_gads_pmax_mum,pmax,Hyderabad,191.77,701,15,15,1,1,1,499
2026-07-23,vrs26_gads_pmax_mum,pmax,Pune,135.77,430,2,2,0,0,0,0
2026-07-23,vrs26_gads_pmax_mum,pmax,Chennai,91.37,336,13,13,1,0,0,0
2026-07-23,vrs26_gads_pmax_blr,pmax,Mumbai,291.6,1078,17,17,4,4,3,4597
2026-07-23,vrs26_gads_pmax_blr,pmax,Delhi NCR,210.36,690,10,10,1,0,0,0
2026-07-23,vrs26_gads_pmax_blr,pmax,Bengaluru,3963.08,14420,260,260,34,14,12,27387
2026-07-23,vrs26_gads_pmax_blr,pmax,Hyderabad,167.09,609,13,13,1,0,0,0
2026-07-23,vrs26_gads_pmax_blr,pmax,Pune,113.55,410,12,12,1,0,0,0
2026-07-23,vrs26_gads_pmax_blr,pmax,Chennai,75.5,258,3,3,0,0,0,0
2026-07-23,vrs26_gads_display_remarketing_natl,display,Mumbai,1506.68,5268,91,91,10,3,1,799
2026-07-23,vrs26_gads_display_remarketing_natl,display,Delhi NCR,986.46,3807,70,70,6,1,0,0
2026-07-23,vrs26_gads_display_remarketing_natl,display,Bengaluru,1025.07,4229,84,84,8,2,1,1999
2026-07-23,vrs26_gads_display_remarketing_natl,display,Hyderabad,634.05,2426,44,44,3,2,1,799
2026-07-23,vrs26_gads_display_remarketing_natl,display,Pune,529.16,1815,41,41,6,0,0,0
2026-07-23,vrs26_gads_display_remarketing_natl,display,Chennai,423.33,1399,25,25,3,1,1,1299
2026-07-23,vrs26_gads_yt_instream_natl,youtube,Mumbai,1667.68,6122,146,146,11,6,3,3397
2026-07-23,vrs26_gads_yt_instream_natl,youtube,Delhi NCR,1457.93,5262,102,102,11,3,1,2499
2026-07-23,vrs26_gads_yt_instream_natl,youtube,Bengaluru,1242.84,4525,83,83,6,4,1,6499
2026-07-23,vrs26_gads_yt_instream_natl,youtube,Hyderabad,743.51,2765,67,67,3,1,1,1299
2026-07-23,vrs26_gads_yt_instream_natl,youtube,Pune,575.79,2006,41,41,5,2,1,1299
2026-07-23,vrs26_gads_yt_instream_natl,youtube,Chennai,551.41,2226,48,48,1,1,1,1999
2026-07-23,vrs26_gads_yt_shorts_natl,youtube,Mumbai,1167.27,4463,103,103,7,4,1,1299
2026-07-23,vrs26_gads_yt_shorts_natl,youtube,Delhi NCR,792.43,3267,46,46,4,1,0,0
2026-07-23,vrs26_gads_yt_shorts_natl,youtube,Bengaluru,647.59,2268,49,49,5,2,1,499
2026-07-23,vrs26_gads_yt_shorts_natl,youtube,Hyderabad,584.2,2266,60,60,7,2,2,6998
2026-07-23,vrs26_gads_yt_shorts_natl,youtube,Pune,470.88,1518,34,34,0,0,0,0
2026-07-23,vrs26_gads_yt_shorts_natl,youtube,Chennai,308,1072,17,17,0,0,0,0
2026-07-23,vrs26_gads_search_competitor_natl,search_generic,Mumbai,903.06,3300,79,79,10,6,4,10096
2026-07-23,vrs26_gads_search_competitor_natl,search_generic,Delhi NCR,762.89,2900,99,99,5,3,2,2098
2026-07-23,vrs26_gads_search_competitor_natl,search_generic,Bengaluru,682.62,2373,57,57,6,3,2,7298
2026-07-23,vrs26_gads_search_competitor_natl,search_generic,Hyderabad,472.47,1627,37,37,2,0,0,0
2026-07-23,vrs26_gads_search_competitor_natl,search_generic,Pune,325.44,1224,24,24,4,2,2,8498
2026-07-23,vrs26_gads_search_competitor_natl,search_generic,Chennai,256.7,848,17,17,1,0,0,0
2026-07-23,vrs26_gads_discovery_feed_natl,discovery,Mumbai,900.03,3135,79,79,4,1,1,1999
2026-07-23,vrs26_gads_discovery_feed_natl,discovery,Delhi NCR,840.03,3183,79,79,10,7,5,7595
2026-07-23,vrs26_gads_discovery_feed_natl,discovery,Bengaluru,745.86,2674,50,50,7,2,1,2999
2026-07-23,vrs26_gads_discovery_feed_natl,discovery,Hyderabad,642.14,2684,41,41,5,3,1,799
2026-07-23,vrs26_gads_discovery_feed_natl,discovery,Pune,372.69,1243,30,30,4,1,1,1999
2026-07-23,vrs26_gads_discovery_feed_natl,discovery,Chennai,327.82,1175,17,17,1,0,0,0
2026-07-23,vrs26_gads_search_corp_hyd,search_generic,Mumbai,155.99,625,9,9,1,1,1,499
2026-07-23,vrs26_gads_search_corp_hyd,search_generic,Delhi NCR,152.31,503,17,17,2,1,1,2999
2026-07-23,vrs26_gads_search_corp_hyd,search_generic,Bengaluru,168.19,586,15,15,2,1,0,0
2026-07-23,vrs26_gads_search_corp_hyd,search_generic,Hyderabad,2086.38,9175,221,221,34,14,8,11692
2026-07-23,vrs26_gads_search_corp_hyd,search_generic,Pune,78.73,278,9,9,1,0,0,0
2026-07-23,vrs26_gads_search_corp_hyd,search_generic,Chennai,52.59,187,5,5,2,1,1,799
2026-07-24,vrs26_gads_search_brand_natl,search_brand,Mumbai,1534.28,6419,123,123,34,16,9,9590
2026-07-24,vrs26_gads_search_brand_natl,search_brand,Delhi NCR,1526.84,6459,127,127,34,19,13,29186
2026-07-24,vrs26_gads_search_brand_natl,search_brand,Bengaluru,1399.57,5493,102,102,28,16,9,34789
2026-07-24,vrs26_gads_search_brand_natl,search_brand,Hyderabad,862.46,3529,76,76,22,11,10,17389
2026-07-24,vrs26_gads_search_brand_natl,search_brand,Pune,644.98,2165,46,46,8,4,4,12796
2026-07-24,vrs26_gads_search_brand_natl,search_brand,Chennai,451.44,1820,40,40,11,6,2,3897
2026-07-24,vrs26_gads_search_generic_marathon_natl,search_generic,Mumbai,2237.67,7490,136,136,19,8,6,21294
2026-07-24,vrs26_gads_search_generic_marathon_natl,search_generic,Delhi NCR,2106.58,8989,167,167,23,12,8,10992
2026-07-24,vrs26_gads_search_generic_marathon_natl,search_generic,Bengaluru,1958.37,7568,181,181,24,8,4,10296
2026-07-24,vrs26_gads_search_generic_marathon_natl,search_generic,Hyderabad,1419.28,5525,144,144,26,11,3,2897
2026-07-24,vrs26_gads_search_generic_marathon_natl,search_generic,Pune,895.21,3789,87,87,10,2,1,1299
2026-07-24,vrs26_gads_search_generic_marathon_natl,search_generic,Chennai,765.34,2730,72,72,11,3,2,2598
2026-07-24,vrs26_gads_search_generic_10k_natl,search_generic,Mumbai,1357.2,5237,103,103,15,7,5,12394
2026-07-24,vrs26_gads_search_generic_10k_natl,search_generic,Delhi NCR,1332.92,5203,61,61,14,7,6,10993
2026-07-24,vrs26_gads_search_generic_10k_natl,search_generic,Bengaluru,1312.44,5037,125,125,15,10,7,12393
2026-07-24,vrs26_gads_search_generic_10k_natl,search_generic,Hyderabad,902.63,3685,59,59,5,2,0,0
2026-07-24,vrs26_gads_search_generic_10k_natl,search_generic,Pune,581.73,1960,39,39,4,3,2,3097
2026-07-24,vrs26_gads_search_generic_10k_natl,search_generic,Chennai,438.82,1840,52,52,8,5,5,9095
2026-07-24,vrs26_gads_pmax_all_natl,pmax,Mumbai,2260.91,8990,232,232,35,17,6,8694
2026-07-24,vrs26_gads_pmax_all_natl,pmax,Delhi NCR,2248.6,8856,164,164,22,12,6,6194
2026-07-24,vrs26_gads_pmax_all_natl,pmax,Bengaluru,1839.45,6796,102,102,13,5,5,7695
2026-07-24,vrs26_gads_pmax_all_natl,pmax,Hyderabad,1197.36,4789,94,94,12,4,3,8597
2026-07-24,vrs26_gads_pmax_all_natl,pmax,Pune,817.31,2555,46,46,6,3,2,3298
2026-07-24,vrs26_gads_pmax_all_natl,pmax,Chennai,648.45,2566,44,44,4,2,1,3499
2026-07-24,vrs26_gads_pmax_mum,pmax,Mumbai,4011.72,16549,363,363,36,18,8,16292
2026-07-24,vrs26_gads_pmax_mum,pmax,Delhi NCR,217.74,859,18,18,5,3,2,3298
2026-07-24,vrs26_gads_pmax_mum,pmax,Bengaluru,211.92,846,15,15,1,0,0,0
2026-07-24,vrs26_gads_pmax_mum,pmax,Hyderabad,140.31,476,9,9,1,0,0,0
2026-07-24,vrs26_gads_pmax_mum,pmax,Pune,147.03,582,6,6,2,2,0,0
2026-07-24,vrs26_gads_pmax_mum,pmax,Chennai,85.96,331,5,5,1,1,0,0
2026-07-24,vrs26_gads_pmax_blr,pmax,Mumbai,228.93,882,13,13,2,2,1,799
2026-07-24,vrs26_gads_pmax_blr,pmax,Delhi NCR,183.35,807,17,17,0,0,0,0
2026-07-24,vrs26_gads_pmax_blr,pmax,Bengaluru,3493.8,13875,252,252,22,12,7,17093
2026-07-24,vrs26_gads_pmax_blr,pmax,Hyderabad,129.06,469,6,6,1,1,1,799
2026-07-24,vrs26_gads_pmax_blr,pmax,Pune,91.42,314,11,11,4,2,2,1598
2026-07-24,vrs26_gads_pmax_blr,pmax,Chennai,70.84,265,8,8,0,0,0,0
2026-07-24,vrs26_gads_display_remarketing_natl,display,Mumbai,1104.72,4102,87,87,5,2,1,799
2026-07-24,vrs26_gads_display_remarketing_natl,display,Delhi NCR,985.35,4094,94,94,6,1,1,1299
2026-07-24,vrs26_gads_display_remarketing_natl,display,Bengaluru,876.85,3415,73,73,9,4,2,6498
2026-07-24,vrs26_gads_display_remarketing_natl,display,Hyderabad,666.75,2709,47,47,3,0,0,0
2026-07-24,vrs26_gads_display_remarketing_natl,display,Pune,415.03,1691,21,21,3,1,0,0
2026-07-24,vrs26_gads_display_remarketing_natl,display,Chennai,395.62,1634,39,39,7,4,2,3298
2026-07-24,vrs26_gads_yt_instream_natl,youtube,Mumbai,1250.15,5585,135,135,12,5,3,3297
2026-07-24,vrs26_gads_yt_instream_natl,youtube,Delhi NCR,1377.87,5455,119,119,8,6,5,6895
2026-07-24,vrs26_gads_yt_instream_natl,youtube,Bengaluru,1077.27,4018,87,87,10,1,0,0
2026-07-24,vrs26_gads_yt_instream_natl,youtube,Hyderabad,765.27,3337,82,82,2,0,0,0
2026-07-24,vrs26_gads_yt_instream_natl,youtube,Pune,497.93,2002,57,57,3,1,1,2598
2026-07-24,vrs26_gads_yt_instream_natl,youtube,Chennai,463.44,1834,41,41,3,0,0,0
2026-07-24,vrs26_gads_yt_shorts_natl,youtube,Mumbai,846.72,3703,86,86,9,3,0,0
2026-07-24,vrs26_gads_yt_shorts_natl,youtube,Delhi NCR,776.82,2859,60,60,1,1,1,1999
2026-07-24,vrs26_gads_yt_shorts_natl,youtube,Bengaluru,763.31,3021,69,69,9,5,3,14997
2026-07-24,vrs26_gads_yt_shorts_natl,youtube,Hyderabad,444.64,1580,41,41,4,1,0,0
2026-07-24,vrs26_gads_yt_shorts_natl,youtube,Pune,379.04,1555,34,34,2,1,1,2999
2026-07-24,vrs26_gads_yt_shorts_natl,youtube,Chennai,246.15,960,23,23,5,3,1,1999
2026-07-24,vrs26_gads_search_competitor_natl,search_generic,Mumbai,810.04,2897,62,62,8,3,2,4998
2026-07-24,vrs26_gads_search_competitor_natl,search_generic,Delhi NCR,591.18,2082,49,49,3,2,2,9998
2026-07-24,vrs26_gads_search_competitor_natl,search_generic,Bengaluru,623.85,2441,59,59,5,2,2,1298
2026-07-24,vrs26_gads_search_competitor_natl,search_generic,Hyderabad,349.78,1444,31,31,2,1,0,0
2026-07-24,vrs26_gads_search_competitor_natl,search_generic,Pune,328.21,1199,24,24,1,0,0,0
2026-07-24,vrs26_gads_search_competitor_natl,search_generic,Chennai,259.81,1011,17,17,2,1,0,0
2026-07-24,vrs26_gads_discovery_feed_natl,discovery,Mumbai,816.97,3006,57,57,3,1,0,0
2026-07-24,vrs26_gads_discovery_feed_natl,discovery,Delhi NCR,705.62,2896,48,48,5,2,2,2098
2026-07-24,vrs26_gads_discovery_feed_natl,discovery,Bengaluru,683.4,2480,48,48,7,4,3,1497
2026-07-24,vrs26_gads_discovery_feed_natl,discovery,Hyderabad,566.07,2063,38,38,5,4,1,499
2026-07-24,vrs26_gads_discovery_feed_natl,discovery,Pune,302.92,1176,27,27,2,0,0,0
2026-07-24,vrs26_gads_discovery_feed_natl,discovery,Chennai,258.25,916,20,20,3,1,0,0
2026-07-24,vrs26_gads_search_corp_hyd,search_generic,Mumbai,143.22,520,11,11,0,0,0,0
2026-07-24,vrs26_gads_search_corp_hyd,search_generic,Delhi NCR,115.11,483,21,21,1,1,1,799
2026-07-24,vrs26_gads_search_corp_hyd,search_generic,Bengaluru,109.99,469,8,8,0,0,0,0
2026-07-24,vrs26_gads_search_corp_hyd,search_generic,Hyderabad,1901.25,7397,162,162,27,13,7,16193
2026-07-24,vrs26_gads_search_corp_hyd,search_generic,Pune,42.8,185,7,7,3,2,2,7798
2026-07-24,vrs26_gads_search_corp_hyd,search_generic,Chennai,33.23,123,3,3,1,0,0,0
2026-07-25,vrs26_gads_search_brand_natl,search_brand,Mumbai,1648.11,5976,132,132,28,10,10,19690
2026-07-25,vrs26_gads_search_brand_natl,search_brand,Delhi NCR,1613.53,6343,87,87,20,5,2,1598
2026-07-25,vrs26_gads_search_brand_natl,search_brand,Bengaluru,1694.99,6765,132,132,27,11,4,4896
2026-07-25,vrs26_gads_search_brand_natl,search_brand,Hyderabad,1087.67,3886,72,72,13,3,2,1598
2026-07-25,vrs26_gads_search_brand_natl,search_brand,Pune,837.87,3243,67,67,15,6,1,1299
2026-07-25,vrs26_gads_search_brand_natl,search_brand,Chennai,561.54,2207,39,39,10,5,3,2596
2026-07-25,vrs26_gads_search_generic_marathon_natl,search_generic,Mumbai,2979.1,10763,257,257,36,11,6,10394
2026-07-25,vrs26_gads_search_generic_marathon_natl,search_generic,Delhi NCR,2316.71,9283,255,255,26,10,7,11193
2026-07-25,vrs26_gads_search_generic_marathon_natl,search_generic,Bengaluru,2157.4,8215,199,199,33,20,12,13986
2026-07-25,vrs26_gads_search_generic_marathon_natl,search_generic,Hyderabad,1398.4,4977,107,107,16,11,5,9095
2026-07-25,vrs26_gads_search_generic_marathon_natl,search_generic,Pune,1110.42,4006,72,72,11,3,0,0
2026-07-25,vrs26_gads_search_generic_marathon_natl,search_generic,Chennai,917.23,3026,75,75,11,3,3,4097
2026-07-25,vrs26_gads_search_generic_10k_natl,search_generic,Mumbai,1889.21,7108,144,144,14,6,2,1298
2026-07-25,vrs26_gads_search_generic_10k_natl,search_generic,Delhi NCR,1588.67,5616,83,83,12,5,4,4196
2026-07-25,vrs26_gads_search_generic_10k_natl,search_generic,Bengaluru,1482.31,5275,86,86,9,4,1,799
2026-07-25,vrs26_gads_search_generic_10k_natl,search_generic,Hyderabad,762.22,2828,70,70,11,2,1,2999
2026-07-25,vrs26_gads_search_generic_10k_natl,search_generic,Pune,602.49,2193,42,42,8,5,3,7796
2026-07-25,vrs26_gads_search_generic_10k_natl,search_generic,Chennai,546.22,2093,40,40,4,3,1,3499
2026-07-25,vrs26_gads_pmax_all_natl,pmax,Mumbai,2581.97,8217,199,199,25,8,5,6295
2026-07-25,vrs26_gads_pmax_all_natl,pmax,Delhi NCR,2101.48,9447,173,173,28,14,12,24386
2026-07-25,vrs26_gads_pmax_all_natl,pmax,Bengaluru,2429.99,7958,144,144,15,8,4,24295
2026-07-25,vrs26_gads_pmax_all_natl,pmax,Hyderabad,1310.19,4507,83,83,15,6,3,2597
2026-07-25,vrs26_gads_pmax_all_natl,pmax,Pune,1144.6,4031,97,97,14,6,3,3897
2026-07-25,vrs26_gads_pmax_all_natl,pmax,Chennai,881.59,3107,43,43,4,2,0,0
2026-07-25,vrs26_gads_pmax_mum,pmax,Mumbai,4298.07,15456,331,331,45,17,11,22187
2026-07-25,vrs26_gads_pmax_mum,pmax,Delhi NCR,356.83,1365,42,42,4,3,1,1999
2026-07-25,vrs26_gads_pmax_mum,pmax,Bengaluru,353.65,1068,15,15,0,0,0,0
2026-07-25,vrs26_gads_pmax_mum,pmax,Hyderabad,221.55,826,25,25,1,1,1,1299
2026-07-25,vrs26_gads_pmax_mum,pmax,Pune,193.45,728,16,16,4,2,0,0
2026-07-25,vrs26_gads_pmax_mum,pmax,Chennai,159.23,575,4,4,0,0,0,0
2026-07-25,vrs26_gads_pmax_blr,pmax,Mumbai,410.81,1395,29,29,2,1,1,499
2026-07-25,vrs26_gads_pmax_blr,pmax,Delhi NCR,293.99,1129,24,24,3,3,2,3298
2026-07-25,vrs26_gads_pmax_blr,pmax,Bengaluru,3741.43,12554,241,241,40,21,8,10492
2026-07-25,vrs26_gads_pmax_blr,pmax,Hyderabad,189.71,637,12,12,1,0,0,0
2026-07-25,vrs26_gads_pmax_blr,pmax,Pune,133,501,9,9,2,0,0,0
2026-07-25,vrs26_gads_pmax_blr,pmax,Chennai,98.11,323,10,10,2,1,1,1999
2026-07-25,vrs26_gads_display_remarketing_natl,display,Mumbai,1362.45,5790,128,128,9,5,3,3397
2026-07-25,vrs26_gads_display_remarketing_natl,display,Delhi NCR,922.15,3539,53,53,3,0,0,0
2026-07-25,vrs26_gads_display_remarketing_natl,display,Bengaluru,1146.12,3980,69,69,7,2,1,1299
2026-07-25,vrs26_gads_display_remarketing_natl,display,Hyderabad,814.16,2869,53,53,3,1,1,6499
2026-07-25,vrs26_gads_display_remarketing_natl,display,Pune,534.08,2085,33,33,6,4,1,1299
2026-07-25,vrs26_gads_display_remarketing_natl,display,Chennai,374.37,1431,19,19,2,1,1,3499
2026-07-25,vrs26_gads_yt_instream_natl,youtube,Mumbai,1582.77,6312,96,96,9,2,0,0
2026-07-25,vrs26_gads_yt_instream_natl,youtube,Delhi NCR,1490.69,5007,99,99,9,4,3,16996
2026-07-25,vrs26_gads_yt_instream_natl,youtube,Bengaluru,1276.82,4965,78,78,2,1,0,0
2026-07-25,vrs26_gads_yt_instream_natl,youtube,Hyderabad,754.17,2613,48,48,1,1,0,0
2026-07-25,vrs26_gads_yt_instream_natl,youtube,Pune,654.88,2196,38,38,4,0,0,0
2026-07-25,vrs26_gads_yt_instream_natl,youtube,Chennai,539.2,1986,62,62,7,1,1,2499
2026-07-25,vrs26_gads_yt_shorts_natl,youtube,Mumbai,1023.56,4151,113,113,11,4,2,2798
2026-07-25,vrs26_gads_yt_shorts_natl,youtube,Delhi NCR,875.23,3174,64,64,7,3,0,0
2026-07-25,vrs26_gads_yt_shorts_natl,youtube,Bengaluru,812.1,2864,77,77,8,5,4,5896
2026-07-25,vrs26_gads_yt_shorts_natl,youtube,Hyderabad,584.13,2302,65,65,6,2,2,3798
2026-07-25,vrs26_gads_yt_shorts_natl,youtube,Pune,371.22,1436,36,36,2,2,1,1299
2026-07-25,vrs26_gads_yt_shorts_natl,youtube,Chennai,341.9,1139,27,27,4,2,1,2999
2026-07-25,vrs26_gads_search_competitor_natl,search_generic,Mumbai,852.84,3448,71,71,10,6,6,8194
2026-07-25,vrs26_gads_search_competitor_natl,search_generic,Delhi NCR,761.44,2618,51,51,5,1,0,0
2026-07-25,vrs26_gads_search_competitor_natl,search_generic,Bengaluru,671.08,2345,41,41,5,3,2,1598
2026-07-25,vrs26_gads_search_competitor_natl,search_generic,Hyderabad,487.56,1782,32,32,6,2,2,4998
2026-07-25,vrs26_gads_search_competitor_natl,search_generic,Pune,354.16,1085,21,21,3,2,0,0
2026-07-25,vrs26_gads_search_competitor_natl,search_generic,Chennai,308.48,1118,22,22,3,1,0,0
2026-07-25,vrs26_gads_discovery_feed_natl,discovery,Mumbai,1038.21,4027,102,102,12,6,5,7194
2026-07-25,vrs26_gads_discovery_feed_natl,discovery,Delhi NCR,805.69,2760,34,34,2,0,0,0
2026-07-25,vrs26_gads_discovery_feed_natl,discovery,Bengaluru,816.83,3151,68,68,4,1,1,1999
2026-07-25,vrs26_gads_discovery_feed_natl,discovery,Hyderabad,508.74,2052,38,38,3,2,2,2098
2026-07-25,vrs26_gads_discovery_feed_natl,discovery,Pune,373.15,1328,32,32,4,3,1,1299
2026-07-25,vrs26_gads_discovery_feed_natl,discovery,Chennai,322.39,1287,27,27,3,2,0,0
2026-07-25,vrs26_gads_search_corp_hyd,search_generic,Mumbai,175.48,613,6,6,0,0,0,0
2026-07-25,vrs26_gads_search_corp_hyd,search_generic,Delhi NCR,103.9,383,8,8,0,0,0,0
2026-07-25,vrs26_gads_search_corp_hyd,search_generic,Bengaluru,113.59,410,2,2,0,0,0,0
2026-07-25,vrs26_gads_search_corp_hyd,search_generic,Hyderabad,2208.69,7564,172,172,27,12,6,8694
2026-07-25,vrs26_gads_search_corp_hyd,search_generic,Pune,68.5,231,3,3,0,0,0,0
2026-07-25,vrs26_gads_search_corp_hyd,search_generic,Chennai,49.66,190,6,6,0,0,0,0
2026-07-26,vrs26_gads_search_brand_natl,search_brand,Mumbai,2060.19,7412,141,141,34,17,7,11093
2026-07-26,vrs26_gads_search_brand_natl,search_brand,Delhi NCR,1711.36,5801,104,104,29,15,7,11993
2026-07-26,vrs26_gads_search_brand_natl,search_brand,Bengaluru,1566.9,5480,133,133,33,14,5,8795
2026-07-26,vrs26_gads_search_brand_natl,search_brand,Hyderabad,1146.05,3766,71,71,19,10,7,13192
2026-07-26,vrs26_gads_search_brand_natl,search_brand,Pune,943.42,3075,49,49,11,7,5,5994
2026-07-26,vrs26_gads_search_brand_natl,search_brand,Chennai,581.98,2060,48,48,14,8,5,12795
2026-07-26,vrs26_gads_search_generic_marathon_natl,search_generic,Mumbai,3240.54,11678,262,262,51,25,16,23982
2026-07-26,vrs26_gads_search_generic_marathon_natl,search_generic,Delhi NCR,2602.02,7907,234,234,46,15,6,12794
2026-07-26,vrs26_gads_search_generic_marathon_natl,search_generic,Bengaluru,2273.4,8743,178,178,28,13,9,15590
2026-07-26,vrs26_gads_search_generic_marathon_natl,search_generic,Hyderabad,1412.44,4898,125,125,12,6,3,5097
2026-07-26,vrs26_gads_search_generic_marathon_natl,search_generic,Pune,1257.14,4360,96,96,19,12,5,16894
2026-07-26,vrs26_gads_search_generic_marathon_natl,search_generic,Chennai,921.23,3377,69,69,7,2,2,2798
2026-07-26,vrs26_gads_search_generic_10k_natl,search_generic,Mumbai,1793.53,5372,117,117,17,6,2,2098
2026-07-26,vrs26_gads_search_generic_10k_natl,search_generic,Delhi NCR,1555.6,5472,94,94,16,6,1,2598
2026-07-26,vrs26_gads_search_generic_10k_natl,search_generic,Bengaluru,1601.87,5836,141,141,25,6,4,9894
2026-07-26,vrs26_gads_search_generic_10k_natl,search_generic,Hyderabad,1102.45,4399,74,74,12,5,2,4998
2026-07-26,vrs26_gads_search_generic_10k_natl,search_generic,Pune,699.53,2377,56,56,6,2,2,2098
2026-07-26,vrs26_gads_search_generic_10k_natl,search_generic,Chennai,640.77,2240,35,35,2,0,0,0
2026-07-26,vrs26_gads_pmax_all_natl,pmax,Mumbai,3141.57,11868,228,228,28,12,3,3897
2026-07-26,vrs26_gads_pmax_all_natl,pmax,Delhi NCR,2289.26,8418,184,184,20,5,2,1798
2026-07-26,vrs26_gads_pmax_all_natl,pmax,Bengaluru,2241.26,6475,142,142,22,10,2,5498
2026-07-26,vrs26_gads_pmax_all_natl,pmax,Hyderabad,1669.82,6079,121,121,16,8,4,9096
2026-07-26,vrs26_gads_pmax_all_natl,pmax,Pune,955.35,3250,75,75,18,10,3,5297
2026-07-26,vrs26_gads_pmax_all_natl,pmax,Chennai,947.4,3284,52,52,4,2,1,2999
2026-07-26,vrs26_gads_pmax_mum,pmax,Mumbai,5104.92,19076,465,465,59,23,14,19985
2026-07-26,vrs26_gads_pmax_mum,pmax,Delhi NCR,307.11,1059,23,23,2,0,0,0
2026-07-26,vrs26_gads_pmax_mum,pmax,Bengaluru,213.86,728,14,14,3,1,1,1299
2026-07-26,vrs26_gads_pmax_mum,pmax,Hyderabad,157.95,536,7,7,0,0,0,0
2026-07-26,vrs26_gads_pmax_mum,pmax,Pune,109.99,405,4,4,0,0,0,0
2026-07-26,vrs26_gads_pmax_mum,pmax,Chennai,113.58,426,8,8,2,1,0,0
2026-07-26,vrs26_gads_pmax_blr,pmax,Mumbai,370.2,1212,25,25,2,1,1,1999
2026-07-26,vrs26_gads_pmax_blr,pmax,Delhi NCR,272.25,844,19,19,3,2,2,1798
2026-07-26,vrs26_gads_pmax_blr,pmax,Bengaluru,4177.84,16199,379,379,51,20,16,34584
2026-07-26,vrs26_gads_pmax_blr,pmax,Hyderabad,185.75,658,8,8,1,1,1,1999
2026-07-26,vrs26_gads_pmax_blr,pmax,Pune,121.19,444,14,14,1,1,0,0
2026-07-26,vrs26_gads_pmax_blr,pmax,Chennai,110.01,416,9,9,1,1,1,2999
2026-07-26,vrs26_gads_display_remarketing_natl,display,Mumbai,1590.28,4587,100,100,5,3,1,6499
2026-07-26,vrs26_gads_display_remarketing_natl,display,Delhi NCR,1104.97,4186,87,87,6,2,0,0
2026-07-26,vrs26_gads_display_remarketing_natl,display,Bengaluru,935.07,3310,57,57,8,2,2,3798
2026-07-26,vrs26_gads_display_remarketing_natl,display,Hyderabad,841.43,2704,52,52,3,2,0,0
2026-07-26,vrs26_gads_display_remarketing_natl,display,Pune,635.42,1861,34,34,7,2,2,3798
2026-07-26,vrs26_gads_display_remarketing_natl,display,Chennai,438.15,1306,22,22,0,0,0,0
2026-07-26,vrs26_gads_yt_instream_natl,youtube,Mumbai,1691.52,5203,85,85,5,1,0,0
2026-07-26,vrs26_gads_yt_instream_natl,youtube,Delhi NCR,1475.7,4849,72,72,5,2,0,0
2026-07-26,vrs26_gads_yt_instream_natl,youtube,Bengaluru,1345.37,5078,89,89,9,4,4,6794
2026-07-26,vrs26_gads_yt_instream_natl,youtube,Hyderabad,1066.42,3556,73,73,7,2,0,0
2026-07-26,vrs26_gads_yt_instream_natl,youtube,Pune,591.6,2152,53,53,5,3,0,0
2026-07-26,vrs26_gads_yt_instream_natl,youtube,Chennai,606.99,2131,36,36,4,3,1,1598
2026-07-26,vrs26_gads_yt_shorts_natl,youtube,Mumbai,895.83,3448,63,63,7,4,3,10497
2026-07-26,vrs26_gads_yt_shorts_natl,youtube,Delhi NCR,997.53,2602,54,54,6,2,1,1999
2026-07-26,vrs26_gads_yt_shorts_natl,youtube,Bengaluru,949.48,3409,50,50,5,1,1,5998
2026-07-26,vrs26_gads_yt_shorts_natl,youtube,Hyderabad,621.75,2095,53,53,5,1,0,0
2026-07-26,vrs26_gads_yt_shorts_natl,youtube,Pune,460.21,1552,32,32,6,2,1,4998
2026-07-26,vrs26_gads_yt_shorts_natl,youtube,Chennai,388.22,1430,22,22,4,1,0,0
2026-07-26,vrs26_gads_search_competitor_natl,search_generic,Mumbai,1016.96,3790,63,63,5,4,3,4097
2026-07-26,vrs26_gads_search_competitor_natl,search_generic,Delhi NCR,958.72,3437,62,62,5,3,3,5297
2026-07-26,vrs26_gads_search_competitor_natl,search_generic,Bengaluru,696.87,2504,48,48,6,3,2,1598
2026-07-26,vrs26_gads_search_competitor_natl,search_generic,Hyderabad,430.68,1600,34,34,5,1,0,0
2026-07-26,vrs26_gads_search_competitor_natl,search_generic,Pune,317.57,1114,22,22,1,1,0,0
2026-07-26,vrs26_gads_search_competitor_natl,search_generic,Chennai,276.07,1118,21,21,1,0,0,0
2026-07-26,vrs26_gads_discovery_feed_natl,discovery,Mumbai,1070.54,3335,62,62,4,2,1,799
2026-07-26,vrs26_gads_discovery_feed_natl,discovery,Delhi NCR,889.73,3477,87,87,8,4,0,0
2026-07-26,vrs26_gads_discovery_feed_natl,discovery,Bengaluru,818.44,3394,64,64,10,6,3,4597
2026-07-26,vrs26_gads_discovery_feed_natl,discovery,Hyderabad,618.95,1977,39,39,7,2,0,0
2026-07-26,vrs26_gads_discovery_feed_natl,discovery,Pune,471.17,1763,33,33,2,2,1,499
2026-07-26,vrs26_gads_discovery_feed_natl,discovery,Chennai,290.14,1036,16,16,0,0,0,0
2026-07-26,vrs26_gads_search_corp_hyd,search_generic,Mumbai,161.91,518,12,12,1,1,0,0
2026-07-26,vrs26_gads_search_corp_hyd,search_generic,Delhi NCR,129.44,484,17,17,3,2,2,4998
2026-07-26,vrs26_gads_search_corp_hyd,search_generic,Bengaluru,128.99,460,9,9,0,0,0,0
2026-07-26,vrs26_gads_search_corp_hyd,search_generic,Hyderabad,2397.77,8270,151,151,21,6,5,12395
2026-07-26,vrs26_gads_search_corp_hyd,search_generic,Pune,57.28,198,5,5,0,0,0,0
2026-07-26,vrs26_gads_search_corp_hyd,search_generic,Chennai,51.3,179,2,2,0,0,0,0
2026-07-27,vrs26_gads_search_brand_natl,search_brand,Mumbai,2049.92,7139,184,184,43,16,9,22891
2026-07-27,vrs26_gads_search_brand_natl,search_brand,Delhi NCR,1410.72,5591,111,111,20,9,7,14393
2026-07-27,vrs26_gads_search_brand_natl,search_brand,Bengaluru,1545.85,5661,131,131,38,19,12,13188
2026-07-27,vrs26_gads_search_brand_natl,search_brand,Hyderabad,1132.95,3360,74,74,20,11,5,12795
2026-07-27,vrs26_gads_search_brand_natl,search_brand,Pune,738.53,2624,61,61,11,8,4,14796
2026-07-27,vrs26_gads_search_brand_natl,search_brand,Chennai,571.42,2277,40,40,12,6,4,5896
2026-07-27,vrs26_gads_search_generic_marathon_natl,search_generic,Mumbai,2721.73,11258,270,270,44,14,8,11891
2026-07-27,vrs26_gads_search_generic_marathon_natl,search_generic,Delhi NCR,2294,9140,159,159,21,8,6,8894
2026-07-27,vrs26_gads_search_generic_marathon_natl,search_generic,Bengaluru,2241.97,7638,171,171,24,13,8,19490
2026-07-27,vrs26_gads_search_generic_marathon_natl,search_generic,Hyderabad,1467.2,5741,144,144,32,7,2,2798
2026-07-27,vrs26_gads_search_generic_marathon_natl,search_generic,Pune,1209.78,5096,126,126,12,3,2,7298
2026-07-27,vrs26_gads_search_generic_marathon_natl,search_generic,Chennai,952.9,3380,80,80,15,7,5,7095
2026-07-27,vrs26_gads_search_generic_10k_natl,search_generic,Mumbai,1918.95,6858,197,197,28,14,7,10493
2026-07-27,vrs26_gads_search_generic_10k_natl,search_generic,Delhi NCR,1382.16,5089,63,63,2,1,1,1999
2026-07-27,vrs26_gads_search_generic_10k_natl,search_generic,Bengaluru,1379.52,5171,135,135,19,9,5,10395
2026-07-27,vrs26_gads_search_generic_10k_natl,search_generic,Hyderabad,1059.14,3774,85,85,8,6,1,799
2026-07-27,vrs26_gads_search_generic_10k_natl,search_generic,Pune,616.16,1893,45,45,6,3,2,2498
2026-07-27,vrs26_gads_search_generic_10k_natl,search_generic,Chennai,520.44,1956,27,27,2,2,2,3798
2026-07-27,vrs26_gads_pmax_all_natl,pmax,Mumbai,3033.73,10204,240,240,36,15,6,8694
2026-07-27,vrs26_gads_pmax_all_natl,pmax,Delhi NCR,2318.26,8200,172,172,17,8,8,18492
2026-07-27,vrs26_gads_pmax_all_natl,pmax,Bengaluru,1793.27,6645,148,148,17,7,7,13492
2026-07-27,vrs26_gads_pmax_all_natl,pmax,Hyderabad,1419.56,5327,112,112,26,11,3,3597
2026-07-27,vrs26_gads_pmax_all_natl,pmax,Pune,1025.12,3744,88,88,14,8,5,11895
2026-07-27,vrs26_gads_pmax_all_natl,pmax,Chennai,867.87,3073,77,77,11,4,3,6797
2026-07-27,vrs26_gads_pmax_mum,pmax,Mumbai,4567.82,13100,320,320,41,12,7,16893
2026-07-27,vrs26_gads_pmax_mum,pmax,Delhi NCR,279.19,1152,17,17,2,1,1,1999
2026-07-27,vrs26_gads_pmax_mum,pmax,Bengaluru,280.41,996,22,22,1,1,1,799
2026-07-27,vrs26_gads_pmax_mum,pmax,Hyderabad,216.45,725,13,13,1,0,0,0
2026-07-27,vrs26_gads_pmax_mum,pmax,Pune,144.71,507,12,12,3,3,1,6499
2026-07-27,vrs26_gads_pmax_mum,pmax,Chennai,98.47,411,12,12,0,0,0,0
2026-07-27,vrs26_gads_pmax_blr,pmax,Mumbai,307.01,988,23,23,3,1,1,2999
2026-07-27,vrs26_gads_pmax_blr,pmax,Delhi NCR,246.54,862,22,22,2,1,1,799
2026-07-27,vrs26_gads_pmax_blr,pmax,Bengaluru,3966.67,15036,226,226,37,14,9,17891
2026-07-27,vrs26_gads_pmax_blr,pmax,Hyderabad,153.17,595,8,8,1,0,0,0
2026-07-27,vrs26_gads_pmax_blr,pmax,Pune,91.68,361,2,2,0,0,0,0
2026-07-27,vrs26_gads_pmax_blr,pmax,Chennai,105.68,402,9,9,0,0,0,0
2026-07-27,vrs26_gads_display_remarketing_natl,display,Mumbai,1181.2,4293,94,94,5,1,1,799
2026-07-27,vrs26_gads_display_remarketing_natl,display,Delhi NCR,1193.97,4741,78,78,3,1,1,1299
2026-07-27,vrs26_gads_display_remarketing_natl,display,Bengaluru,1089.14,3958,84,84,14,8,2,1598
2026-07-27,vrs26_gads_display_remarketing_natl,display,Hyderabad,731.7,2562,47,47,5,3,3,7497
2026-07-27,vrs26_gads_display_remarketing_natl,display,Pune,549.67,2324,34,34,4,2,1,1299
2026-07-27,vrs26_gads_display_remarketing_natl,display,Chennai,411.59,1339,31,31,3,0,0,0
2026-07-27,vrs26_gads_yt_instream_natl,youtube,Mumbai,1675.6,6490,131,131,12,6,3,2597
2026-07-27,vrs26_gads_yt_instream_natl,youtube,Delhi NCR,1443.68,5276,103,103,7,3,1,1999
2026-07-27,vrs26_gads_yt_instream_natl,youtube,Bengaluru,1136.84,3661,78,78,11,4,1,1999
2026-07-27,vrs26_gads_yt_instream_natl,youtube,Hyderabad,875.81,3006,49,49,4,0,0,0
2026-07-27,vrs26_gads_yt_instream_natl,youtube,Pune,607.09,2200,41,41,4,1,0,0
2026-07-27,vrs26_gads_yt_instream_natl,youtube,Chennai,564.32,2056,23,23,2,1,1,799
2026-07-27,vrs26_gads_yt_shorts_natl,youtube,Mumbai,1058.16,3985,86,86,7,2,2,15497
2026-07-27,vrs26_gads_yt_shorts_natl,youtube,Delhi NCR,938.84,3754,75,75,11,3,1,799
2026-07-27,vrs26_gads_yt_shorts_natl,youtube,Bengaluru,903.14,3598,79,79,6,4,2,1598
2026-07-27,vrs26_gads_yt_shorts_natl,youtube,Hyderabad,466.95,1630,34,34,4,1,0,0
2026-07-27,vrs26_gads_yt_shorts_natl,youtube,Pune,321,1117,31,31,4,2,2,2098
2026-07-27,vrs26_gads_yt_shorts_natl,youtube,Chennai,323.13,1169,22,22,0,0,0,0
2026-07-27,vrs26_gads_search_competitor_natl,search_generic,Mumbai,1033.59,3945,96,96,12,5,4,10396
2026-07-27,vrs26_gads_search_competitor_natl,search_generic,Delhi NCR,712.02,2935,52,52,8,2,1,1999
2026-07-27,vrs26_gads_search_competitor_natl,search_generic,Bengaluru,531.64,2329,49,49,4,1,0,0
2026-07-27,vrs26_gads_search_competitor_natl,search_generic,Hyderabad,528.58,1995,53,53,5,4,2,3498
2026-07-27,vrs26_gads_search_competitor_natl,search_generic,Pune,362.6,1389,27,27,2,0,0,0
2026-07-27,vrs26_gads_search_competitor_natl,search_generic,Chennai,269.77,1057,15,15,5,1,0,0
2026-07-27,vrs26_gads_discovery_feed_natl,discovery,Mumbai,977.45,3231,86,86,7,4,4,3096
2026-07-27,vrs26_gads_discovery_feed_natl,discovery,Delhi NCR,916.85,3281,58,58,3,1,1,1299
2026-07-27,vrs26_gads_discovery_feed_natl,discovery,Bengaluru,815.22,3296,58,58,3,2,2,3798
2026-07-27,vrs26_gads_discovery_feed_natl,discovery,Hyderabad,521.13,1738,28,28,1,1,1,499
2026-07-27,vrs26_gads_discovery_feed_natl,discovery,Pune,359.25,1295,17,17,1,0,0,0
2026-07-27,vrs26_gads_discovery_feed_natl,discovery,Chennai,278.07,1008,22,22,2,1,0,0
2026-07-27,vrs26_gads_search_corp_hyd,search_generic,Mumbai,138.95,477,12,12,4,2,1,2999
2026-07-27,vrs26_gads_search_corp_hyd,search_generic,Delhi NCR,116.57,423,9,9,2,0,0,0
2026-07-27,vrs26_gads_search_corp_hyd,search_generic,Bengaluru,111.33,397,7,7,1,0,0,0
2026-07-27,vrs26_gads_search_corp_hyd,search_generic,Hyderabad,2279.37,7540,159,159,21,10,9,17890
2026-07-27,vrs26_gads_search_corp_hyd,search_generic,Pune,46.19,160,3,3,1,1,0,0
2026-07-27,vrs26_gads_search_corp_hyd,search_generic,Chennai,29.48,109,3,3,0,0,0,0
2026-07-28,vrs26_gads_search_brand_natl,search_brand,Mumbai,1606.26,6663,122,122,33,11,5,7895
2026-07-28,vrs26_gads_search_brand_natl,search_brand,Delhi NCR,1464.37,6210,119,119,33,15,12,18187
2026-07-28,vrs26_gads_search_brand_natl,search_brand,Bengaluru,1248.81,4839,76,76,19,11,5,10595
2026-07-28,vrs26_gads_search_brand_natl,search_brand,Hyderabad,968.85,3522,81,81,17,10,6,16294
2026-07-28,vrs26_gads_search_brand_natl,search_brand,Pune,717.42,2869,76,76,19,9,8,13492
2026-07-28,vrs26_gads_search_brand_natl,search_brand,Chennai,489.82,1673,40,40,2,1,1,799
2026-07-28,vrs26_gads_search_generic_marathon_natl,search_generic,Mumbai,2682.99,10220,239,239,28,14,7,9893
2026-07-28,vrs26_gads_search_generic_marathon_natl,search_generic,Delhi NCR,1950.96,6472,163,163,11,7,4,3396
2026-07-28,vrs26_gads_search_generic_marathon_natl,search_generic,Bengaluru,1812.58,6314,140,140,17,6,2,2598
2026-07-28,vrs26_gads_search_generic_marathon_natl,search_generic,Hyderabad,1408.68,4764,124,124,20,8,7,11493
2026-07-28,vrs26_gads_search_generic_marathon_natl,search_generic,Pune,992.48,4300,67,67,13,8,4,10195
2026-07-28,vrs26_gads_search_generic_marathon_natl,search_generic,Chennai,645.78,2546,53,53,10,2,2,2098
2026-07-28,vrs26_gads_search_generic_10k_natl,search_generic,Mumbai,1526.53,5624,117,117,17,7,4,7096
2026-07-28,vrs26_gads_search_generic_10k_natl,search_generic,Delhi NCR,1251.76,4703,116,116,19,10,4,3396
2026-07-28,vrs26_gads_search_generic_10k_natl,search_generic,Bengaluru,1205.48,4820,84,84,7,2,2,2098
2026-07-28,vrs26_gads_search_generic_10k_natl,search_generic,Hyderabad,884.38,3604,90,90,17,9,5,5395
2026-07-28,vrs26_gads_search_generic_10k_natl,search_generic,Pune,657.93,2842,77,77,11,4,4,4894
2026-07-28,vrs26_gads_search_generic_10k_natl,search_generic,Chennai,469.8,1757,38,38,10,4,2,3498
2026-07-28,vrs26_gads_pmax_all_natl,pmax,Mumbai,2211.14,8191,189,189,20,7,3,2397
2026-07-28,vrs26_gads_pmax_all_natl,pmax,Delhi NCR,2201.71,8006,153,153,26,12,8,25591
2026-07-28,vrs26_gads_pmax_all_natl,pmax,Bengaluru,1739.15,6291,122,122,18,2,1,1999
2026-07-28,vrs26_gads_pmax_all_natl,pmax,Hyderabad,1444.83,6047,144,144,23,9,5,7395
2026-07-28,vrs26_gads_pmax_all_natl,pmax,Pune,835.95,2818,52,52,5,0,0,0
2026-07-28,vrs26_gads_pmax_all_natl,pmax,Chennai,685.95,3014,70,70,6,3,2,4298
2026-07-28,vrs26_gads_pmax_mum,pmax,Mumbai,4177.44,13938,317,317,36,17,11,19088
2026-07-28,vrs26_gads_pmax_mum,pmax,Delhi NCR,194.27,796,19,19,6,1,0,0
2026-07-28,vrs26_gads_pmax_mum,pmax,Bengaluru,174.02,717,12,12,2,1,1,1598
2026-07-28,vrs26_gads_pmax_mum,pmax,Hyderabad,141.16,553,4,4,0,0,0,0
2026-07-28,vrs26_gads_pmax_mum,pmax,Pune,115.65,461,12,12,0,0,0,0
2026-07-28,vrs26_gads_pmax_mum,pmax,Chennai,69.11,241,6,6,2,1,0,0
2026-07-28,vrs26_gads_pmax_blr,pmax,Mumbai,224.46,835,21,21,6,5,1,799
2026-07-28,vrs26_gads_pmax_blr,pmax,Delhi NCR,206.29,832,16,16,5,3,2,2598
2026-07-28,vrs26_gads_pmax_blr,pmax,Bengaluru,3539.03,13681,284,284,40,19,9,14390
2026-07-28,vrs26_gads_pmax_blr,pmax,Hyderabad,127.05,519,9,9,1,0,0,0
2026-07-28,vrs26_gads_pmax_blr,pmax,Pune,69.53,242,8,8,1,0,0,0
2026-07-28,vrs26_gads_pmax_blr,pmax,Chennai,80.71,292,6,6,0,0,0,0
2026-07-28,vrs26_gads_display_remarketing_natl,display,Mumbai,1235.35,5058,87,87,14,6,3,4696
2026-07-28,vrs26_gads_display_remarketing_natl,display,Delhi NCR,894.75,3426,82,82,12,4,2,1298
2026-07-28,vrs26_gads_display_remarketing_natl,display,Bengaluru,1018.47,4568,123,123,12,8,6,12194
2026-07-28,vrs26_gads_display_remarketing_natl,display,Hyderabad,575.33,1956,45,45,5,1,1,2999
2026-07-28,vrs26_gads_display_remarketing_natl,display,Pune,441.61,1752,36,36,5,2,1,1299
2026-07-28,vrs26_gads_display_remarketing_natl,display,Chennai,331.4,1055,16,16,0,0,0,0
2026-07-28,vrs26_gads_yt_instream_natl,youtube,Mumbai,1393.16,5683,92,92,7,3,1,799
2026-07-28,vrs26_gads_yt_instream_natl,youtube,Delhi NCR,1250.31,4682,96,96,9,4,1,799
2026-07-28,vrs26_gads_yt_instream_natl,youtube,Bengaluru,1111.8,4263,119,119,12,6,4,8195
2026-07-28,vrs26_gads_yt_instream_natl,youtube,Hyderabad,694.95,2666,37,37,3,1,1,1598
2026-07-28,vrs26_gads_yt_instream_natl,youtube,Pune,552.64,2084,41,41,4,1,1,1299
2026-07-28,vrs26_gads_yt_instream_natl,youtube,Chennai,493.35,2116,50,50,5,2,2,4998
2026-07-28,vrs26_gads_yt_shorts_natl,youtube,Mumbai,884.02,3587,57,57,6,2,0,0
2026-07-28,vrs26_gads_yt_shorts_natl,youtube,Delhi NCR,723.94,2716,63,63,6,4,1,1299
2026-07-28,vrs26_gads_yt_shorts_natl,youtube,Bengaluru,783.92,2559,44,44,3,0,0,0
2026-07-28,vrs26_gads_yt_shorts_natl,youtube,Hyderabad,491.76,1658,29,29,4,2,0,0
2026-07-28,vrs26_gads_yt_shorts_natl,youtube,Pune,276.62,1130,32,32,3,2,1,1299
2026-07-28,vrs26_gads_yt_shorts_natl,youtube,Chennai,337.33,1165,19,19,5,2,0,0
2026-07-28,vrs26_gads_search_competitor_natl,search_generic,Mumbai,711.4,2424,44,44,5,0,0,0
2026-07-28,vrs26_gads_search_competitor_natl,search_generic,Delhi NCR,661.39,2414,58,58,11,3,1,799
2026-07-28,vrs26_gads_search_competitor_natl,search_generic,Bengaluru,646.58,2483,43,43,5,1,1,1299
2026-07-28,vrs26_gads_search_competitor_natl,search_generic,Hyderabad,365.83,1363,37,37,2,1,0,0
2026-07-28,vrs26_gads_search_competitor_natl,search_generic,Pune,353.26,1372,23,23,3,0,0,0
2026-07-28,vrs26_gads_search_competitor_natl,search_generic,Chennai,259.48,926,21,21,0,0,0,0
2026-07-28,vrs26_gads_discovery_feed_natl,discovery,Mumbai,845.07,3401,59,59,3,2,1,799
2026-07-28,vrs26_gads_discovery_feed_natl,discovery,Delhi NCR,761,3242,73,73,9,6,2,3097
2026-07-28,vrs26_gads_discovery_feed_natl,discovery,Bengaluru,697.31,2733,47,47,2,2,1,1999
2026-07-28,vrs26_gads_discovery_feed_natl,discovery,Hyderabad,399.33,1425,36,36,3,2,2,2798
2026-07-28,vrs26_gads_discovery_feed_natl,discovery,Pune,352.82,1240,29,29,2,1,0,0
2026-07-28,vrs26_gads_discovery_feed_natl,discovery,Chennai,317.15,1409,25,25,5,3,2,4998
2026-07-28,vrs26_gads_search_corp_hyd,search_generic,Mumbai,147.42,496,8,8,2,1,1,1299
2026-07-28,vrs26_gads_search_corp_hyd,search_generic,Delhi NCR,148.51,559,6,6,0,0,0,0
2026-07-28,vrs26_gads_search_corp_hyd,search_generic,Bengaluru,126.59,541,14,14,2,1,0,0
2026-07-28,vrs26_gads_search_corp_hyd,search_generic,Hyderabad,1852.56,6607,135,135,9,4,3,3397
2026-07-28,vrs26_gads_search_corp_hyd,search_generic,Pune,53.67,226,5,5,1,0,0,0
2026-07-28,vrs26_gads_search_corp_hyd,search_generic,Chennai,44.62,162,0,0,0,0,0,0
2026-07-29,vrs26_gads_search_brand_natl,search_brand,Mumbai,1705.01,7306,160,160,44,22,15,33085
2026-07-29,vrs26_gads_search_brand_natl,search_brand,Delhi NCR,1308.04,4661,130,130,34,15,10,16390
2026-07-29,vrs26_gads_search_brand_natl,search_brand,Bengaluru,1231.68,4807,89,89,21,10,7,12693
2026-07-29,vrs26_gads_search_brand_natl,search_brand,Hyderabad,698.38,2716,45,45,14,5,1,799
2026-07-29,vrs26_gads_search_brand_natl,search_brand,Pune,626.47,2832,46,46,10,5,3,2897
2026-07-29,vrs26_gads_search_brand_natl,search_brand,Chennai,508.4,2002,31,31,10,5,2,2098
2026-07-29,vrs26_gads_search_generic_marathon_natl,search_generic,Mumbai,2274.74,8382,146,146,20,8,6,12394
2026-07-29,vrs26_gads_search_generic_marathon_natl,search_generic,Delhi NCR,1888.89,7748,196,196,22,10,4,8596
2026-07-29,vrs26_gads_search_generic_marathon_natl,search_generic,Bengaluru,1756.54,7531,186,186,21,9,6,15094
2026-07-29,vrs26_gads_search_generic_marathon_natl,search_generic,Hyderabad,1344.72,5647,115,115,17,10,6,12992
2026-07-29,vrs26_gads_search_generic_marathon_natl,search_generic,Pune,836.16,3369,74,74,3,2,2,3798
2026-07-29,vrs26_gads_search_generic_marathon_natl,search_generic,Chennai,782.15,3422,55,55,12,3,1,799
2026-07-29,vrs26_gads_search_generic_10k_natl,search_generic,Mumbai,1306.03,5256,124,124,14,5,4,11496
2026-07-29,vrs26_gads_search_generic_10k_natl,search_generic,Delhi NCR,1221.7,4319,82,82,12,5,2,2098
2026-07-29,vrs26_gads_search_generic_10k_natl,search_generic,Bengaluru,1161.38,4659,106,106,14,4,2,1298
2026-07-29,vrs26_gads_search_generic_10k_natl,search_generic,Hyderabad,817.24,3208,84,84,20,8,5,9295
2026-07-29,vrs26_gads_search_generic_10k_natl,search_generic,Pune,590.23,2381,42,42,4,1,0,0
2026-07-29,vrs26_gads_search_generic_10k_natl,search_generic,Chennai,513.87,2029,50,50,0,0,0,0
2026-07-29,vrs26_gads_pmax_all_natl,pmax,Mumbai,2344.57,8758,166,166,18,6,3,5597
2026-07-29,vrs26_gads_pmax_all_natl,pmax,Delhi NCR,1629.88,6504,127,127,17,8,3,4797
2026-07-29,vrs26_gads_pmax_all_natl,pmax,Bengaluru,1799.79,6780,165,165,11,6,5,6895
2026-07-29,vrs26_gads_pmax_all_natl,pmax,Hyderabad,1113.37,4247,64,64,9,6,5,19795
2026-07-29,vrs26_gads_pmax_all_natl,pmax,Pune,984.11,3977,78,78,5,5,4,6596
2026-07-29,vrs26_gads_pmax_all_natl,pmax,Chennai,660.83,2507,66,66,7,6,4,7596
2026-07-29,vrs26_gads_pmax_mum,pmax,Mumbai,3669.92,14499,272,272,38,15,10,18688
2026-07-29,vrs26_gads_pmax_mum,pmax,Delhi NCR,259.24,935,34,34,2,1,0,0
2026-07-29,vrs26_gads_pmax_mum,pmax,Bengaluru,278.49,1097,18,18,1,0,0,0
2026-07-29,vrs26_gads_pmax_mum,pmax,Hyderabad,164.01,625,13,13,1,0,0,0
2026-07-29,vrs26_gads_pmax_mum,pmax,Pune,100.8,387,7,7,0,0,0,0
2026-07-29,vrs26_gads_pmax_mum,pmax,Chennai,86.04,343,8,8,3,1,1,1999
2026-07-29,vrs26_gads_pmax_blr,pmax,Mumbai,243.1,1018,24,24,0,0,0,0
2026-07-29,vrs26_gads_pmax_blr,pmax,Delhi NCR,201.97,808,20,20,6,1,1,1299
2026-07-29,vrs26_gads_pmax_blr,pmax,Bengaluru,3278.05,11249,272,272,40,10,5,6395
2026-07-29,vrs26_gads_pmax_blr,pmax,Hyderabad,103.74,422,7,7,1,0,0,0
2026-07-29,vrs26_gads_pmax_blr,pmax,Pune,83.77,360,9,9,4,2,1,499
2026-07-29,vrs26_gads_pmax_blr,pmax,Chennai,63.43,219,4,4,1,0,0,0
2026-07-29,vrs26_gads_display_remarketing_natl,display,Mumbai,1006.62,4522,109,109,13,4,3,2897
2026-07-29,vrs26_gads_display_remarketing_natl,display,Delhi NCR,1033.07,3432,105,105,6,2,1,799
2026-07-29,vrs26_gads_display_remarketing_natl,display,Bengaluru,876.52,3459,71,71,3,1,1,12998
2026-07-29,vrs26_gads_display_remarketing_natl,display,Hyderabad,622.7,2621,65,65,2,1,1,1299
2026-07-29,vrs26_gads_display_remarketing_natl,display,Pune,321.93,1253,32,32,3,0,0,0
2026-07-29,vrs26_gads_display_remarketing_natl,display,Chennai,346.99,1352,27,27,0,0,0,0
2026-07-29,vrs26_gads_yt_instream_natl,youtube,Mumbai,1217.36,4876,88,88,5,3,1,6499
2026-07-29,vrs26_gads_yt_instream_natl,youtube,Delhi NCR,1290.88,5553,162,162,14,5,4,5396
2026-07-29,vrs26_gads_yt_instream_natl,youtube,Bengaluru,994.5,3785,68,68,8,4,4,4596
2026-07-29,vrs26_gads_yt_instream_natl,youtube,Hyderabad,683.35,2697,52,52,5,2,1,3499
2026-07-29,vrs26_gads_yt_instream_natl,youtube,Pune,547.26,2211,49,49,3,2,0,0
2026-07-29,vrs26_gads_yt_instream_natl,youtube,Chennai,409.57,1678,26,26,3,0,0,0
2026-07-29,vrs26_gads_yt_shorts_natl,youtube,Mumbai,880.14,3714,60,60,5,3,2,3298
2026-07-29,vrs26_gads_yt_shorts_natl,youtube,Delhi NCR,777.13,2539,62,62,5,2,2,7298
2026-07-29,vrs26_gads_yt_shorts_natl,youtube,Bengaluru,587.62,2347,46,46,7,3,1,1299
2026-07-29,vrs26_gads_yt_shorts_natl,youtube,Hyderabad,470.43,1806,30,30,2,0,0,0
2026-07-29,vrs26_gads_yt_shorts_natl,youtube,Pune,272.67,1075,24,24,1,1,1,2499
2026-07-29,vrs26_gads_yt_shorts_natl,youtube,Chennai,284.76,1158,30,30,3,2,1,1999
2026-07-29,vrs26_gads_search_competitor_natl,search_generic,Mumbai,617.63,2486,39,39,5,2,2,2098
2026-07-29,vrs26_gads_search_competitor_natl,search_generic,Delhi NCR,585.57,2002,45,45,7,4,3,3897
2026-07-29,vrs26_gads_search_competitor_natl,search_generic,Bengaluru,637.1,2254,47,47,5,2,1,5998
2026-07-29,vrs26_gads_search_competitor_natl,search_generic,Hyderabad,412.61,1425,14,14,0,0,0,0
2026-07-29,vrs26_gads_search_competitor_natl,search_generic,Pune,293.47,1093,20,20,2,2,2,2098
2026-07-29,vrs26_gads_search_competitor_natl,search_generic,Chennai,258.84,1013,15,15,2,1,0,0
2026-07-29,vrs26_gads_discovery_feed_natl,discovery,Mumbai,906.41,3770,53,53,5,2,2,2098
2026-07-29,vrs26_gads_discovery_feed_natl,discovery,Delhi NCR,735.25,2972,56,56,6,2,0,0
2026-07-29,vrs26_gads_discovery_feed_natl,discovery,Bengaluru,620.34,2373,45,45,4,3,2,2098
2026-07-29,vrs26_gads_discovery_feed_natl,discovery,Hyderabad,421.26,1475,34,34,5,4,3,5097
2026-07-29,vrs26_gads_discovery_feed_natl,discovery,Pune,257.73,907,26,26,3,1,1,799
2026-07-29,vrs26_gads_discovery_feed_natl,discovery,Chennai,214.88,796,19,19,3,1,0,0
2026-07-29,vrs26_gads_search_corp_hyd,search_generic,Mumbai,132.97,479,9,9,2,0,0,0
2026-07-29,vrs26_gads_search_corp_hyd,search_generic,Delhi NCR,111.31,453,10,10,1,1,1,6499
2026-07-29,vrs26_gads_search_corp_hyd,search_generic,Bengaluru,113.77,487,12,12,2,0,0,0
2026-07-29,vrs26_gads_search_corp_hyd,search_generic,Hyderabad,1767.96,7020,145,145,27,15,8,11391
2026-07-29,vrs26_gads_search_corp_hyd,search_generic,Pune,47.71,196,4,4,1,1,0,0
2026-07-29,vrs26_gads_search_corp_hyd,search_generic,Chennai,47.08,207,3,3,0,0,0,0
2026-07-30,vrs26_gads_search_brand_natl,search_brand,Mumbai,1800.7,7033,122,122,39,24,13,19587
2026-07-30,vrs26_gads_search_brand_natl,search_brand,Delhi NCR,1269.78,4839,101,101,21,10,9,14091
2026-07-30,vrs26_gads_search_brand_natl,search_brand,Bengaluru,1168.62,4653,91,91,26,14,7,7892
2026-07-30,vrs26_gads_search_brand_natl,search_brand,Hyderabad,870.3,3671,68,68,13,8,7,16491
2026-07-30,vrs26_gads_search_brand_natl,search_brand,Pune,789.32,3027,53,53,13,8,6,12694
2026-07-30,vrs26_gads_search_brand_natl,search_brand,Chennai,465.73,1928,46,46,8,4,3,2597
2026-07-30,vrs26_gads_search_generic_marathon_natl,search_generic,Mumbai,2448.98,9511,195,195,36,18,8,15391
2026-07-30,vrs26_gads_search_generic_marathon_natl,search_generic,Delhi NCR,1881.98,6803,128,128,19,8,5,6595
2026-07-30,vrs26_gads_search_generic_marathon_natl,search_generic,Bengaluru,1859.95,6694,163,163,32,9,5,7395
2026-07-30,vrs26_gads_search_generic_marathon_natl,search_generic,Hyderabad,1380.7,5170,97,97,21,8,5,6894
2026-07-30,vrs26_gads_search_generic_marathon_natl,search_generic,Pune,893.86,3646,86,86,20,6,3,4497
2026-07-30,vrs26_gads_search_generic_marathon_natl,search_generic,Chennai,836.41,3171,65,65,9,3,1,1299
2026-07-30,vrs26_gads_search_generic_10k_natl,search_generic,Mumbai,1511.72,5558,128,128,27,11,3,4696
2026-07-30,vrs26_gads_search_generic_10k_natl,search_generic,Delhi NCR,1151.82,4462,88,88,8,6,4,9796
2026-07-30,vrs26_gads_search_generic_10k_natl,search_generic,Bengaluru,1399.37,5292,128,128,27,12,11,16688
2026-07-30,vrs26_gads_search_generic_10k_natl,search_generic,Hyderabad,729.3,3039,47,47,10,6,3,5097
2026-07-30,vrs26_gads_search_generic_10k_natl,search_generic,Pune,568.95,2169,46,46,7,4,3,5797
2026-07-30,vrs26_gads_search_generic_10k_natl,search_generic,Chennai,513.71,2054,35,35,7,4,2,1598
2026-07-30,vrs26_gads_pmax_all_natl,pmax,Mumbai,2391.63,9231,233,233,32,13,7,12192
2026-07-30,vrs26_gads_pmax_all_natl,pmax,Delhi NCR,1803.4,6789,138,138,18,9,2,6998
2026-07-30,vrs26_gads_pmax_all_natl,pmax,Bengaluru,1872.1,7755,179,179,27,7,4,8395
2026-07-30,vrs26_gads_pmax_all_natl,pmax,Hyderabad,1276.73,4805,108,108,20,9,6,6894
2026-07-30,vrs26_gads_pmax_all_natl,pmax,Pune,837.1,2800,76,76,10,5,3,9496
2026-07-30,vrs26_gads_pmax_all_natl,pmax,Chennai,753.74,2682,55,55,2,0,0,0
2026-07-30,vrs26_gads_pmax_mum,pmax,Mumbai,4005.23,15474,276,276,30,11,6,14394
2026-07-30,vrs26_gads_pmax_mum,pmax,Delhi NCR,246.32,948,25,25,3,2,2,13797
2026-07-30,vrs26_gads_pmax_mum,pmax,Bengaluru,207.41,902,23,23,3,3,1,3499
2026-07-30,vrs26_gads_pmax_mum,pmax,Hyderabad,135.54,564,10,10,2,0,0,0
2026-07-30,vrs26_gads_pmax_mum,pmax,Pune,92.09,357,8,8,0,0,0,0
2026-07-30,vrs26_gads_pmax_mum,pmax,Chennai,86.74,392,11,11,0,0,0,0
2026-07-30,vrs26_gads_pmax_blr,pmax,Mumbai,280.82,1028,25,25,2,1,1,499
2026-07-30,vrs26_gads_pmax_blr,pmax,Delhi NCR,237.57,799,12,12,3,2,2,3798
2026-07-30,vrs26_gads_pmax_blr,pmax,Bengaluru,3308.35,9748,195,195,29,13,7,18392
2026-07-30,vrs26_gads_pmax_blr,pmax,Hyderabad,137.34,489,9,9,2,1,0,0
2026-07-30,vrs26_gads_pmax_blr,pmax,Pune,113.49,431,12,12,3,2,0,0
2026-07-30,vrs26_gads_pmax_blr,pmax,Chennai,83.8,295,7,7,4,1,1,499
2026-07-30,vrs26_gads_display_remarketing_natl,display,Mumbai,1182.57,4984,94,94,8,3,1,1598
2026-07-30,vrs26_gads_display_remarketing_natl,display,Delhi NCR,928.27,3590,63,63,7,4,1,1299
2026-07-30,vrs26_gads_display_remarketing_natl,display,Bengaluru,892.95,3258,48,48,4,2,0,0
2026-07-30,vrs26_gads_display_remarketing_natl,display,Hyderabad,562.24,1953,28,28,2,1,0,0
2026-07-30,vrs26_gads_display_remarketing_natl,display,Pune,499.78,1995,41,41,3,0,0,0
2026-07-30,vrs26_gads_display_remarketing_natl,display,Chennai,340.36,1112,16,16,1,1,1,799
2026-07-30,vrs26_gads_yt_instream_natl,youtube,Mumbai,1519.76,5841,143,143,19,4,2,4798
2026-07-30,vrs26_gads_yt_instream_natl,youtube,Delhi NCR,1234.31,4423,88,88,8,3,3,9797
2026-07-30,vrs26_gads_yt_instream_natl,youtube,Bengaluru,1006.77,3817,109,109,8,3,2,1298
2026-07-30,vrs26_gads_yt_instream_natl,youtube,Hyderabad,757.87,2838,68,68,2,2,1,799
2026-07-30,vrs26_gads_yt_instream_natl,youtube,Pune,462.68,1789,40,40,1,1,1,1999
2026-07-30,vrs26_gads_yt_instream_natl,youtube,Chennai,403.91,1564,38,38,2,0,0,0
2026-07-30,vrs26_gads_yt_shorts_natl,youtube,Mumbai,973.42,3433,89,89,11,3,1,6499
2026-07-30,vrs26_gads_yt_shorts_natl,youtube,Delhi NCR,714.66,2626,41,41,3,1,1,6499
2026-07-30,vrs26_gads_yt_shorts_natl,youtube,Bengaluru,694.05,2713,46,46,2,1,1,799
2026-07-30,vrs26_gads_yt_shorts_natl,youtube,Hyderabad,421.42,1585,33,33,5,3,1,799
2026-07-30,vrs26_gads_yt_shorts_natl,youtube,Pune,335.46,1399,31,31,5,2,1,1299
2026-07-30,vrs26_gads_yt_shorts_natl,youtube,Chennai,288.01,1118,31,31,4,3,2,1798
2026-07-30,vrs26_gads_search_competitor_natl,search_generic,Mumbai,764.17,3082,68,68,5,1,1,799
2026-07-30,vrs26_gads_search_competitor_natl,search_generic,Delhi NCR,635.34,2413,43,43,4,2,1,799
2026-07-30,vrs26_gads_search_competitor_natl,search_generic,Bengaluru,605.42,2480,54,54,5,1,0,0
2026-07-30,vrs26_gads_search_competitor_natl,search_generic,Hyderabad,375.07,1421,34,34,9,5,3,4497
2026-07-30,vrs26_gads_search_competitor_natl,search_generic,Pune,311.9,1341,19,19,1,1,0,0
2026-07-30,vrs26_gads_search_competitor_natl,search_generic,Chennai,245.54,853,18,18,1,1,0,0
2026-07-30,vrs26_gads_discovery_feed_natl,discovery,Mumbai,868.49,3067,65,65,4,1,1,1299
2026-07-30,vrs26_gads_discovery_feed_natl,discovery,Delhi NCR,636.96,2670,40,40,4,1,0,0
2026-07-30,vrs26_gads_discovery_feed_natl,discovery,Bengaluru,697.37,2872,52,52,10,7,2,1798
2026-07-30,vrs26_gads_discovery_feed_natl,discovery,Hyderabad,477.02,1833,31,31,3,2,1,3499
2026-07-30,vrs26_gads_discovery_feed_natl,discovery,Pune,375.53,1192,26,26,2,1,1,4998
2026-07-30,vrs26_gads_discovery_feed_natl,discovery,Chennai,249.24,877,7,7,1,1,1,1999
2026-07-30,vrs26_gads_search_corp_hyd,search_generic,Mumbai,144.95,498,11,11,1,0,0,0
2026-07-30,vrs26_gads_search_corp_hyd,search_generic,Delhi NCR,98.13,409,13,13,2,2,0,0
2026-07-30,vrs26_gads_search_corp_hyd,search_generic,Bengaluru,87.57,323,6,6,3,1,1,2999
2026-07-30,vrs26_gads_search_corp_hyd,search_generic,Hyderabad,1895.42,7668,148,148,20,4,3,4597
2026-07-30,vrs26_gads_search_corp_hyd,search_generic,Pune,52.78,202,3,3,1,1,1,799
2026-07-30,vrs26_gads_search_corp_hyd,search_generic,Chennai,46.63,168,5,5,0,0,0,0
2026-07-31,vrs26_gads_search_brand_natl,search_brand,Mumbai,1811.22,7122,143,143,33,16,9,14291
2026-07-31,vrs26_gads_search_brand_natl,search_brand,Delhi NCR,1788.83,7012,133,133,32,19,9,9591
2026-07-31,vrs26_gads_search_brand_natl,search_brand,Bengaluru,1399.18,4300,88,88,26,11,3,2897
2026-07-31,vrs26_gads_search_brand_natl,search_brand,Hyderabad,1023.53,3826,54,54,16,10,8,15492
2026-07-31,vrs26_gads_search_brand_natl,search_brand,Pune,619.09,2362,58,58,21,9,7,7293
2026-07-31,vrs26_gads_search_brand_natl,search_brand,Chennai,542,2084,53,53,15,7,4,4694
2026-07-31,vrs26_gads_search_generic_marathon_natl,search_generic,Mumbai,2143.58,8290,198,198,32,13,6,16294
2026-07-31,vrs26_gads_search_generic_marathon_natl,search_generic,Delhi NCR,2452.13,10164,194,194,26,10,8,17192
2026-07-31,vrs26_gads_search_generic_marathon_natl,search_generic,Bengaluru,2247.31,7867,160,160,21,12,10,22990
2026-07-31,vrs26_gads_search_generic_marathon_natl,search_generic,Hyderabad,1659.06,6442,102,102,16,6,2,2098
2026-07-31,vrs26_gads_search_generic_marathon_natl,search_generic,Pune,1159.45,4844,93,93,14,6,4,9396
2026-07-31,vrs26_gads_search_generic_marathon_natl,search_generic,Chennai,837.95,3567,45,45,6,2,0,0
2026-07-31,vrs26_gads_search_generic_10k_natl,search_generic,Mumbai,1590.73,5866,150,150,27,11,7,16493
2026-07-31,vrs26_gads_search_generic_10k_natl,search_generic,Delhi NCR,1596.09,5792,137,137,23,12,6,9993
2026-07-31,vrs26_gads_search_generic_10k_natl,search_generic,Bengaluru,1205.28,5536,123,123,15,6,4,8596
2026-07-31,vrs26_gads_search_generic_10k_natl,search_generic,Hyderabad,1054.19,4071,90,90,11,3,3,3297
2026-07-31,vrs26_gads_search_generic_10k_natl,search_generic,Pune,643.19,2476,50,50,9,2,0,0
2026-07-31,vrs26_gads_search_generic_10k_natl,search_generic,Chennai,541.76,1966,43,43,4,2,0,0
2026-07-31,vrs26_gads_pmax_all_natl,pmax,Mumbai,2606.44,9885,238,238,37,17,6,15593
2026-07-31,vrs26_gads_pmax_all_natl,pmax,Delhi NCR,1948.4,7866,172,172,17,6,4,4396
2026-07-31,vrs26_gads_pmax_all_natl,pmax,Bengaluru,2261.56,8134,122,122,15,5,2,3298
2026-07-31,vrs26_gads_pmax_all_natl,pmax,Hyderabad,1429.24,4851,108,108,11,1,0,0
2026-07-31,vrs26_gads_pmax_all_natl,pmax,Pune,974.79,3492,64,64,6,3,2,3397
2026-07-31,vrs26_gads_pmax_all_natl,pmax,Chennai,864.61,3059,54,54,11,6,6,5994
2026-07-31,vrs26_gads_pmax_mum,pmax,Mumbai,4376.43,15576,341,341,44,23,11,21788
2026-07-31,vrs26_gads_pmax_mum,pmax,Delhi NCR,316,1092,30,30,8,4,3,2597
2026-07-31,vrs26_gads_pmax_mum,pmax,Bengaluru,254.04,890,27,27,5,1,0,0
2026-07-31,vrs26_gads_pmax_mum,pmax,Hyderabad,204.62,736,10,10,1,0,0,0
2026-07-31,vrs26_gads_pmax_mum,pmax,Pune,128.87,522,8,8,0,0,0,0
2026-07-31,vrs26_gads_pmax_mum,pmax,Chennai,107.93,346,11,11,4,1,0,0
2026-07-31,vrs26_gads_pmax_blr,pmax,Mumbai,320.51,1196,32,32,4,0,0,0
2026-07-31,vrs26_gads_pmax_blr,pmax,Delhi NCR,266.8,1060,22,22,4,1,0,0
2026-07-31,vrs26_gads_pmax_blr,pmax,Bengaluru,3720.95,14552,213,213,33,8,7,9192
2026-07-31,vrs26_gads_pmax_blr,pmax,Hyderabad,151.13,562,12,12,2,2,2,1298
2026-07-31,vrs26_gads_pmax_blr,pmax,Pune,124.34,450,7,7,1,0,0,0
2026-07-31,vrs26_gads_pmax_blr,pmax,Chennai,113.4,395,6,6,1,0,0,0
2026-07-31,vrs26_gads_display_remarketing_natl,display,Mumbai,1300.97,4795,75,75,2,0,0,0
2026-07-31,vrs26_gads_display_remarketing_natl,display,Delhi NCR,1137.98,3447,80,80,9,3,1,1999
2026-07-31,vrs26_gads_display_remarketing_natl,display,Bengaluru,905.29,3149,68,68,5,2,1,1999
2026-07-31,vrs26_gads_display_remarketing_natl,display,Hyderabad,701.49,2315,46,46,5,3,2,1598
2026-07-31,vrs26_gads_display_remarketing_natl,display,Pune,481.04,1585,41,41,3,1,1,1299
2026-07-31,vrs26_gads_display_remarketing_natl,display,Chennai,446.66,1444,24,24,0,0,0,0
2026-07-31,vrs26_gads_yt_instream_natl,youtube,Mumbai,1567.14,6879,162,162,20,8,5,8993
2026-07-31,vrs26_gads_yt_instream_natl,youtube,Delhi NCR,1414.93,4735,87,87,11,7,2,4998
2026-07-31,vrs26_gads_yt_instream_natl,youtube,Bengaluru,1212.04,4679,105,105,9,4,4,4896
2026-07-31,vrs26_gads_yt_instream_natl,youtube,Hyderabad,814.67,2503,49,49,1,0,0,0
2026-07-31,vrs26_gads_yt_instream_natl,youtube,Pune,571.51,2203,59,59,2,0,0,0
2026-07-31,vrs26_gads_yt_instream_natl,youtube,Chennai,498.36,1722,23,23,1,1,1,799
2026-07-31,vrs26_gads_yt_shorts_natl,youtube,Mumbai,1089.03,4422,82,82,10,2,1,799
2026-07-31,vrs26_gads_yt_shorts_natl,youtube,Delhi NCR,753.65,3041,48,48,1,0,0,0
2026-07-31,vrs26_gads_yt_shorts_natl,youtube,Bengaluru,781.7,3004,50,50,3,1,1,1299
2026-07-31,vrs26_gads_yt_shorts_natl,youtube,Hyderabad,553.69,1863,30,30,2,1,0,0
2026-07-31,vrs26_gads_yt_shorts_natl,youtube,Pune,391.09,1643,33,33,2,0,0,0
2026-07-31,vrs26_gads_yt_shorts_natl,youtube,Chennai,299.08,1162,27,27,0,0,0,0
2026-07-31,vrs26_gads_search_competitor_natl,search_generic,Mumbai,905.29,3314,77,77,11,7,7,8693
2026-07-31,vrs26_gads_search_competitor_natl,search_generic,Delhi NCR,720.18,2154,59,59,8,4,3,4097
2026-07-31,vrs26_gads_search_competitor_natl,search_generic,Bengaluru,675.54,2371,26,26,3,1,1,1299
2026-07-31,vrs26_gads_search_competitor_natl,search_generic,Hyderabad,484.01,1588,33,33,5,4,3,6297
2026-07-31,vrs26_gads_search_competitor_natl,search_generic,Pune,273.36,1162,20,20,2,1,0,0
2026-07-31,vrs26_gads_search_competitor_natl,search_generic,Chennai,257.24,955,18,18,0,0,0,0
2026-07-31,vrs26_gads_discovery_feed_natl,discovery,Mumbai,903.6,3556,74,74,8,3,1,6499
2026-07-31,vrs26_gads_discovery_feed_natl,discovery,Delhi NCR,820.11,2580,46,46,6,1,1,799
2026-07-31,vrs26_gads_discovery_feed_natl,discovery,Bengaluru,826.59,2937,72,72,7,2,2,1298
2026-07-31,vrs26_gads_discovery_feed_natl,discovery,Hyderabad,491.53,1557,32,32,2,0,0,0
2026-07-31,vrs26_gads_discovery_feed_natl,discovery,Pune,396.34,1373,29,29,1,0,0,0
2026-07-31,vrs26_gads_discovery_feed_natl,discovery,Chennai,291.9,1142,19,19,2,0,0,0
2026-07-31,vrs26_gads_search_corp_hyd,search_generic,Mumbai,129.08,420,7,7,0,0,0,0
2026-07-31,vrs26_gads_search_corp_hyd,search_generic,Delhi NCR,119.25,434,4,4,0,0,0,0
2026-07-31,vrs26_gads_search_corp_hyd,search_generic,Bengaluru,103.12,387,10,10,1,0,0,0
2026-07-31,vrs26_gads_search_corp_hyd,search_generic,Hyderabad,2180.09,8273,154,154,17,7,4,12096
2026-07-31,vrs26_gads_search_corp_hyd,search_generic,Pune,48.73,165,6,6,1,1,0,0
2026-07-31,vrs26_gads_search_corp_hyd,search_generic,Chennai,44.59,151,4,4,0,0,0,0
2026-08-01,vrs26_gads_search_brand_natl,search_brand,Mumbai,1945.11,7104,159,159,34,18,9,10991
2026-08-01,vrs26_gads_search_brand_natl,search_brand,Delhi NCR,1494.22,4956,109,109,34,20,14,28586
2026-08-01,vrs26_gads_search_brand_natl,search_brand,Bengaluru,1533.83,6040,107,107,29,11,7,20192
2026-08-01,vrs26_gads_search_brand_natl,search_brand,Hyderabad,1274.25,4543,108,108,24,13,8,8492
2026-08-01,vrs26_gads_search_brand_natl,search_brand,Pune,758.36,2572,49,49,14,7,4,5695
2026-08-01,vrs26_gads_search_brand_natl,search_brand,Chennai,662.48,2374,45,45,16,9,5,5895
2026-08-01,vrs26_gads_search_generic_marathon_natl,search_generic,Mumbai,3154.37,9888,225,225,37,18,12,20385
2026-08-01,vrs26_gads_search_generic_marathon_natl,search_generic,Delhi NCR,2563.64,9022,197,197,35,14,10,14790
2026-08-01,vrs26_gads_search_generic_marathon_natl,search_generic,Bengaluru,2225.99,8400,185,185,28,9,5,5395
2026-08-01,vrs26_gads_search_generic_marathon_natl,search_generic,Hyderabad,1533.99,5312,96,96,21,9,6,10493
2026-08-01,vrs26_gads_search_generic_marathon_natl,search_generic,Pune,953.46,3608,98,98,9,5,2,6498
2026-08-01,vrs26_gads_search_generic_marathon_natl,search_generic,Chennai,775.99,3174,52,52,5,1,1,799
2026-08-01,vrs26_gads_search_generic_10k_natl,search_generic,Mumbai,1502.49,4811,110,110,19,11,9,21389
2026-08-01,vrs26_gads_search_generic_10k_natl,search_generic,Delhi NCR,1644.48,5712,109,109,11,5,5,8095
2026-08-01,vrs26_gads_search_generic_10k_natl,search_generic,Bengaluru,1477.01,5063,102,102,18,8,7,10393
2026-08-01,vrs26_gads_search_generic_10k_natl,search_generic,Hyderabad,1055.97,3898,65,65,11,6,2,4298
2026-08-01,vrs26_gads_search_generic_10k_natl,search_generic,Pune,804.2,2889,44,44,6,1,1,6499
2026-08-01,vrs26_gads_search_generic_10k_natl,search_generic,Chennai,594.23,2556,65,65,9,2,0,0
2026-08-01,vrs26_gads_pmax_all_natl,pmax,Mumbai,3134.14,12094,240,240,35,14,6,12593
2026-08-01,vrs26_gads_pmax_all_natl,pmax,Delhi NCR,2268.09,8399,132,132,17,10,4,9394
2026-08-01,vrs26_gads_pmax_all_natl,pmax,Bengaluru,1942.75,7894,206,206,26,7,4,4195
2026-08-01,vrs26_gads_pmax_all_natl,pmax,Hyderabad,1420.38,5056,76,76,17,9,8,27891
2026-08-01,vrs26_gads_pmax_all_natl,pmax,Pune,1034.71,3478,58,58,8,4,4,5495
2026-08-01,vrs26_gads_pmax_all_natl,pmax,Chennai,964.96,3192,76,76,6,3,1,3499
2026-08-01,vrs26_gads_pmax_mum,pmax,Mumbai,4818.62,15261,384,384,41,16,13,37185
2026-08-01,vrs26_gads_pmax_mum,pmax,Delhi NCR,224.9,791,8,8,0,0,0,0
2026-08-01,vrs26_gads_pmax_mum,pmax,Bengaluru,290.85,1032,13,13,3,1,1,2499
2026-08-01,vrs26_gads_pmax_mum,pmax,Hyderabad,157.36,580,4,4,1,1,0,0
2026-08-01,vrs26_gads_pmax_mum,pmax,Pune,155.8,571,10,10,1,1,0,0
2026-08-01,vrs26_gads_pmax_mum,pmax,Chennai,103.66,359,12,12,2,1,1,799
2026-08-01,vrs26_gads_pmax_blr,pmax,Mumbai,306.05,1162,22,22,2,2,2,7798
2026-08-01,vrs26_gads_pmax_blr,pmax,Delhi NCR,216.38,842,22,22,3,0,0,0
2026-08-01,vrs26_gads_pmax_blr,pmax,Bengaluru,4152.22,15143,390,390,47,28,18,28481
2026-08-01,vrs26_gads_pmax_blr,pmax,Hyderabad,161.29,554,8,8,2,2,1,1299
2026-08-01,vrs26_gads_pmax_blr,pmax,Pune,86.89,322,8,8,3,2,2,2498
2026-08-01,vrs26_gads_pmax_blr,pmax,Chennai,91.01,361,13,13,3,0,0,0
2026-08-01,vrs26_gads_display_remarketing_natl,display,Mumbai,1589.47,6141,157,157,14,7,4,5396
2026-08-01,vrs26_gads_display_remarketing_natl,display,Delhi NCR,1140.42,4103,88,88,9,4,1,799
2026-08-01,vrs26_gads_display_remarketing_natl,display,Bengaluru,1048.25,4560,115,115,8,3,3,4896
2026-08-01,vrs26_gads_display_remarketing_natl,display,Hyderabad,505.64,1930,39,39,4,1,1,799
2026-08-01,vrs26_gads_display_remarketing_natl,display,Pune,609.43,2210,47,47,3,0,0,0
2026-08-01,vrs26_gads_display_remarketing_natl,display,Chennai,415.57,1321,26,26,5,3,1,499
2026-08-01,vrs26_gads_yt_instream_natl,youtube,Mumbai,1777.66,6081,141,141,13,6,4,5596
2026-08-01,vrs26_gads_yt_instream_natl,youtube,Delhi NCR,1494.19,5324,96,96,12,4,1,1299
2026-08-01,vrs26_gads_yt_instream_natl,youtube,Bengaluru,1183.4,4926,124,124,13,5,0,0
2026-08-01,vrs26_gads_yt_instream_natl,youtube,Hyderabad,804.46,2497,59,59,2,0,0,0
2026-08-01,vrs26_gads_yt_instream_natl,youtube,Pune,720.14,2386,61,61,1,0,0,0
2026-08-01,vrs26_gads_yt_instream_natl,youtube,Chennai,508.68,1753,50,50,0,0,0,0
2026-08-01,vrs26_gads_yt_shorts_natl,youtube,Mumbai,1149.91,4775,118,118,5,3,0,0
2026-08-01,vrs26_gads_yt_shorts_natl,youtube,Delhi NCR,935.31,3103,77,77,4,3,2,4097
2026-08-01,vrs26_gads_yt_shorts_natl,youtube,Bengaluru,781.27,2766,58,58,5,2,1,1999
2026-08-01,vrs26_gads_yt_shorts_natl,youtube,Hyderabad,545.48,2122,42,42,3,3,1,799
2026-08-01,vrs26_gads_yt_shorts_natl,youtube,Pune,392.83,1446,30,30,0,0,0,0
2026-08-01,vrs26_gads_yt_shorts_natl,youtube,Chennai,324.25,1155,30,30,2,1,0,0
2026-08-01,vrs26_gads_search_competitor_natl,search_generic,Mumbai,906.38,3287,69,69,4,3,3,8896
2026-08-01,vrs26_gads_search_competitor_natl,search_generic,Delhi NCR,717.24,2376,53,53,7,1,0,0
2026-08-01,vrs26_gads_search_competitor_natl,search_generic,Bengaluru,777.77,3040,80,80,12,3,1,2999
2026-08-01,vrs26_gads_search_competitor_natl,search_generic,Hyderabad,512.65,1826,43,43,6,4,2,2798
2026-08-01,vrs26_gads_search_competitor_natl,search_generic,Pune,297.65,1125,36,36,3,2,2,2598
2026-08-01,vrs26_gads_search_competitor_natl,search_generic,Chennai,327.5,1347,39,39,6,4,1,1999
2026-08-01,vrs26_gads_discovery_feed_natl,discovery,Mumbai,1113.22,4347,81,81,11,5,3,5797
2026-08-01,vrs26_gads_discovery_feed_natl,discovery,Delhi NCR,736.06,2580,61,61,8,2,1,2999
2026-08-01,vrs26_gads_discovery_feed_natl,discovery,Bengaluru,869.69,3349,76,76,12,6,1,799
2026-08-01,vrs26_gads_discovery_feed_natl,discovery,Hyderabad,554.15,1929,65,65,5,3,2,1598
2026-08-01,vrs26_gads_discovery_feed_natl,discovery,Pune,416.28,1532,32,32,4,1,0,0
2026-08-01,vrs26_gads_discovery_feed_natl,discovery,Chennai,292.18,1066,18,18,1,1,0,0
2026-08-01,vrs26_gads_search_corp_hyd,search_generic,Mumbai,144.23,475,7,7,1,1,1,1299
2026-08-01,vrs26_gads_search_corp_hyd,search_generic,Delhi NCR,108.35,388,3,3,0,0,0,0
2026-08-01,vrs26_gads_search_corp_hyd,search_generic,Bengaluru,106.8,416,11,11,1,0,0,0
2026-08-01,vrs26_gads_search_corp_hyd,search_generic,Hyderabad,2349.8,7974,159,159,24,15,10,20489
2026-08-01,vrs26_gads_search_corp_hyd,search_generic,Pune,56.93,203,4,4,1,1,1,1299
2026-08-01,vrs26_gads_search_corp_hyd,search_generic,Chennai,35.75,125,2,2,0,0,0,0
2026-08-02,vrs26_gads_search_brand_natl,search_brand,Mumbai,2504.11,8758,122,122,28,19,11,16989
2026-08-02,vrs26_gads_search_brand_natl,search_brand,Delhi NCR,1908.21,6719,110,110,23,10,4,11096
2026-08-02,vrs26_gads_search_brand_natl,search_brand,Bengaluru,1745.61,5114,89,89,21,9,6,12094
2026-08-02,vrs26_gads_search_brand_natl,search_brand,Hyderabad,1413.1,4848,107,107,37,23,10,24489
2026-08-02,vrs26_gads_search_brand_natl,search_brand,Pune,1032.28,3736,59,59,14,5,2,1798
2026-08-02,vrs26_gads_search_brand_natl,search_brand,Chennai,769.7,2771,82,82,19,7,5,10695
2026-08-02,vrs26_gads_search_generic_marathon_natl,search_generic,Mumbai,3295.56,11177,201,201,33,16,8,13392
2026-08-02,vrs26_gads_search_generic_marathon_natl,search_generic,Delhi NCR,3180.12,11733,284,284,47,21,13,22687
2026-08-02,vrs26_gads_search_generic_marathon_natl,search_generic,Bengaluru,2729.27,10198,182,182,33,13,9,16391
2026-08-02,vrs26_gads_search_generic_marathon_natl,search_generic,Hyderabad,2106.77,7213,122,122,22,7,3,9297
2026-08-02,vrs26_gads_search_generic_marathon_natl,search_generic,Pune,1255.6,5020,96,96,18,10,8,22891
2026-08-02,vrs26_gads_search_generic_marathon_natl,search_generic,Chennai,1131.68,3320,89,89,14,6,3,6195
2026-08-02,vrs26_gads_search_generic_10k_natl,search_generic,Mumbai,2268.13,7755,161,161,25,13,8,10192
2026-08-02,vrs26_gads_search_generic_10k_natl,search_generic,Delhi NCR,1937.17,7057,129,129,23,11,5,8595
2026-08-02,vrs26_gads_search_generic_10k_natl,search_generic,Bengaluru,1926.2,6143,109,109,15,8,5,4295
2026-08-02,vrs26_gads_search_generic_10k_natl,search_generic,Hyderabad,982.26,3434,72,72,9,5,4,6695
2026-08-02,vrs26_gads_search_generic_10k_natl,search_generic,Pune,878.55,2636,59,59,7,3,3,2597
2026-08-02,vrs26_gads_search_generic_10k_natl,search_generic,Chennai,659.69,1991,46,46,9,4,3,3797
2026-08-02,vrs26_gads_pmax_all_natl,pmax,Mumbai,2971.89,10854,254,254,31,16,11,16788
2026-08-02,vrs26_gads_pmax_all_natl,pmax,Delhi NCR,3380.25,11240,268,268,34,16,7,8793
2026-08-02,vrs26_gads_pmax_all_natl,pmax,Bengaluru,2881,7948,152,152,18,8,3,2897
2026-08-02,vrs26_gads_pmax_all_natl,pmax,Hyderabad,1685.28,5901,137,137,24,9,8,16192
2026-08-02,vrs26_gads_pmax_all_natl,pmax,Pune,1260.46,4096,77,77,8,5,3,5797
2026-08-02,vrs26_gads_pmax_all_natl,pmax,Chennai,979.37,3200,74,74,14,5,3,3397
2026-08-02,vrs26_gads_pmax_mum,pmax,Mumbai,5782.37,20696,480,480,64,32,22,28778
2026-08-02,vrs26_gads_pmax_mum,pmax,Delhi NCR,360.29,1263,43,43,5,1,0,0
2026-08-02,vrs26_gads_pmax_mum,pmax,Bengaluru,340.3,1187,26,26,4,2,1,799
2026-08-02,vrs26_gads_pmax_mum,pmax,Hyderabad,250.21,808,20,20,1,1,1,1999
2026-08-02,vrs26_gads_pmax_mum,pmax,Pune,181.49,539,9,9,1,0,0,0
2026-08-02,vrs26_gads_pmax_mum,pmax,Chennai,115.09,358,9,9,0,0,0,0
2026-08-02,vrs26_gads_pmax_blr,pmax,Mumbai,423.93,1291,23,23,3,0,0,0
2026-08-02,vrs26_gads_pmax_blr,pmax,Delhi NCR,305.29,963,18,18,5,1,1,799
2026-08-02,vrs26_gads_pmax_blr,pmax,Bengaluru,4902.96,17737,352,352,59,28,20,33978
2026-08-02,vrs26_gads_pmax_blr,pmax,Hyderabad,209.35,700,14,14,3,1,1,1999
2026-08-02,vrs26_gads_pmax_blr,pmax,Pune,167.97,592,13,13,3,2,2,2598
2026-08-02,vrs26_gads_pmax_blr,pmax,Chennai,119,376,7,7,0,0,0,0
2026-08-02,vrs26_gads_display_remarketing_natl,display,Mumbai,1571.67,4608,114,114,13,6,1,2499
2026-08-02,vrs26_gads_display_remarketing_natl,display,Delhi NCR,1376.99,4720,113,113,12,4,1,499
2026-08-02,vrs26_gads_display_remarketing_natl,display,Bengaluru,1342.36,4928,76,76,7,4,2,3798
2026-08-02,vrs26_gads_display_remarketing_natl,display,Hyderabad,947.7,3080,82,82,11,5,3,2397
2026-08-02,vrs26_gads_display_remarketing_natl,display,Pune,716.45,2879,50,50,4,1,1,3998
2026-08-02,vrs26_gads_display_remarketing_natl,display,Chennai,533.83,1982,37,37,4,3,2,4298
2026-08-02,vrs26_gads_yt_instream_natl,youtube,Mumbai,1887.91,6280,122,122,14,5,4,7796
2026-08-02,vrs26_gads_yt_instream_natl,youtube,Delhi NCR,1685.02,5914,137,137,8,4,3,4297
2026-08-02,vrs26_gads_yt_instream_natl,youtube,Bengaluru,1608.57,5530,65,65,6,4,1,799
2026-08-02,vrs26_gads_yt_instream_natl,youtube,Hyderabad,1178.97,3898,100,100,7,2,2,6998
2026-08-02,vrs26_gads_yt_instream_natl,youtube,Pune,860.06,2808,62,62,5,3,1,1299
2026-08-02,vrs26_gads_yt_instream_natl,youtube,Chennai,710.48,2610,48,48,5,3,2,4498
2026-08-02,vrs26_gads_yt_shorts_natl,youtube,Mumbai,1395.13,4227,94,94,9,2,1,799
2026-08-02,vrs26_gads_yt_shorts_natl,youtube,Delhi NCR,1072.59,4052,64,64,3,1,0,0
2026-08-02,vrs26_gads_yt_shorts_natl,youtube,Bengaluru,941.18,3327,58,58,9,5,2,1298
2026-08-02,vrs26_gads_yt_shorts_natl,youtube,Hyderabad,681.99,2117,27,27,1,0,0,0
2026-08-02,vrs26_gads_yt_shorts_natl,youtube,Pune,597.25,2133,54,54,3,1,1,1999
2026-08-02,vrs26_gads_yt_shorts_natl,youtube,Chennai,358.86,1165,16,16,1,1,0,0
2026-08-02,vrs26_gads_search_competitor_natl,search_generic,Mumbai,1058.18,3696,90,90,10,7,3,6797
2026-08-02,vrs26_gads_search_competitor_natl,search_generic,Delhi NCR,973.14,2837,44,44,8,3,2,5498
2026-08-02,vrs26_gads_search_competitor_natl,search_generic,Bengaluru,1000.67,4013,93,93,12,5,2,2498
2026-08-02,vrs26_gads_search_competitor_natl,search_generic,Hyderabad,542.25,1799,28,28,1,0,0,0
2026-08-02,vrs26_gads_search_competitor_natl,search_generic,Pune,444.59,1604,43,43,7,4,2,3298
2026-08-02,vrs26_gads_search_competitor_natl,search_generic,Chennai,307.19,1099,31,31,4,2,2,3298
2026-08-02,vrs26_gads_discovery_feed_natl,discovery,Mumbai,1206.94,3913,79,79,7,2,2,2498
2026-08-02,vrs26_gads_discovery_feed_natl,discovery,Delhi NCR,1016.74,3528,82,82,9,3,2,7298
2026-08-02,vrs26_gads_discovery_feed_natl,discovery,Bengaluru,979.61,3480,102,102,8,3,2,3298
2026-08-02,vrs26_gads_discovery_feed_natl,discovery,Hyderabad,671.22,2350,38,38,4,1,0,0
2026-08-02,vrs26_gads_discovery_feed_natl,discovery,Pune,589.83,2187,45,45,1,1,0,0
2026-08-02,vrs26_gads_discovery_feed_natl,discovery,Chennai,402.42,1306,22,22,1,1,0,0
2026-08-02,vrs26_gads_search_corp_hyd,search_generic,Mumbai,255.69,790,17,17,1,0,0,0
2026-08-02,vrs26_gads_search_corp_hyd,search_generic,Delhi NCR,139.88,466,11,11,2,1,1,6499
2026-08-02,vrs26_gads_search_corp_hyd,search_generic,Bengaluru,159.48,574,9,9,0,0,0,0
2026-08-02,vrs26_gads_search_corp_hyd,search_generic,Hyderabad,2729.26,8797,221,221,31,15,13,18885
2026-08-02,vrs26_gads_search_corp_hyd,search_generic,Pune,69.61,247,9,9,0,0,0,0
2026-08-02,vrs26_gads_search_corp_hyd,search_generic,Chennai,70.83,234,5,5,1,0,0,0
2026-08-03,vrs26_gads_search_brand_natl,search_brand,Mumbai,2375.42,7912,151,151,23,9,5,8895
2026-08-03,vrs26_gads_search_brand_natl,search_brand,Delhi NCR,2082.91,6623,113,113,24,14,12,28686
2026-08-03,vrs26_gads_search_brand_natl,search_brand,Bengaluru,1855.63,6477,106,106,29,15,13,23487
2026-08-03,vrs26_gads_search_brand_natl,search_brand,Hyderabad,1215.07,4162,92,92,21,13,10,22490
2026-08-03,vrs26_gads_search_brand_natl,search_brand,Pune,893.72,2822,56,56,13,5,4,7596
2026-08-03,vrs26_gads_search_brand_natl,search_brand,Chennai,675.3,2013,51,51,16,7,5,4194
2026-08-03,vrs26_gads_search_generic_marathon_natl,search_generic,Mumbai,3351.59,10563,188,188,37,21,14,22185
2026-08-03,vrs26_gads_search_generic_marathon_natl,search_generic,Delhi NCR,3000.42,9953,219,219,30,13,10,16387
2026-08-03,vrs26_gads_search_generic_marathon_natl,search_generic,Bengaluru,2595.94,9112,142,142,16,7,4,4596
2026-08-03,vrs26_gads_search_generic_marathon_natl,search_generic,Hyderabad,1886.4,6389,79,79,12,7,4,6595
2026-08-03,vrs26_gads_search_generic_marathon_natl,search_generic,Pune,1361.38,4456,75,75,12,7,6,8194
2026-08-03,vrs26_gads_search_generic_marathon_natl,search_generic,Chennai,1101.41,3615,74,74,11,6,4,5896
2026-08-03,vrs26_gads_search_generic_10k_natl,search_generic,Mumbai,2094.97,7378,161,161,24,8,5,12595
2026-08-03,vrs26_gads_search_generic_10k_natl,search_generic,Delhi NCR,1925.38,5908,149,149,22,13,6,8694
2026-08-03,vrs26_gads_search_generic_10k_natl,search_generic,Bengaluru,1792.48,5110,84,84,11,7,4,17595
2026-08-03,vrs26_gads_search_generic_10k_natl,search_generic,Hyderabad,1124.25,4087,113,113,17,7,4,3096
2026-08-03,vrs26_gads_search_generic_10k_natl,search_generic,Pune,781.46,2563,69,69,11,8,7,12693
2026-08-03,vrs26_gads_search_generic_10k_natl,search_generic,Chennai,679.66,2230,49,49,9,3,2,2798
2026-08-03,vrs26_gads_pmax_all_natl,pmax,Mumbai,3501.7,11935,286,286,51,26,15,31183
2026-08-03,vrs26_gads_pmax_all_natl,pmax,Delhi NCR,2660.8,8413,219,219,26,13,9,20791
2026-08-03,vrs26_gads_pmax_all_natl,pmax,Bengaluru,2507.19,7901,205,205,23,11,5,12894
2026-08-03,vrs26_gads_pmax_all_natl,pmax,Hyderabad,1803.16,5672,108,108,17,5,5,9894
2026-08-03,vrs26_gads_pmax_all_natl,pmax,Pune,1223.37,4137,61,61,9,4,2,1798
2026-08-03,vrs26_gads_pmax_all_natl,pmax,Chennai,1076.05,3232,66,66,4,2,1,6499
2026-08-03,vrs26_gads_pmax_mum,pmax,Mumbai,5812.21,20864,318,318,49,21,11,23589
2026-08-03,vrs26_gads_pmax_mum,pmax,Delhi NCR,315.2,1001,15,15,3,3,2,3998
2026-08-03,vrs26_gads_pmax_mum,pmax,Bengaluru,288.63,979,23,23,8,3,1,2999
2026-08-03,vrs26_gads_pmax_mum,pmax,Hyderabad,183.16,573,5,5,0,0,0,0
2026-08-03,vrs26_gads_pmax_mum,pmax,Pune,96.39,359,9,9,1,0,0,0
2026-08-03,vrs26_gads_pmax_mum,pmax,Chennai,127.94,421,5,5,1,1,1,3499
2026-08-03,vrs26_gads_pmax_blr,pmax,Mumbai,267.1,918,11,11,1,1,0,0
2026-08-03,vrs26_gads_pmax_blr,pmax,Delhi NCR,279.85,1055,18,18,2,1,0,0
2026-08-03,vrs26_gads_pmax_blr,pmax,Bengaluru,4979.57,19764,499,499,79,34,17,27683
2026-08-03,vrs26_gads_pmax_blr,pmax,Hyderabad,199.98,608,13,13,0,0,0,0
2026-08-03,vrs26_gads_pmax_blr,pmax,Pune,118.16,387,16,16,3,1,1,4998
2026-08-03,vrs26_gads_pmax_blr,pmax,Chennai,104.06,376,7,7,0,0,0,0
2026-08-03,vrs26_gads_display_remarketing_natl,display,Mumbai,1707.2,6007,128,128,9,3,1,1299
2026-08-03,vrs26_gads_display_remarketing_natl,display,Delhi NCR,1377.25,4309,108,108,13,8,4,7096
2026-08-03,vrs26_gads_display_remarketing_natl,display,Bengaluru,961.52,3120,94,94,7,4,3,6797
2026-08-03,vrs26_gads_display_remarketing_natl,display,Hyderabad,972.5,3360,48,48,5,1,1,1299
2026-08-03,vrs26_gads_display_remarketing_natl,display,Pune,708.97,2198,50,50,2,1,0,0
2026-08-03,vrs26_gads_display_remarketing_natl,display,Chennai,571.2,1775,41,41,2,2,1,1999
2026-08-03,vrs26_gads_yt_instream_natl,youtube,Mumbai,1979.82,7233,169,169,9,2,0,0
2026-08-03,vrs26_gads_yt_instream_natl,youtube,Delhi NCR,1705.23,5096,89,89,9,2,1,2598
2026-08-03,vrs26_gads_yt_instream_natl,youtube,Bengaluru,1603.52,6133,146,146,22,14,11,12989
2026-08-03,vrs26_gads_yt_instream_natl,youtube,Hyderabad,1204.87,3837,91,91,4,2,1,799
2026-08-03,vrs26_gads_yt_instream_natl,youtube,Pune,725.51,2708,63,63,7,3,2,2498
2026-08-03,vrs26_gads_yt_instream_natl,youtube,Chennai,479.39,1605,39,39,5,2,1,499
2026-08-03,vrs26_gads_yt_shorts_natl,youtube,Mumbai,1321.85,5014,110,110,5,4,1,799
2026-08-03,vrs26_gads_yt_shorts_natl,youtube,Delhi NCR,1035.22,3743,56,56,7,4,1,6499
2026-08-03,vrs26_gads_yt_shorts_natl,youtube,Bengaluru,938.13,3034,68,68,4,1,1,799
2026-08-03,vrs26_gads_yt_shorts_natl,youtube,Hyderabad,716.33,2445,55,55,4,1,0,0
2026-08-03,vrs26_gads_yt_shorts_natl,youtube,Pune,528.37,1653,26,26,3,0,0,0
2026-08-03,vrs26_gads_yt_shorts_natl,youtube,Chennai,359.05,1248,35,35,5,1,0,0
2026-08-03,vrs26_gads_search_competitor_natl,search_generic,Mumbai,1051.83,3623,72,72,11,5,1,499
2026-08-03,vrs26_gads_search_competitor_natl,search_generic,Delhi NCR,857.25,2743,47,47,6,2,1,1299
2026-08-03,vrs26_gads_search_competitor_natl,search_generic,Bengaluru,815.91,2591,35,35,3,2,2,2098
2026-08-03,vrs26_gads_search_competitor_natl,search_generic,Hyderabad,592.71,2176,37,37,8,5,3,4797
2026-08-03,vrs26_gads_search_competitor_natl,search_generic,Pune,458.61,1377,27,27,4,2,1,6499
2026-08-03,vrs26_gads_search_competitor_natl,search_generic,Chennai,422.79,1355,32,32,3,2,2,1598
2026-08-03,vrs26_gads_discovery_feed_natl,discovery,Mumbai,1231.03,4430,100,100,9,5,4,5896
2026-08-03,vrs26_gads_discovery_feed_natl,discovery,Delhi NCR,906.05,3241,87,87,15,7,5,10795
2026-08-03,vrs26_gads_discovery_feed_natl,discovery,Bengaluru,1123.49,4371,62,62,7,2,2,5498
2026-08-03,vrs26_gads_discovery_feed_natl,discovery,Hyderabad,570.66,1644,41,41,3,0,0,0
2026-08-03,vrs26_gads_discovery_feed_natl,discovery,Pune,518.45,1696,40,40,5,3,1,1299
2026-08-03,vrs26_gads_discovery_feed_natl,discovery,Chennai,374.3,1237,15,15,0,0,0,0
2026-08-03,vrs26_gads_search_corp_hyd,search_generic,Mumbai,195.29,696,12,12,3,3,2,2098
2026-08-03,vrs26_gads_search_corp_hyd,search_generic,Delhi NCR,131.57,433,8,8,0,0,0,0
2026-08-03,vrs26_gads_search_corp_hyd,search_generic,Bengaluru,148.94,507,10,10,1,1,1,1999
2026-08-03,vrs26_gads_search_corp_hyd,search_generic,Hyderabad,2732.92,9544,229,229,37,18,13,18887
2026-08-03,vrs26_gads_search_corp_hyd,search_generic,Pune,65.29,237,4,4,1,1,1,799
2026-08-03,vrs26_gads_search_corp_hyd,search_generic,Chennai,50.27,153,1,1,0,0,0,0
2026-08-04,vrs26_gads_search_brand_natl,search_brand,Mumbai,2416.32,7661,175,175,52,26,8,30791
2026-08-04,vrs26_gads_search_brand_natl,search_brand,Delhi NCR,1831.46,5531,126,126,29,15,8,22092
2026-08-04,vrs26_gads_search_brand_natl,search_brand,Bengaluru,1739.8,5795,135,135,36,22,15,31685
2026-08-04,vrs26_gads_search_brand_natl,search_brand,Hyderabad,1204.31,3778,83,83,25,9,5,12395
2026-08-04,vrs26_gads_search_brand_natl,search_brand,Pune,762.9,3165,56,56,16,9,6,6694
2026-08-04,vrs26_gads_search_brand_natl,search_brand,Chennai,629.32,1906,38,38,6,3,2,2098
2026-08-04,vrs26_gads_search_generic_marathon_natl,search_generic,Mumbai,2977.64,9353,149,149,28,8,6,8294
2026-08-04,vrs26_gads_search_generic_marathon_natl,search_generic,Delhi NCR,2647.46,9332,207,207,35,18,10,15490
2026-08-04,vrs26_gads_search_generic_marathon_natl,search_generic,Bengaluru,2622.88,9653,191,191,33,17,10,29088
2026-08-04,vrs26_gads_search_generic_marathon_natl,search_generic,Hyderabad,1886.77,6759,124,124,16,6,6,5294
2026-08-04,vrs26_gads_search_generic_marathon_natl,search_generic,Pune,1394.86,4996,84,84,14,4,2,4998
2026-08-04,vrs26_gads_search_generic_marathon_natl,search_generic,Chennai,1016.39,3696,81,81,12,3,1,6499
2026-08-04,vrs26_gads_search_generic_10k_natl,search_generic,Mumbai,1766.48,6411,126,126,17,11,4,8596
2026-08-04,vrs26_gads_search_generic_10k_natl,search_generic,Delhi NCR,1659.77,5074,125,125,26,12,7,9792
2026-08-04,vrs26_gads_search_generic_10k_natl,search_generic,Bengaluru,1784.26,5759,118,118,22,10,7,10993
2026-08-04,vrs26_gads_search_generic_10k_natl,search_generic,Hyderabad,1133.27,4596,89,89,11,3,2,2598
2026-08-04,vrs26_gads_search_generic_10k_natl,search_generic,Pune,858.72,3260,69,69,15,5,4,8596
2026-08-04,vrs26_gads_search_generic_10k_natl,search_generic,Chennai,721.28,2516,54,54,14,9,3,4097
2026-08-04,vrs26_gads_pmax_all_natl,pmax,Mumbai,3153.71,11303,211,211,24,8,5,11095
2026-08-04,vrs26_gads_pmax_all_natl,pmax,Delhi NCR,2437.24,8685,200,200,24,13,2,2098
2026-08-04,vrs26_gads_pmax_all_natl,pmax,Bengaluru,2593.17,8961,181,181,26,12,5,7395
2026-08-04,vrs26_gads_pmax_all_natl,pmax,Hyderabad,1719.16,5426,83,83,15,10,6,6293
2026-08-04,vrs26_gads_pmax_all_natl,pmax,Pune,1129.46,4035,95,95,11,7,1,1999
2026-08-04,vrs26_gads_pmax_all_natl,pmax,Chennai,1018.02,3348,87,87,19,7,4,4196
2026-08-04,vrs26_gads_pmax_mum,pmax,Mumbai,5272.81,18135,462,462,79,41,26,42073
2026-08-04,vrs26_gads_pmax_mum,pmax,Delhi NCR,321.34,1188,19,19,0,0,0,0
2026-08-04,vrs26_gads_pmax_mum,pmax,Bengaluru,339.86,1187,26,26,3,0,0,0
2026-08-04,vrs26_gads_pmax_mum,pmax,Hyderabad,226.17,805,16,16,2,1,1,1999
2026-08-04,vrs26_gads_pmax_mum,pmax,Pune,162.97,572,11,11,1,0,0,0
2026-08-04,vrs26_gads_pmax_mum,pmax,Chennai,114.93,398,10,10,1,1,0,0
2026-08-04,vrs26_gads_pmax_blr,pmax,Mumbai,301.93,905,9,9,1,0,0,0
2026-08-04,vrs26_gads_pmax_blr,pmax,Delhi NCR,310.83,1010,20,20,0,0,0,0
2026-08-04,vrs26_gads_pmax_blr,pmax,Bengaluru,4575.81,13855,280,280,38,19,12,17288
2026-08-04,vrs26_gads_pmax_blr,pmax,Hyderabad,191.18,586,14,14,0,0,0,0
2026-08-04,vrs26_gads_pmax_blr,pmax,Pune,144.38,518,13,13,3,3,2,4798
2026-08-04,vrs26_gads_pmax_blr,pmax,Chennai,88.56,298,9,9,1,0,0,0
2026-08-04,vrs26_gads_display_remarketing_natl,display,Mumbai,1570.7,5525,114,114,6,2,0,0
2026-08-04,vrs26_gads_display_remarketing_natl,display,Delhi NCR,1121.5,3442,76,76,10,7,2,1298
2026-08-04,vrs26_gads_display_remarketing_natl,display,Bengaluru,1336.87,4976,113,113,9,5,2,2598
2026-08-04,vrs26_gads_display_remarketing_natl,display,Hyderabad,897.83,2788,62,62,8,1,0,0
2026-08-04,vrs26_gads_display_remarketing_natl,display,Pune,531.87,1831,40,40,1,1,0,0
2026-08-04,vrs26_gads_display_remarketing_natl,display,Chennai,484.07,1859,35,35,5,3,2,1298
2026-08-04,vrs26_gads_yt_instream_natl,youtube,Mumbai,1770.4,5624,79,79,8,4,2,2098
2026-08-04,vrs26_gads_yt_instream_natl,youtube,Delhi NCR,1638.1,5407,125,125,12,4,0,0
2026-08-04,vrs26_gads_yt_instream_natl,youtube,Bengaluru,1452.16,5142,124,124,14,7,5,9395
2026-08-04,vrs26_gads_yt_instream_natl,youtube,Hyderabad,1148.17,4532,77,77,8,4,2,2598
2026-08-04,vrs26_gads_yt_instream_natl,youtube,Pune,693.51,2309,55,55,4,1,0,0
2026-08-04,vrs26_gads_yt_instream_natl,youtube,Chennai,561.13,1865,41,41,1,0,0,0
2026-08-04,vrs26_gads_yt_shorts_natl,youtube,Mumbai,1275.4,4764,106,106,5,1,0,0
2026-08-04,vrs26_gads_yt_shorts_natl,youtube,Delhi NCR,977.59,3623,65,65,7,4,2,2098
2026-08-04,vrs26_gads_yt_shorts_natl,youtube,Bengaluru,908.55,3336,70,70,8,2,0,0
2026-08-04,vrs26_gads_yt_shorts_natl,youtube,Hyderabad,675.54,2149,60,60,5,2,1,799
2026-08-04,vrs26_gads_yt_shorts_natl,youtube,Pune,434.84,1473,28,28,2,2,1,1299
2026-08-04,vrs26_gads_yt_shorts_natl,youtube,Chennai,350.29,1292,21,21,2,1,1,1999
2026-08-04,vrs26_gads_search_competitor_natl,search_generic,Mumbai,1043.64,3410,67,67,2,0,0,0
2026-08-04,vrs26_gads_search_competitor_natl,search_generic,Delhi NCR,928.28,3099,61,61,8,2,1,799
2026-08-04,vrs26_gads_search_competitor_natl,search_generic,Bengaluru,816.12,2905,56,56,6,2,0,0
2026-08-04,vrs26_gads_search_competitor_natl,search_generic,Hyderabad,545.11,1923,43,43,7,2,1,2499
2026-08-04,vrs26_gads_search_competitor_natl,search_generic,Pune,280.23,1027,28,28,2,0,0,0
2026-08-04,vrs26_gads_search_competitor_natl,search_generic,Chennai,348.53,1115,23,23,3,1,0,0
2026-08-04,vrs26_gads_discovery_feed_natl,discovery,Mumbai,1156.66,4518,95,95,8,1,0,0
2026-08-04,vrs26_gads_discovery_feed_natl,discovery,Delhi NCR,897.59,3153,53,53,5,2,1,2999
2026-08-04,vrs26_gads_discovery_feed_natl,discovery,Bengaluru,931.51,3191,73,73,3,1,0,0
2026-08-04,vrs26_gads_discovery_feed_natl,discovery,Hyderabad,658.67,2042,27,27,4,2,1,1299
2026-08-04,vrs26_gads_discovery_feed_natl,discovery,Pune,415.07,1495,26,26,3,2,2,3798
2026-08-04,vrs26_gads_discovery_feed_natl,discovery,Chennai,397.62,1359,24,24,3,1,0,0
2026-08-04,vrs26_gads_search_corp_hyd,search_generic,Mumbai,204.09,870,16,16,2,1,0,0
2026-08-04,vrs26_gads_search_corp_hyd,search_generic,Delhi NCR,169.16,578,9,9,1,0,0,0
2026-08-04,vrs26_gads_search_corp_hyd,search_generic,Bengaluru,156.1,589,14,14,4,1,1,2499
2026-08-04,vrs26_gads_search_corp_hyd,search_generic,Hyderabad,2472.23,9480,198,198,33,16,10,16890
2026-08-04,vrs26_gads_search_corp_hyd,search_generic,Pune,77.25,262,6,6,1,0,0,0
2026-08-04,vrs26_gads_search_corp_hyd,search_generic,Chennai,57.67,205,5,5,1,1,1,799
2026-08-05,vrs26_gads_search_brand_natl,search_brand,Mumbai,2885.55,9496,202,202,44,25,7,10492
2026-08-05,vrs26_gads_search_brand_natl,search_brand,Delhi NCR,2490.73,6983,157,157,51,25,18,46581
2026-08-05,vrs26_gads_search_brand_natl,search_brand,Bengaluru,2462.61,6334,104,104,26,13,9,13890
2026-08-05,vrs26_gads_search_brand_natl,search_brand,Hyderabad,1547.26,4651,103,103,28,13,9,10991
2026-08-05,vrs26_gads_search_brand_natl,search_brand,Pune,1277.76,4160,93,93,20,8,7,13093
2026-08-05,vrs26_gads_search_brand_natl,search_brand,Chennai,864.05,2478,59,59,23,12,8,14691
2026-08-05,vrs26_gads_search_generic_marathon_natl,search_generic,Mumbai,4662.06,13722,357,357,55,33,15,34685
2026-08-05,vrs26_gads_search_generic_marathon_natl,search_generic,Delhi NCR,3896.64,12443,328,328,65,33,20,40080
2026-08-05,vrs26_gads_search_generic_marathon_natl,search_generic,Bengaluru,3287.08,10370,275,275,41,22,11,28489
2026-08-05,vrs26_gads_search_generic_marathon_natl,search_generic,Hyderabad,2423.5,6699,161,161,31,19,12,26288
2026-08-05,vrs26_gads_search_generic_marathon_natl,search_generic,Pune,1427.27,3762,76,76,8,2,1,799
2026-08-05,vrs26_gads_search_generic_marathon_natl,search_generic,Chennai,1152.01,3152,66,66,3,1,0,0
2026-08-05,vrs26_gads_search_generic_10k_natl,search_generic,Mumbai,2773.24,9792,195,195,25,11,7,28592
2026-08-05,vrs26_gads_search_generic_10k_natl,search_generic,Delhi NCR,2420.41,6924,112,112,20,10,5,4794
2026-08-05,vrs26_gads_search_generic_10k_natl,search_generic,Bengaluru,2053.81,5876,88,88,5,4,3,9797
2026-08-05,vrs26_gads_search_generic_10k_natl,search_generic,Hyderabad,1389.63,3864,76,76,10,4,3,11497
2026-08-05,vrs26_gads_search_generic_10k_natl,search_generic,Pune,1090.05,2699,58,58,8,2,1,799
2026-08-05,vrs26_gads_search_generic_10k_natl,search_generic,Chennai,914.05,2734,55,55,11,6,3,7797
2026-08-05,vrs26_gads_pmax_all_natl,pmax,Mumbai,4313.92,12831,338,338,66,36,18,38981
2026-08-05,vrs26_gads_pmax_all_natl,pmax,Delhi NCR,3632.39,10450,182,182,20,11,6,8394
2026-08-05,vrs26_gads_pmax_all_natl,pmax,Bengaluru,2909.16,8804,206,206,32,19,9,14289
2026-08-05,vrs26_gads_pmax_all_natl,pmax,Hyderabad,2349.32,7645,155,155,17,6,2,7298
2026-08-05,vrs26_gads_pmax_all_natl,pmax,Pune,1789.23,5651,112,112,18,7,4,6896
2026-08-05,vrs26_gads_pmax_all_natl,pmax,Chennai,1189.46,3590,79,79,12,4,1,799
2026-08-05,vrs26_gads_pmax_mum,pmax,Mumbai,7211.89,23075,529,529,62,31,20,32179
2026-08-05,vrs26_gads_pmax_mum,pmax,Delhi NCR,417.47,1138,25,25,3,2,0,0
2026-08-05,vrs26_gads_pmax_mum,pmax,Bengaluru,400.19,1197,20,20,3,1,1,1999
2026-08-05,vrs26_gads_pmax_mum,pmax,Hyderabad,261.73,758,15,15,1,0,0,0
2026-08-05,vrs26_gads_pmax_mum,pmax,Pune,212.44,662,12,12,2,2,1,799
2026-08-05,vrs26_gads_pmax_mum,pmax,Chennai,142.25,482,10,10,0,0,0,0
2026-08-05,vrs26_gads_pmax_blr,pmax,Mumbai,379.76,1298,30,30,5,2,2,4298
2026-08-05,vrs26_gads_pmax_blr,pmax,Delhi NCR,344.31,1075,23,23,4,2,1,799
2026-08-05,vrs26_gads_pmax_blr,pmax,Bengaluru,6365.38,20086,363,363,62,28,18,33882
2026-08-05,vrs26_gads_pmax_blr,pmax,Hyderabad,222.28,756,17,17,3,1,0,0
2026-08-05,vrs26_gads_pmax_blr,pmax,Pune,125.92,372,7,7,0,0,0,0
2026-08-05,vrs26_gads_pmax_blr,pmax,Chennai,99.85,335,10,10,0,0,0,0
2026-08-05,vrs26_gads_display_remarketing_natl,display,Mumbai,2292.74,5985,96,96,9,4,3,5797
2026-08-05,vrs26_gads_display_remarketing_natl,display,Delhi NCR,1733.42,4980,122,122,15,4,1,1299
2026-08-05,vrs26_gads_display_remarketing_natl,display,Bengaluru,1450.68,4116,74,74,6,2,1,1299
2026-08-05,vrs26_gads_display_remarketing_natl,display,Hyderabad,1020.03,3495,85,85,11,4,2,3998
2026-08-05,vrs26_gads_display_remarketing_natl,display,Pune,848.48,2516,61,61,9,6,4,7796
2026-08-05,vrs26_gads_display_remarketing_natl,display,Chennai,635.55,2229,37,37,5,1,0,0
2026-08-05,vrs26_gads_yt_instream_natl,youtube,Mumbai,2309.43,7953,181,181,17,3,1,1999
2026-08-05,vrs26_gads_yt_instream_natl,youtube,Delhi NCR,2129.08,7097,165,165,12,7,5,4695
2026-08-05,vrs26_gads_yt_instream_natl,youtube,Bengaluru,1998.97,6907,144,144,13,6,1,1299
2026-08-05,vrs26_gads_yt_instream_natl,youtube,Hyderabad,1601.57,5121,86,86,4,1,1,799
2026-08-05,vrs26_gads_yt_instream_natl,youtube,Pune,844.42,2562,54,54,7,4,3,6297
2026-08-05,vrs26_gads_yt_instream_natl,youtube,Chennai,870.96,2705,69,69,6,2,1,1999
2026-08-05,vrs26_gads_yt_shorts_natl,youtube,Mumbai,1514.18,4726,118,118,7,3,2,9998
2026-08-05,vrs26_gads_yt_shorts_natl,youtube,Delhi NCR,1402.07,3624,69,69,3,2,2,13797
2026-08-05,vrs26_gads_yt_shorts_natl,youtube,Bengaluru,1262.42,3942,96,96,10,7,4,9396
2026-08-05,vrs26_gads_yt_shorts_natl,youtube,Hyderabad,869.83,3107,76,76,7,4,4,5096
2026-08-05,vrs26_gads_yt_shorts_natl,youtube,Pune,615.1,2027,38,38,4,3,0,0
2026-08-05,vrs26_gads_yt_shorts_natl,youtube,Chennai,543.75,1882,31,31,2,2,1,799
2026-08-05,vrs26_gads_search_competitor_natl,search_generic,Mumbai,1265.35,3881,72,72,10,5,4,12295
2026-08-05,vrs26_gads_search_competitor_natl,search_generic,Delhi NCR,1168.54,3922,96,96,9,4,3,5997
2026-08-05,vrs26_gads_search_competitor_natl,search_generic,Bengaluru,1037.81,3488,79,79,6,2,1,1999
2026-08-05,vrs26_gads_search_competitor_natl,search_generic,Hyderabad,832.27,2825,43,43,3,1,1,1999
2026-08-05,vrs26_gads_search_competitor_natl,search_generic,Pune,613.25,1633,15,15,2,1,0,0
2026-08-05,vrs26_gads_search_competitor_natl,search_generic,Chennai,403.38,1242,26,26,5,0,0,0
2026-08-05,vrs26_gads_discovery_feed_natl,discovery,Mumbai,1645.32,5220,92,92,10,4,3,3597
2026-08-05,vrs26_gads_discovery_feed_natl,discovery,Delhi NCR,1448.8,4709,106,106,13,9,4,4296
2026-08-05,vrs26_gads_discovery_feed_natl,discovery,Bengaluru,1074.34,3573,89,89,8,1,1,1299
2026-08-05,vrs26_gads_discovery_feed_natl,discovery,Hyderabad,807.08,2690,45,45,3,0,0,0
2026-08-05,vrs26_gads_discovery_feed_natl,discovery,Pune,529.94,1575,38,38,5,3,1,799
2026-08-05,vrs26_gads_discovery_feed_natl,discovery,Chennai,480.2,1533,23,23,1,0,0,0
2026-08-05,vrs26_gads_search_corp_hyd,search_generic,Mumbai,250.1,791,13,13,2,2,0,0
2026-08-05,vrs26_gads_search_corp_hyd,search_generic,Delhi NCR,185.29,641,12,12,0,0,0,0
2026-08-05,vrs26_gads_search_corp_hyd,search_generic,Bengaluru,178.14,573,7,7,2,0,0,0
2026-08-05,vrs26_gads_search_corp_hyd,search_generic,Hyderabad,3409.23,9744,188,188,35,19,14,22185
2026-08-05,vrs26_gads_search_corp_hyd,search_generic,Pune,97.59,267,1,1,0,0,0,0
2026-08-05,vrs26_gads_search_corp_hyd,search_generic,Chennai,91.8,272,7,7,1,1,1,799
2026-08-06,vrs26_gads_search_brand_natl,search_brand,Mumbai,2703.61,8791,207,207,48,20,15,26885
2026-08-06,vrs26_gads_search_brand_natl,search_brand,Delhi NCR,2195.09,6308,143,143,32,13,9,17589
2026-08-06,vrs26_gads_search_brand_natl,search_brand,Bengaluru,2150.64,6204,106,106,27,20,15,24384
2026-08-06,vrs26_gads_search_brand_natl,search_brand,Hyderabad,1793.1,5592,139,139,37,23,16,23083
2026-08-06,vrs26_gads_search_brand_natl,search_brand,Pune,1093.48,3420,44,44,12,3,2,7798
2026-08-06,vrs26_gads_search_brand_natl,search_brand,Chennai,691.06,2298,53,53,12,5,4,10096
2026-08-06,vrs26_gads_search_generic_marathon_natl,search_generic,Mumbai,4151.42,13813,269,269,40,23,12,18887
2026-08-06,vrs26_gads_search_generic_marathon_natl,search_generic,Delhi NCR,3429.23,10189,249,249,43,25,18,31582
2026-08-06,vrs26_gads_search_generic_marathon_natl,search_generic,Bengaluru,2898.53,9012,188,188,30,16,10,16090
2026-08-06,vrs26_gads_search_generic_marathon_natl,search_generic,Hyderabad,2281.32,7552,200,200,32,17,11,18589
2026-08-06,vrs26_gads_search_generic_marathon_natl,search_generic,Pune,1560.92,5262,109,109,15,6,3,5297
2026-08-06,vrs26_gads_search_generic_marathon_natl,search_generic,Chennai,1210.33,3748,99,99,16,4,2,2098
2026-08-06,vrs26_gads_search_generic_10k_natl,search_generic,Mumbai,2579.59,6919,130,130,14,7,4,10995
2026-08-06,vrs26_gads_search_generic_10k_natl,search_generic,Delhi NCR,2074.86,6793,124,124,18,7,7,8693
2026-08-06,vrs26_gads_search_generic_10k_natl,search_generic,Bengaluru,2028.14,7370,155,155,16,12,6,9894
2026-08-06,vrs26_gads_search_generic_10k_natl,search_generic,Hyderabad,1235.45,4180,92,92,8,1,1,799
2026-08-06,vrs26_gads_search_generic_10k_natl,search_generic,Pune,1047.6,3483,67,67,12,4,2,3998
2026-08-06,vrs26_gads_search_generic_10k_natl,search_generic,Chennai,843.87,2769,47,47,5,2,2,2098
2026-08-06,vrs26_gads_pmax_all_natl,pmax,Mumbai,3316.05,9301,157,157,14,7,3,3597
2026-08-06,vrs26_gads_pmax_all_natl,pmax,Delhi NCR,3568.66,11563,249,249,37,17,10,16290
2026-08-06,vrs26_gads_pmax_all_natl,pmax,Bengaluru,3043.3,9794,227,227,26,13,9,10890
2026-08-06,vrs26_gads_pmax_all_natl,pmax,Hyderabad,2103.42,6899,154,154,26,9,7,10492
2026-08-06,vrs26_gads_pmax_all_natl,pmax,Pune,1595.84,5006,107,107,14,6,1,1299
2026-08-06,vrs26_gads_pmax_all_natl,pmax,Chennai,1291.38,4025,73,73,16,5,2,4798
2026-08-06,vrs26_gads_pmax_mum,pmax,Mumbai,6647.84,18611,508,508,79,40,18,36980
2026-08-06,vrs26_gads_pmax_mum,pmax,Delhi NCR,383.71,1252,20,20,1,1,1,1299
2026-08-06,vrs26_gads_pmax_mum,pmax,Bengaluru,381.18,1229,29,29,3,1,1,3499
2026-08-06,vrs26_gads_pmax_mum,pmax,Hyderabad,244.37,834,12,12,5,2,2,1798
2026-08-06,vrs26_gads_pmax_mum,pmax,Pune,146.81,434,9,9,1,1,1,499
2026-08-06,vrs26_gads_pmax_mum,pmax,Chennai,166.32,447,11,11,3,2,2,4298
2026-08-06,vrs26_gads_pmax_blr,pmax,Mumbai,389.13,1162,25,25,6,5,2,2098
2026-08-06,vrs26_gads_pmax_blr,pmax,Delhi NCR,312.73,1060,28,28,1,0,0,0
2026-08-06,vrs26_gads_pmax_blr,pmax,Bengaluru,5711.77,17160,437,437,58,26,15,34984
2026-08-06,vrs26_gads_pmax_blr,pmax,Hyderabad,180.22,526,9,9,2,1,0,0
2026-08-06,vrs26_gads_pmax_blr,pmax,Pune,185.74,619,10,10,1,0,0,0
2026-08-06,vrs26_gads_pmax_blr,pmax,Chennai,168.82,566,17,17,4,3,0,0
2026-08-06,vrs26_gads_display_remarketing_natl,display,Mumbai,1962.38,5560,94,94,9,2,1,799
2026-08-06,vrs26_gads_display_remarketing_natl,display,Delhi NCR,1532.14,4446,103,103,6,2,1,799
2026-08-06,vrs26_gads_display_remarketing_natl,display,Bengaluru,1490.13,5355,83,83,7,2,1,6499
2026-08-06,vrs26_gads_display_remarketing_natl,display,Hyderabad,1046.72,3632,68,68,9,4,3,4797
2026-08-06,vrs26_gads_display_remarketing_natl,display,Pune,756.8,2450,57,57,4,2,1,1999
2026-08-06,vrs26_gads_display_remarketing_natl,display,Chennai,568.98,1874,31,31,0,0,0,0
2026-08-06,vrs26_gads_yt_instream_natl,youtube,Mumbai,2562.76,7373,181,181,17,10,4,5296
2026-08-06,vrs26_gads_yt_instream_natl,youtube,Delhi NCR,1917.58,6437,137,137,16,10,4,8096
2026-08-06,vrs26_gads_yt_instream_natl,youtube,Bengaluru,1858.53,5785,139,139,16,6,4,8296
2026-08-06,vrs26_gads_yt_instream_natl,youtube,Hyderabad,1119.45,3862,87,87,5,3,1,1999
2026-08-06,vrs26_gads_yt_instream_natl,youtube,Pune,731.87,2285,47,47,0,0,0,0
2026-08-06,vrs26_gads_yt_instream_natl,youtube,Chennai,801.86,2905,58,58,7,4,2,3998
2026-08-06,vrs26_gads_yt_shorts_natl,youtube,Mumbai,1508.64,4997,119,119,12,1,0,0
2026-08-06,vrs26_gads_yt_shorts_natl,youtube,Delhi NCR,1295.2,3913,80,80,8,5,2,3298
2026-08-06,vrs26_gads_yt_shorts_natl,youtube,Bengaluru,1033.35,3481,69,69,7,2,2,7298
2026-08-06,vrs26_gads_yt_shorts_natl,youtube,Hyderabad,894.69,2633,49,49,6,4,3,6797
2026-08-06,vrs26_gads_yt_shorts_natl,youtube,Pune,469.3,1422,32,32,5,4,0,0
2026-08-06,vrs26_gads_yt_shorts_natl,youtube,Chennai,521.04,1744,28,28,5,1,1,3499
2026-08-06,vrs26_gads_search_competitor_natl,search_generic,Mumbai,1293.48,4192,108,108,12,4,3,4097
2026-08-06,vrs26_gads_search_competitor_natl,search_generic,Delhi NCR,1025.8,3257,52,52,4,2,1,1299
2026-08-06,vrs26_gads_search_competitor_natl,search_generic,Bengaluru,936.23,3264,77,77,10,4,3,3897
2026-08-06,vrs26_gads_search_competitor_natl,search_generic,Hyderabad,730.07,1918,45,45,7,1,1,799
2026-08-06,vrs26_gads_search_competitor_natl,search_generic,Pune,533.2,1662,51,51,5,2,1,2999
2026-08-06,vrs26_gads_search_competitor_natl,search_generic,Chennai,385.98,1158,23,23,4,0,0,0
2026-08-06,vrs26_gads_discovery_feed_natl,discovery,Mumbai,1491.6,4509,113,113,13,3,1,799
2026-08-06,vrs26_gads_discovery_feed_natl,discovery,Delhi NCR,1095,3635,70,70,7,3,2,2798
2026-08-06,vrs26_gads_discovery_feed_natl,discovery,Bengaluru,1152.8,4274,72,72,8,5,2,5498
2026-08-06,vrs26_gads_discovery_feed_natl,discovery,Hyderabad,788.6,2645,37,37,7,4,4,6596
2026-08-06,vrs26_gads_discovery_feed_natl,discovery,Pune,572.4,1707,27,27,2,1,0,0
2026-08-06,vrs26_gads_discovery_feed_natl,discovery,Chennai,417.46,1264,28,28,5,1,1,6499
2026-08-06,vrs26_gads_search_corp_hyd,search_generic,Mumbai,183.24,578,11,11,1,0,0,0
2026-08-06,vrs26_gads_search_corp_hyd,search_generic,Delhi NCR,171.47,599,5,5,0,0,0,0
2026-08-06,vrs26_gads_search_corp_hyd,search_generic,Bengaluru,167.79,488,13,13,1,1,1,1299
2026-08-06,vrs26_gads_search_corp_hyd,search_generic,Hyderabad,3235.73,9736,180,180,31,11,8,15491
2026-08-06,vrs26_gads_search_corp_hyd,search_generic,Pune,70.63,226,4,4,0,0,0,0
2026-08-06,vrs26_gads_search_corp_hyd,search_generic,Chennai,54.08,162,2,2,0,0,0,0
2026-08-07,vrs26_gads_search_brand_natl,search_brand,Mumbai,2889.94,8283,173,173,51,31,21,33778
2026-08-07,vrs26_gads_search_brand_natl,search_brand,Delhi NCR,2115.85,7464,128,128,34,20,9,17889
2026-08-07,vrs26_gads_search_brand_natl,search_brand,Bengaluru,1776.67,5745,99,99,24,15,10,22190
2026-08-07,vrs26_gads_search_brand_natl,search_brand,Hyderabad,1379.96,4254,96,96,25,12,6,15093
2026-08-07,vrs26_gads_search_brand_natl,search_brand,Pune,939.9,2973,91,91,33,20,9,11291
2026-08-07,vrs26_gads_search_brand_natl,search_brand,Chennai,710.39,2281,56,56,14,12,9,13590
2026-08-07,vrs26_gads_search_generic_marathon_natl,search_generic,Mumbai,4021.97,13305,259,259,51,21,17,26582
2026-08-07,vrs26_gads_search_generic_marathon_natl,search_generic,Delhi NCR,2899.58,9593,176,176,34,21,8,13192
2026-08-07,vrs26_gads_search_generic_marathon_natl,search_generic,Bengaluru,3050.4,10403,247,247,41,16,11,25888
2026-08-07,vrs26_gads_search_generic_marathon_natl,search_generic,Hyderabad,2108.99,6450,120,120,18,10,3,5097
2026-08-07,vrs26_gads_search_generic_marathon_natl,search_generic,Pune,1282.08,4796,115,115,27,14,8,12191
2026-08-07,vrs26_gads_search_generic_marathon_natl,search_generic,Chennai,978.66,3201,76,76,10,5,4,12596
2026-08-07,vrs26_gads_search_generic_10k_natl,search_generic,Mumbai,2283.22,7435,171,171,29,13,8,19290
2026-08-07,vrs26_gads_search_generic_10k_natl,search_generic,Delhi NCR,2245.42,6926,120,120,19,11,8,25191
2026-08-07,vrs26_gads_search_generic_10k_natl,search_generic,Bengaluru,1732.19,5912,148,148,27,12,6,9194
2026-08-07,vrs26_gads_search_generic_10k_natl,search_generic,Hyderabad,1191.74,3542,87,87,20,14,5,5695
2026-08-07,vrs26_gads_search_generic_10k_natl,search_generic,Pune,892.68,2732,38,38,4,2,1,1999
2026-08-07,vrs26_gads_search_generic_10k_natl,search_generic,Chennai,712.64,2341,37,37,11,4,3,4597
2026-08-07,vrs26_gads_pmax_all_natl,pmax,Mumbai,3578.34,12885,294,294,36,15,9,16790
2026-08-07,vrs26_gads_pmax_all_natl,pmax,Delhi NCR,3194.42,10291,289,289,52,30,17,39681
2026-08-07,vrs26_gads_pmax_all_natl,pmax,Bengaluru,2808.22,8790,217,217,30,10,2,4097
2026-08-07,vrs26_gads_pmax_all_natl,pmax,Hyderabad,1822.88,7454,175,175,28,15,9,11291
2026-08-07,vrs26_gads_pmax_all_natl,pmax,Pune,1472.48,4435,60,60,11,7,3,3597
2026-08-07,vrs26_gads_pmax_all_natl,pmax,Chennai,899.21,2759,48,48,5,1,1,799
2026-08-07,vrs26_gads_pmax_mum,pmax,Mumbai,6278.38,19359,389,389,48,24,12,15186
2026-08-07,vrs26_gads_pmax_mum,pmax,Delhi NCR,311.31,1072,22,22,6,3,2,3798
2026-08-07,vrs26_gads_pmax_mum,pmax,Bengaluru,276.42,691,21,21,3,1,0,0
2026-08-07,vrs26_gads_pmax_mum,pmax,Hyderabad,221.43,732,16,16,1,0,0,0
2026-08-07,vrs26_gads_pmax_mum,pmax,Pune,163.97,542,9,9,0,0,0,0
2026-08-07,vrs26_gads_pmax_mum,pmax,Chennai,108.05,391,6,6,0,0,0,0
2026-08-07,vrs26_gads_pmax_blr,pmax,Mumbai,295.6,870,22,22,2,0,0,0
2026-08-07,vrs26_gads_pmax_blr,pmax,Delhi NCR,311.02,930,15,15,1,1,0,0
2026-08-07,vrs26_gads_pmax_blr,pmax,Bengaluru,5375.37,19840,405,405,62,24,18,33980
2026-08-07,vrs26_gads_pmax_blr,pmax,Hyderabad,170.79,464,6,6,1,0,0,0
2026-08-07,vrs26_gads_pmax_blr,pmax,Pune,165.96,535,10,10,1,1,1,1299
2026-08-07,vrs26_gads_pmax_blr,pmax,Chennai,97.27,320,4,4,1,1,0,0
2026-08-07,vrs26_gads_display_remarketing_natl,display,Mumbai,2010.84,6563,150,150,19,11,8,19991
2026-08-07,vrs26_gads_display_remarketing_natl,display,Delhi NCR,1446.55,4496,102,102,13,5,3,4797
2026-08-07,vrs26_gads_display_remarketing_natl,display,Bengaluru,1319.87,4669,83,83,13,5,4,7096
2026-08-07,vrs26_gads_display_remarketing_natl,display,Hyderabad,847.54,2718,59,59,7,5,2,2798
2026-08-07,vrs26_gads_display_remarketing_natl,display,Pune,601.31,2236,43,43,5,2,2,2098
2026-08-07,vrs26_gads_display_remarketing_natl,display,Chennai,567.32,1855,42,42,2,2,2,7298
2026-08-07,vrs26_gads_yt_instream_natl,youtube,Mumbai,2062.24,6810,145,145,15,5,3,10797
2026-08-07,vrs26_gads_yt_instream_natl,youtube,Delhi NCR,1883.33,6097,156,156,14,6,3,3597
2026-08-07,vrs26_gads_yt_instream_natl,youtube,Bengaluru,1804.68,5576,95,95,10,6,4,7296
2026-08-07,vrs26_gads_yt_instream_natl,youtube,Hyderabad,1093.18,3731,86,86,5,2,1,1299
2026-08-07,vrs26_gads_yt_instream_natl,youtube,Pune,789.02,3038,65,65,7,3,2,2098
2026-08-07,vrs26_gads_yt_instream_natl,youtube,Chennai,670.61,1949,46,46,2,1,0,0
2026-08-07,vrs26_gads_yt_shorts_natl,youtube,Mumbai,1320.14,4303,74,74,7,3,0,0
2026-08-07,vrs26_gads_yt_shorts_natl,youtube,Delhi NCR,1188.18,4648,122,122,13,4,1,1299
2026-08-07,vrs26_gads_yt_shorts_natl,youtube,Bengaluru,1112.57,3906,85,85,8,5,3,4297
2026-08-07,vrs26_gads_yt_shorts_natl,youtube,Hyderabad,728.02,2677,44,44,5,4,4,3696
2026-08-07,vrs26_gads_yt_shorts_natl,youtube,Pune,585.03,2061,63,63,3,2,1,799
2026-08-07,vrs26_gads_yt_shorts_natl,youtube,Chennai,349.84,1222,30,30,7,2,0,0
2026-08-07,vrs26_gads_search_competitor_natl,search_generic,Mumbai,1094.41,3657,68,68,3,1,1,799
2026-08-07,vrs26_gads_search_competitor_natl,search_generic,Delhi NCR,1022.36,4033,65,65,8,5,1,6499
2026-08-07,vrs26_gads_search_competitor_natl,search_generic,Bengaluru,948.22,3485,72,72,7,5,3,3896
2026-08-07,vrs26_gads_search_competitor_natl,search_generic,Hyderabad,687.37,2630,63,63,9,3,1,1999
2026-08-07,vrs26_gads_search_competitor_natl,search_generic,Pune,432.38,1581,39,39,4,3,2,2598
2026-08-07,vrs26_gads_search_competitor_natl,search_generic,Chennai,344.21,1091,18,18,1,0,0,0
2026-08-07,vrs26_gads_discovery_feed_natl,discovery,Mumbai,1425.51,4841,124,124,26,10,5,12395
2026-08-07,vrs26_gads_discovery_feed_natl,discovery,Delhi NCR,1211.5,3957,86,86,8,4,1,799
2026-08-07,vrs26_gads_discovery_feed_natl,discovery,Bengaluru,918.82,3367,92,92,12,9,6,15294
2026-08-07,vrs26_gads_discovery_feed_natl,discovery,Hyderabad,714.82,2307,37,37,4,1,1,1299
2026-08-07,vrs26_gads_discovery_feed_natl,discovery,Pune,424.29,1205,34,34,4,1,1,1999
2026-08-07,vrs26_gads_discovery_feed_natl,discovery,Chennai,400.12,1344,24,24,3,2,2,5597
2026-08-07,vrs26_gads_search_corp_hyd,search_generic,Mumbai,218.83,693,19,19,3,2,0,0
2026-08-07,vrs26_gads_search_corp_hyd,search_generic,Delhi NCR,140.04,495,3,3,0,0,0,0
2026-08-07,vrs26_gads_search_corp_hyd,search_generic,Bengaluru,169.39,578,18,18,4,1,1,799
2026-08-07,vrs26_gads_search_corp_hyd,search_generic,Hyderabad,2921.43,10205,233,233,41,20,8,14392
2026-08-07,vrs26_gads_search_corp_hyd,search_generic,Pune,65.18,213,6,6,2,1,0,0
2026-08-07,vrs26_gads_search_corp_hyd,search_generic,Chennai,70.54,264,3,3,0,0,0,0
2026-08-08,vrs26_gads_search_brand_natl,search_brand,Mumbai,3948.33,11160,197,197,55,33,20,29078
2026-08-08,vrs26_gads_search_brand_natl,search_brand,Delhi NCR,2974.86,8256,190,190,52,31,20,43278
2026-08-08,vrs26_gads_search_brand_natl,search_brand,Bengaluru,3132.44,8477,196,196,61,34,18,30080
2026-08-08,vrs26_gads_search_brand_natl,search_brand,Hyderabad,1736.36,4899,101,101,36,21,14,36884
2026-08-08,vrs26_gads_search_brand_natl,search_brand,Pune,1449.82,3811,72,72,24,20,13,14486
2026-08-08,vrs26_gads_search_brand_natl,search_brand,Chennai,1272.74,3652,93,93,26,11,9,19590
2026-08-08,vrs26_gads_search_generic_marathon_natl,search_generic,Mumbai,5976.87,16927,379,379,56,29,17,40980
2026-08-08,vrs26_gads_search_generic_marathon_natl,search_generic,Delhi NCR,4751.79,12022,239,239,40,23,11,20488
2026-08-08,vrs26_gads_search_generic_marathon_natl,search_generic,Bengaluru,4491.8,12498,256,256,53,19,18,28482
2026-08-08,vrs26_gads_search_generic_marathon_natl,search_generic,Hyderabad,2360.88,6150,138,138,15,6,3,4097
2026-08-08,vrs26_gads_search_generic_marathon_natl,search_generic,Pune,2155.23,5323,140,140,31,15,9,14990
2026-08-08,vrs26_gads_search_generic_marathon_natl,search_generic,Chennai,1477.01,3883,66,66,12,5,3,10797
2026-08-08,vrs26_gads_search_generic_10k_natl,search_generic,Mumbai,3212.68,10255,172,172,37,15,7,14593
2026-08-08,vrs26_gads_search_generic_10k_natl,search_generic,Delhi NCR,3256.07,7619,147,147,25,14,7,14692
2026-08-08,vrs26_gads_search_generic_10k_natl,search_generic,Bengaluru,2754.72,8535,144,144,19,9,4,3896
2026-08-08,vrs26_gads_search_generic_10k_natl,search_generic,Hyderabad,1827.57,4843,89,89,18,8,5,5195
2026-08-08,vrs26_gads_search_generic_10k_natl,search_generic,Pune,1377.88,3639,77,77,14,6,6,14593
2026-08-08,vrs26_gads_search_generic_10k_natl,search_generic,Chennai,969.13,2492,71,71,19,9,6,10894
2026-08-08,vrs26_gads_pmax_all_natl,pmax,Mumbai,4668.19,12805,239,239,37,18,9,12590
2026-08-08,vrs26_gads_pmax_all_natl,pmax,Delhi NCR,4819.88,12511,249,249,32,15,11,16188
2026-08-08,vrs26_gads_pmax_all_natl,pmax,Bengaluru,4617.65,13722,303,303,37,19,14,32184
2026-08-08,vrs26_gads_pmax_all_natl,pmax,Hyderabad,2756.63,7382,165,165,19,11,7,15292
2026-08-08,vrs26_gads_pmax_all_natl,pmax,Pune,1747.46,5415,115,115,17,13,11,13689
2026-08-08,vrs26_gads_pmax_all_natl,pmax,Chennai,1766.41,4767,111,111,17,7,6,13094
2026-08-08,vrs26_gads_pmax_mum,pmax,Mumbai,8895.4,25775,487,487,86,37,18,36281
2026-08-08,vrs26_gads_pmax_mum,pmax,Delhi NCR,575.22,1894,42,42,3,1,1,799
2026-08-08,vrs26_gads_pmax_mum,pmax,Bengaluru,562.17,1620,30,30,2,0,0,0
2026-08-08,vrs26_gads_pmax_mum,pmax,Hyderabad,352.21,867,19,19,5,2,2,6998
2026-08-08,vrs26_gads_pmax_mum,pmax,Pune,275.16,850,24,24,4,1,0,0
2026-08-08,vrs26_gads_pmax_mum,pmax,Chennai,225.75,675,17,17,5,2,1,2499
2026-08-08,vrs26_gads_pmax_blr,pmax,Mumbai,521.67,1437,27,27,6,3,3,8497
2026-08-08,vrs26_gads_pmax_blr,pmax,Delhi NCR,472.69,1365,25,25,2,0,0,0
2026-08-08,vrs26_gads_pmax_blr,pmax,Bengaluru,7864.38,20169,330,330,46,21,13,27086
2026-08-08,vrs26_gads_pmax_blr,pmax,Hyderabad,257.81,704,10,10,1,1,1,499
2026-08-08,vrs26_gads_pmax_blr,pmax,Pune,187.6,490,16,16,0,0,0,0
2026-08-08,vrs26_gads_pmax_blr,pmax,Chennai,186.14,589,16,16,2,0,0,0
2026-08-08,vrs26_gads_display_remarketing_natl,display,Mumbai,2853.98,7600,161,161,17,7,4,6096
2026-08-08,vrs26_gads_display_remarketing_natl,display,Delhi NCR,1778.9,4910,124,124,19,9,6,7494
2026-08-08,vrs26_gads_display_remarketing_natl,display,Bengaluru,2213.04,5445,152,152,9,3,1,1999
2026-08-08,vrs26_gads_display_remarketing_natl,display,Hyderabad,1362.17,4023,121,121,13,6,3,4297
2026-08-08,vrs26_gads_display_remarketing_natl,display,Pune,1164.61,3230,69,69,6,2,1,499
2026-08-08,vrs26_gads_display_remarketing_natl,display,Chennai,675.85,1763,39,39,0,0,0,0
2026-08-08,vrs26_gads_yt_instream_natl,youtube,Mumbai,3296.88,8944,168,168,17,9,6,10694
2026-08-08,vrs26_gads_yt_instream_natl,youtube,Delhi NCR,2107.53,6235,108,108,11,5,3,3897
2026-08-08,vrs26_gads_yt_instream_natl,youtube,Bengaluru,2652.29,7065,170,170,14,3,3,11796
2026-08-08,vrs26_gads_yt_instream_natl,youtube,Hyderabad,1832.88,5242,127,127,9,1,1,799
2026-08-08,vrs26_gads_yt_instream_natl,youtube,Pune,1391.18,4245,85,85,10,2,2,3298
2026-08-08,vrs26_gads_yt_instream_natl,youtube,Chennai,1000.8,3080,55,55,4,2,0,0
2026-08-08,vrs26_gads_yt_shorts_natl,youtube,Mumbai,2144.04,6119,174,174,16,5,3,7797
2026-08-08,vrs26_gads_yt_shorts_natl,youtube,Delhi NCR,1840.48,5781,148,148,27,13,8,14491
2026-08-08,vrs26_gads_yt_shorts_natl,youtube,Bengaluru,1500.46,3858,84,84,6,5,2,1798
2026-08-08,vrs26_gads_yt_shorts_natl,youtube,Hyderabad,992.95,2965,50,50,6,4,3,3597
2026-08-08,vrs26_gads_yt_shorts_natl,youtube,Pune,726.1,1918,49,49,1,1,1,799
2026-08-08,vrs26_gads_yt_shorts_natl,youtube,Chennai,611.51,1548,30,30,2,0,0,0
2026-08-08,vrs26_gads_search_competitor_natl,search_generic,Mumbai,1567.04,4496,87,87,16,7,7,13193
2026-08-08,vrs26_gads_search_competitor_natl,search_generic,Delhi NCR,1344.67,3470,74,74,8,3,2,2798
2026-08-08,vrs26_gads_search_competitor_natl,search_generic,Bengaluru,1232.22,3356,57,57,11,4,4,3696
2026-08-08,vrs26_gads_search_competitor_natl,search_generic,Hyderabad,1279.06,3400,79,79,10,6,2,2098
2026-08-08,vrs26_gads_search_competitor_natl,search_generic,Pune,755.33,2115,50,50,10,4,3,6097
2026-08-08,vrs26_gads_search_competitor_natl,search_generic,Chennai,520.72,1406,34,34,5,4,4,7596
2026-08-08,vrs26_gads_discovery_feed_natl,discovery,Mumbai,2000.66,5040,119,119,10,6,5,9895
2026-08-08,vrs26_gads_discovery_feed_natl,discovery,Delhi NCR,1798.41,4830,84,84,9,4,3,9797
2026-08-08,vrs26_gads_discovery_feed_natl,discovery,Bengaluru,1400.56,4023,78,78,8,5,2,2798
2026-08-08,vrs26_gads_discovery_feed_natl,discovery,Hyderabad,949.01,2912,63,63,3,2,2,1298
2026-08-08,vrs26_gads_discovery_feed_natl,discovery,Pune,903.61,2230,50,50,3,2,2,2098
2026-08-08,vrs26_gads_discovery_feed_natl,discovery,Chennai,484.16,1472,32,32,4,2,2,1598
2026-08-08,vrs26_gads_search_corp_hyd,search_generic,Mumbai,358.74,889,11,11,2,1,1,499
2026-08-08,vrs26_gads_search_corp_hyd,search_generic,Delhi NCR,245.83,746,15,15,2,1,1,1299
2026-08-08,vrs26_gads_search_corp_hyd,search_generic,Bengaluru,196.22,558,6,6,2,2,0,0
2026-08-08,vrs26_gads_search_corp_hyd,search_generic,Hyderabad,4278.69,12514,219,219,36,18,9,12991
2026-08-08,vrs26_gads_search_corp_hyd,search_generic,Pune,117.76,315,3,3,0,0,0,0
2026-08-08,vrs26_gads_search_corp_hyd,search_generic,Chennai,106.16,312,5,5,1,1,1,799
2026-08-09,vrs26_gads_search_brand_natl,search_brand,Mumbai,2778.66,10484,238,238,69,45,24,35274
2026-08-09,vrs26_gads_search_brand_natl,search_brand,Delhi NCR,2684.01,7469,104,104,24,15,7,10893
2026-08-09,vrs26_gads_search_brand_natl,search_brand,Bengaluru,2207.18,6107,121,121,38,21,9,12390
2026-08-09,vrs26_gads_search_brand_natl,search_brand,Hyderabad,1572.69,4522,79,79,21,12,8,12091
2026-08-09,vrs26_gads_search_brand_natl,search_brand,Pune,1076.15,3534,85,85,24,15,9,23091
2026-08-09,vrs26_gads_search_brand_natl,search_brand,Chennai,910.84,2447,64,64,11,4,2,2098
2026-08-09,vrs26_gads_search_generic_marathon_natl,search_generic,Mumbai,4447.8,13061,220,220,56,28,16,42483
2026-08-09,vrs26_gads_search_generic_marathon_natl,search_generic,Delhi NCR,3588.93,10163,296,296,52,33,20,49380
2026-08-09,vrs26_gads_search_generic_marathon_natl,search_generic,Bengaluru,3235.3,9490,190,190,33,13,10,17089
2026-08-09,vrs26_gads_search_generic_marathon_natl,search_generic,Hyderabad,2414.29,7637,153,153,27,13,8,13791
2026-08-09,vrs26_gads_search_generic_marathon_natl,search_generic,Pune,1436.5,4759,104,104,13,5,2,5997
2026-08-09,vrs26_gads_search_generic_marathon_natl,search_generic,Chennai,1289.58,3982,68,68,8,3,2,1598
2026-08-09,vrs26_gads_search_generic_10k_natl,search_generic,Mumbai,2315.99,7741,187,187,38,18,11,13489
2026-08-09,vrs26_gads_search_generic_10k_natl,search_generic,Delhi NCR,2470.54,8325,128,128,25,16,7,10393
2026-08-09,vrs26_gads_search_generic_10k_natl,search_generic,Bengaluru,2076.87,6899,108,108,18,12,4,6596
2026-08-09,vrs26_gads_search_generic_10k_natl,search_generic,Hyderabad,1620.11,4434,74,74,13,4,2,1598
2026-08-09,vrs26_gads_search_generic_10k_natl,search_generic,Pune,979.51,3180,64,64,9,3,0,0
2026-08-09,vrs26_gads_search_generic_10k_natl,search_generic,Chennai,902.71,2505,48,48,8,3,3,5597
2026-08-09,vrs26_gads_pmax_all_natl,pmax,Mumbai,4766.39,15686,307,307,50,22,12,22588
2026-08-09,vrs26_gads_pmax_all_natl,pmax,Delhi NCR,3547.96,11621,243,243,29,13,10,18490
2026-08-09,vrs26_gads_pmax_all_natl,pmax,Bengaluru,2954.86,10076,200,200,30,20,9,14490
2026-08-09,vrs26_gads_pmax_all_natl,pmax,Hyderabad,1803.93,5901,123,123,23,12,4,5596
2026-08-09,vrs26_gads_pmax_all_natl,pmax,Pune,1317.17,4213,93,93,16,4,1,1999
2026-08-09,vrs26_gads_pmax_all_natl,pmax,Chennai,1374.23,4303,90,90,12,7,3,7096
2026-08-09,vrs26_gads_pmax_mum,pmax,Mumbai,7154.84,26259,604,604,85,46,35,63064
2026-08-09,vrs26_gads_pmax_mum,pmax,Delhi NCR,398.99,1274,27,27,3,2,1,1299
2026-08-09,vrs26_gads_pmax_mum,pmax,Bengaluru,358.59,1167,21,21,3,0,0,0
2026-08-09,vrs26_gads_pmax_mum,pmax,Hyderabad,209.58,565,5,5,1,0,0,0
2026-08-09,vrs26_gads_pmax_mum,pmax,Pune,170.16,490,12,12,0,0,0,0
2026-08-09,vrs26_gads_pmax_mum,pmax,Chennai,129.99,365,7,7,1,0,0,0
2026-08-09,vrs26_gads_pmax_blr,pmax,Mumbai,405.8,1140,29,29,5,2,2,3998
2026-08-09,vrs26_gads_pmax_blr,pmax,Delhi NCR,404.91,1220,18,18,4,2,2,7798
2026-08-09,vrs26_gads_pmax_blr,pmax,Bengaluru,6016.66,18524,444,444,63,27,20,36678
2026-08-09,vrs26_gads_pmax_blr,pmax,Hyderabad,275.5,783,15,15,2,1,1,799
2026-08-09,vrs26_gads_pmax_blr,pmax,Pune,144.03,440,10,10,0,0,0,0
2026-08-09,vrs26_gads_pmax_blr,pmax,Chennai,95.49,280,14,14,3,1,1,1999
2026-08-09,vrs26_gads_display_remarketing_natl,display,Mumbai,1988.5,6583,140,140,13,7,5,7195
2026-08-09,vrs26_gads_display_remarketing_natl,display,Delhi NCR,1734.63,5192,141,141,14,8,6,9894
2026-08-09,vrs26_gads_display_remarketing_natl,display,Bengaluru,1652.37,5423,119,119,12,8,6,10094
2026-08-09,vrs26_gads_display_remarketing_natl,display,Hyderabad,1192.09,3597,85,85,6,4,3,5797
2026-08-09,vrs26_gads_display_remarketing_natl,display,Pune,665.99,2163,50,50,6,2,2,2897
2026-08-09,vrs26_gads_display_remarketing_natl,display,Chennai,540.71,1736,37,37,3,2,0,0
2026-08-09,vrs26_gads_yt_instream_natl,youtube,Mumbai,2387.85,8015,183,183,20,8,5,7595
2026-08-09,vrs26_gads_yt_instream_natl,youtube,Delhi NCR,2060.4,6022,114,114,11,5,2,3798
2026-08-09,vrs26_gads_yt_instream_natl,youtube,Bengaluru,2139.49,6136,108,108,13,7,6,10894
2026-08-09,vrs26_gads_yt_instream_natl,youtube,Hyderabad,1142.2,3405,67,67,5,2,0,0
2026-08-09,vrs26_gads_yt_instream_natl,youtube,Pune,905.13,2911,49,49,3,1,0,0
2026-08-09,vrs26_gads_yt_instream_natl,youtube,Chennai,866.85,2669,57,57,2,1,1,1999
2026-08-09,vrs26_gads_yt_shorts_natl,youtube,Mumbai,1662.15,5345,159,159,13,5,3,3397
2026-08-09,vrs26_gads_yt_shorts_natl,youtube,Delhi NCR,1409.11,4842,97,97,4,1,1,799
2026-08-09,vrs26_gads_yt_shorts_natl,youtube,Bengaluru,1186.3,4023,80,80,9,4,2,2798
2026-08-09,vrs26_gads_yt_shorts_natl,youtube,Hyderabad,688.79,2231,42,42,5,0,0,0
2026-08-09,vrs26_gads_yt_shorts_natl,youtube,Pune,601.57,1905,33,33,4,2,0,0
2026-08-09,vrs26_gads_yt_shorts_natl,youtube,Chennai,498.75,1755,28,28,1,1,1,799
2026-08-09,vrs26_gads_search_competitor_natl,search_generic,Mumbai,1267.81,3842,51,51,5,4,3,2596
2026-08-09,vrs26_gads_search_competitor_natl,search_generic,Delhi NCR,1171.75,3817,60,60,10,4,2,2798
2026-08-09,vrs26_gads_search_competitor_natl,search_generic,Bengaluru,1085.98,3327,78,78,10,3,1,1999
2026-08-09,vrs26_gads_search_competitor_natl,search_generic,Hyderabad,700.29,2326,53,53,4,2,1,799
2026-08-09,vrs26_gads_search_competitor_natl,search_generic,Pune,521.63,1613,32,32,4,2,1,499
2026-08-09,vrs26_gads_search_competitor_natl,search_generic,Chennai,435.41,1423,42,42,3,1,0,0
2026-08-09,vrs26_gads_discovery_feed_natl,discovery,Mumbai,1470.25,3765,57,57,7,2,1,1598
2026-08-09,vrs26_gads_discovery_feed_natl,discovery,Delhi NCR,1282.5,4210,91,91,7,4,4,5896
2026-08-09,vrs26_gads_discovery_feed_natl,discovery,Bengaluru,1202.12,4233,95,95,6,3,2,4298
2026-08-09,vrs26_gads_discovery_feed_natl,discovery,Hyderabad,908.43,3037,69,69,7,1,1,799
2026-08-09,vrs26_gads_discovery_feed_natl,discovery,Pune,531.8,1624,45,45,3,2,2,1298
2026-08-09,vrs26_gads_discovery_feed_natl,discovery,Chennai,435.61,1297,30,30,3,2,0,0
2026-08-09,vrs26_gads_search_corp_hyd,search_generic,Mumbai,236.72,672,8,8,1,0,0,0
2026-08-09,vrs26_gads_search_corp_hyd,search_generic,Delhi NCR,195.89,583,8,8,2,0,0,0
2026-08-09,vrs26_gads_search_corp_hyd,search_generic,Bengaluru,187.89,651,14,14,2,1,0,0
2026-08-09,vrs26_gads_search_corp_hyd,search_generic,Hyderabad,3330.15,11194,263,263,47,21,14,22285
2026-08-09,vrs26_gads_search_corp_hyd,search_generic,Pune,73.2,214,6,6,1,1,0,0
2026-08-09,vrs26_gads_search_corp_hyd,search_generic,Chennai,79.25,232,5,5,0,0,0,0
2026-08-10,vrs26_gads_search_brand_natl,search_brand,Mumbai,2051.76,6572,142,142,42,21,13,19087
2026-08-10,vrs26_gads_search_brand_natl,search_brand,Delhi NCR,2351.94,8095,174,174,48,29,19,49979
2026-08-10,vrs26_gads_search_brand_natl,search_brand,Bengaluru,2094.4,6995,124,124,35,19,17,37783
2026-08-10,vrs26_gads_search_brand_natl,search_brand,Hyderabad,1346.05,4332,90,90,24,21,11,25089
2026-08-10,vrs26_gads_search_brand_natl,search_brand,Pune,999.14,3151,63,63,25,17,8,10692
2026-08-10,vrs26_gads_search_brand_natl,search_brand,Chennai,690.52,2736,53,53,21,12,9,12291
2026-08-10,vrs26_gads_search_generic_marathon_natl,search_generic,Mumbai,3348.05,11438,225,225,41,25,15,25784
2026-08-10,vrs26_gads_search_generic_marathon_natl,search_generic,Delhi NCR,3466.44,11158,245,245,47,20,5,6695
2026-08-10,vrs26_gads_search_generic_marathon_natl,search_generic,Bengaluru,2529.62,9131,193,193,36,21,16,48084
2026-08-10,vrs26_gads_search_generic_marathon_natl,search_generic,Hyderabad,1835.38,7280,187,187,29,19,9,16190
2026-08-10,vrs26_gads_search_generic_marathon_natl,search_generic,Pune,1593.52,4940,107,107,20,6,3,4597
2026-08-10,vrs26_gads_search_generic_marathon_natl,search_generic,Chennai,1161.03,3678,82,82,10,1,1,799
2026-08-10,vrs26_gads_search_generic_10k_natl,search_generic,Mumbai,2372.19,8050,158,158,23,12,6,12394
2026-08-10,vrs26_gads_search_generic_10k_natl,search_generic,Delhi NCR,1915.72,6541,143,143,27,10,8,14492
2026-08-10,vrs26_gads_search_generic_10k_natl,search_generic,Bengaluru,1927.6,7131,155,155,26,12,6,8394
2026-08-10,vrs26_gads_search_generic_10k_natl,search_generic,Hyderabad,1212.21,4334,89,89,14,9,7,14892
2026-08-10,vrs26_gads_search_generic_10k_natl,search_generic,Pune,711.67,2408,42,42,11,7,3,3696
2026-08-10,vrs26_gads_search_generic_10k_natl,search_generic,Chennai,661.06,2203,57,57,8,6,4,2896
2026-08-10,vrs26_gads_pmax_all_natl,pmax,Mumbai,3644.04,13205,261,261,38,22,13,28985
2026-08-10,vrs26_gads_pmax_all_natl,pmax,Delhi NCR,2825.63,8440,155,155,24,12,4,10596
2026-08-10,vrs26_gads_pmax_all_natl,pmax,Bengaluru,2772.11,10409,205,205,36,18,13,16687
2026-08-10,vrs26_gads_pmax_all_natl,pmax,Hyderabad,1870.72,6822,156,156,28,8,6,10493
2026-08-10,vrs26_gads_pmax_all_natl,pmax,Pune,1299.43,4739,93,93,13,8,3,7797
2026-08-10,vrs26_gads_pmax_all_natl,pmax,Chennai,972.08,3321,72,72,13,9,3,2897
2026-08-10,vrs26_gads_pmax_mum,pmax,Mumbai,5841.44,19078,413,413,62,30,22,42278
2026-08-10,vrs26_gads_pmax_mum,pmax,Delhi NCR,378.86,1378,27,27,6,1,0,0
2026-08-10,vrs26_gads_pmax_mum,pmax,Bengaluru,322.67,1071,24,24,2,2,1,799
2026-08-10,vrs26_gads_pmax_mum,pmax,Hyderabad,270.01,973,22,22,8,4,1,1999
2026-08-10,vrs26_gads_pmax_mum,pmax,Pune,210.67,671,12,12,2,0,0,0
2026-08-10,vrs26_gads_pmax_mum,pmax,Chennai,126.72,436,13,13,6,2,0,0
2026-08-10,vrs26_gads_pmax_blr,pmax,Mumbai,299.15,1021,22,22,3,1,0,0
2026-08-10,vrs26_gads_pmax_blr,pmax,Delhi NCR,287.49,887,18,18,4,2,1,499
2026-08-10,vrs26_gads_pmax_blr,pmax,Bengaluru,5198.48,17546,369,369,69,36,17,24781
2026-08-10,vrs26_gads_pmax_blr,pmax,Hyderabad,191.3,697,21,21,2,1,1,1299
2026-08-10,vrs26_gads_pmax_blr,pmax,Pune,139.75,486,12,12,4,2,0,0
2026-08-10,vrs26_gads_pmax_blr,pmax,Chennai,117.49,370,6,6,1,1,1,499
2026-08-10,vrs26_gads_display_remarketing_natl,display,Mumbai,1658.91,5141,106,106,9,4,4,13996
2026-08-10,vrs26_gads_display_remarketing_natl,display,Delhi NCR,1695.91,5530,146,146,11,7,3,2897
2026-08-10,vrs26_gads_display_remarketing_natl,display,Bengaluru,1080.87,3877,52,52,5,1,1,2999
2026-08-10,vrs26_gads_display_remarketing_natl,display,Hyderabad,954.14,3164,67,67,7,5,4,5796
2026-08-10,vrs26_gads_display_remarketing_natl,display,Pune,614.36,1872,45,45,3,1,1,799
2026-08-10,vrs26_gads_display_remarketing_natl,display,Chennai,596.14,1997,29,29,4,1,1,5998
2026-08-10,vrs26_gads_yt_instream_natl,youtube,Mumbai,2007.87,5551,125,125,13,8,3,4097
2026-08-10,vrs26_gads_yt_instream_natl,youtube,Delhi NCR,1643.93,5439,131,131,9,2,2,1598
2026-08-10,vrs26_gads_yt_instream_natl,youtube,Bengaluru,1788.4,6463,165,165,17,5,4,4396
2026-08-10,vrs26_gads_yt_instream_natl,youtube,Hyderabad,1167.03,3950,60,60,5,3,3,9496
2026-08-10,vrs26_gads_yt_instream_natl,youtube,Pune,837.49,2956,66,66,6,3,2,2498
2026-08-10,vrs26_gads_yt_instream_natl,youtube,Chennai,622.36,1976,43,43,5,2,2,1298
2026-08-10,vrs26_gads_yt_shorts_natl,youtube,Mumbai,1470.82,4862,71,71,4,2,1,1299
2026-08-10,vrs26_gads_yt_shorts_natl,youtube,Delhi NCR,1027.75,3884,92,92,10,3,2,1298
2026-08-10,vrs26_gads_yt_shorts_natl,youtube,Bengaluru,1119.12,3716,91,91,7,2,0,0
2026-08-10,vrs26_gads_yt_shorts_natl,youtube,Hyderabad,696.39,2450,54,54,3,2,2,3298
2026-08-10,vrs26_gads_yt_shorts_natl,youtube,Pune,504.57,1798,42,42,1,0,0,0
2026-08-10,vrs26_gads_yt_shorts_natl,youtube,Chennai,314.94,1090,26,26,2,2,2,7298
2026-08-10,vrs26_gads_search_competitor_natl,search_generic,Mumbai,1111.06,3288,57,57,7,2,2,2397
2026-08-10,vrs26_gads_search_competitor_natl,search_generic,Delhi NCR,855.46,2185,46,46,10,3,3,2897
2026-08-10,vrs26_gads_search_competitor_natl,search_generic,Bengaluru,958.5,3135,79,79,11,8,2,2098
2026-08-10,vrs26_gads_search_competitor_natl,search_generic,Hyderabad,718.06,2410,43,43,9,6,4,4896
2026-08-10,vrs26_gads_search_competitor_natl,search_generic,Pune,437.21,1585,44,44,11,7,3,7594
2026-08-10,vrs26_gads_search_competitor_natl,search_generic,Chennai,319.95,1184,27,27,3,2,0,0
2026-08-10,vrs26_gads_discovery_feed_natl,discovery,Mumbai,1382.72,4517,125,125,12,5,3,3397
2026-08-10,vrs26_gads_discovery_feed_natl,discovery,Delhi NCR,1126.55,3099,58,58,9,2,1,1999
2026-08-10,vrs26_gads_discovery_feed_natl,discovery,Bengaluru,858.01,2923,54,54,5,2,0,0
2026-08-10,vrs26_gads_discovery_feed_natl,discovery,Hyderabad,563.26,1958,27,27,3,1,0,0
2026-08-10,vrs26_gads_discovery_feed_natl,discovery,Pune,497.74,1671,22,22,2,2,2,1598
2026-08-10,vrs26_gads_discovery_feed_natl,discovery,Chennai,521.98,1865,45,45,6,3,2,3298
2026-08-10,vrs26_gads_search_corp_hyd,search_generic,Mumbai,173.16,624,16,16,3,2,0,0
2026-08-10,vrs26_gads_search_corp_hyd,search_generic,Delhi NCR,215.95,692,11,11,0,0,0,0
2026-08-10,vrs26_gads_search_corp_hyd,search_generic,Bengaluru,188.09,626,13,13,2,1,1,799
2026-08-10,vrs26_gads_search_corp_hyd,search_generic,Hyderabad,2773.74,8983,184,184,25,16,14,23185
2026-08-10,vrs26_gads_search_corp_hyd,search_generic,Pune,79.91,262,1,1,0,0,0,0
2026-08-10,vrs26_gads_search_corp_hyd,search_generic,Chennai,52.66,167,6,6,0,0,0,0
2026-08-11,vrs26_gads_search_brand_natl,search_brand,Mumbai,2719.56,7461,162,162,43,21,12,17788
2026-08-11,vrs26_gads_search_brand_natl,search_brand,Delhi NCR,2562.09,7500,133,133,40,28,16,29283
2026-08-11,vrs26_gads_search_brand_natl,search_brand,Bengaluru,2346.91,7294,92,92,27,19,10,18290
2026-08-11,vrs26_gads_search_brand_natl,search_brand,Hyderabad,1668.53,4650,86,86,25,12,12,16088
2026-08-11,vrs26_gads_search_brand_natl,search_brand,Pune,1196.66,3555,77,77,30,12,8,28091
2026-08-11,vrs26_gads_search_brand_natl,search_brand,Chennai,910.63,3098,44,44,20,9,8,16092
2026-08-11,vrs26_gads_search_generic_marathon_natl,search_generic,Mumbai,4133.94,12791,219,219,28,19,10,13290
2026-08-11,vrs26_gads_search_generic_marathon_natl,search_generic,Delhi NCR,3803.73,11681,239,239,42,21,16,27783
2026-08-11,vrs26_gads_search_generic_marathon_natl,search_generic,Bengaluru,3449.46,10461,204,204,36,19,11,22788
2026-08-11,vrs26_gads_search_generic_marathon_natl,search_generic,Hyderabad,2404.54,8183,172,172,35,20,13,24887
2026-08-11,vrs26_gads_search_generic_marathon_natl,search_generic,Pune,1547.52,4266,65,65,11,8,6,15094
2026-08-11,vrs26_gads_search_generic_marathon_natl,search_generic,Chennai,1328.76,4059,95,95,15,6,3,3696
2026-08-11,vrs26_gads_search_generic_10k_natl,search_generic,Mumbai,2689.41,8075,128,128,14,6,2,3498
2026-08-11,vrs26_gads_search_generic_10k_natl,search_generic,Delhi NCR,2204.17,6705,139,139,28,9,6,10094
2026-08-11,vrs26_gads_search_generic_10k_natl,search_generic,Bengaluru,2231.15,6743,179,179,36,21,12,22988
2026-08-11,vrs26_gads_search_generic_10k_natl,search_generic,Hyderabad,1517.36,4557,113,113,19,6,3,14997
2026-08-11,vrs26_gads_search_generic_10k_natl,search_generic,Pune,995.1,3195,68,68,11,7,6,11594
2026-08-11,vrs26_gads_search_generic_10k_natl,search_generic,Chennai,889.93,2721,83,83,13,6,3,2897
2026-08-11,vrs26_gads_pmax_all_natl,pmax,Mumbai,4163.41,12018,274,274,51,22,12,19287
2026-08-11,vrs26_gads_pmax_all_natl,pmax,Delhi NCR,3331.84,10035,223,223,38,24,14,29885
2026-08-11,vrs26_gads_pmax_all_natl,pmax,Bengaluru,3803.91,11787,229,229,34,22,10,27889
2026-08-11,vrs26_gads_pmax_all_natl,pmax,Hyderabad,2174.81,7176,141,141,19,10,3,15497
2026-08-11,vrs26_gads_pmax_all_natl,pmax,Pune,1393.24,4361,98,98,16,7,6,12594
2026-08-11,vrs26_gads_pmax_all_natl,pmax,Chennai,1142.78,3511,74,74,13,5,3,7297
2026-08-11,vrs26_gads_pmax_mum,pmax,Mumbai,6941.91,21567,412,412,67,32,12,14587
2026-08-11,vrs26_gads_pmax_mum,pmax,Delhi NCR,462.41,1459,34,34,4,2,0,0
2026-08-11,vrs26_gads_pmax_mum,pmax,Bengaluru,373.37,1286,26,26,6,3,1,3998
2026-08-11,vrs26_gads_pmax_mum,pmax,Hyderabad,310.86,920,17,17,1,0,0,0
2026-08-11,vrs26_gads_pmax_mum,pmax,Pune,266.12,678,10,10,3,0,0,0
2026-08-11,vrs26_gads_pmax_mum,pmax,Chennai,198.6,594,11,11,2,0,0,0
2026-08-11,vrs26_gads_pmax_blr,pmax,Mumbai,385.57,1206,23,23,3,1,0,0
2026-08-11,vrs26_gads_pmax_blr,pmax,Delhi NCR,356.67,993,21,21,3,1,0,0
2026-08-11,vrs26_gads_pmax_blr,pmax,Bengaluru,6289.59,21671,381,381,56,40,26,55572
2026-08-11,vrs26_gads_pmax_blr,pmax,Hyderabad,179.01,619,13,13,2,1,1,799
2026-08-11,vrs26_gads_pmax_blr,pmax,Pune,148.23,443,9,9,2,1,1,2999
2026-08-11,vrs26_gads_pmax_blr,pmax,Chennai,97.64,281,6,6,0,0,0,0
2026-08-11,vrs26_gads_display_remarketing_natl,display,Mumbai,1926.37,7110,104,104,11,8,3,6297
2026-08-11,vrs26_gads_display_remarketing_natl,display,Delhi NCR,1942.41,5315,108,108,12,5,3,3597
2026-08-11,vrs26_gads_display_remarketing_natl,display,Bengaluru,1297.05,3625,68,68,8,6,6,7394
2026-08-11,vrs26_gads_display_remarketing_natl,display,Hyderabad,1206.87,3778,83,83,10,5,2,2098
2026-08-11,vrs26_gads_display_remarketing_natl,display,Pune,868.05,3164,67,67,6,3,1,1299
2026-08-11,vrs26_gads_display_remarketing_natl,display,Chennai,654.6,1841,50,50,4,1,1,799
2026-08-11,vrs26_gads_yt_instream_natl,youtube,Mumbai,2277.44,6611,134,134,10,8,2,1798
2026-08-11,vrs26_gads_yt_instream_natl,youtube,Delhi NCR,2104.98,6244,132,132,12,4,3,3297
2026-08-11,vrs26_gads_yt_instream_natl,youtube,Bengaluru,2065.68,6528,153,153,12,7,5,6395
2026-08-11,vrs26_gads_yt_instream_natl,youtube,Hyderabad,1418.21,4253,114,114,8,1,1,1299
2026-08-11,vrs26_gads_yt_instream_natl,youtube,Pune,1017.78,2972,58,58,6,3,1,499
2026-08-11,vrs26_gads_yt_instream_natl,youtube,Chennai,765.77,2398,44,44,4,3,1,1299
2026-08-11,vrs26_gads_yt_shorts_natl,youtube,Mumbai,1393.33,4439,111,111,12,6,5,13995
2026-08-11,vrs26_gads_yt_shorts_natl,youtube,Delhi NCR,1230.96,3437,56,56,5,4,2,1598
2026-08-11,vrs26_gads_yt_shorts_natl,youtube,Bengaluru,1251.7,3292,87,87,11,8,3,6297
2026-08-11,vrs26_gads_yt_shorts_natl,youtube,Hyderabad,963.8,2934,63,63,3,0,0,0
2026-08-11,vrs26_gads_yt_shorts_natl,youtube,Pune,779.95,2568,64,64,6,3,2,2098
2026-08-11,vrs26_gads_yt_shorts_natl,youtube,Chennai,521.08,1605,35,35,2,1,0,0
2026-08-11,vrs26_gads_search_competitor_natl,search_generic,Mumbai,1409.78,4178,103,103,21,7,2,1598
2026-08-11,vrs26_gads_search_competitor_natl,search_generic,Delhi NCR,1141.06,3230,56,56,12,5,1,799
2026-08-11,vrs26_gads_search_competitor_natl,search_generic,Bengaluru,1022.16,3112,68,68,9,5,4,7496
2026-08-11,vrs26_gads_search_competitor_natl,search_generic,Hyderabad,808.71,2534,25,25,1,1,1,1299
2026-08-11,vrs26_gads_search_competitor_natl,search_generic,Pune,476.97,1370,27,27,2,1,0,0
2026-08-11,vrs26_gads_search_competitor_natl,search_generic,Chennai,404.87,1048,15,15,0,0,0,0
2026-08-11,vrs26_gads_discovery_feed_natl,discovery,Mumbai,1530.74,4552,65,65,4,1,0,0
2026-08-11,vrs26_gads_discovery_feed_natl,discovery,Delhi NCR,1370.03,3461,76,76,13,5,4,4396
2026-08-11,vrs26_gads_discovery_feed_natl,discovery,Bengaluru,1028.63,3150,46,46,6,2,0,0
2026-08-11,vrs26_gads_discovery_feed_natl,discovery,Hyderabad,891.92,2912,46,46,4,0,0,0
2026-08-11,vrs26_gads_discovery_feed_natl,discovery,Pune,577.08,1661,39,39,4,2,1,2499
2026-08-11,vrs26_gads_discovery_feed_natl,discovery,Chennai,523.11,1740,45,45,8,5,2,2598
2026-08-11,vrs26_gads_search_corp_hyd,search_generic,Mumbai,217.65,672,7,7,2,2,2,2098
2026-08-11,vrs26_gads_search_corp_hyd,search_generic,Delhi NCR,167.3,531,10,10,1,1,1,799
2026-08-11,vrs26_gads_search_corp_hyd,search_generic,Bengaluru,178.62,567,10,10,2,1,1,799
2026-08-11,vrs26_gads_search_corp_hyd,search_generic,Hyderabad,3435.54,11276,280,280,51,26,16,33284
2026-08-11,vrs26_gads_search_corp_hyd,search_generic,Pune,101.46,276,8,8,2,2,2,3798
2026-08-11,vrs26_gads_search_corp_hyd,search_generic,Chennai,66.42,228,5,5,0,0,0,0
2026-08-12,vrs26_gads_search_brand_natl,search_brand,Mumbai,3715.2,11771,255,255,70,46,27,50873
2026-08-12,vrs26_gads_search_brand_natl,search_brand,Delhi NCR,2442.32,6227,128,128,32,15,8,10092
2026-08-12,vrs26_gads_search_brand_natl,search_brand,Bengaluru,2383.8,7017,145,145,42,32,18,34382
2026-08-12,vrs26_gads_search_brand_natl,search_brand,Hyderabad,1607.37,4506,120,120,32,12,8,14392
2026-08-12,vrs26_gads_search_brand_natl,search_brand,Pune,1347.63,4029,80,80,20,10,6,12893
2026-08-12,vrs26_gads_search_brand_natl,search_brand,Chennai,1078.55,3132,62,62,20,12,7,9393
2026-08-12,vrs26_gads_search_generic_marathon_natl,search_generic,Mumbai,5053.02,14399,296,296,54,34,27,45770
2026-08-12,vrs26_gads_search_generic_marathon_natl,search_generic,Delhi NCR,3532.55,9943,194,194,38,20,16,25684
2026-08-12,vrs26_gads_search_generic_marathon_natl,search_generic,Bengaluru,4161.4,11228,263,263,47,26,13,13687
2026-08-12,vrs26_gads_search_generic_marathon_natl,search_generic,Hyderabad,2477.43,7667,179,179,33,16,8,11391
2026-08-12,vrs26_gads_search_generic_marathon_natl,search_generic,Pune,1889.95,6070,142,142,30,14,12,15688
2026-08-12,vrs26_gads_search_generic_marathon_natl,search_generic,Chennai,1264.3,4056,75,75,18,9,3,5797
2026-08-12,vrs26_gads_search_generic_10k_natl,search_generic,Mumbai,3419.66,11298,197,197,41,22,10,18990
2026-08-12,vrs26_gads_search_generic_10k_natl,search_generic,Delhi NCR,2620.13,7628,146,146,21,13,10,19589
2026-08-12,vrs26_gads_search_generic_10k_natl,search_generic,Bengaluru,1982.52,6439,112,112,21,7,3,3397
2026-08-12,vrs26_gads_search_generic_10k_natl,search_generic,Hyderabad,1494.17,4728,101,101,22,8,5,7895
2026-08-12,vrs26_gads_search_generic_10k_natl,search_generic,Pune,1194.45,3811,88,88,11,6,2,2498
2026-08-12,vrs26_gads_search_generic_10k_natl,search_generic,Chennai,896.63,2554,49,49,9,5,4,7596
2026-08-12,vrs26_gads_pmax_all_natl,pmax,Mumbai,4676.34,13642,345,345,46,28,14,29285
2026-08-12,vrs26_gads_pmax_all_natl,pmax,Delhi NCR,4295.1,12975,311,311,42,27,17,39782
2026-08-12,vrs26_gads_pmax_all_natl,pmax,Bengaluru,3081.39,9639,160,160,23,12,7,9192
2026-08-12,vrs26_gads_pmax_all_natl,pmax,Hyderabad,2358.02,5629,117,117,17,8,4,5896
2026-08-12,vrs26_gads_pmax_all_natl,pmax,Pune,1894.87,4644,118,118,17,7,2,3498
2026-08-12,vrs26_gads_pmax_all_natl,pmax,Chennai,1347.48,3385,58,58,11,7,3,4996
2026-08-12,vrs26_gads_pmax_mum,pmax,Mumbai,7732.49,23286,468,468,85,38,26,49373
2026-08-12,vrs26_gads_pmax_mum,pmax,Delhi NCR,550.59,1515,27,27,2,1,0,0
2026-08-12,vrs26_gads_pmax_mum,pmax,Bengaluru,419.86,1034,32,32,3,2,1,3998
2026-08-12,vrs26_gads_pmax_mum,pmax,Hyderabad,280,875,21,21,8,4,1,1299
2026-08-12,vrs26_gads_pmax_mum,pmax,Pune,281.9,949,19,19,2,1,1,6499
2026-08-12,vrs26_gads_pmax_mum,pmax,Chennai,166.32,534,8,8,1,0,0,0
2026-08-12,vrs26_gads_pmax_blr,pmax,Mumbai,354.84,931,17,17,4,1,1,1299
2026-08-12,vrs26_gads_pmax_blr,pmax,Delhi NCR,274.38,799,22,22,7,3,1,6499
2026-08-12,vrs26_gads_pmax_blr,pmax,Bengaluru,7062.06,19478,437,437,68,34,15,30684
2026-08-12,vrs26_gads_pmax_blr,pmax,Hyderabad,232.35,731,20,20,3,2,1,2999
2026-08-12,vrs26_gads_pmax_blr,pmax,Pune,150.61,445,11,11,3,1,0,0
2026-08-12,vrs26_gads_pmax_blr,pmax,Chennai,147.79,476,16,16,2,1,1,799
2026-08-12,vrs26_gads_display_remarketing_natl,display,Mumbai,2385.46,6428,120,120,4,2,1,799
2026-08-12,vrs26_gads_display_remarketing_natl,display,Delhi NCR,1914.94,5510,102,102,11,5,3,8796
2026-08-12,vrs26_gads_display_remarketing_natl,display,Bengaluru,1619.27,4196,81,81,12,5,1,1299
2026-08-12,vrs26_gads_display_remarketing_natl,display,Hyderabad,1265.23,3325,72,72,7,2,2,1598
2026-08-12,vrs26_gads_display_remarketing_natl,display,Pune,796.06,2451,82,82,6,3,2,3298
2026-08-12,vrs26_gads_display_remarketing_natl,display,Chennai,724.73,2238,45,45,3,2,1,799
2026-08-12,vrs26_gads_yt_instream_natl,youtube,Mumbai,2864.78,8517,152,152,17,10,8,18190
2026-08-12,vrs26_gads_yt_instream_natl,youtube,Delhi NCR,2073.43,6201,94,94,11,2,1,1299
2026-08-12,vrs26_gads_yt_instream_natl,youtube,Bengaluru,2440.36,7687,171,171,20,10,3,2897
2026-08-12,vrs26_gads_yt_instream_natl,youtube,Hyderabad,1384.64,3756,79,79,7,4,3,4097
2026-08-12,vrs26_gads_yt_instream_natl,youtube,Pune,1150.69,3367,66,66,9,4,1,1299
2026-08-12,vrs26_gads_yt_instream_natl,youtube,Chennai,726.39,2273,51,51,7,4,3,4597
2026-08-12,vrs26_gads_yt_shorts_natl,youtube,Mumbai,1944.43,5729,137,137,13,6,3,4597
2026-08-12,vrs26_gads_yt_shorts_natl,youtube,Delhi NCR,1350.06,4168,97,97,10,3,2,2498
2026-08-12,vrs26_gads_yt_shorts_natl,youtube,Bengaluru,1289.22,3770,94,94,3,3,2,3298
2026-08-12,vrs26_gads_yt_shorts_natl,youtube,Hyderabad,922.6,2641,74,74,11,8,6,12893
2026-08-12,vrs26_gads_yt_shorts_natl,youtube,Pune,669.28,1998,57,57,7,4,1,1299
2026-08-12,vrs26_gads_yt_shorts_natl,youtube,Chennai,595.49,1711,31,31,2,1,1,3499
2026-08-12,vrs26_gads_search_competitor_natl,search_generic,Mumbai,1453.38,5111,96,96,11,7,5,7795
2026-08-12,vrs26_gads_search_competitor_natl,search_generic,Delhi NCR,1218.26,3853,75,75,12,5,4,6396
2026-08-12,vrs26_gads_search_competitor_natl,search_generic,Bengaluru,1101.37,3468,86,86,6,4,0,0
2026-08-12,vrs26_gads_search_competitor_natl,search_generic,Hyderabad,814.63,2419,53,53,8,3,2,3298
2026-08-12,vrs26_gads_search_competitor_natl,search_generic,Pune,732.19,2248,49,49,8,5,3,4797
2026-08-12,vrs26_gads_search_competitor_natl,search_generic,Chennai,483.96,1514,29,29,2,1,0,0
2026-08-12,vrs26_gads_discovery_feed_natl,discovery,Mumbai,1774.11,5785,134,134,17,8,6,5894
2026-08-12,vrs26_gads_discovery_feed_natl,discovery,Delhi NCR,1334.31,3644,85,85,8,4,1,1598
2026-08-12,vrs26_gads_discovery_feed_natl,discovery,Bengaluru,1419.64,3936,88,88,7,5,2,3998
2026-08-12,vrs26_gads_discovery_feed_natl,discovery,Hyderabad,860.03,2362,61,61,4,1,0,0
2026-08-12,vrs26_gads_discovery_feed_natl,discovery,Pune,648.37,1730,34,34,2,2,1,499
2026-08-12,vrs26_gads_discovery_feed_natl,discovery,Chennai,492.8,1601,47,47,7,3,1,1299
2026-08-12,vrs26_gads_search_corp_hyd,search_generic,Mumbai,277.14,844,18,18,1,0,0,0
2026-08-12,vrs26_gads_search_corp_hyd,search_generic,Delhi NCR,207.46,557,11,11,5,4,0,0
2026-08-12,vrs26_gads_search_corp_hyd,search_generic,Bengaluru,233.9,734,21,21,4,2,1,1299
2026-08-12,vrs26_gads_search_corp_hyd,search_generic,Hyderabad,3655.1,12098,272,272,35,16,10,18390
2026-08-12,vrs26_gads_search_corp_hyd,search_generic,Pune,129.17,389,10,10,1,1,1,799
2026-08-12,vrs26_gads_search_corp_hyd,search_generic,Chennai,91.9,271,6,6,0,0,0,0
2026-08-13,vrs26_gads_search_brand_natl,search_brand,Mumbai,4466.44,13564,312,312,88,39,26,39474
2026-08-13,vrs26_gads_search_brand_natl,search_brand,Delhi NCR,3253.64,7816,140,140,55,30,26,41172
2026-08-13,vrs26_gads_search_brand_natl,search_brand,Bengaluru,3369.89,9074,192,192,58,37,29,54068
2026-08-13,vrs26_gads_search_brand_natl,search_brand,Hyderabad,2235.48,6031,149,149,56,28,13,21284
2026-08-13,vrs26_gads_search_brand_natl,search_brand,Pune,1572.61,4450,111,111,28,9,3,5196
2026-08-13,vrs26_gads_search_brand_natl,search_brand,Chennai,1163.73,3159,79,79,19,10,7,10693
2026-08-13,vrs26_gads_search_generic_marathon_natl,search_generic,Mumbai,6148.04,15012,380,380,68,40,23,39676
2026-08-13,vrs26_gads_search_generic_marathon_natl,search_generic,Delhi NCR,5400.12,12758,233,233,39,24,15,31484
2026-08-13,vrs26_gads_search_generic_marathon_natl,search_generic,Bengaluru,4346.1,12191,272,272,42,27,15,21583
2026-08-13,vrs26_gads_search_generic_marathon_natl,search_generic,Hyderabad,3054.34,7263,163,163,27,15,5,5694
2026-08-13,vrs26_gads_search_generic_marathon_natl,search_generic,Pune,2595.18,7419,172,172,21,10,5,16393
2026-08-13,vrs26_gads_search_generic_marathon_natl,search_generic,Chennai,1931.13,6090,139,139,32,18,11,17286
2026-08-13,vrs26_gads_search_generic_10k_natl,search_generic,Mumbai,4368.24,14761,319,319,58,32,24,47773
2026-08-13,vrs26_gads_search_generic_10k_natl,search_generic,Delhi NCR,2944.34,7653,161,161,31,12,7,20092
2026-08-13,vrs26_gads_search_generic_10k_natl,search_generic,Bengaluru,2860.11,7377,179,179,34,16,10,24989
2026-08-13,vrs26_gads_search_generic_10k_natl,search_generic,Hyderabad,1974.65,5264,63,63,9,6,4,8096
2026-08-13,vrs26_gads_search_generic_10k_natl,search_generic,Pune,1492.96,2972,84,84,10,6,6,6494
2026-08-13,vrs26_gads_search_generic_10k_natl,search_generic,Chennai,1185.96,3252,70,70,4,2,1,499
2026-08-13,vrs26_gads_pmax_all_natl,pmax,Mumbai,5601.48,13649,294,294,54,30,13,32285
2026-08-13,vrs26_gads_pmax_all_natl,pmax,Delhi NCR,5451.87,16011,392,392,66,37,24,36374
2026-08-13,vrs26_gads_pmax_all_natl,pmax,Bengaluru,4718,11884,206,206,33,17,10,23689
2026-08-13,vrs26_gads_pmax_all_natl,pmax,Hyderabad,3065.78,8940,145,145,24,13,8,9792
2026-08-13,vrs26_gads_pmax_all_natl,pmax,Pune,1876.84,5452,118,118,20,9,3,5797
2026-08-13,vrs26_gads_pmax_all_natl,pmax,Chennai,1834.3,5782,123,123,26,13,7,12693
2026-08-13,vrs26_gads_pmax_mum,pmax,Mumbai,10068.84,28870,580,580,99,46,23,48575
2026-08-13,vrs26_gads_pmax_mum,pmax,Delhi NCR,666.22,1697,45,45,10,7,5,7895
2026-08-13,vrs26_gads_pmax_mum,pmax,Bengaluru,500.11,1304,22,22,4,2,1,799
2026-08-13,vrs26_gads_pmax_mum,pmax,Hyderabad,389.35,1097,14,14,3,3,0,0
2026-08-13,vrs26_gads_pmax_mum,pmax,Pune,227.06,658,27,27,3,1,0,0
2026-08-13,vrs26_gads_pmax_mum,pmax,Chennai,194.77,618,14,14,4,3,2,5498
2026-08-13,vrs26_gads_pmax_blr,pmax,Mumbai,560.49,1612,35,35,8,2,2,4298
2026-08-13,vrs26_gads_pmax_blr,pmax,Delhi NCR,525.96,1375,21,21,6,3,1,499
2026-08-13,vrs26_gads_pmax_blr,pmax,Bengaluru,8726.75,25744,615,615,102,55,28,55068
2026-08-13,vrs26_gads_pmax_blr,pmax,Hyderabad,309.56,931,22,22,4,2,2,5997
2026-08-13,vrs26_gads_pmax_blr,pmax,Pune,210.67,686,9,9,0,0,0,0
2026-08-13,vrs26_gads_pmax_blr,pmax,Chennai,168.49,427,8,8,1,0,0,0
2026-08-13,vrs26_gads_display_remarketing_natl,display,Mumbai,2731.68,6626,112,112,10,3,3,4297
2026-08-13,vrs26_gads_display_remarketing_natl,display,Delhi NCR,2425.11,7095,167,167,18,5,3,5797
2026-08-13,vrs26_gads_display_remarketing_natl,display,Bengaluru,2304.54,6006,124,124,10,6,1,799
2026-08-13,vrs26_gads_display_remarketing_natl,display,Hyderabad,1584.99,5145,113,113,14,4,4,5896
2026-08-13,vrs26_gads_display_remarketing_natl,display,Pune,1152.13,3280,60,60,6,4,4,15096
2026-08-13,vrs26_gads_display_remarketing_natl,display,Chennai,921.25,2567,58,58,2,2,0,0
2026-08-13,vrs26_gads_yt_instream_natl,youtube,Mumbai,3167.41,9436,286,286,25,17,13,15987
2026-08-13,vrs26_gads_yt_instream_natl,youtube,Delhi NCR,3638.61,10479,196,196,21,12,6,5994
2026-08-13,vrs26_gads_yt_instream_natl,youtube,Bengaluru,2603.1,8445,164,164,15,5,2,4298
2026-08-13,vrs26_gads_yt_instream_natl,youtube,Hyderabad,1840.39,4626,81,81,5,3,0,0
2026-08-13,vrs26_gads_yt_instream_natl,youtube,Pune,1119.56,2728,56,56,4,2,1,799
2026-08-13,vrs26_gads_yt_instream_natl,youtube,Chennai,1221.67,3357,78,78,10,5,3,5097
2026-08-13,vrs26_gads_yt_shorts_natl,youtube,Mumbai,2023.69,4934,108,108,12,5,3,6797
2026-08-13,vrs26_gads_yt_shorts_natl,youtube,Delhi NCR,1898.62,4615,102,102,8,2,1,2499
2026-08-13,vrs26_gads_yt_shorts_natl,youtube,Bengaluru,1963.36,5050,121,121,12,5,2,4498
2026-08-13,vrs26_gads_yt_shorts_natl,youtube,Hyderabad,1236.28,3206,66,66,7,4,2,1798
2026-08-13,vrs26_gads_yt_shorts_natl,youtube,Pune,917.51,2257,50,50,1,1,0,0
2026-08-13,vrs26_gads_yt_shorts_natl,youtube,Chennai,609.19,1656,32,32,3,0,0,0
2026-08-13,vrs26_gads_search_competitor_natl,search_generic,Mumbai,2184.14,6009,129,129,16,7,1,1299
2026-08-13,vrs26_gads_search_competitor_natl,search_generic,Delhi NCR,1425.08,3708,74,74,13,4,4,10295
2026-08-13,vrs26_gads_search_competitor_natl,search_generic,Bengaluru,1558.41,4450,85,85,16,6,2,3298
2026-08-13,vrs26_gads_search_competitor_natl,search_generic,Hyderabad,932.08,2770,53,53,7,2,1,499
2026-08-13,vrs26_gads_search_competitor_natl,search_generic,Pune,809.6,2155,52,52,7,4,1,2999
2026-08-13,vrs26_gads_search_competitor_natl,search_generic,Chennai,503.82,1313,24,24,3,1,1,799
2026-08-13,vrs26_gads_discovery_feed_natl,discovery,Mumbai,2062.05,5018,100,100,5,2,2,3798
2026-08-13,vrs26_gads_discovery_feed_natl,discovery,Delhi NCR,1983.55,5674,116,116,13,5,3,2897
2026-08-13,vrs26_gads_discovery_feed_natl,discovery,Bengaluru,1457.15,4392,71,71,13,5,3,5597
2026-08-13,vrs26_gads_discovery_feed_natl,discovery,Hyderabad,1246.7,3848,68,68,9,3,2,1598
2026-08-13,vrs26_gads_discovery_feed_natl,discovery,Pune,968.9,2832,64,64,7,4,1,799
2026-08-13,vrs26_gads_discovery_feed_natl,discovery,Chennai,621.42,1591,25,25,2,2,0,0
2026-08-13,vrs26_gads_search_corp_hyd,search_generic,Mumbai,469.48,1167,34,34,5,4,1,799
2026-08-13,vrs26_gads_search_corp_hyd,search_generic,Delhi NCR,362.52,988,11,11,1,1,1,499
2026-08-13,vrs26_gads_search_corp_hyd,search_generic,Bengaluru,285.12,693,16,16,1,0,0,0
2026-08-13,vrs26_gads_search_corp_hyd,search_generic,Hyderabad,4480.29,13354,271,271,46,22,14,21586
2026-08-13,vrs26_gads_search_corp_hyd,search_generic,Pune,142.01,366,8,8,2,0,0,0
2026-08-13,vrs26_gads_search_corp_hyd,search_generic,Chennai,129.31,376,8,8,2,0,0,0
2026-08-14,vrs26_gads_search_brand_natl,search_brand,Mumbai,4075.74,11186,209,209,68,41,27,49072
2026-08-14,vrs26_gads_search_brand_natl,search_brand,Delhi NCR,3505.4,9265,170,170,53,32,11,19089
2026-08-14,vrs26_gads_search_brand_natl,search_brand,Bengaluru,3135.42,8433,179,179,58,33,17,49882
2026-08-14,vrs26_gads_search_brand_natl,search_brand,Hyderabad,2011.17,5119,94,94,24,16,14,30083
2026-08-14,vrs26_gads_search_brand_natl,search_brand,Pune,1871.12,5598,95,95,35,23,10,15690
2026-08-14,vrs26_gads_search_brand_natl,search_brand,Chennai,1311.24,3113,70,70,18,10,6,9894
2026-08-14,vrs26_gads_search_generic_marathon_natl,search_generic,Mumbai,5979.1,17945,325,325,60,35,13,24287
2026-08-14,vrs26_gads_search_generic_marathon_natl,search_generic,Delhi NCR,5090.05,12857,308,308,54,31,13,22886
2026-08-14,vrs26_gads_search_generic_marathon_natl,search_generic,Bengaluru,4579.31,12064,349,349,60,32,15,19485
2026-08-14,vrs26_gads_search_generic_marathon_natl,search_generic,Hyderabad,3301.9,7641,142,142,28,16,13,26587
2026-08-14,vrs26_gads_search_generic_marathon_natl,search_generic,Pune,2582.55,7734,191,191,31,21,17,31382
2026-08-14,vrs26_gads_search_generic_marathon_natl,search_generic,Chennai,1720.29,4515,83,83,23,10,10,15988
2026-08-14,vrs26_gads_search_generic_10k_natl,search_generic,Mumbai,3917.73,10378,198,198,28,15,10,17589
2026-08-14,vrs26_gads_search_generic_10k_natl,search_generic,Delhi NCR,3233.28,9378,201,201,31,12,8,21191
2026-08-14,vrs26_gads_search_generic_10k_natl,search_generic,Bengaluru,2744.85,7175,172,172,35,21,7,9693
2026-08-14,vrs26_gads_search_generic_10k_natl,search_generic,Hyderabad,2138.02,5169,89,89,13,5,3,5097
2026-08-14,vrs26_gads_search_generic_10k_natl,search_generic,Pune,1372.72,4841,91,91,14,8,5,12095
2026-08-14,vrs26_gads_search_generic_10k_natl,search_generic,Chennai,1279.64,2944,45,45,9,7,5,7895
2026-08-14,vrs26_gads_pmax_all_natl,pmax,Mumbai,5321.04,14177,239,239,33,19,10,9990
2026-08-14,vrs26_gads_pmax_all_natl,pmax,Delhi NCR,5168.14,14127,387,387,47,20,13,16686
2026-08-14,vrs26_gads_pmax_all_natl,pmax,Bengaluru,4857.55,15594,295,295,47,28,13,27786
2026-08-14,vrs26_gads_pmax_all_natl,pmax,Hyderabad,2975.74,8497,149,149,21,15,12,27286
2026-08-14,vrs26_gads_pmax_all_natl,pmax,Pune,2134.14,5625,150,150,26,11,9,16491
2026-08-14,vrs26_gads_pmax_all_natl,pmax,Chennai,1878.7,5739,137,137,32,17,6,8193
2026-08-14,vrs26_gads_pmax_mum,pmax,Mumbai,9779.31,25584,577,577,94,43,26,56474
2026-08-14,vrs26_gads_pmax_mum,pmax,Delhi NCR,591.06,1502,30,30,7,3,1,1299
2026-08-14,vrs26_gads_pmax_mum,pmax,Bengaluru,529.54,1642,21,21,6,2,1,1299
2026-08-14,vrs26_gads_pmax_mum,pmax,Hyderabad,492.2,1353,29,29,7,4,3,4797
2026-08-14,vrs26_gads_pmax_mum,pmax,Pune,338.58,916,11,11,5,3,3,5896
2026-08-14,vrs26_gads_pmax_mum,pmax,Chennai,201.87,609,18,18,6,3,1,1999
2026-08-14,vrs26_gads_pmax_blr,pmax,Mumbai,561.73,1472,30,30,4,2,0,0
2026-08-14,vrs26_gads_pmax_blr,pmax,Delhi NCR,547.62,1524,32,32,7,4,3,4597
2026-08-14,vrs26_gads_pmax_blr,pmax,Bengaluru,8600.54,25564,604,604,111,60,38,78461
2026-08-14,vrs26_gads_pmax_blr,pmax,Hyderabad,298.92,735,12,12,3,1,1,799
2026-08-14,vrs26_gads_pmax_blr,pmax,Pune,222.52,544,12,12,1,0,0,0
2026-08-14,vrs26_gads_pmax_blr,pmax,Chennai,171.42,511,8,8,1,0,0,0
2026-08-14,vrs26_gads_display_remarketing_natl,display,Mumbai,2695.26,7349,122,122,14,7,4,8096
2026-08-14,vrs26_gads_display_remarketing_natl,display,Delhi NCR,2312.76,6735,179,179,15,3,2,7298
2026-08-14,vrs26_gads_display_remarketing_natl,display,Bengaluru,2435.69,6737,132,132,8,5,5,10094
2026-08-14,vrs26_gads_display_remarketing_natl,display,Hyderabad,1690.42,4047,90,90,10,4,3,9097
2026-08-14,vrs26_gads_display_remarketing_natl,display,Pune,1133.12,2949,64,64,7,4,4,3896
2026-08-14,vrs26_gads_display_remarketing_natl,display,Chennai,747.42,1926,45,45,4,2,1,799
2026-08-14,vrs26_gads_yt_instream_natl,youtube,Mumbai,3093.17,9322,253,253,25,13,6,9894
2026-08-14,vrs26_gads_yt_instream_natl,youtube,Delhi NCR,3351.17,9658,240,240,20,7,3,4097
2026-08-14,vrs26_gads_yt_instream_natl,youtube,Bengaluru,2618.2,8083,231,231,24,15,4,4596
2026-08-14,vrs26_gads_yt_instream_natl,youtube,Hyderabad,1853.58,4893,105,105,5,3,3,2597
2026-08-14,vrs26_gads_yt_instream_natl,youtube,Pune,1478.86,4072,76,76,7,2,1,799
2026-08-14,vrs26_gads_yt_instream_natl,youtube,Chennai,1067.39,3217,80,80,8,0,0,0
2026-08-14,vrs26_gads_yt_shorts_natl,youtube,Mumbai,2213.85,5901,139,139,10,7,2,1598
2026-08-14,vrs26_gads_yt_shorts_natl,youtube,Delhi NCR,2002.01,6280,153,153,14,7,4,13095
2026-08-14,vrs26_gads_yt_shorts_natl,youtube,Bengaluru,1561.94,4139,65,65,3,2,2,3298
2026-08-14,vrs26_gads_yt_shorts_natl,youtube,Hyderabad,1247.34,3342,74,74,7,3,1,2999
2026-08-14,vrs26_gads_yt_shorts_natl,youtube,Pune,839.58,2368,56,56,8,6,3,13296
2026-08-14,vrs26_gads_yt_shorts_natl,youtube,Chennai,702.25,2046,30,30,5,1,1,3499
2026-08-14,vrs26_gads_search_competitor_natl,search_generic,Mumbai,1958.79,5113,110,110,14,7,2,3298
2026-08-14,vrs26_gads_search_competitor_natl,search_generic,Delhi NCR,1691.35,4586,89,89,13,7,2,3597
2026-08-14,vrs26_gads_search_competitor_natl,search_generic,Bengaluru,1326.92,3839,75,75,11,4,3,5497
2026-08-14,vrs26_gads_search_competitor_natl,search_generic,Hyderabad,918.8,2410,65,65,11,3,2,1798
2026-08-14,vrs26_gads_search_competitor_natl,search_generic,Pune,803.36,1973,49,49,6,3,0,0
2026-08-14,vrs26_gads_search_competitor_natl,search_generic,Chennai,643.9,1863,43,43,1,0,0,0
2026-08-14,vrs26_gads_discovery_feed_natl,discovery,Mumbai,2331.27,6834,137,137,14,8,5,8095
2026-08-14,vrs26_gads_discovery_feed_natl,discovery,Delhi NCR,1689.71,4113,103,103,11,5,2,2098
2026-08-14,vrs26_gads_discovery_feed_natl,discovery,Bengaluru,1372.11,3686,70,70,4,1,1,1999
2026-08-14,vrs26_gads_discovery_feed_natl,discovery,Hyderabad,1261.03,3818,90,90,11,6,3,8297
2026-08-14,vrs26_gads_discovery_feed_natl,discovery,Pune,805.91,2223,43,43,3,2,0,0
2026-08-14,vrs26_gads_discovery_feed_natl,discovery,Chennai,800.98,2146,59,59,7,4,4,6096
2026-08-14,vrs26_gads_search_corp_hyd,search_generic,Mumbai,335.86,873,16,16,2,2,1,1999
2026-08-14,vrs26_gads_search_corp_hyd,search_generic,Delhi NCR,276.31,732,10,10,2,1,1,1999
2026-08-14,vrs26_gads_search_corp_hyd,search_generic,Bengaluru,366.81,1039,16,16,6,6,2,2598
2026-08-14,vrs26_gads_search_corp_hyd,search_generic,Hyderabad,4587.32,12345,282,282,54,29,15,29285
2026-08-14,vrs26_gads_search_corp_hyd,search_generic,Pune,147.28,402,11,11,3,2,0,0
2026-08-14,vrs26_gads_search_corp_hyd,search_generic,Chennai,99.71,321,7,7,0,0,0,0
2026-08-15,vrs26_gads_search_brand_natl,search_brand,Mumbai,3466.45,10690,260,260,70,44,20,25479
2026-08-15,vrs26_gads_search_brand_natl,search_brand,Delhi NCR,2670.78,7035,121,121,42,23,19,26279
2026-08-15,vrs26_gads_search_brand_natl,search_brand,Bengaluru,2799.92,9447,190,190,59,40,24,42074
2026-08-15,vrs26_gads_search_brand_natl,search_brand,Hyderabad,2163.99,6425,109,109,29,16,14,22686
2026-08-15,vrs26_gads_search_brand_natl,search_brand,Pune,1180.78,3141,73,73,24,11,8,21391
2026-08-15,vrs26_gads_search_brand_natl,search_brand,Chennai,1094.52,3322,54,54,19,12,8,7592
2026-08-15,vrs26_gads_search_generic_marathon_natl,search_generic,Mumbai,5351.5,14416,345,345,68,40,25,59975
2026-08-15,vrs26_gads_search_generic_marathon_natl,search_generic,Delhi NCR,3996.96,12114,299,299,63,26,14,21286
2026-08-15,vrs26_gads_search_generic_marathon_natl,search_generic,Bengaluru,4351.61,11530,229,229,51,31,14,36185
2026-08-15,vrs26_gads_search_generic_marathon_natl,search_generic,Hyderabad,2645.72,7280,139,139,32,10,4,7895
2026-08-15,vrs26_gads_search_generic_marathon_natl,search_generic,Pune,1778.9,4786,94,94,22,12,6,7494
2026-08-15,vrs26_gads_search_generic_marathon_natl,search_generic,Chennai,1425.5,4538,99,99,21,12,8,14292
2026-08-15,vrs26_gads_search_generic_10k_natl,search_generic,Mumbai,2442.39,8280,201,201,34,22,11,16888
2026-08-15,vrs26_gads_search_generic_10k_natl,search_generic,Delhi NCR,3476.3,10056,188,188,34,28,16,25184
2026-08-15,vrs26_gads_search_generic_10k_natl,search_generic,Bengaluru,2015.22,6148,129,129,26,19,6,13794
2026-08-15,vrs26_gads_search_generic_10k_natl,search_generic,Hyderabad,2021.62,5713,119,119,22,10,4,4495
2026-08-15,vrs26_gads_search_generic_10k_natl,search_generic,Pune,1236.24,3820,64,64,14,5,2,8498
2026-08-15,vrs26_gads_search_generic_10k_natl,search_generic,Chennai,1155.72,3413,59,59,7,5,0,0
2026-08-15,vrs26_gads_pmax_all_natl,pmax,Mumbai,5125.56,15875,383,383,69,34,16,27884
2026-08-15,vrs26_gads_pmax_all_natl,pmax,Delhi NCR,3978.54,12191,290,290,49,24,13,21087
2026-08-15,vrs26_gads_pmax_all_natl,pmax,Bengaluru,4086.7,12520,290,290,66,32,23,31976
2026-08-15,vrs26_gads_pmax_all_natl,pmax,Hyderabad,2321.35,6383,118,118,22,9,4,7596
2026-08-15,vrs26_gads_pmax_all_natl,pmax,Pune,1915.18,5506,111,111,16,6,3,4297
2026-08-15,vrs26_gads_pmax_all_natl,pmax,Chennai,1351.14,4051,103,103,12,5,2,4298
2026-08-15,vrs26_gads_pmax_mum,pmax,Mumbai,8432.31,25455,497,497,103,57,29,64370
2026-08-15,vrs26_gads_pmax_mum,pmax,Delhi NCR,420.59,1220,27,27,4,4,2,2397
2026-08-15,vrs26_gads_pmax_mum,pmax,Bengaluru,479.55,1422,29,29,9,5,1,1598
2026-08-15,vrs26_gads_pmax_mum,pmax,Hyderabad,328.56,996,19,19,1,0,0,0
2026-08-15,vrs26_gads_pmax_mum,pmax,Pune,184.46,458,11,11,4,2,1,1299
2026-08-15,vrs26_gads_pmax_mum,pmax,Chennai,186.87,541,14,14,6,5,3,8597
2026-08-15,vrs26_gads_pmax_blr,pmax,Mumbai,451.93,1248,28,28,6,3,2,1598
2026-08-15,vrs26_gads_pmax_blr,pmax,Delhi NCR,486.86,1687,35,35,3,2,1,6499
2026-08-15,vrs26_gads_pmax_blr,pmax,Bengaluru,7172.82,18433,379,379,53,26,12,24788
2026-08-15,vrs26_gads_pmax_blr,pmax,Hyderabad,292.03,911,19,19,5,4,3,5097
2026-08-15,vrs26_gads_pmax_blr,pmax,Pune,191.26,475,9,9,2,0,0,0
2026-08-15,vrs26_gads_pmax_blr,pmax,Chennai,151.24,409,12,12,2,0,0,0
2026-08-15,vrs26_gads_display_remarketing_natl,display,Mumbai,2231.99,6692,168,168,22,6,4,4896
2026-08-15,vrs26_gads_display_remarketing_natl,display,Delhi NCR,1955.34,6350,125,125,16,7,2,2798
2026-08-15,vrs26_gads_display_remarketing_natl,display,Bengaluru,2147.13,6652,99,99,10,6,2,2897
2026-08-15,vrs26_gads_display_remarketing_natl,display,Hyderabad,1342.16,3769,73,73,7,3,2,4298
2026-08-15,vrs26_gads_display_remarketing_natl,display,Pune,902.97,2414,59,59,8,6,3,4597
2026-08-15,vrs26_gads_display_remarketing_natl,display,Chennai,681.03,2058,23,23,3,1,1,1299
2026-08-15,vrs26_gads_yt_instream_natl,youtube,Mumbai,2741.83,8083,175,175,17,7,1,1299
2026-08-15,vrs26_gads_yt_instream_natl,youtube,Delhi NCR,2834.43,7509,231,231,22,14,7,10393
2026-08-15,vrs26_gads_yt_instream_natl,youtube,Bengaluru,1983.55,5585,114,114,10,6,5,18595
2026-08-15,vrs26_gads_yt_instream_natl,youtube,Hyderabad,1673.87,4635,99,99,9,3,0,0
2026-08-15,vrs26_gads_yt_instream_natl,youtube,Pune,1028.37,3350,60,60,4,2,1,799
2026-08-15,vrs26_gads_yt_instream_natl,youtube,Chennai,1056.48,3045,80,80,8,5,3,3096
2026-08-15,vrs26_gads_yt_shorts_natl,youtube,Mumbai,1747.36,4664,96,96,8,3,2,3798
2026-08-15,vrs26_gads_yt_shorts_natl,youtube,Delhi NCR,1634.2,4456,94,94,12,6,5,10195
2026-08-15,vrs26_gads_yt_shorts_natl,youtube,Bengaluru,1539.07,3899,77,77,9,4,2,8998
2026-08-15,vrs26_gads_yt_shorts_natl,youtube,Hyderabad,954.41,2395,46,46,6,3,1,1999
2026-08-15,vrs26_gads_yt_shorts_natl,youtube,Pune,772.47,2373,39,39,5,4,4,5896
2026-08-15,vrs26_gads_yt_shorts_natl,youtube,Chennai,555.18,1575,33,33,3,2,1,1999
2026-08-15,vrs26_gads_search_competitor_natl,search_generic,Mumbai,1670.93,4880,117,117,19,12,4,6596
2026-08-15,vrs26_gads_search_competitor_natl,search_generic,Delhi NCR,1511.9,4359,88,88,9,6,3,4097
2026-08-15,vrs26_gads_search_competitor_natl,search_generic,Bengaluru,1063.23,3141,73,73,9,3,1,1299
2026-08-15,vrs26_gads_search_competitor_natl,search_generic,Hyderabad,869.03,3065,56,56,8,3,3,5797
2026-08-15,vrs26_gads_search_competitor_natl,search_generic,Pune,604.53,1948,39,39,3,1,0,0
2026-08-15,vrs26_gads_search_competitor_natl,search_generic,Chennai,454.13,1308,36,36,3,2,0,0
2026-08-15,vrs26_gads_discovery_feed_natl,discovery,Mumbai,1867.52,5776,110,110,12,4,3,4797
2026-08-15,vrs26_gads_discovery_feed_natl,discovery,Delhi NCR,1443.63,3821,68,68,6,4,2,8498
2026-08-15,vrs26_gads_discovery_feed_natl,discovery,Bengaluru,1357.56,3720,114,114,18,11,8,11292
2026-08-15,vrs26_gads_discovery_feed_natl,discovery,Hyderabad,1018.5,2592,55,55,9,5,3,5396
2026-08-15,vrs26_gads_discovery_feed_natl,discovery,Pune,692.48,1947,40,40,2,2,1,1999
2026-08-15,vrs26_gads_discovery_feed_natl,discovery,Chennai,565.76,1891,62,62,6,1,1,1999
2026-08-15,vrs26_gads_search_corp_hyd,search_generic,Mumbai,382.2,1131,25,25,5,1,0,0
2026-08-15,vrs26_gads_search_corp_hyd,search_generic,Delhi NCR,288.49,930,26,26,7,4,1,499
2026-08-15,vrs26_gads_search_corp_hyd,search_generic,Bengaluru,220.62,595,17,17,3,2,1,499
2026-08-15,vrs26_gads_search_corp_hyd,search_generic,Hyderabad,3773.92,10708,241,241,37,19,8,13192
2026-08-15,vrs26_gads_search_corp_hyd,search_generic,Pune,118.61,386,8,8,2,0,0,0
2026-08-15,vrs26_gads_search_corp_hyd,search_generic,Chennai,103.71,305,7,7,0,0,0,0
2026-08-16,vrs26_gads_search_brand_natl,search_brand,Mumbai,3378.79,8996,171,171,66,43,22,44978
2026-08-16,vrs26_gads_search_brand_natl,search_brand,Delhi NCR,3929.79,10312,172,172,62,42,29,54369
2026-08-16,vrs26_gads_search_brand_natl,search_brand,Bengaluru,3349.9,8083,146,146,53,36,14,28384
2026-08-16,vrs26_gads_search_brand_natl,search_brand,Hyderabad,2192.91,5654,149,149,49,28,24,33873
2026-08-16,vrs26_gads_search_brand_natl,search_brand,Pune,1434.28,3729,76,76,19,12,7,8793
2026-08-16,vrs26_gads_search_brand_natl,search_brand,Chennai,1303.7,4276,93,93,24,17,16,27783
2026-08-16,vrs26_gads_search_generic_marathon_natl,search_generic,Mumbai,5796.85,15597,360,360,70,43,20,37478
2026-08-16,vrs26_gads_search_generic_marathon_natl,search_generic,Delhi NCR,4675.25,11191,247,247,49,25,18,40982
2026-08-16,vrs26_gads_search_generic_marathon_natl,search_generic,Bengaluru,4356.55,12283,315,315,51,29,14,24785
2026-08-16,vrs26_gads_search_generic_marathon_natl,search_generic,Hyderabad,3894.59,10911,194,194,41,19,17,34781
2026-08-16,vrs26_gads_search_generic_marathon_natl,search_generic,Pune,2035.45,5424,106,106,19,10,8,30191
2026-08-16,vrs26_gads_search_generic_marathon_natl,search_generic,Chennai,2025.77,5753,120,120,22,12,5,4394
2026-08-16,vrs26_gads_search_generic_10k_natl,search_generic,Mumbai,3809.15,11137,275,275,38,15,4,5096
2026-08-16,vrs26_gads_search_generic_10k_natl,search_generic,Delhi NCR,3027.4,9850,247,247,60,34,18,27482
2026-08-16,vrs26_gads_search_generic_10k_natl,search_generic,Bengaluru,2613.3,7225,133,133,21,10,5,7595
2026-08-16,vrs26_gads_search_generic_10k_natl,search_generic,Hyderabad,2314.62,6733,108,108,14,7,3,8297
2026-08-16,vrs26_gads_search_generic_10k_natl,search_generic,Pune,1456.53,4173,80,80,17,12,8,13092
2026-08-16,vrs26_gads_search_generic_10k_natl,search_generic,Chennai,1169.19,2743,56,56,11,8,6,7394
2026-08-16,vrs26_gads_pmax_all_natl,pmax,Mumbai,5458.26,16010,387,387,77,39,31,56367
2026-08-16,vrs26_gads_pmax_all_natl,pmax,Delhi NCR,4564.53,13547,312,312,56,31,15,27785
2026-08-16,vrs26_gads_pmax_all_natl,pmax,Bengaluru,4692.07,11101,268,268,40,27,16,31182
2026-08-16,vrs26_gads_pmax_all_natl,pmax,Hyderabad,2980.8,8668,203,203,36,18,8,13792
2026-08-16,vrs26_gads_pmax_all_natl,pmax,Pune,2518.69,7567,122,122,18,12,9,13691
2026-08-16,vrs26_gads_pmax_all_natl,pmax,Chennai,1670.72,4532,82,82,11,7,5,14095
2026-08-16,vrs26_gads_pmax_mum,pmax,Mumbai,9632.59,23535,406,406,66,40,27,32873
2026-08-16,vrs26_gads_pmax_mum,pmax,Delhi NCR,642.16,1603,29,29,7,6,5,8894
2026-08-16,vrs26_gads_pmax_mum,pmax,Bengaluru,603.32,1646,40,40,10,2,0,0
2026-08-16,vrs26_gads_pmax_mum,pmax,Hyderabad,324.67,841,24,24,5,4,2,6797
2026-08-16,vrs26_gads_pmax_mum,pmax,Pune,257.69,611,9,9,4,2,2,1298
2026-08-16,vrs26_gads_pmax_mum,pmax,Chennai,231.58,653,16,16,3,1,1,1299
2026-08-16,vrs26_gads_pmax_blr,pmax,Mumbai,471.48,1264,35,35,9,5,4,4396
2026-08-16,vrs26_gads_pmax_blr,pmax,Delhi NCR,511.6,1310,24,24,4,1,0,0
2026-08-16,vrs26_gads_pmax_blr,pmax,Bengaluru,8464.72,27087,662,662,118,62,32,71165
2026-08-16,vrs26_gads_pmax_blr,pmax,Hyderabad,316.49,989,14,14,1,0,0,0
2026-08-16,vrs26_gads_pmax_blr,pmax,Pune,236.17,638,7,7,1,1,1,1999
2026-08-16,vrs26_gads_pmax_blr,pmax,Chennai,192.6,535,5,5,1,1,1,2999
2026-08-16,vrs26_gads_display_remarketing_natl,display,Mumbai,2382.38,7447,172,172,20,8,5,11095
2026-08-16,vrs26_gads_display_remarketing_natl,display,Delhi NCR,2519.33,7188,160,160,18,10,6,11194
2026-08-16,vrs26_gads_display_remarketing_natl,display,Bengaluru,2168.04,6774,135,135,10,5,1,499
2026-08-16,vrs26_gads_display_remarketing_natl,display,Hyderabad,1644.87,3866,85,85,7,5,4,6596
2026-08-16,vrs26_gads_display_remarketing_natl,display,Pune,1080.73,2807,64,64,7,3,2,2798
2026-08-16,vrs26_gads_display_remarketing_natl,display,Chennai,997.29,3095,71,71,11,5,2,4798
2026-08-16,vrs26_gads_yt_instream_natl,youtube,Mumbai,3322.79,8970,223,223,20,13,8,13592
2026-08-16,vrs26_gads_yt_instream_natl,youtube,Delhi NCR,2978.74,8673,138,138,20,6,6,5494
2026-08-16,vrs26_gads_yt_instream_natl,youtube,Bengaluru,2474.59,7185,156,156,13,8,5,9095
2026-08-16,vrs26_gads_yt_instream_natl,youtube,Hyderabad,1913.06,4969,108,108,11,5,1,1299
2026-08-16,vrs26_gads_yt_instream_natl,youtube,Pune,1263.96,3940,80,80,7,4,3,4597
2026-08-16,vrs26_gads_yt_instream_natl,youtube,Chennai,1237.87,3581,79,79,7,2,0,0
2026-08-16,vrs26_gads_yt_shorts_natl,youtube,Mumbai,1978.34,5911,156,156,14,9,5,6395
2026-08-16,vrs26_gads_yt_shorts_natl,youtube,Delhi NCR,1829.04,5617,102,102,10,5,3,2097
2026-08-16,vrs26_gads_yt_shorts_natl,youtube,Bengaluru,1889.68,4525,112,112,11,5,1,799
2026-08-16,vrs26_gads_yt_shorts_natl,youtube,Hyderabad,1106.09,3108,97,97,8,2,0,0
2026-08-16,vrs26_gads_yt_shorts_natl,youtube,Pune,863.28,2213,41,41,7,5,3,4097
2026-08-16,vrs26_gads_yt_shorts_natl,youtube,Chennai,727.84,1931,47,47,3,3,2,3798
2026-08-16,vrs26_gads_search_competitor_natl,search_generic,Mumbai,1815.57,5237,86,86,6,2,0,0
2026-08-16,vrs26_gads_search_competitor_natl,search_generic,Delhi NCR,1739.48,5145,113,113,20,12,7,10891
2026-08-16,vrs26_gads_search_competitor_natl,search_generic,Bengaluru,1400.59,3717,65,65,10,8,5,8693
2026-08-16,vrs26_gads_search_competitor_natl,search_generic,Hyderabad,1036.57,3111,69,69,6,3,0,0
2026-08-16,vrs26_gads_search_competitor_natl,search_generic,Pune,625.2,1727,26,26,4,2,2,7298
2026-08-16,vrs26_gads_search_competitor_natl,search_generic,Chennai,577.68,1620,36,36,4,1,1,1999
2026-08-16,vrs26_gads_discovery_feed_natl,discovery,Mumbai,2410.51,6174,100,100,14,8,4,13496
2026-08-16,vrs26_gads_discovery_feed_natl,discovery,Delhi NCR,1972.9,5771,116,116,11,4,2,7298
2026-08-16,vrs26_gads_discovery_feed_natl,discovery,Bengaluru,1378.84,3725,60,60,4,2,2,6596
2026-08-16,vrs26_gads_discovery_feed_natl,discovery,Hyderabad,1042.85,3058,71,71,6,3,1,1999
2026-08-16,vrs26_gads_discovery_feed_natl,discovery,Pune,716.74,1825,37,37,3,3,3,2597
2026-08-16,vrs26_gads_discovery_feed_natl,discovery,Chennai,572.63,1665,36,36,3,3,1,1299
2026-08-16,vrs26_gads_search_corp_hyd,search_generic,Mumbai,425.62,1207,32,32,4,2,2,2798
2026-08-16,vrs26_gads_search_corp_hyd,search_generic,Delhi NCR,365.55,978,21,21,0,0,0,0
2026-08-16,vrs26_gads_search_corp_hyd,search_generic,Bengaluru,253.75,694,20,20,5,4,3,2097
2026-08-16,vrs26_gads_search_corp_hyd,search_generic,Hyderabad,4438.76,11636,236,236,42,24,14,34084
2026-08-16,vrs26_gads_search_corp_hyd,search_generic,Pune,122.09,319,6,6,0,0,0,0
2026-08-16,vrs26_gads_search_corp_hyd,search_generic,Chennai,90.33,242,3,3,0,0,0,0
2026-08-17,vrs26_gads_search_brand_natl,search_brand,Mumbai,2623.9,8926,209,209,70,40,26,59271
2026-08-17,vrs26_gads_search_brand_natl,search_brand,Delhi NCR,2194.75,7414,206,206,56,36,26,43972
2026-08-17,vrs26_gads_search_brand_natl,search_brand,Bengaluru,1898.24,4934,136,136,50,28,20,35879
2026-08-17,vrs26_gads_search_brand_natl,search_brand,Hyderabad,1586.33,4694,93,93,34,20,12,14187
2026-08-17,vrs26_gads_search_brand_natl,search_brand,Pune,1038.36,4161,96,96,24,16,8,16091
2026-08-17,vrs26_gads_search_brand_natl,search_brand,Chennai,759.99,2061,54,54,22,16,12,14987
2026-08-17,vrs26_gads_search_generic_marathon_natl,search_generic,Mumbai,4152.7,13447,327,327,51,21,12,27888
2026-08-17,vrs26_gads_search_generic_marathon_natl,search_generic,Delhi NCR,3221.42,10539,235,235,27,15,6,7994
2026-08-17,vrs26_gads_search_generic_marathon_natl,search_generic,Bengaluru,2751.83,9075,187,187,42,20,9,24990
2026-08-17,vrs26_gads_search_generic_marathon_natl,search_generic,Hyderabad,1932.68,6633,136,136,24,11,8,16091
2026-08-17,vrs26_gads_search_generic_marathon_natl,search_generic,Pune,1539.56,4803,113,113,19,10,10,13990
2026-08-17,vrs26_gads_search_generic_marathon_natl,search_generic,Chennai,1165.64,3989,91,91,11,6,1,1299
2026-08-17,vrs26_gads_search_generic_10k_natl,search_generic,Mumbai,2607.68,8012,177,177,37,19,8,22392
2026-08-17,vrs26_gads_search_generic_10k_natl,search_generic,Delhi NCR,1716.88,5339,84,84,11,4,4,7096
2026-08-17,vrs26_gads_search_generic_10k_natl,search_generic,Bengaluru,2026.96,6435,128,128,27,15,7,13193
2026-08-17,vrs26_gads_search_generic_10k_natl,search_generic,Hyderabad,1341.98,4254,128,128,19,11,5,5895
2026-08-17,vrs26_gads_search_generic_10k_natl,search_generic,Pune,989.31,3469,66,66,12,7,4,12496
2026-08-17,vrs26_gads_search_generic_10k_natl,search_generic,Chennai,641.71,2219,58,58,11,4,3,4097
2026-08-17,vrs26_gads_pmax_all_natl,pmax,Mumbai,3516.63,10550,229,229,45,22,15,26385
2026-08-17,vrs26_gads_pmax_all_natl,pmax,Delhi NCR,2769.81,9592,169,169,30,15,6,10194
2026-08-17,vrs26_gads_pmax_all_natl,pmax,Bengaluru,2879,10619,261,261,33,21,9,12391
2026-08-17,vrs26_gads_pmax_all_natl,pmax,Hyderabad,2227.77,7820,138,138,17,12,9,22191
2026-08-17,vrs26_gads_pmax_all_natl,pmax,Pune,1765.42,5220,113,113,20,11,9,10791
2026-08-17,vrs26_gads_pmax_all_natl,pmax,Chennai,1022.42,3303,58,58,16,8,6,9594
2026-08-17,vrs26_gads_pmax_mum,pmax,Mumbai,6248.98,21832,471,471,82,37,28,43771
2026-08-17,vrs26_gads_pmax_mum,pmax,Delhi NCR,394.93,1431,23,23,5,4,3,5997
2026-08-17,vrs26_gads_pmax_mum,pmax,Bengaluru,393.05,1109,21,21,4,2,1,1299
2026-08-17,vrs26_gads_pmax_mum,pmax,Hyderabad,246.28,832,15,15,2,1,1,799
2026-08-17,vrs26_gads_pmax_mum,pmax,Pune,174.56,500,9,9,1,1,1,2598
2026-08-17,vrs26_gads_pmax_mum,pmax,Chennai,118.37,414,10,10,1,0,0,0
2026-08-17,vrs26_gads_pmax_blr,pmax,Mumbai,425.87,1508,33,33,8,3,1,1299
2026-08-17,vrs26_gads_pmax_blr,pmax,Delhi NCR,287.78,963,22,22,2,2,1,1299
2026-08-17,vrs26_gads_pmax_blr,pmax,Bengaluru,5399.48,16840,443,443,89,51,33,72266
2026-08-17,vrs26_gads_pmax_blr,pmax,Hyderabad,225.48,712,16,16,5,1,1,799
2026-08-17,vrs26_gads_pmax_blr,pmax,Pune,148.75,438,9,9,1,1,1,799
2026-08-17,vrs26_gads_pmax_blr,pmax,Chennai,117.5,371,10,10,1,1,1,1999
2026-08-17,vrs26_gads_display_remarketing_natl,display,Mumbai,2024.23,6064,132,132,16,11,6,14493
2026-08-17,vrs26_gads_display_remarketing_natl,display,Delhi NCR,1413.56,4171,89,89,9,6,3,5997
2026-08-17,vrs26_gads_display_remarketing_natl,display,Bengaluru,1414.96,4495,88,88,10,5,3,6297
2026-08-17,vrs26_gads_display_remarketing_natl,display,Hyderabad,1027.48,3522,62,62,4,2,1,2999
2026-08-17,vrs26_gads_display_remarketing_natl,display,Pune,623.17,1982,37,37,5,3,2,4298
2026-08-17,vrs26_gads_display_remarketing_natl,display,Chennai,489.99,1412,28,28,3,3,1,1299
2026-08-17,vrs26_gads_yt_instream_natl,youtube,Mumbai,2370.37,7436,143,143,12,5,4,6396
2026-08-17,vrs26_gads_yt_instream_natl,youtube,Delhi NCR,1755.58,4987,97,97,9,4,3,4097
2026-08-17,vrs26_gads_yt_instream_natl,youtube,Bengaluru,1799.5,5677,142,142,14,6,5,13194
2026-08-17,vrs26_gads_yt_instream_natl,youtube,Hyderabad,1267.27,4292,70,70,7,4,2,3298
2026-08-17,vrs26_gads_yt_instream_natl,youtube,Pune,747.03,2138,43,43,3,2,0,0
2026-08-17,vrs26_gads_yt_instream_natl,youtube,Chennai,607.73,1998,42,42,6,3,1,799
2026-08-17,vrs26_gads_yt_shorts_natl,youtube,Mumbai,1111.44,2533,42,42,2,1,0,0
2026-08-17,vrs26_gads_yt_shorts_natl,youtube,Delhi NCR,1182.51,4192,103,103,13,7,1,2999
2026-08-17,vrs26_gads_yt_shorts_natl,youtube,Bengaluru,1137.41,3643,66,66,5,2,1,1999
2026-08-17,vrs26_gads_yt_shorts_natl,youtube,Hyderabad,888.2,2791,80,80,6,5,4,4196
2026-08-17,vrs26_gads_yt_shorts_natl,youtube,Pune,655.07,2133,44,44,4,1,0,0
2026-08-17,vrs26_gads_yt_shorts_natl,youtube,Chennai,464.68,1581,42,42,6,2,1,2499
2026-08-17,vrs26_gads_search_competitor_natl,search_generic,Mumbai,1264.19,4349,86,86,12,7,4,6396
2026-08-17,vrs26_gads_search_competitor_natl,search_generic,Delhi NCR,972.76,3170,56,56,1,0,0,0
2026-08-17,vrs26_gads_search_competitor_natl,search_generic,Bengaluru,985.9,3113,55,55,10,5,5,9394
2026-08-17,vrs26_gads_search_competitor_natl,search_generic,Hyderabad,674.51,1987,34,34,7,3,2,2798
2026-08-17,vrs26_gads_search_competitor_natl,search_generic,Pune,436.09,1480,36,36,4,1,1,799
2026-08-17,vrs26_gads_search_competitor_natl,search_generic,Chennai,328.81,1084,35,35,4,3,0,0
2026-08-17,vrs26_gads_discovery_feed_natl,discovery,Mumbai,1212.56,3536,62,62,9,5,3,3397
2026-08-17,vrs26_gads_discovery_feed_natl,discovery,Delhi NCR,1188.95,4032,79,79,11,3,2,2098
2026-08-17,vrs26_gads_discovery_feed_natl,discovery,Bengaluru,1257.57,3830,105,105,14,10,6,7694
2026-08-17,vrs26_gads_discovery_feed_natl,discovery,Hyderabad,640.79,1981,47,47,6,5,2,8297
2026-08-17,vrs26_gads_discovery_feed_natl,discovery,Pune,574.55,2006,34,34,6,4,3,3097
2026-08-17,vrs26_gads_discovery_feed_natl,discovery,Chennai,370.62,1085,20,20,2,1,1,799
2026-08-17,vrs26_gads_search_corp_hyd,search_generic,Mumbai,230.68,763,11,11,3,2,2,1598
2026-08-17,vrs26_gads_search_corp_hyd,search_generic,Delhi NCR,165.24,617,23,23,0,0,0,0
2026-08-17,vrs26_gads_search_corp_hyd,search_generic,Bengaluru,157.54,529,15,15,5,3,2,2798
2026-08-17,vrs26_gads_search_corp_hyd,search_generic,Hyderabad,2991.5,10540,224,224,43,27,17,29783
2026-08-17,vrs26_gads_search_corp_hyd,search_generic,Pune,71.94,217,6,6,1,0,0,0
2026-08-17,vrs26_gads_search_corp_hyd,search_generic,Chennai,74.06,253,3,3,0,0,0,0
2026-08-18,vrs26_gads_search_brand_natl,search_brand,Mumbai,2451.26,7991,153,153,44,32,16,39780
2026-08-18,vrs26_gads_search_brand_natl,search_brand,Delhi NCR,1793.35,6070,150,150,49,34,25,48072
2026-08-18,vrs26_gads_search_brand_natl,search_brand,Bengaluru,1792.84,6666,136,136,48,34,26,45870
2026-08-18,vrs26_gads_search_brand_natl,search_brand,Hyderabad,1318.81,5145,92,92,33,26,11,21188
2026-08-18,vrs26_gads_search_brand_natl,search_brand,Pune,980.36,3268,76,76,19,13,13,25385
2026-08-18,vrs26_gads_search_brand_natl,search_brand,Chennai,724.05,2388,46,46,8,5,1,499
2026-08-18,vrs26_gads_search_generic_marathon_natl,search_generic,Mumbai,3366.57,11565,215,215,52,28,17,26782
2026-08-18,vrs26_gads_search_generic_marathon_natl,search_generic,Delhi NCR,2775.87,7490,171,171,39,20,13,32785
2026-08-18,vrs26_gads_search_generic_marathon_natl,search_generic,Bengaluru,2451.72,7486,179,179,32,19,16,19083
2026-08-18,vrs26_gads_search_generic_marathon_natl,search_generic,Hyderabad,1961.56,5629,128,128,17,12,7,7193
2026-08-18,vrs26_gads_search_generic_marathon_natl,search_generic,Pune,1463.63,4845,77,77,23,12,6,7694
2026-08-18,vrs26_gads_search_generic_marathon_natl,search_generic,Chennai,1223.17,4598,93,93,19,16,10,17189
2026-08-18,vrs26_gads_search_generic_10k_natl,search_generic,Mumbai,2121.04,6889,170,170,29,15,10,14889
2026-08-18,vrs26_gads_search_generic_10k_natl,search_generic,Delhi NCR,1981.64,6234,134,134,23,7,4,5796
2026-08-18,vrs26_gads_search_generic_10k_natl,search_generic,Bengaluru,1706.02,5471,112,112,21,10,7,17692
2026-08-18,vrs26_gads_search_generic_10k_natl,search_generic,Hyderabad,1085.89,3582,84,84,13,6,3,6496
2026-08-18,vrs26_gads_search_generic_10k_natl,search_generic,Pune,816.3,2792,56,56,7,4,1,6499
2026-08-18,vrs26_gads_search_generic_10k_natl,search_generic,Chennai,652.81,1822,20,20,5,2,2,3298
2026-08-18,vrs26_gads_pmax_all_natl,pmax,Mumbai,3640.86,13563,345,345,58,32,27,41672
2026-08-18,vrs26_gads_pmax_all_natl,pmax,Delhi NCR,2769.57,8120,185,185,33,19,13,15487
2026-08-18,vrs26_gads_pmax_all_natl,pmax,Bengaluru,2677.44,9593,197,197,22,9,9,15891
2026-08-18,vrs26_gads_pmax_all_natl,pmax,Hyderabad,1692.83,5837,93,93,14,10,5,8595
2026-08-18,vrs26_gads_pmax_all_natl,pmax,Pune,1075.95,3185,67,67,16,10,7,13093
2026-08-18,vrs26_gads_pmax_all_natl,pmax,Chennai,863.14,3295,51,51,12,9,5,7595
2026-08-18,vrs26_gads_pmax_mum,pmax,Mumbai,5377.2,18165,382,382,63,35,14,28385
2026-08-18,vrs26_gads_pmax_mum,pmax,Delhi NCR,414.88,1392,38,38,5,3,1,2499
2026-08-18,vrs26_gads_pmax_mum,pmax,Bengaluru,416.86,1285,16,16,4,1,1,799
2026-08-18,vrs26_gads_pmax_mum,pmax,Hyderabad,239.79,815,18,18,5,3,3,7997
2026-08-18,vrs26_gads_pmax_mum,pmax,Pune,190.68,590,7,7,0,0,0,0
2026-08-18,vrs26_gads_pmax_mum,pmax,Chennai,156.1,534,10,10,0,0,0,0
2026-08-18,vrs26_gads_pmax_blr,pmax,Mumbai,351.8,1130,26,26,6,4,1,499
2026-08-18,vrs26_gads_pmax_blr,pmax,Delhi NCR,310.3,1018,18,18,4,2,1,1999
2026-08-18,vrs26_gads_pmax_blr,pmax,Bengaluru,4829.64,16401,296,296,47,31,14,29684
2026-08-18,vrs26_gads_pmax_blr,pmax,Hyderabad,172.7,567,18,18,3,3,1,799
2026-08-18,vrs26_gads_pmax_blr,pmax,Pune,138.93,422,11,11,0,0,0,0
2026-08-18,vrs26_gads_pmax_blr,pmax,Chennai,120.92,398,11,11,2,0,0,0
2026-08-18,vrs26_gads_display_remarketing_natl,display,Mumbai,1559.46,4688,98,98,9,7,3,2897
2026-08-18,vrs26_gads_display_remarketing_natl,display,Delhi NCR,1402.05,4980,93,93,7,2,1,1299
2026-08-18,vrs26_gads_display_remarketing_natl,display,Bengaluru,1256.1,4544,87,87,12,6,2,4298
2026-08-18,vrs26_gads_display_remarketing_natl,display,Hyderabad,994.26,3851,91,91,6,3,1,4998
2026-08-18,vrs26_gads_display_remarketing_natl,display,Pune,589.01,2184,34,34,5,2,1,499
2026-08-18,vrs26_gads_display_remarketing_natl,display,Chennai,471.88,1708,39,39,7,5,1,799
2026-08-18,vrs26_gads_yt_instream_natl,youtube,Mumbai,2195.13,7458,146,146,21,12,6,15294
2026-08-18,vrs26_gads_yt_instream_natl,youtube,Delhi NCR,1707.06,6072,123,123,8,5,2,2798
2026-08-18,vrs26_gads_yt_instream_natl,youtube,Bengaluru,1337.65,5072,103,103,8,5,4,11596
2026-08-18,vrs26_gads_yt_instream_natl,youtube,Hyderabad,1071.16,3419,60,60,5,2,1,499
2026-08-18,vrs26_gads_yt_instream_natl,youtube,Pune,745.76,2497,53,53,0,0,0,0
2026-08-18,vrs26_gads_yt_instream_natl,youtube,Chennai,609.97,2168,48,48,8,6,3,5097
2026-08-18,vrs26_gads_yt_shorts_natl,youtube,Mumbai,1186.21,4380,94,94,11,2,2,6497
2026-08-18,vrs26_gads_yt_shorts_natl,youtube,Delhi NCR,1116.68,3723,76,76,11,4,3,13797
2026-08-18,vrs26_gads_yt_shorts_natl,youtube,Bengaluru,1078.09,3277,71,71,3,2,2,2798
2026-08-18,vrs26_gads_yt_shorts_natl,youtube,Hyderabad,705.74,2663,46,46,7,2,0,0
2026-08-18,vrs26_gads_yt_shorts_natl,youtube,Pune,445.97,1561,40,40,2,0,0,0
2026-08-18,vrs26_gads_yt_shorts_natl,youtube,Chennai,346.13,1203,20,20,3,1,0,0
2026-08-18,vrs26_gads_search_competitor_natl,search_generic,Mumbai,1060.5,4012,104,104,12,5,4,4396
2026-08-18,vrs26_gads_search_competitor_natl,search_generic,Delhi NCR,984.23,3062,83,83,11,2,0,0
2026-08-18,vrs26_gads_search_competitor_natl,search_generic,Bengaluru,815.75,3009,49,49,7,3,0,0
2026-08-18,vrs26_gads_search_competitor_natl,search_generic,Hyderabad,561.06,1725,40,40,3,1,1,1299
2026-08-18,vrs26_gads_search_competitor_natl,search_generic,Pune,442.19,1380,33,33,4,0,0,0
2026-08-18,vrs26_gads_search_competitor_natl,search_generic,Chennai,318.11,1036,25,25,2,1,0,0
2026-08-18,vrs26_gads_discovery_feed_natl,discovery,Mumbai,1105.14,3360,63,63,6,2,0,0
2026-08-18,vrs26_gads_discovery_feed_natl,discovery,Delhi NCR,1086.81,4094,99,99,8,6,5,11795
2026-08-18,vrs26_gads_discovery_feed_natl,discovery,Bengaluru,987.04,3173,65,65,7,4,2,3998
2026-08-18,vrs26_gads_discovery_feed_natl,discovery,Hyderabad,622.83,2167,35,35,5,2,2,1598
2026-08-18,vrs26_gads_discovery_feed_natl,discovery,Pune,452.18,1533,34,34,6,4,3,4097
2026-08-18,vrs26_gads_discovery_feed_natl,discovery,Chennai,450.57,1395,29,29,5,2,1,799
2026-08-18,vrs26_gads_search_corp_hyd,search_generic,Mumbai,214.11,746,14,14,4,2,1,1999
2026-08-18,vrs26_gads_search_corp_hyd,search_generic,Delhi NCR,167.39,530,8,8,2,0,0,0
2026-08-18,vrs26_gads_search_corp_hyd,search_generic,Bengaluru,166.22,585,10,10,4,0,0,0
2026-08-18,vrs26_gads_search_corp_hyd,search_generic,Hyderabad,2617.81,9425,188,188,36,21,9,15890
2026-08-18,vrs26_gads_search_corp_hyd,search_generic,Pune,90.85,314,8,8,2,1,1,799
2026-08-18,vrs26_gads_search_corp_hyd,search_generic,Chennai,54.24,186,7,7,2,1,0,0
2026-08-19,vrs26_gads_search_brand_natl,search_brand,Mumbai,2925.47,8717,189,189,61,45,30,52370
2026-08-19,vrs26_gads_search_brand_natl,search_brand,Delhi NCR,2625.23,8055,135,135,55,39,24,49976
2026-08-19,vrs26_gads_search_brand_natl,search_brand,Bengaluru,2610.93,7185,143,143,48,27,9,21291
2026-08-19,vrs26_gads_search_brand_natl,search_brand,Hyderabad,1756.97,5193,103,103,47,28,18,32982
2026-08-19,vrs26_gads_search_brand_natl,search_brand,Pune,998.9,3047,53,53,19,10,6,14193
2026-08-19,vrs26_gads_search_brand_natl,search_brand,Chennai,801.89,2526,61,61,25,16,11,15188
2026-08-19,vrs26_gads_search_generic_marathon_natl,search_generic,Mumbai,4229.18,12606,260,260,46,29,16,28582
2026-08-19,vrs26_gads_search_generic_marathon_natl,search_generic,Delhi NCR,3727.61,11270,203,203,32,17,11,19288
2026-08-19,vrs26_gads_search_generic_marathon_natl,search_generic,Bengaluru,3307.8,9678,197,197,42,27,18,32682
2026-08-19,vrs26_gads_search_generic_marathon_natl,search_generic,Hyderabad,2379.66,7325,142,142,33,19,9,20491
2026-08-19,vrs26_gads_search_generic_marathon_natl,search_generic,Pune,1849.95,5204,114,114,26,16,10,27289
2026-08-19,vrs26_gads_search_generic_marathon_natl,search_generic,Chennai,1634.13,5187,104,104,20,13,7,13192
2026-08-19,vrs26_gads_search_generic_10k_natl,search_generic,Mumbai,2652.37,7995,119,119,21,10,9,18491
2026-08-19,vrs26_gads_search_generic_10k_natl,search_generic,Delhi NCR,2310.27,7735,208,208,46,23,12,15888
2026-08-19,vrs26_gads_search_generic_10k_natl,search_generic,Bengaluru,2193.07,6292,141,141,23,15,7,13693
2026-08-19,vrs26_gads_search_generic_10k_natl,search_generic,Hyderabad,1674.96,4930,94,94,17,11,8,21491
2026-08-19,vrs26_gads_search_generic_10k_natl,search_generic,Pune,1102.24,3389,67,67,3,2,2,1598
2026-08-19,vrs26_gads_search_generic_10k_natl,search_generic,Chennai,884.99,2319,30,30,5,4,2,7298
2026-08-19,vrs26_gads_pmax_all_natl,pmax,Mumbai,3961.9,12521,220,220,47,25,16,35384
2026-08-19,vrs26_gads_pmax_all_natl,pmax,Delhi NCR,3670.83,12742,288,288,49,27,16,20684
2026-08-19,vrs26_gads_pmax_all_natl,pmax,Bengaluru,3960.03,11733,182,182,19,9,6,7894
2026-08-19,vrs26_gads_pmax_all_natl,pmax,Hyderabad,1807.86,5323,89,89,14,2,0,0
2026-08-19,vrs26_gads_pmax_all_natl,pmax,Pune,1674.52,5264,162,162,19,12,5,8395
2026-08-19,vrs26_gads_pmax_all_natl,pmax,Chennai,1377.07,4042,88,88,17,8,4,5296
2026-08-19,vrs26_gads_pmax_mum,pmax,Mumbai,7401.51,23829,657,657,105,53,30,48669
2026-08-19,vrs26_gads_pmax_mum,pmax,Delhi NCR,506.15,1660,25,25,6,4,2,2798
2026-08-19,vrs26_gads_pmax_mum,pmax,Bengaluru,320.37,949,24,24,5,3,1,799
2026-08-19,vrs26_gads_pmax_mum,pmax,Hyderabad,262.03,829,23,23,2,0,0,0
2026-08-19,vrs26_gads_pmax_mum,pmax,Pune,185.65,630,10,10,1,0,0,0
2026-08-19,vrs26_gads_pmax_mum,pmax,Chennai,113.83,413,10,10,3,3,1,1299
2026-08-19,vrs26_gads_pmax_blr,pmax,Mumbai,525.66,1393,28,28,9,6,3,5097
2026-08-19,vrs26_gads_pmax_blr,pmax,Delhi NCR,449.23,1557,44,44,9,7,3,3097
2026-08-19,vrs26_gads_pmax_blr,pmax,Bengaluru,5921.85,19440,437,437,73,43,27,51870
2026-08-19,vrs26_gads_pmax_blr,pmax,Hyderabad,354.6,1162,20,20,1,0,0,0
2026-08-19,vrs26_gads_pmax_blr,pmax,Pune,217.3,732,7,7,2,0,0,0
2026-08-19,vrs26_gads_pmax_blr,pmax,Chennai,194.03,664,11,11,2,2,2,7298
2026-08-19,vrs26_gads_display_remarketing_natl,display,Mumbai,1965.58,6310,173,173,20,11,4,11596
2026-08-19,vrs26_gads_display_remarketing_natl,display,Delhi NCR,1769.9,5192,112,112,18,6,1,499
2026-08-19,vrs26_gads_display_remarketing_natl,display,Bengaluru,1912.55,5616,121,121,10,6,3,7296
2026-08-19,vrs26_gads_display_remarketing_natl,display,Hyderabad,1117.88,3469,87,87,10,3,1,2999
2026-08-19,vrs26_gads_display_remarketing_natl,display,Pune,753.23,2433,52,52,6,2,0,0
2026-08-19,vrs26_gads_display_remarketing_natl,display,Chennai,594.28,1641,31,31,3,1,0,0
2026-08-19,vrs26_gads_yt_instream_natl,youtube,Mumbai,2721.1,8020,142,142,6,3,1,1999
2026-08-19,vrs26_gads_yt_instream_natl,youtube,Delhi NCR,2155.37,7139,131,131,15,7,6,14693
2026-08-19,vrs26_gads_yt_instream_natl,youtube,Bengaluru,1902.77,5921,153,153,15,12,7,8592
2026-08-19,vrs26_gads_yt_instream_natl,youtube,Hyderabad,1450.98,3845,71,71,2,1,1,799
2026-08-19,vrs26_gads_yt_instream_natl,youtube,Pune,928.06,2755,58,58,8,6,3,6096
2026-08-19,vrs26_gads_yt_instream_natl,youtube,Chennai,758.11,2558,58,58,5,4,2,7798
2026-08-19,vrs26_gads_yt_shorts_natl,youtube,Mumbai,1741.36,4866,86,86,7,3,2,4998
2026-08-19,vrs26_gads_yt_shorts_natl,youtube,Delhi NCR,1321.76,4404,84,84,9,5,2,1798
2026-08-19,vrs26_gads_yt_shorts_natl,youtube,Bengaluru,1244.83,3534,78,78,10,3,2,998
2026-08-19,vrs26_gads_yt_shorts_natl,youtube,Hyderabad,915.73,3029,50,50,6,3,2,2598
2026-08-19,vrs26_gads_yt_shorts_natl,youtube,Pune,586.78,1787,31,31,3,1,1,1999
2026-08-19,vrs26_gads_yt_shorts_natl,youtube,Chennai,499.96,1368,25,25,2,1,1,2999
2026-08-19,vrs26_gads_search_competitor_natl,search_generic,Mumbai,1352.34,4230,87,87,10,5,3,3597
2026-08-19,vrs26_gads_search_competitor_natl,search_generic,Delhi NCR,1193.36,3497,75,75,8,4,1,499
2026-08-19,vrs26_gads_search_competitor_natl,search_generic,Bengaluru,1170.69,3552,69,69,8,5,2,4298
2026-08-19,vrs26_gads_search_competitor_natl,search_generic,Hyderabad,752.92,2487,59,59,7,2,1,799
2026-08-19,vrs26_gads_search_competitor_natl,search_generic,Pune,534.9,1732,17,17,1,1,1,799
2026-08-19,vrs26_gads_search_competitor_natl,search_generic,Chennai,404.75,1142,28,28,5,4,4,7096
2026-08-19,vrs26_gads_discovery_feed_natl,discovery,Mumbai,1479.81,4606,118,118,14,7,3,7096
2026-08-19,vrs26_gads_discovery_feed_natl,discovery,Delhi NCR,1302.13,3659,70,70,15,8,2,2098
2026-08-19,vrs26_gads_discovery_feed_natl,discovery,Bengaluru,1149.02,3363,55,55,6,1,0,0
2026-08-19,vrs26_gads_discovery_feed_natl,discovery,Hyderabad,959.44,3229,54,54,7,3,2,2498
2026-08-19,vrs26_gads_discovery_feed_natl,discovery,Pune,631.13,2095,41,41,2,2,2,6596
2026-08-19,vrs26_gads_discovery_feed_natl,discovery,Chennai,563.54,1546,35,35,3,0,0,0
2026-08-19,vrs26_gads_search_corp_hyd,search_generic,Mumbai,219.01,696,7,7,0,0,0,0
2026-08-19,vrs26_gads_search_corp_hyd,search_generic,Delhi NCR,171.07,477,6,6,1,0,0,0
2026-08-19,vrs26_gads_search_corp_hyd,search_generic,Bengaluru,197.5,635,19,19,6,4,4,5396
2026-08-19,vrs26_gads_search_corp_hyd,search_generic,Hyderabad,3509.95,13339,244,244,50,33,19,37979
2026-08-19,vrs26_gads_search_corp_hyd,search_generic,Pune,97.82,291,8,8,4,3,0,0
2026-08-19,vrs26_gads_search_corp_hyd,search_generic,Chennai,86.73,243,7,7,4,1,1,1299
