date,campaign_name,audience,objective,city,spend,impressions,clicks,landed,lead_submitted,pay_now_attempt,conversions,gtv
2026-04-06,vrs26_li_corp_challenge_natl,corporate_wellness,corporate,Mumbai,4802.64,9994,52,52,4,1,1,799
2026-04-06,vrs26_li_corp_challenge_natl,corporate_wellness,corporate,Delhi NCR,3771.58,6768,28,28,3,2,0,0
2026-04-06,vrs26_li_corp_challenge_natl,corporate_wellness,corporate,Bengaluru,3244.64,5102,23,23,0,0,0,0
2026-04-06,vrs26_li_corp_challenge_natl,corporate_wellness,corporate,Hyderabad,2361.16,4670,38,38,0,0,0,0
2026-04-06,vrs26_li_corp_challenge_natl,corporate_wellness,corporate,Pune,1791.28,4354,22,22,0,0,0,0
2026-04-06,vrs26_li_corp_challenge_natl,corporate_wellness,corporate,Chennai,1652,4023,17,17,2,1,1,799
2026-04-06,vrs26_li_sponsored_brand_natl,hr_decision_makers,brand,Mumbai,1486.1,3294,28,28,1,0,0,0
2026-04-06,vrs26_li_sponsored_brand_natl,hr_decision_makers,brand,Delhi NCR,1144.53,2346,12,12,0,0,0,0
2026-04-06,vrs26_li_sponsored_brand_natl,hr_decision_makers,brand,Bengaluru,1094.49,2709,23,23,1,1,0,0
2026-04-06,vrs26_li_sponsored_brand_natl,hr_decision_makers,brand,Hyderabad,930.59,2386,15,15,1,0,0,0
2026-04-06,vrs26_li_sponsored_brand_natl,hr_decision_makers,brand,Pune,563.45,1112,6,6,0,0,0,0
2026-04-06,vrs26_li_sponsored_brand_natl,hr_decision_makers,brand,Chennai,445.48,886,3,3,1,0,0,0
2026-04-06,vrs26_li_sponsored_brand_natl,senior_management,brand,Mumbai,1416.71,2870,26,26,0,0,0,0
2026-04-06,vrs26_li_sponsored_brand_natl,senior_management,brand,Delhi NCR,1220.66,2214,19,19,2,1,1,6499
2026-04-06,vrs26_li_sponsored_brand_natl,senior_management,brand,Bengaluru,1261.1,2833,18,18,3,1,1,1299
2026-04-06,vrs26_li_sponsored_brand_natl,senior_management,brand,Hyderabad,780.95,1489,3,3,1,1,0,0
2026-04-06,vrs26_li_sponsored_brand_natl,senior_management,brand,Pune,524.57,1122,6,6,0,0,0,0
2026-04-06,vrs26_li_sponsored_brand_natl,senior_management,brand,Chennai,460.64,946,6,6,0,0,0,0
2026-04-07,vrs26_li_corp_challenge_natl,hr_decision_makers,corporate,Mumbai,1312.09,2993,27,27,1,0,0,0
2026-04-07,vrs26_li_corp_challenge_natl,hr_decision_makers,corporate,Delhi NCR,1031.39,2021,11,11,0,0,0,0
2026-04-07,vrs26_li_corp_challenge_natl,hr_decision_makers,corporate,Bengaluru,958.46,2228,18,18,1,0,0,0
2026-04-07,vrs26_li_corp_challenge_natl,hr_decision_makers,corporate,Hyderabad,807.67,1345,10,10,1,0,0,0
2026-04-07,vrs26_li_corp_challenge_natl,hr_decision_makers,corporate,Pune,528.81,1217,14,14,0,0,0,0
2026-04-07,vrs26_li_corp_challenge_natl,hr_decision_makers,corporate,Chennai,423.34,977,7,7,1,0,0,0
2026-04-07,vrs26_li_corp_challenge_natl,fitness_enthusiasts,corporate,Mumbai,1278.63,2471,16,16,2,1,1,1299
2026-04-07,vrs26_li_corp_challenge_natl,fitness_enthusiasts,corporate,Delhi NCR,1106.53,2732,16,16,3,1,1,1999
2026-04-07,vrs26_li_corp_challenge_natl,fitness_enthusiasts,corporate,Bengaluru,1044.93,2504,8,8,2,1,0,0
2026-04-07,vrs26_li_corp_challenge_natl,fitness_enthusiasts,corporate,Hyderabad,690.71,1248,4,4,0,0,0,0
2026-04-07,vrs26_li_corp_challenge_natl,fitness_enthusiasts,corporate,Pune,496.81,957,8,8,2,0,0,0
2026-04-07,vrs26_li_corp_challenge_natl,fitness_enthusiasts,corporate,Chennai,444.14,739,2,2,0,0,0,0
2026-04-07,vrs26_li_corp_challenge_natl,running_clubs,corporate,Mumbai,1448.6,2960,22,22,0,0,0,0
2026-04-07,vrs26_li_corp_challenge_natl,running_clubs,corporate,Delhi NCR,1054.42,2473,9,9,2,2,2,8297
2026-04-07,vrs26_li_corp_challenge_natl,running_clubs,corporate,Bengaluru,932.93,2149,17,17,1,1,0,0
2026-04-07,vrs26_li_corp_challenge_natl,running_clubs,corporate,Hyderabad,795.13,1760,8,8,0,0,0,0
2026-04-07,vrs26_li_corp_challenge_natl,running_clubs,corporate,Pune,487.4,1096,6,6,0,0,0,0
2026-04-07,vrs26_li_corp_challenge_natl,running_clubs,corporate,Chennai,343.29,680,4,4,1,0,0,0
2026-04-07,vrs26_li_sponsored_brand_natl,corporate_wellness,brand,Mumbai,705.93,1653,13,13,1,0,0,0
2026-04-07,vrs26_li_sponsored_brand_natl,corporate_wellness,brand,Delhi NCR,854.92,1858,13,13,1,0,0,0
2026-04-07,vrs26_li_sponsored_brand_natl,corporate_wellness,brand,Bengaluru,652.26,1751,7,7,0,0,0,0
2026-04-07,vrs26_li_sponsored_brand_natl,corporate_wellness,brand,Hyderabad,438.57,1039,7,7,0,0,0,0
2026-04-07,vrs26_li_sponsored_brand_natl,corporate_wellness,brand,Pune,348.23,624,4,4,0,0,0,0
2026-04-07,vrs26_li_sponsored_brand_natl,corporate_wellness,brand,Chennai,254.07,509,2,2,0,0,0,0
2026-04-07,vrs26_li_sponsored_brand_natl,fitness_enthusiasts,brand,Mumbai,778.54,1956,17,17,1,1,0,0
2026-04-07,vrs26_li_sponsored_brand_natl,fitness_enthusiasts,brand,Delhi NCR,850.61,1635,10,10,1,0,0,0
2026-04-07,vrs26_li_sponsored_brand_natl,fitness_enthusiasts,brand,Bengaluru,611.59,1221,9,9,1,0,0,0
2026-04-07,vrs26_li_sponsored_brand_natl,fitness_enthusiasts,brand,Hyderabad,492.18,917,5,5,1,0,0,0
2026-04-07,vrs26_li_sponsored_brand_natl,fitness_enthusiasts,brand,Pune,254.18,607,6,6,0,0,0,0
2026-04-07,vrs26_li_sponsored_brand_natl,fitness_enthusiasts,brand,Chennai,266.89,576,0,0,0,0,0,0
2026-04-07,vrs26_li_sponsored_brand_natl,senior_management,brand,Mumbai,760.31,1421,8,8,0,0,0,0
2026-04-07,vrs26_li_sponsored_brand_natl,senior_management,brand,Delhi NCR,728.89,1636,11,11,2,0,0,0
2026-04-07,vrs26_li_sponsored_brand_natl,senior_management,brand,Bengaluru,719.47,1383,14,14,1,0,0,0
2026-04-07,vrs26_li_sponsored_brand_natl,senior_management,brand,Hyderabad,517.75,971,4,4,0,0,0,0
2026-04-07,vrs26_li_sponsored_brand_natl,senior_management,brand,Pune,289.15,657,5,5,0,0,0,0
2026-04-07,vrs26_li_sponsored_brand_natl,senior_management,brand,Chennai,238.42,559,1,1,1,0,0,0
2026-04-08,vrs26_li_corp_challenge_natl,fitness_enthusiasts,corporate,Mumbai,1553.4,2901,13,13,0,0,0,0
2026-04-08,vrs26_li_corp_challenge_natl,fitness_enthusiasts,corporate,Delhi NCR,1472.16,2935,21,21,0,0,0,0
2026-04-08,vrs26_li_corp_challenge_natl,fitness_enthusiasts,corporate,Bengaluru,1254.88,3150,17,17,0,0,0,0
2026-04-08,vrs26_li_corp_challenge_natl,fitness_enthusiasts,corporate,Hyderabad,1137.98,2315,12,12,2,1,1,1999
2026-04-08,vrs26_li_corp_challenge_natl,fitness_enthusiasts,corporate,Pune,776.03,1463,15,15,0,0,0,0
2026-04-08,vrs26_li_corp_challenge_natl,fitness_enthusiasts,corporate,Chennai,516.02,1018,7,7,0,0,0,0
2026-04-08,vrs26_li_corp_challenge_natl,running_clubs,corporate,Mumbai,1915.17,3412,20,20,2,1,1,1299
2026-04-08,vrs26_li_corp_challenge_natl,running_clubs,corporate,Delhi NCR,1471.68,3388,20,20,1,1,0,0
2026-04-08,vrs26_li_corp_challenge_natl,running_clubs,corporate,Bengaluru,1311.05,2419,18,18,0,0,0,0
2026-04-08,vrs26_li_corp_challenge_natl,running_clubs,corporate,Hyderabad,902.89,1869,5,5,0,0,0,0
2026-04-08,vrs26_li_corp_challenge_natl,running_clubs,corporate,Pune,691.27,1494,5,5,0,0,0,0
2026-04-08,vrs26_li_corp_challenge_natl,running_clubs,corporate,Chennai,418.42,990,2,2,0,0,0,0
2026-04-08,vrs26_li_corp_challenge_natl,senior_management,corporate,Mumbai,1854.2,3804,19,19,2,1,0,0
2026-04-08,vrs26_li_corp_challenge_natl,senior_management,corporate,Delhi NCR,1460.65,3300,30,30,2,0,0,0
2026-04-08,vrs26_li_corp_challenge_natl,senior_management,corporate,Bengaluru,1264.01,2281,14,14,2,0,0,0
2026-04-08,vrs26_li_corp_challenge_natl,senior_management,corporate,Hyderabad,1014.2,2010,6,6,0,0,0,0
2026-04-08,vrs26_li_corp_challenge_natl,senior_management,corporate,Pune,629.17,1072,7,7,0,0,0,0
2026-04-08,vrs26_li_corp_challenge_natl,senior_management,corporate,Chennai,488.24,935,3,3,1,1,0,0
2026-04-08,vrs26_li_sponsored_brand_natl,corporate_wellness,brand,Mumbai,1149.36,2486,18,18,0,0,0,0
2026-04-08,vrs26_li_sponsored_brand_natl,corporate_wellness,brand,Delhi NCR,1038.24,2409,17,17,1,1,0,0
2026-04-08,vrs26_li_sponsored_brand_natl,corporate_wellness,brand,Bengaluru,831.62,1732,9,9,2,0,0,0
2026-04-08,vrs26_li_sponsored_brand_natl,corporate_wellness,brand,Hyderabad,586.18,1084,4,4,0,0,0,0
2026-04-08,vrs26_li_sponsored_brand_natl,corporate_wellness,brand,Pune,391.1,811,5,5,0,0,0,0
2026-04-08,vrs26_li_sponsored_brand_natl,corporate_wellness,brand,Chennai,317.37,582,4,4,1,0,0,0
2026-04-08,vrs26_li_sponsored_brand_natl,running_clubs,brand,Mumbai,1165.55,2426,18,18,3,1,0,0
2026-04-08,vrs26_li_sponsored_brand_natl,running_clubs,brand,Delhi NCR,891.4,2102,19,19,2,0,0,0
2026-04-08,vrs26_li_sponsored_brand_natl,running_clubs,brand,Bengaluru,805.41,1441,9,9,0,0,0,0
2026-04-08,vrs26_li_sponsored_brand_natl,running_clubs,brand,Hyderabad,699.11,1448,5,5,1,1,1,499
2026-04-08,vrs26_li_sponsored_brand_natl,running_clubs,brand,Pune,406.44,882,8,8,1,1,0,0
2026-04-08,vrs26_li_sponsored_brand_natl,running_clubs,brand,Chennai,345.97,749,6,6,1,1,0,0
2026-04-08,vrs26_li_sponsored_brand_natl,senior_management,brand,Mumbai,1126.06,2128,12,12,1,1,1,1999
2026-04-08,vrs26_li_sponsored_brand_natl,senior_management,brand,Delhi NCR,899.75,1795,16,16,1,0,0,0
2026-04-08,vrs26_li_sponsored_brand_natl,senior_management,brand,Bengaluru,862.82,1629,20,20,1,0,0,0
2026-04-08,vrs26_li_sponsored_brand_natl,senior_management,brand,Hyderabad,636.99,1480,2,2,1,0,0,0
2026-04-08,vrs26_li_sponsored_brand_natl,senior_management,brand,Pune,420.9,872,5,5,0,0,0,0
2026-04-08,vrs26_li_sponsored_brand_natl,senior_management,brand,Chennai,367.35,800,3,3,0,0,0,0
2026-04-09,vrs26_li_corp_challenge_natl,corporate_wellness,corporate,Mumbai,2918.79,5238,29,29,2,0,0,0
2026-04-09,vrs26_li_corp_challenge_natl,corporate_wellness,corporate,Delhi NCR,2444.04,5195,45,45,4,0,0,0
2026-04-09,vrs26_li_corp_challenge_natl,corporate_wellness,corporate,Bengaluru,2719.18,5255,40,40,3,1,1,1299
2026-04-09,vrs26_li_corp_challenge_natl,corporate_wellness,corporate,Hyderabad,1629.19,3661,32,32,2,0,0,0
2026-04-09,vrs26_li_corp_challenge_natl,corporate_wellness,corporate,Pune,1066.85,2221,12,12,0,0,0,0
2026-04-09,vrs26_li_corp_challenge_natl,corporate_wellness,corporate,Chennai,968.42,1962,9,9,0,0,0,0
2026-04-09,vrs26_li_corp_challenge_natl,fitness_enthusiasts,corporate,Mumbai,3177.96,7561,58,58,3,1,1,1299
2026-04-09,vrs26_li_corp_challenge_natl,fitness_enthusiasts,corporate,Delhi NCR,2671.44,5692,39,39,3,2,1,1999
2026-04-09,vrs26_li_corp_challenge_natl,fitness_enthusiasts,corporate,Bengaluru,2308.92,4461,18,18,2,1,1,799
2026-04-09,vrs26_li_corp_challenge_natl,fitness_enthusiasts,corporate,Hyderabad,1523.46,3371,33,33,3,1,0,0
2026-04-09,vrs26_li_corp_challenge_natl,fitness_enthusiasts,corporate,Pune,1179.41,2674,21,21,1,1,0,0
2026-04-09,vrs26_li_corp_challenge_natl,fitness_enthusiasts,corporate,Chennai,885.29,1743,18,18,2,0,0,0
2026-04-09,vrs26_li_sponsored_brand_natl,corporate_wellness,brand,Mumbai,1514.33,2999,10,10,1,1,1,1299
2026-04-09,vrs26_li_sponsored_brand_natl,corporate_wellness,brand,Delhi NCR,1085.91,2525,13,13,3,1,1,1999
2026-04-09,vrs26_li_sponsored_brand_natl,corporate_wellness,brand,Bengaluru,946.55,1890,13,13,1,0,0,0
2026-04-09,vrs26_li_sponsored_brand_natl,corporate_wellness,brand,Hyderabad,609.02,1259,8,8,0,0,0,0
2026-04-09,vrs26_li_sponsored_brand_natl,corporate_wellness,brand,Pune,461.23,1111,7,7,0,0,0,0
2026-04-09,vrs26_li_sponsored_brand_natl,corporate_wellness,brand,Chennai,417.17,964,2,2,0,0,0,0
2026-04-09,vrs26_li_sponsored_brand_natl,fitness_enthusiasts,brand,Mumbai,1311.81,2610,20,20,2,0,0,0
2026-04-09,vrs26_li_sponsored_brand_natl,fitness_enthusiasts,brand,Delhi NCR,1105.49,2304,10,10,0,0,0,0
2026-04-09,vrs26_li_sponsored_brand_natl,fitness_enthusiasts,brand,Bengaluru,970.79,1738,11,11,0,0,0,0
2026-04-09,vrs26_li_sponsored_brand_natl,fitness_enthusiasts,brand,Hyderabad,646.94,1380,10,10,0,0,0,0
2026-04-09,vrs26_li_sponsored_brand_natl,fitness_enthusiasts,brand,Pune,571.6,993,4,4,0,0,0,0
2026-04-09,vrs26_li_sponsored_brand_natl,fitness_enthusiasts,brand,Chennai,427.58,788,4,4,0,0,0,0
2026-04-09,vrs26_li_sponsored_brand_natl,senior_management,brand,Mumbai,1138.94,2117,9,9,1,1,0,0
2026-04-09,vrs26_li_sponsored_brand_natl,senior_management,brand,Delhi NCR,1153.76,2265,16,16,1,0,0,0
2026-04-09,vrs26_li_sponsored_brand_natl,senior_management,brand,Bengaluru,960.82,2119,10,10,0,0,0,0
2026-04-09,vrs26_li_sponsored_brand_natl,senior_management,brand,Hyderabad,761.04,1683,11,11,0,0,0,0
2026-04-09,vrs26_li_sponsored_brand_natl,senior_management,brand,Pune,524.77,1023,7,7,0,0,0,0
2026-04-09,vrs26_li_sponsored_brand_natl,senior_management,brand,Chennai,494.88,1153,10,10,0,0,0,0
2026-04-10,vrs26_li_corp_challenge_natl,hr_decision_makers,corporate,Mumbai,1338.42,2509,14,14,0,0,0,0
2026-04-10,vrs26_li_corp_challenge_natl,hr_decision_makers,corporate,Delhi NCR,1447.89,3232,13,13,0,0,0,0
2026-04-10,vrs26_li_corp_challenge_natl,hr_decision_makers,corporate,Bengaluru,1331.58,2807,23,23,2,1,1,2999
2026-04-10,vrs26_li_corp_challenge_natl,hr_decision_makers,corporate,Hyderabad,1043.12,2408,17,17,0,0,0,0
2026-04-10,vrs26_li_corp_challenge_natl,hr_decision_makers,corporate,Pune,612.57,1312,14,14,3,0,0,0
2026-04-10,vrs26_li_corp_challenge_natl,hr_decision_makers,corporate,Chennai,512.04,1189,11,11,1,1,1,1999
2026-04-10,vrs26_li_corp_challenge_natl,fitness_enthusiasts,corporate,Mumbai,1575.9,3869,20,20,0,0,0,0
2026-04-10,vrs26_li_corp_challenge_natl,fitness_enthusiasts,corporate,Delhi NCR,1342.81,2952,20,20,0,0,0,0
2026-04-10,vrs26_li_corp_challenge_natl,fitness_enthusiasts,corporate,Bengaluru,1273.7,2438,13,13,1,1,1,1999
2026-04-10,vrs26_li_corp_challenge_natl,fitness_enthusiasts,corporate,Hyderabad,972.35,2210,14,14,0,0,0,0
2026-04-10,vrs26_li_corp_challenge_natl,fitness_enthusiasts,corporate,Pune,580.89,1110,4,4,0,0,0,0
2026-04-10,vrs26_li_corp_challenge_natl,fitness_enthusiasts,corporate,Chennai,539.97,1307,6,6,1,0,0,0
2026-04-10,vrs26_li_corp_challenge_natl,running_clubs,corporate,Mumbai,1261.03,2925,13,13,0,0,0,0
2026-04-10,vrs26_li_corp_challenge_natl,running_clubs,corporate,Delhi NCR,1546.78,3176,14,14,1,1,0,0
2026-04-10,vrs26_li_corp_challenge_natl,running_clubs,corporate,Bengaluru,1237.43,2617,16,16,1,0,0,0
2026-04-10,vrs26_li_corp_challenge_natl,running_clubs,corporate,Hyderabad,1016.8,2185,8,8,1,1,0,0
2026-04-10,vrs26_li_corp_challenge_natl,running_clubs,corporate,Pune,680.46,1862,9,9,1,1,1,6499
2026-04-10,vrs26_li_corp_challenge_natl,running_clubs,corporate,Chennai,543.12,1315,7,7,2,0,0,0
2026-04-10,vrs26_li_sponsored_brand_natl,hr_decision_makers,brand,Mumbai,1017.19,2292,15,15,2,0,0,0
2026-04-10,vrs26_li_sponsored_brand_natl,hr_decision_makers,brand,Delhi NCR,924.39,1810,17,17,1,0,0,0
2026-04-10,vrs26_li_sponsored_brand_natl,hr_decision_makers,brand,Bengaluru,793.93,1893,11,11,0,0,0,0
2026-04-10,vrs26_li_sponsored_brand_natl,hr_decision_makers,brand,Hyderabad,496.16,1169,6,6,1,0,0,0
2026-04-10,vrs26_li_sponsored_brand_natl,hr_decision_makers,brand,Pune,446.78,859,5,5,0,0,0,0
2026-04-10,vrs26_li_sponsored_brand_natl,hr_decision_makers,brand,Chennai,362.3,710,5,5,0,0,0,0
2026-04-10,vrs26_li_sponsored_brand_natl,corporate_wellness,brand,Mumbai,1092.93,2165,16,16,2,1,0,0
2026-04-10,vrs26_li_sponsored_brand_natl,corporate_wellness,brand,Delhi NCR,973.45,1727,4,4,1,1,1,799
2026-04-10,vrs26_li_sponsored_brand_natl,corporate_wellness,brand,Bengaluru,788.8,1698,7,7,0,0,0,0
2026-04-10,vrs26_li_sponsored_brand_natl,corporate_wellness,brand,Hyderabad,469.08,854,5,5,0,0,0,0
2026-04-10,vrs26_li_sponsored_brand_natl,corporate_wellness,brand,Pune,365.91,682,4,4,0,0,0,0
2026-04-10,vrs26_li_sponsored_brand_natl,corporate_wellness,brand,Chennai,350.58,759,3,3,0,0,0,0
2026-04-10,vrs26_li_sponsored_brand_natl,fitness_enthusiasts,brand,Mumbai,960.74,1889,16,16,0,0,0,0
2026-04-10,vrs26_li_sponsored_brand_natl,fitness_enthusiasts,brand,Delhi NCR,873.61,1959,7,7,1,0,0,0
2026-04-10,vrs26_li_sponsored_brand_natl,fitness_enthusiasts,brand,Bengaluru,865.76,1745,13,13,1,0,0,0
2026-04-10,vrs26_li_sponsored_brand_natl,fitness_enthusiasts,brand,Hyderabad,650.97,1327,6,6,0,0,0,0
2026-04-10,vrs26_li_sponsored_brand_natl,fitness_enthusiasts,brand,Pune,348.63,688,5,5,1,0,0,0
2026-04-10,vrs26_li_sponsored_brand_natl,fitness_enthusiasts,brand,Chennai,341.05,696,5,5,0,0,0,0
2026-04-11,vrs26_li_corp_challenge_natl,hr_decision_makers,corporate,Mumbai,1395.26,2567,20,20,1,0,0,0
2026-04-11,vrs26_li_corp_challenge_natl,hr_decision_makers,corporate,Delhi NCR,1111.48,2181,5,5,0,0,0,0
2026-04-11,vrs26_li_corp_challenge_natl,hr_decision_makers,corporate,Bengaluru,918.82,2076,13,13,1,1,1,499
2026-04-11,vrs26_li_corp_challenge_natl,hr_decision_makers,corporate,Hyderabad,625.12,1392,10,10,0,0,0,0
2026-04-11,vrs26_li_corp_challenge_natl,hr_decision_makers,corporate,Pune,378.34,786,8,8,0,0,0,0
2026-04-11,vrs26_li_corp_challenge_natl,hr_decision_makers,corporate,Chennai,403.22,683,4,4,1,0,0,0
2026-04-11,vrs26_li_corp_challenge_natl,corporate_wellness,corporate,Mumbai,1411.52,2931,10,10,2,0,0,0
2026-04-11,vrs26_li_corp_challenge_natl,corporate_wellness,corporate,Delhi NCR,999.78,1957,8,8,0,0,0,0
2026-04-11,vrs26_li_corp_challenge_natl,corporate_wellness,corporate,Bengaluru,889.79,1590,14,14,1,0,0,0
2026-04-11,vrs26_li_corp_challenge_natl,corporate_wellness,corporate,Hyderabad,713.39,1352,5,5,0,0,0,0
2026-04-11,vrs26_li_corp_challenge_natl,corporate_wellness,corporate,Pune,442.5,950,2,2,0,0,0,0
2026-04-11,vrs26_li_corp_challenge_natl,corporate_wellness,corporate,Chennai,375.27,820,8,8,0,0,0,0
2026-04-11,vrs26_li_corp_challenge_natl,fitness_enthusiasts,corporate,Mumbai,1272.55,2261,16,16,2,1,1,2598
2026-04-11,vrs26_li_corp_challenge_natl,fitness_enthusiasts,corporate,Delhi NCR,935.22,2163,14,14,1,0,0,0
2026-04-11,vrs26_li_corp_challenge_natl,fitness_enthusiasts,corporate,Bengaluru,988.74,2057,11,11,0,0,0,0
2026-04-11,vrs26_li_corp_challenge_natl,fitness_enthusiasts,corporate,Hyderabad,798.98,1426,11,11,3,2,1,1999
2026-04-11,vrs26_li_corp_challenge_natl,fitness_enthusiasts,corporate,Pune,491.12,855,6,6,1,0,0,0
2026-04-11,vrs26_li_corp_challenge_natl,fitness_enthusiasts,corporate,Chennai,345.63,653,2,2,0,0,0,0
2026-04-11,vrs26_li_corp_challenge_natl,senior_management,corporate,Mumbai,1228.86,2737,26,26,2,1,1,2999
2026-04-11,vrs26_li_corp_challenge_natl,senior_management,corporate,Delhi NCR,1044.72,2069,13,13,1,0,0,0
2026-04-11,vrs26_li_corp_challenge_natl,senior_management,corporate,Bengaluru,1028.41,2317,15,15,0,0,0,0
2026-04-11,vrs26_li_corp_challenge_natl,senior_management,corporate,Hyderabad,707.58,1448,12,12,0,0,0,0
2026-04-11,vrs26_li_corp_challenge_natl,senior_management,corporate,Pune,510.61,854,8,8,0,0,0,0
2026-04-11,vrs26_li_corp_challenge_natl,senior_management,corporate,Chennai,312.08,672,5,5,1,0,0,0
2026-04-11,vrs26_li_sponsored_brand_natl,hr_decision_makers,brand,Mumbai,1126.59,2604,18,18,0,0,0,0
2026-04-11,vrs26_li_sponsored_brand_natl,hr_decision_makers,brand,Delhi NCR,816.5,1526,11,11,0,0,0,0
2026-04-11,vrs26_li_sponsored_brand_natl,hr_decision_makers,brand,Bengaluru,832.68,1663,7,7,0,0,0,0
2026-04-11,vrs26_li_sponsored_brand_natl,hr_decision_makers,brand,Hyderabad,601.73,1314,8,8,0,0,0,0
2026-04-11,vrs26_li_sponsored_brand_natl,hr_decision_makers,brand,Pune,369.33,679,7,7,1,0,0,0
2026-04-11,vrs26_li_sponsored_brand_natl,hr_decision_makers,brand,Chennai,395.11,773,4,4,1,1,0,0
2026-04-11,vrs26_li_sponsored_brand_natl,corporate_wellness,brand,Mumbai,1260.45,2755,21,21,0,0,0,0
2026-04-11,vrs26_li_sponsored_brand_natl,corporate_wellness,brand,Delhi NCR,760.19,1547,13,13,1,0,0,0
2026-04-11,vrs26_li_sponsored_brand_natl,corporate_wellness,brand,Bengaluru,808.44,1782,19,19,2,1,1,1999
2026-04-11,vrs26_li_sponsored_brand_natl,corporate_wellness,brand,Hyderabad,602.52,1373,7,7,0,0,0,0
2026-04-11,vrs26_li_sponsored_brand_natl,corporate_wellness,brand,Pune,363.22,750,7,7,1,1,0,0
2026-04-11,vrs26_li_sponsored_brand_natl,corporate_wellness,brand,Chennai,347.12,821,8,8,0,0,0,0
2026-04-11,vrs26_li_sponsored_brand_natl,fitness_enthusiasts,brand,Mumbai,1148.54,1949,13,13,1,1,1,1299
2026-04-11,vrs26_li_sponsored_brand_natl,fitness_enthusiasts,brand,Delhi NCR,834.44,1606,12,12,0,0,0,0
2026-04-11,vrs26_li_sponsored_brand_natl,fitness_enthusiasts,brand,Bengaluru,848.36,1782,12,12,0,0,0,0
2026-04-11,vrs26_li_sponsored_brand_natl,fitness_enthusiasts,brand,Hyderabad,623.94,1361,12,12,2,1,1,799
2026-04-11,vrs26_li_sponsored_brand_natl,fitness_enthusiasts,brand,Pune,345.43,660,7,7,0,0,0,0
2026-04-11,vrs26_li_sponsored_brand_natl,fitness_enthusiasts,brand,Chennai,341.22,653,1,1,1,0,0,0
2026-04-12,vrs26_li_corp_challenge_natl,hr_decision_makers,corporate,Mumbai,939.7,2214,21,21,1,1,0,0
2026-04-12,vrs26_li_corp_challenge_natl,hr_decision_makers,corporate,Delhi NCR,1114.34,2099,17,17,0,0,0,0
2026-04-12,vrs26_li_corp_challenge_natl,hr_decision_makers,corporate,Bengaluru,842.12,1795,15,15,0,0,0,0
2026-04-12,vrs26_li_corp_challenge_natl,hr_decision_makers,corporate,Hyderabad,573.89,1333,4,4,0,0,0,0
2026-04-12,vrs26_li_corp_challenge_natl,hr_decision_makers,corporate,Pune,480.51,1026,7,7,1,0,0,0
2026-04-12,vrs26_li_corp_challenge_natl,hr_decision_makers,corporate,Chennai,327.53,645,5,5,0,0,0,0
2026-04-12,vrs26_li_corp_challenge_natl,corporate_wellness,corporate,Mumbai,955.65,2072,10,10,0,0,0,0
2026-04-12,vrs26_li_corp_challenge_natl,corporate_wellness,corporate,Delhi NCR,962.86,1793,8,8,1,1,1,499
2026-04-12,vrs26_li_corp_challenge_natl,corporate_wellness,corporate,Bengaluru,876.67,2129,9,9,2,2,1,499
2026-04-12,vrs26_li_corp_challenge_natl,corporate_wellness,corporate,Hyderabad,627.74,1193,10,10,0,0,0,0
2026-04-12,vrs26_li_corp_challenge_natl,corporate_wellness,corporate,Pune,468.51,926,5,5,0,0,0,0
2026-04-12,vrs26_li_corp_challenge_natl,corporate_wellness,corporate,Chennai,386.66,763,7,7,0,0,0,0
2026-04-12,vrs26_li_corp_challenge_natl,running_clubs,corporate,Mumbai,1013.07,2045,7,7,2,0,0,0
2026-04-12,vrs26_li_corp_challenge_natl,running_clubs,corporate,Delhi NCR,998.21,2012,15,15,2,1,0,0
2026-04-12,vrs26_li_corp_challenge_natl,running_clubs,corporate,Bengaluru,895.1,1940,17,17,2,1,0,0
2026-04-12,vrs26_li_corp_challenge_natl,running_clubs,corporate,Hyderabad,524.43,1008,7,7,0,0,0,0
2026-04-12,vrs26_li_corp_challenge_natl,running_clubs,corporate,Pune,509.47,1186,9,9,0,0,0,0
2026-04-12,vrs26_li_corp_challenge_natl,running_clubs,corporate,Chennai,337.81,648,6,6,1,0,0,0
2026-04-12,vrs26_li_corp_challenge_natl,senior_management,corporate,Mumbai,900.26,2001,10,10,0,0,0,0
2026-04-12,vrs26_li_corp_challenge_natl,senior_management,corporate,Delhi NCR,992.91,2127,15,15,1,0,0,0
2026-04-12,vrs26_li_corp_challenge_natl,senior_management,corporate,Bengaluru,828.95,1734,8,8,1,1,1,2499
2026-04-12,vrs26_li_corp_challenge_natl,senior_management,corporate,Hyderabad,781.32,1926,9,9,0,0,0,0
2026-04-12,vrs26_li_corp_challenge_natl,senior_management,corporate,Pune,437.39,897,6,6,0,0,0,0
2026-04-12,vrs26_li_corp_challenge_natl,senior_management,corporate,Chennai,337.26,648,5,5,0,0,0,0
2026-04-12,vrs26_li_sponsored_brand_natl,corporate_wellness,brand,Mumbai,916.98,1941,8,8,0,0,0,0
2026-04-12,vrs26_li_sponsored_brand_natl,corporate_wellness,brand,Delhi NCR,821.44,1424,3,3,0,0,0,0
2026-04-12,vrs26_li_sponsored_brand_natl,corporate_wellness,brand,Bengaluru,765.17,1728,12,12,1,0,0,0
2026-04-12,vrs26_li_sponsored_brand_natl,corporate_wellness,brand,Hyderabad,412.66,857,5,5,1,1,1,1999
2026-04-12,vrs26_li_sponsored_brand_natl,corporate_wellness,brand,Pune,438.75,930,0,0,0,0,0,0
2026-04-12,vrs26_li_sponsored_brand_natl,corporate_wellness,brand,Chennai,311.93,691,8,8,0,0,0,0
2026-04-12,vrs26_li_sponsored_brand_natl,running_clubs,brand,Mumbai,985.75,1795,10,10,0,0,0,0
2026-04-12,vrs26_li_sponsored_brand_natl,running_clubs,brand,Delhi NCR,718.46,1331,10,10,1,1,0,0
2026-04-12,vrs26_li_sponsored_brand_natl,running_clubs,brand,Bengaluru,727.26,1591,7,7,0,0,0,0
2026-04-12,vrs26_li_sponsored_brand_natl,running_clubs,brand,Hyderabad,610.88,1327,14,14,4,2,1,799
2026-04-12,vrs26_li_sponsored_brand_natl,running_clubs,brand,Pune,332.65,730,5,5,0,0,0,0
2026-04-12,vrs26_li_sponsored_brand_natl,running_clubs,brand,Chennai,291.94,603,5,5,0,0,0,0
2026-04-12,vrs26_li_sponsored_brand_natl,senior_management,brand,Mumbai,850.22,1950,10,10,1,0,0,0
2026-04-12,vrs26_li_sponsored_brand_natl,senior_management,brand,Delhi NCR,750.4,1584,11,11,3,0,0,0
2026-04-12,vrs26_li_sponsored_brand_natl,senior_management,brand,Bengaluru,787.52,1990,19,19,0,0,0,0
2026-04-12,vrs26_li_sponsored_brand_natl,senior_management,brand,Hyderabad,607.44,1214,3,3,1,1,0,0
2026-04-12,vrs26_li_sponsored_brand_natl,senior_management,brand,Pune,363.49,773,3,3,0,0,0,0
2026-04-12,vrs26_li_sponsored_brand_natl,senior_management,brand,Chennai,307.86,502,2,2,0,0,0,0
2026-04-13,vrs26_li_corp_challenge_natl,hr_decision_makers,corporate,Mumbai,1783.06,3636,24,24,1,0,0,0
2026-04-13,vrs26_li_corp_challenge_natl,hr_decision_makers,corporate,Delhi NCR,1466.23,3070,19,19,1,0,0,0
2026-04-13,vrs26_li_corp_challenge_natl,hr_decision_makers,corporate,Bengaluru,1140.2,2440,18,18,1,0,0,0
2026-04-13,vrs26_li_corp_challenge_natl,hr_decision_makers,corporate,Hyderabad,932.47,2059,8,8,0,0,0,0
2026-04-13,vrs26_li_corp_challenge_natl,hr_decision_makers,corporate,Pune,576.11,1278,4,4,0,0,0,0
2026-04-13,vrs26_li_corp_challenge_natl,hr_decision_makers,corporate,Chennai,493.64,975,4,4,1,0,0,0
2026-04-13,vrs26_li_corp_challenge_natl,fitness_enthusiasts,corporate,Mumbai,1699.46,4052,21,21,1,1,1,2999
2026-04-13,vrs26_li_corp_challenge_natl,fitness_enthusiasts,corporate,Delhi NCR,1416.85,2723,13,13,0,0,0,0
2026-04-13,vrs26_li_corp_challenge_natl,fitness_enthusiasts,corporate,Bengaluru,1441.17,2370,15,15,0,0,0,0
2026-04-13,vrs26_li_corp_challenge_natl,fitness_enthusiasts,corporate,Hyderabad,803.56,1527,8,8,0,0,0,0
2026-04-13,vrs26_li_corp_challenge_natl,fitness_enthusiasts,corporate,Pune,540.21,988,9,9,1,0,0,0
2026-04-13,vrs26_li_corp_challenge_natl,fitness_enthusiasts,corporate,Chennai,490.47,1012,11,11,0,0,0,0
2026-04-13,vrs26_li_corp_challenge_natl,senior_management,corporate,Mumbai,1641.09,3402,10,10,1,0,0,0
2026-04-13,vrs26_li_corp_challenge_natl,senior_management,corporate,Delhi NCR,1599.07,2997,22,22,0,0,0,0
2026-04-13,vrs26_li_corp_challenge_natl,senior_management,corporate,Bengaluru,1195.77,2567,16,16,0,0,0,0
2026-04-13,vrs26_li_corp_challenge_natl,senior_management,corporate,Hyderabad,880.45,1701,14,14,1,1,0,0
2026-04-13,vrs26_li_corp_challenge_natl,senior_management,corporate,Pune,609.02,1479,6,6,0,0,0,0
2026-04-13,vrs26_li_corp_challenge_natl,senior_management,corporate,Chennai,466.31,908,3,3,0,0,0,0
2026-04-13,vrs26_li_sponsored_brand_natl,hr_decision_makers,brand,Mumbai,1065.16,1973,11,11,0,0,0,0
2026-04-13,vrs26_li_sponsored_brand_natl,hr_decision_makers,brand,Delhi NCR,914.78,1889,14,14,0,0,0,0
2026-04-13,vrs26_li_sponsored_brand_natl,hr_decision_makers,brand,Bengaluru,823.69,1756,14,14,1,0,0,0
2026-04-13,vrs26_li_sponsored_brand_natl,hr_decision_makers,brand,Hyderabad,533.88,1077,7,7,0,0,0,0
2026-04-13,vrs26_li_sponsored_brand_natl,hr_decision_makers,brand,Pune,478.04,1034,6,6,0,0,0,0
2026-04-13,vrs26_li_sponsored_brand_natl,hr_decision_makers,brand,Chennai,293.4,446,4,4,0,0,0,0
2026-04-13,vrs26_li_sponsored_brand_natl,corporate_wellness,brand,Mumbai,1065.36,2011,15,15,1,0,0,0
2026-04-13,vrs26_li_sponsored_brand_natl,corporate_wellness,brand,Delhi NCR,984.81,2020,16,16,1,0,0,0
2026-04-13,vrs26_li_sponsored_brand_natl,corporate_wellness,brand,Bengaluru,817.43,1588,11,11,0,0,0,0
2026-04-13,vrs26_li_sponsored_brand_natl,corporate_wellness,brand,Hyderabad,616.59,1428,5,5,0,0,0,0
2026-04-13,vrs26_li_sponsored_brand_natl,corporate_wellness,brand,Pune,351.94,636,5,5,0,0,0,0
2026-04-13,vrs26_li_sponsored_brand_natl,corporate_wellness,brand,Chennai,272.82,650,6,6,0,0,0,0
2026-04-13,vrs26_li_sponsored_brand_natl,senior_management,brand,Mumbai,1060.07,2318,19,19,0,0,0,0
2026-04-13,vrs26_li_sponsored_brand_natl,senior_management,brand,Delhi NCR,1037.64,2304,13,13,0,0,0,0
2026-04-13,vrs26_li_sponsored_brand_natl,senior_management,brand,Bengaluru,792.88,1774,13,13,0,0,0,0
2026-04-13,vrs26_li_sponsored_brand_natl,senior_management,brand,Hyderabad,560.82,1071,11,11,0,0,0,0
2026-04-13,vrs26_li_sponsored_brand_natl,senior_management,brand,Pune,322.61,605,6,6,0,0,0,0
2026-04-13,vrs26_li_sponsored_brand_natl,senior_management,brand,Chennai,334.94,627,2,2,0,0,0,0
2026-04-14,vrs26_li_corp_challenge_natl,corporate_wellness,corporate,Mumbai,1553,2413,29,29,2,0,0,0
2026-04-14,vrs26_li_corp_challenge_natl,corporate_wellness,corporate,Delhi NCR,1439.07,2544,26,26,1,1,1,499
2026-04-14,vrs26_li_corp_challenge_natl,corporate_wellness,corporate,Bengaluru,1054.3,2369,12,12,0,0,0,0
2026-04-14,vrs26_li_corp_challenge_natl,corporate_wellness,corporate,Hyderabad,822.38,1636,14,14,2,0,0,0
2026-04-14,vrs26_li_corp_challenge_natl,corporate_wellness,corporate,Pune,600.41,947,11,11,1,0,0,0
2026-04-14,vrs26_li_corp_challenge_natl,corporate_wellness,corporate,Chennai,495.58,1171,2,2,1,0,0,0
2026-04-14,vrs26_li_corp_challenge_natl,fitness_enthusiasts,corporate,Mumbai,1732.63,3154,11,11,1,0,0,0
2026-04-14,vrs26_li_corp_challenge_natl,fitness_enthusiasts,corporate,Delhi NCR,1133.95,2290,8,8,0,0,0,0
2026-04-14,vrs26_li_corp_challenge_natl,fitness_enthusiasts,corporate,Bengaluru,1165.55,2458,15,15,0,0,0,0
2026-04-14,vrs26_li_corp_challenge_natl,fitness_enthusiasts,corporate,Hyderabad,955.89,1718,3,3,0,0,0,0
2026-04-14,vrs26_li_corp_challenge_natl,fitness_enthusiasts,corporate,Pune,516.94,1050,8,8,0,0,0,0
2026-04-14,vrs26_li_corp_challenge_natl,fitness_enthusiasts,corporate,Chennai,459.78,947,11,11,1,1,1,1999
2026-04-14,vrs26_li_corp_challenge_natl,running_clubs,corporate,Mumbai,1543.29,2677,17,17,2,0,0,0
2026-04-14,vrs26_li_corp_challenge_natl,running_clubs,corporate,Delhi NCR,1303.63,2648,32,32,0,0,0,0
2026-04-14,vrs26_li_corp_challenge_natl,running_clubs,corporate,Bengaluru,1294.46,2826,22,22,2,2,1,2598
2026-04-14,vrs26_li_corp_challenge_natl,running_clubs,corporate,Hyderabad,858.2,2055,20,20,2,1,0,0
2026-04-14,vrs26_li_corp_challenge_natl,running_clubs,corporate,Pune,501.18,1174,7,7,0,0,0,0
2026-04-14,vrs26_li_corp_challenge_natl,running_clubs,corporate,Chennai,463.97,963,4,4,1,0,0,0
2026-04-14,vrs26_li_corp_challenge_natl,senior_management,corporate,Mumbai,1581.79,2581,8,8,1,0,0,0
2026-04-14,vrs26_li_corp_challenge_natl,senior_management,corporate,Delhi NCR,1321.3,2729,21,21,1,0,0,0
2026-04-14,vrs26_li_corp_challenge_natl,senior_management,corporate,Bengaluru,1203.97,2621,22,22,2,1,1,2999
2026-04-14,vrs26_li_corp_challenge_natl,senior_management,corporate,Hyderabad,779.97,1537,10,10,0,0,0,0
2026-04-14,vrs26_li_corp_challenge_natl,senior_management,corporate,Pune,616.53,1352,11,11,0,0,0,0
2026-04-14,vrs26_li_corp_challenge_natl,senior_management,corporate,Chennai,461.18,798,5,5,1,0,0,0
2026-04-14,vrs26_li_sponsored_brand_natl,hr_decision_makers,brand,Mumbai,1850.74,3137,20,20,0,0,0,0
2026-04-14,vrs26_li_sponsored_brand_natl,hr_decision_makers,brand,Delhi NCR,1891.87,4117,24,24,0,0,0,0
2026-04-14,vrs26_li_sponsored_brand_natl,hr_decision_makers,brand,Bengaluru,1568.88,2559,20,20,2,0,0,0
2026-04-14,vrs26_li_sponsored_brand_natl,hr_decision_makers,brand,Hyderabad,903.66,1828,16,16,1,1,1,1299
2026-04-14,vrs26_li_sponsored_brand_natl,hr_decision_makers,brand,Pune,844.43,1794,5,5,1,1,0,0
2026-04-14,vrs26_li_sponsored_brand_natl,hr_decision_makers,brand,Chennai,609.37,1399,13,13,1,0,0,0
2026-04-14,vrs26_li_sponsored_brand_natl,fitness_enthusiasts,brand,Mumbai,1899.99,3963,27,27,2,0,0,0
2026-04-14,vrs26_li_sponsored_brand_natl,fitness_enthusiasts,brand,Delhi NCR,1770.23,3330,32,32,1,0,0,0
2026-04-14,vrs26_li_sponsored_brand_natl,fitness_enthusiasts,brand,Bengaluru,1633.31,3645,15,15,2,1,1,1999
2026-04-14,vrs26_li_sponsored_brand_natl,fitness_enthusiasts,brand,Hyderabad,1015.99,2330,11,11,0,0,0,0
2026-04-14,vrs26_li_sponsored_brand_natl,fitness_enthusiasts,brand,Pune,717.42,1291,6,6,0,0,0,0
2026-04-14,vrs26_li_sponsored_brand_natl,fitness_enthusiasts,brand,Chennai,632.01,1309,4,4,0,0,0,0
2026-04-15,vrs26_li_corp_challenge_natl,hr_decision_makers,corporate,Mumbai,1175.09,2406,10,10,1,1,0,0
2026-04-15,vrs26_li_corp_challenge_natl,hr_decision_makers,corporate,Delhi NCR,1048.31,2286,14,14,0,0,0,0
2026-04-15,vrs26_li_corp_challenge_natl,hr_decision_makers,corporate,Bengaluru,900.06,1860,11,11,2,0,0,0
2026-04-15,vrs26_li_corp_challenge_natl,hr_decision_makers,corporate,Hyderabad,662.58,1199,7,7,1,0,0,0
2026-04-15,vrs26_li_corp_challenge_natl,hr_decision_makers,corporate,Pune,425.82,771,0,0,0,0,0,0
2026-04-15,vrs26_li_corp_challenge_natl,hr_decision_makers,corporate,Chennai,360.76,784,4,4,1,1,0,0
2026-04-15,vrs26_li_corp_challenge_natl,corporate_wellness,corporate,Mumbai,1199.64,2326,11,11,1,0,0,0
2026-04-15,vrs26_li_corp_challenge_natl,corporate_wellness,corporate,Delhi NCR,1109.94,1823,10,10,2,2,1,799
2026-04-15,vrs26_li_corp_challenge_natl,corporate_wellness,corporate,Bengaluru,821.19,1947,16,16,1,1,1,5998
2026-04-15,vrs26_li_corp_challenge_natl,corporate_wellness,corporate,Hyderabad,585.91,1203,2,2,0,0,0,0
2026-04-15,vrs26_li_corp_challenge_natl,corporate_wellness,corporate,Pune,523.11,1163,7,7,0,0,0,0
2026-04-15,vrs26_li_corp_challenge_natl,corporate_wellness,corporate,Chennai,332.84,701,7,7,0,0,0,0
2026-04-15,vrs26_li_corp_challenge_natl,fitness_enthusiasts,corporate,Mumbai,1126.81,2254,16,16,2,2,1,499
2026-04-15,vrs26_li_corp_challenge_natl,fitness_enthusiasts,corporate,Delhi NCR,1160.33,2623,23,23,3,0,0,0
2026-04-15,vrs26_li_corp_challenge_natl,fitness_enthusiasts,corporate,Bengaluru,887.06,1657,8,8,0,0,0,0
2026-04-15,vrs26_li_corp_challenge_natl,fitness_enthusiasts,corporate,Hyderabad,515.62,1003,8,8,0,0,0,0
2026-04-15,vrs26_li_corp_challenge_natl,fitness_enthusiasts,corporate,Pune,463.67,1085,6,6,0,0,0,0
2026-04-15,vrs26_li_corp_challenge_natl,fitness_enthusiasts,corporate,Chennai,419.13,863,4,4,0,0,0,0
2026-04-15,vrs26_li_corp_challenge_natl,running_clubs,corporate,Mumbai,1251.5,1940,16,16,3,0,0,0
2026-04-15,vrs26_li_corp_challenge_natl,running_clubs,corporate,Delhi NCR,1036.81,2416,11,11,0,0,0,0
2026-04-15,vrs26_li_corp_challenge_natl,running_clubs,corporate,Bengaluru,801.24,1479,13,13,0,0,0,0
2026-04-15,vrs26_li_corp_challenge_natl,running_clubs,corporate,Hyderabad,671.34,1678,9,9,1,0,0,0
2026-04-15,vrs26_li_corp_challenge_natl,running_clubs,corporate,Pune,409.78,674,6,6,1,0,0,0
2026-04-15,vrs26_li_corp_challenge_natl,running_clubs,corporate,Chennai,401.95,842,4,4,0,0,0,0
2026-04-15,vrs26_li_corp_challenge_natl,senior_management,corporate,Mumbai,1093.75,2347,16,16,2,1,1,1299
2026-04-15,vrs26_li_corp_challenge_natl,senior_management,corporate,Delhi NCR,1079.11,2319,8,8,0,0,0,0
2026-04-15,vrs26_li_corp_challenge_natl,senior_management,corporate,Bengaluru,849.95,1586,12,12,1,0,0,0
2026-04-15,vrs26_li_corp_challenge_natl,senior_management,corporate,Hyderabad,723.5,1548,10,10,1,0,0,0
2026-04-15,vrs26_li_corp_challenge_natl,senior_management,corporate,Pune,488.91,1052,3,3,0,0,0,0
2026-04-15,vrs26_li_corp_challenge_natl,senior_management,corporate,Chennai,337.4,685,5,5,2,0,0,0
2026-04-15,vrs26_li_sponsored_brand_natl,fitness_enthusiasts,brand,Mumbai,1275.6,2665,14,14,0,0,0,0
2026-04-15,vrs26_li_sponsored_brand_natl,fitness_enthusiasts,brand,Delhi NCR,1080.76,2116,18,18,0,0,0,0
2026-04-15,vrs26_li_sponsored_brand_natl,fitness_enthusiasts,brand,Bengaluru,1028.66,2061,6,6,0,0,0,0
2026-04-15,vrs26_li_sponsored_brand_natl,fitness_enthusiasts,brand,Hyderabad,730.44,1440,7,7,1,0,0,0
2026-04-15,vrs26_li_sponsored_brand_natl,fitness_enthusiasts,brand,Pune,448.97,877,5,5,0,0,0,0
2026-04-15,vrs26_li_sponsored_brand_natl,fitness_enthusiasts,brand,Chennai,334.83,554,4,4,1,0,0,0
2026-04-15,vrs26_li_sponsored_brand_natl,running_clubs,brand,Mumbai,1281.09,2562,11,11,1,1,1,799
2026-04-15,vrs26_li_sponsored_brand_natl,running_clubs,brand,Delhi NCR,972.6,1755,8,8,1,1,0,0
2026-04-15,vrs26_li_sponsored_brand_natl,running_clubs,brand,Bengaluru,943.43,1641,9,9,0,0,0,0
2026-04-15,vrs26_li_sponsored_brand_natl,running_clubs,brand,Hyderabad,733.83,1446,4,4,0,0,0,0
2026-04-15,vrs26_li_sponsored_brand_natl,running_clubs,brand,Pune,481.64,1003,12,12,0,0,0,0
2026-04-15,vrs26_li_sponsored_brand_natl,running_clubs,brand,Chennai,486.66,1041,2,2,1,0,0,0
2026-04-15,vrs26_li_sponsored_brand_natl,senior_management,brand,Mumbai,1233.38,2759,10,10,1,0,0,0
2026-04-15,vrs26_li_sponsored_brand_natl,senior_management,brand,Delhi NCR,1065.38,2238,12,12,2,1,1,1999
2026-04-15,vrs26_li_sponsored_brand_natl,senior_management,brand,Bengaluru,1077.87,2211,15,15,1,1,0,0
2026-04-15,vrs26_li_sponsored_brand_natl,senior_management,brand,Hyderabad,744.73,1331,7,7,1,1,1,499
2026-04-15,vrs26_li_sponsored_brand_natl,senior_management,brand,Pune,450.35,1063,6,6,0,0,0,0
2026-04-15,vrs26_li_sponsored_brand_natl,senior_management,brand,Chennai,327.53,612,4,4,2,2,1,1299
2026-04-16,vrs26_li_corp_challenge_natl,fitness_enthusiasts,corporate,Mumbai,2123,4226,21,21,2,1,0,0
2026-04-16,vrs26_li_corp_challenge_natl,fitness_enthusiasts,corporate,Delhi NCR,2011.55,4367,18,18,0,0,0,0
2026-04-16,vrs26_li_corp_challenge_natl,fitness_enthusiasts,corporate,Bengaluru,1927.66,4091,36,36,1,0,0,0
2026-04-16,vrs26_li_corp_challenge_natl,fitness_enthusiasts,corporate,Hyderabad,1339.06,2652,21,21,0,0,0,0
2026-04-16,vrs26_li_corp_challenge_natl,fitness_enthusiasts,corporate,Pune,963.3,1815,17,17,3,0,0,0
2026-04-16,vrs26_li_corp_challenge_natl,fitness_enthusiasts,corporate,Chennai,697.24,1422,12,12,0,0,0,0
2026-04-16,vrs26_li_corp_challenge_natl,senior_management,corporate,Mumbai,2049.64,3757,30,30,2,1,1,1299
2026-04-16,vrs26_li_corp_challenge_natl,senior_management,corporate,Delhi NCR,2123.97,4075,29,29,4,1,1,799
2026-04-16,vrs26_li_corp_challenge_natl,senior_management,corporate,Bengaluru,1976.23,4300,24,24,3,2,1,799
2026-04-16,vrs26_li_corp_challenge_natl,senior_management,corporate,Hyderabad,1357.33,2780,17,17,1,0,0,0
2026-04-16,vrs26_li_corp_challenge_natl,senior_management,corporate,Pune,888.59,1452,11,11,0,0,0,0
2026-04-16,vrs26_li_corp_challenge_natl,senior_management,corporate,Chennai,666.05,1461,11,11,1,0,0,0
2026-04-16,vrs26_li_sponsored_brand_natl,hr_decision_makers,brand,Mumbai,973.49,2023,7,7,1,1,1,1299
2026-04-16,vrs26_li_sponsored_brand_natl,hr_decision_makers,brand,Delhi NCR,937.44,1998,11,11,1,1,1,1299
2026-04-16,vrs26_li_sponsored_brand_natl,hr_decision_makers,brand,Bengaluru,815.3,1773,9,9,0,0,0,0
2026-04-16,vrs26_li_sponsored_brand_natl,hr_decision_makers,brand,Hyderabad,420.94,901,5,5,0,0,0,0
2026-04-16,vrs26_li_sponsored_brand_natl,hr_decision_makers,brand,Pune,381.46,812,10,10,0,0,0,0
2026-04-16,vrs26_li_sponsored_brand_natl,hr_decision_makers,brand,Chennai,355,751,6,6,0,0,0,0
2026-04-16,vrs26_li_sponsored_brand_natl,corporate_wellness,brand,Mumbai,1035.77,1882,12,12,0,0,0,0
2026-04-16,vrs26_li_sponsored_brand_natl,corporate_wellness,brand,Delhi NCR,874.23,1616,11,11,4,2,2,8997
2026-04-16,vrs26_li_sponsored_brand_natl,corporate_wellness,brand,Bengaluru,781.69,1580,7,7,0,0,0,0
2026-04-16,vrs26_li_sponsored_brand_natl,corporate_wellness,brand,Hyderabad,463.58,1026,6,6,0,0,0,0
2026-04-16,vrs26_li_sponsored_brand_natl,corporate_wellness,brand,Pune,447.3,952,5,5,0,0,0,0
2026-04-16,vrs26_li_sponsored_brand_natl,corporate_wellness,brand,Chennai,281.06,629,3,3,0,0,0,0
2026-04-16,vrs26_li_sponsored_brand_natl,senior_management,brand,Mumbai,1016.35,2180,17,17,3,1,0,0
2026-04-16,vrs26_li_sponsored_brand_natl,senior_management,brand,Delhi NCR,852.31,1547,14,14,0,0,0,0
2026-04-16,vrs26_li_sponsored_brand_natl,senior_management,brand,Bengaluru,844.87,1650,13,13,0,0,0,0
2026-04-16,vrs26_li_sponsored_brand_natl,senior_management,brand,Hyderabad,519.73,1092,2,2,0,0,0,0
2026-04-16,vrs26_li_sponsored_brand_natl,senior_management,brand,Pune,327.7,698,4,4,0,0,0,0
2026-04-16,vrs26_li_sponsored_brand_natl,senior_management,brand,Chennai,322.68,584,1,1,0,0,0,0
2026-04-17,vrs26_li_corp_challenge_natl,hr_decision_makers,corporate,Mumbai,1795.87,4166,35,35,2,1,1,2598
2026-04-17,vrs26_li_corp_challenge_natl,hr_decision_makers,corporate,Delhi NCR,1393.08,2403,11,11,2,1,0,0
2026-04-17,vrs26_li_corp_challenge_natl,hr_decision_makers,corporate,Bengaluru,1394.82,2755,12,12,2,1,1,799
2026-04-17,vrs26_li_corp_challenge_natl,hr_decision_makers,corporate,Hyderabad,945.55,2075,8,8,0,0,0,0
2026-04-17,vrs26_li_corp_challenge_natl,hr_decision_makers,corporate,Pune,715.67,1447,9,9,0,0,0,0
2026-04-17,vrs26_li_corp_challenge_natl,hr_decision_makers,corporate,Chennai,525.95,961,5,5,1,1,0,0
2026-04-17,vrs26_li_corp_challenge_natl,running_clubs,corporate,Mumbai,1802.74,3227,12,12,0,0,0,0
2026-04-17,vrs26_li_corp_challenge_natl,running_clubs,corporate,Delhi NCR,1404.07,2818,14,14,0,0,0,0
2026-04-17,vrs26_li_corp_challenge_natl,running_clubs,corporate,Bengaluru,1337.08,2764,17,17,2,0,0,0
2026-04-17,vrs26_li_corp_challenge_natl,running_clubs,corporate,Hyderabad,977.59,1590,12,12,1,0,0,0
2026-04-17,vrs26_li_corp_challenge_natl,running_clubs,corporate,Pune,703.56,1526,8,8,0,0,0,0
2026-04-17,vrs26_li_corp_challenge_natl,running_clubs,corporate,Chennai,545.92,1088,10,10,0,0,0,0
2026-04-17,vrs26_li_corp_challenge_natl,senior_management,corporate,Mumbai,1331.05,2807,17,17,1,1,0,0
2026-04-17,vrs26_li_corp_challenge_natl,senior_management,corporate,Delhi NCR,1820.29,3839,37,37,1,0,0,0
2026-04-17,vrs26_li_corp_challenge_natl,senior_management,corporate,Bengaluru,1183.72,2353,13,13,0,0,0,0
2026-04-17,vrs26_li_corp_challenge_natl,senior_management,corporate,Hyderabad,1147.44,2757,16,16,1,1,1,2999
2026-04-17,vrs26_li_corp_challenge_natl,senior_management,corporate,Pune,741.21,1714,17,17,1,0,0,0
2026-04-17,vrs26_li_corp_challenge_natl,senior_management,corporate,Chennai,547.24,1096,11,11,2,1,0,0
2026-04-17,vrs26_li_sponsored_brand_natl,corporate_wellness,brand,Mumbai,1196.36,2123,12,12,2,1,1,499
2026-04-17,vrs26_li_sponsored_brand_natl,corporate_wellness,brand,Delhi NCR,1023.49,2227,13,13,1,0,0,0
2026-04-17,vrs26_li_sponsored_brand_natl,corporate_wellness,brand,Bengaluru,889.73,2173,4,4,0,0,0,0
2026-04-17,vrs26_li_sponsored_brand_natl,corporate_wellness,brand,Hyderabad,456.57,938,4,4,1,1,0,0
2026-04-17,vrs26_li_sponsored_brand_natl,corporate_wellness,brand,Pune,451.96,866,8,8,2,1,1,6499
2026-04-17,vrs26_li_sponsored_brand_natl,corporate_wellness,brand,Chennai,334.64,648,4,4,0,0,0,0
2026-04-17,vrs26_li_sponsored_brand_natl,running_clubs,brand,Mumbai,1347.98,2900,21,21,1,0,0,0
2026-04-17,vrs26_li_sponsored_brand_natl,running_clubs,brand,Delhi NCR,814.51,2049,14,14,0,0,0,0
2026-04-17,vrs26_li_sponsored_brand_natl,running_clubs,brand,Bengaluru,843.84,1714,5,5,0,0,0,0
2026-04-17,vrs26_li_sponsored_brand_natl,running_clubs,brand,Hyderabad,639.97,1288,12,12,0,0,0,0
2026-04-17,vrs26_li_sponsored_brand_natl,running_clubs,brand,Pune,391.05,868,4,4,0,0,0,0
2026-04-17,vrs26_li_sponsored_brand_natl,running_clubs,brand,Chennai,315.41,673,5,5,0,0,0,0
2026-04-17,vrs26_li_sponsored_brand_natl,senior_management,brand,Mumbai,1085.67,2274,11,11,1,1,1,6499
2026-04-17,vrs26_li_sponsored_brand_natl,senior_management,brand,Delhi NCR,988.55,2281,12,12,0,0,0,0
2026-04-17,vrs26_li_sponsored_brand_natl,senior_management,brand,Bengaluru,800.73,1799,14,14,1,1,0,0
2026-04-17,vrs26_li_sponsored_brand_natl,senior_management,brand,Hyderabad,715.33,1226,10,10,1,0,0,0
2026-04-17,vrs26_li_sponsored_brand_natl,senior_management,brand,Pune,393.94,910,10,10,0,0,0,0
2026-04-17,vrs26_li_sponsored_brand_natl,senior_management,brand,Chennai,368.53,751,11,11,0,0,0,0
2026-04-18,vrs26_li_corp_challenge_natl,hr_decision_makers,corporate,Mumbai,1136.86,2510,12,12,1,0,0,0
2026-04-18,vrs26_li_corp_challenge_natl,hr_decision_makers,corporate,Delhi NCR,1003.06,2376,16,16,3,2,2,4798
2026-04-18,vrs26_li_corp_challenge_natl,hr_decision_makers,corporate,Bengaluru,835.93,1827,4,4,0,0,0,0
2026-04-18,vrs26_li_corp_challenge_natl,hr_decision_makers,corporate,Hyderabad,694.84,1373,8,8,0,0,0,0
2026-04-18,vrs26_li_corp_challenge_natl,hr_decision_makers,corporate,Pune,452.92,1063,10,10,0,0,0,0
2026-04-18,vrs26_li_corp_challenge_natl,hr_decision_makers,corporate,Chennai,364.78,798,3,3,0,0,0,0
2026-04-18,vrs26_li_corp_challenge_natl,corporate_wellness,corporate,Mumbai,1161.4,2232,18,18,1,0,0,0
2026-04-18,vrs26_li_corp_challenge_natl,corporate_wellness,corporate,Delhi NCR,835.6,1517,8,8,0,0,0,0
2026-04-18,vrs26_li_corp_challenge_natl,corporate_wellness,corporate,Bengaluru,989.3,2109,12,12,0,0,0,0
2026-04-18,vrs26_li_corp_challenge_natl,corporate_wellness,corporate,Hyderabad,631.24,1498,14,14,4,0,0,0
2026-04-18,vrs26_li_corp_challenge_natl,corporate_wellness,corporate,Pune,464.35,980,1,1,1,0,0,0
2026-04-18,vrs26_li_corp_challenge_natl,corporate_wellness,corporate,Chennai,406.51,1004,11,11,1,0,0,0
2026-04-18,vrs26_li_corp_challenge_natl,running_clubs,corporate,Mumbai,1090.86,2056,12,12,0,0,0,0
2026-04-18,vrs26_li_corp_challenge_natl,running_clubs,corporate,Delhi NCR,963.71,1839,16,16,2,1,1,1299
2026-04-18,vrs26_li_corp_challenge_natl,running_clubs,corporate,Bengaluru,969.1,1729,10,10,0,0,0,0
2026-04-18,vrs26_li_corp_challenge_natl,running_clubs,corporate,Hyderabad,620.72,1363,10,10,1,0,0,0
2026-04-18,vrs26_li_corp_challenge_natl,running_clubs,corporate,Pune,488.61,1035,11,11,1,1,0,0
2026-04-18,vrs26_li_corp_challenge_natl,running_clubs,corporate,Chennai,355.38,656,2,2,1,0,0,0
2026-04-18,vrs26_li_corp_challenge_natl,senior_management,corporate,Mumbai,1224.08,2224,13,13,1,0,0,0
2026-04-18,vrs26_li_corp_challenge_natl,senior_management,corporate,Delhi NCR,1062.86,2801,20,20,1,1,0,0
2026-04-18,vrs26_li_corp_challenge_natl,senior_management,corporate,Bengaluru,733.8,1418,9,9,1,0,0,0
2026-04-18,vrs26_li_corp_challenge_natl,senior_management,corporate,Hyderabad,696.81,1570,9,9,0,0,0,0
2026-04-18,vrs26_li_corp_challenge_natl,senior_management,corporate,Pune,419.59,895,3,3,0,0,0,0
2026-04-18,vrs26_li_corp_challenge_natl,senior_management,corporate,Chennai,351.26,681,0,0,0,0,0,0
2026-04-18,vrs26_li_sponsored_brand_natl,hr_decision_makers,brand,Mumbai,1075.3,2253,11,11,1,1,0,0
2026-04-18,vrs26_li_sponsored_brand_natl,hr_decision_makers,brand,Delhi NCR,813.17,1889,13,13,3,2,2,3298
2026-04-18,vrs26_li_sponsored_brand_natl,hr_decision_makers,brand,Bengaluru,726.02,1574,9,9,2,1,0,0
2026-04-18,vrs26_li_sponsored_brand_natl,hr_decision_makers,brand,Hyderabad,539.55,1060,3,3,0,0,0,0
2026-04-18,vrs26_li_sponsored_brand_natl,hr_decision_makers,brand,Pune,373.13,851,0,0,0,0,0,0
2026-04-18,vrs26_li_sponsored_brand_natl,hr_decision_makers,brand,Chennai,320.04,671,4,4,0,0,0,0
2026-04-18,vrs26_li_sponsored_brand_natl,fitness_enthusiasts,brand,Mumbai,1023.11,2164,26,26,3,2,1,2598
2026-04-18,vrs26_li_sponsored_brand_natl,fitness_enthusiasts,brand,Delhi NCR,815.92,1721,10,10,2,1,0,0
2026-04-18,vrs26_li_sponsored_brand_natl,fitness_enthusiasts,brand,Bengaluru,771.54,1434,11,11,1,1,1,6499
2026-04-18,vrs26_li_sponsored_brand_natl,fitness_enthusiasts,brand,Hyderabad,551.88,1232,12,12,1,0,0,0
2026-04-18,vrs26_li_sponsored_brand_natl,fitness_enthusiasts,brand,Pune,428.19,1074,9,9,0,0,0,0
2026-04-18,vrs26_li_sponsored_brand_natl,fitness_enthusiasts,brand,Chennai,256.55,466,4,4,0,0,0,0
2026-04-18,vrs26_li_sponsored_brand_natl,senior_management,brand,Mumbai,1004.48,1595,7,7,1,1,0,0
2026-04-18,vrs26_li_sponsored_brand_natl,senior_management,brand,Delhi NCR,870.97,2052,12,12,1,0,0,0
2026-04-18,vrs26_li_sponsored_brand_natl,senior_management,brand,Bengaluru,702.45,1456,8,8,0,0,0,0
2026-04-18,vrs26_li_sponsored_brand_natl,senior_management,brand,Hyderabad,543.36,1067,7,7,0,0,0,0
2026-04-18,vrs26_li_sponsored_brand_natl,senior_management,brand,Pune,410.33,773,10,10,0,0,0,0
2026-04-18,vrs26_li_sponsored_brand_natl,senior_management,brand,Chennai,315.61,631,6,6,1,1,0,0
2026-04-19,vrs26_li_corp_challenge_natl,hr_decision_makers,corporate,Mumbai,1830.38,3481,20,20,0,0,0,0
2026-04-19,vrs26_li_corp_challenge_natl,hr_decision_makers,corporate,Delhi NCR,1234.11,2444,11,11,1,1,1,1999
2026-04-19,vrs26_li_corp_challenge_natl,hr_decision_makers,corporate,Bengaluru,1176.47,2521,17,17,0,0,0,0
2026-04-19,vrs26_li_corp_challenge_natl,hr_decision_makers,corporate,Hyderabad,944.64,2202,7,7,1,1,1,1299
2026-04-19,vrs26_li_corp_challenge_natl,hr_decision_makers,corporate,Pune,718.18,1585,8,8,0,0,0,0
2026-04-19,vrs26_li_corp_challenge_natl,hr_decision_makers,corporate,Chennai,438.74,1017,6,6,1,0,0,0
2026-04-19,vrs26_li_corp_challenge_natl,corporate_wellness,corporate,Mumbai,1840.98,4804,36,36,2,0,0,0
2026-04-19,vrs26_li_corp_challenge_natl,corporate_wellness,corporate,Delhi NCR,1351.4,2696,9,9,0,0,0,0
2026-04-19,vrs26_li_corp_challenge_natl,corporate_wellness,corporate,Bengaluru,1115.31,1982,17,17,1,0,0,0
2026-04-19,vrs26_li_corp_challenge_natl,corporate_wellness,corporate,Hyderabad,920.69,1581,10,10,1,0,0,0
2026-04-19,vrs26_li_corp_challenge_natl,corporate_wellness,corporate,Pune,623.72,1480,17,17,2,1,1,799
2026-04-19,vrs26_li_corp_challenge_natl,corporate_wellness,corporate,Chennai,490.4,949,9,9,0,0,0,0
2026-04-19,vrs26_li_corp_challenge_natl,senior_management,corporate,Mumbai,1784.23,3847,18,18,0,0,0,0
2026-04-19,vrs26_li_corp_challenge_natl,senior_management,corporate,Delhi NCR,1442.19,3047,21,21,3,2,1,799
2026-04-19,vrs26_li_corp_challenge_natl,senior_management,corporate,Bengaluru,1348.29,2401,16,16,0,0,0,0
2026-04-19,vrs26_li_corp_challenge_natl,senior_management,corporate,Hyderabad,699.34,1238,4,4,0,0,0,0
2026-04-19,vrs26_li_corp_challenge_natl,senior_management,corporate,Pune,602.8,1143,6,6,0,0,0,0
2026-04-19,vrs26_li_corp_challenge_natl,senior_management,corporate,Chennai,465.65,864,5,5,0,0,0,0
2026-04-19,vrs26_li_sponsored_brand_natl,running_clubs,brand,Mumbai,1434.34,2872,28,28,0,0,0,0
2026-04-19,vrs26_li_sponsored_brand_natl,running_clubs,brand,Delhi NCR,1439.26,3434,15,15,1,0,0,0
2026-04-19,vrs26_li_sponsored_brand_natl,running_clubs,brand,Bengaluru,1336.43,2581,22,22,1,0,0,0
2026-04-19,vrs26_li_sponsored_brand_natl,running_clubs,brand,Hyderabad,704.44,1143,8,8,1,0,0,0
2026-04-19,vrs26_li_sponsored_brand_natl,running_clubs,brand,Pune,657.5,1280,10,10,1,0,0,0
2026-04-19,vrs26_li_sponsored_brand_natl,running_clubs,brand,Chennai,544.02,1116,9,9,0,0,0,0
2026-04-19,vrs26_li_sponsored_brand_natl,senior_management,brand,Mumbai,1821.91,3930,19,19,1,0,0,0
2026-04-19,vrs26_li_sponsored_brand_natl,senior_management,brand,Delhi NCR,1087.38,2431,18,18,3,2,2,7298
2026-04-19,vrs26_li_sponsored_brand_natl,senior_management,brand,Bengaluru,1349.27,3069,29,29,5,1,0,0
2026-04-19,vrs26_li_sponsored_brand_natl,senior_management,brand,Hyderabad,712.35,1390,15,15,1,1,1,799
2026-04-19,vrs26_li_sponsored_brand_natl,senior_management,brand,Pune,634.48,1278,8,8,0,0,0,0
2026-04-19,vrs26_li_sponsored_brand_natl,senior_management,brand,Chennai,510.59,937,6,6,2,0,0,0
2026-04-20,vrs26_li_corp_challenge_natl,corporate_wellness,corporate,Mumbai,1239.48,2577,22,22,0,0,0,0
2026-04-20,vrs26_li_corp_challenge_natl,corporate_wellness,corporate,Delhi NCR,1253.58,2201,10,10,2,0,0,0
2026-04-20,vrs26_li_corp_challenge_natl,corporate_wellness,corporate,Bengaluru,1117.01,2557,12,12,0,0,0,0
2026-04-20,vrs26_li_corp_challenge_natl,corporate_wellness,corporate,Hyderabad,733.96,1615,11,11,1,0,0,0
2026-04-20,vrs26_li_corp_challenge_natl,corporate_wellness,corporate,Pune,477.46,962,5,5,0,0,0,0
2026-04-20,vrs26_li_corp_challenge_natl,corporate_wellness,corporate,Chennai,404.67,830,6,6,0,0,0,0
2026-04-20,vrs26_li_corp_challenge_natl,fitness_enthusiasts,corporate,Mumbai,1431.91,2875,26,26,3,1,1,1999
2026-04-20,vrs26_li_corp_challenge_natl,fitness_enthusiasts,corporate,Delhi NCR,1152.04,2330,2,2,0,0,0,0
2026-04-20,vrs26_li_corp_challenge_natl,fitness_enthusiasts,corporate,Bengaluru,1009.47,2030,10,10,1,0,0,0
2026-04-20,vrs26_li_corp_challenge_natl,fitness_enthusiasts,corporate,Hyderabad,683.95,1395,3,3,0,0,0,0
2026-04-20,vrs26_li_corp_challenge_natl,fitness_enthusiasts,corporate,Pune,519.11,993,4,4,0,0,0,0
2026-04-20,vrs26_li_corp_challenge_natl,fitness_enthusiasts,corporate,Chennai,429.68,833,6,6,0,0,0,0
2026-04-20,vrs26_li_corp_challenge_natl,senior_management,corporate,Mumbai,1385.96,3009,14,14,0,0,0,0
2026-04-20,vrs26_li_corp_challenge_natl,senior_management,corporate,Delhi NCR,995.72,2114,12,12,0,0,0,0
2026-04-20,vrs26_li_corp_challenge_natl,senior_management,corporate,Bengaluru,1051.8,1842,8,8,0,0,0,0
2026-04-20,vrs26_li_corp_challenge_natl,senior_management,corporate,Hyderabad,716.86,1553,4,4,0,0,0,0
2026-04-20,vrs26_li_corp_challenge_natl,senior_management,corporate,Pune,590.15,1111,4,4,0,0,0,0
2026-04-20,vrs26_li_corp_challenge_natl,senior_management,corporate,Chennai,485.67,921,11,11,2,1,0,0
2026-04-20,vrs26_li_sponsored_brand_natl,hr_decision_makers,brand,Mumbai,876.12,1778,6,6,1,1,1,1299
2026-04-20,vrs26_li_sponsored_brand_natl,hr_decision_makers,brand,Delhi NCR,718.37,1394,11,11,0,0,0,0
2026-04-20,vrs26_li_sponsored_brand_natl,hr_decision_makers,brand,Bengaluru,703.1,1278,6,6,2,0,0,0
2026-04-20,vrs26_li_sponsored_brand_natl,hr_decision_makers,brand,Hyderabad,443.43,920,4,4,0,0,0,0
2026-04-20,vrs26_li_sponsored_brand_natl,hr_decision_makers,brand,Pune,369.3,736,3,3,0,0,0,0
2026-04-20,vrs26_li_sponsored_brand_natl,hr_decision_makers,brand,Chennai,249.35,527,3,3,0,0,0,0
2026-04-20,vrs26_li_sponsored_brand_natl,running_clubs,brand,Mumbai,906.46,2220,13,13,1,0,0,0
2026-04-20,vrs26_li_sponsored_brand_natl,running_clubs,brand,Delhi NCR,680.63,1209,8,8,1,0,0,0
2026-04-20,vrs26_li_sponsored_brand_natl,running_clubs,brand,Bengaluru,647.25,1268,7,7,0,0,0,0
2026-04-20,vrs26_li_sponsored_brand_natl,running_clubs,brand,Hyderabad,504.59,1110,7,7,0,0,0,0
2026-04-20,vrs26_li_sponsored_brand_natl,running_clubs,brand,Pune,386.92,777,5,5,0,0,0,0
2026-04-20,vrs26_li_sponsored_brand_natl,running_clubs,brand,Chennai,233.83,585,6,6,0,0,0,0
2026-04-20,vrs26_li_sponsored_brand_natl,senior_management,brand,Mumbai,869.12,1644,11,11,1,0,0,0
2026-04-20,vrs26_li_sponsored_brand_natl,senior_management,brand,Delhi NCR,784.92,1796,13,13,2,0,0,0
2026-04-20,vrs26_li_sponsored_brand_natl,senior_management,brand,Bengaluru,593.06,1275,2,2,0,0,0,0
2026-04-20,vrs26_li_sponsored_brand_natl,senior_management,brand,Hyderabad,501.31,1026,9,9,0,0,0,0
2026-04-20,vrs26_li_sponsored_brand_natl,senior_management,brand,Pune,353.8,734,3,3,0,0,0,0
2026-04-20,vrs26_li_sponsored_brand_natl,senior_management,brand,Chennai,257.47,619,3,3,1,0,0,0
2026-04-21,vrs26_li_corp_challenge_natl,hr_decision_makers,corporate,Mumbai,883.89,1820,9,9,0,0,0,0
2026-04-21,vrs26_li_corp_challenge_natl,hr_decision_makers,corporate,Delhi NCR,680.27,1452,15,15,2,0,0,0
2026-04-21,vrs26_li_corp_challenge_natl,hr_decision_makers,corporate,Bengaluru,737.98,1558,14,14,1,0,0,0
2026-04-21,vrs26_li_corp_challenge_natl,hr_decision_makers,corporate,Hyderabad,457.61,895,9,9,1,0,0,0
2026-04-21,vrs26_li_corp_challenge_natl,hr_decision_makers,corporate,Pune,305.47,681,7,7,0,0,0,0
2026-04-21,vrs26_li_corp_challenge_natl,hr_decision_makers,corporate,Chennai,243.28,504,1,1,0,0,0,0
2026-04-21,vrs26_li_corp_challenge_natl,corporate_wellness,corporate,Mumbai,915.48,2003,7,7,0,0,0,0
2026-04-21,vrs26_li_corp_challenge_natl,corporate_wellness,corporate,Delhi NCR,771.43,1867,16,16,1,1,1,1999
2026-04-21,vrs26_li_corp_challenge_natl,corporate_wellness,corporate,Bengaluru,609.4,1393,8,8,2,2,1,1299
2026-04-21,vrs26_li_corp_challenge_natl,corporate_wellness,corporate,Hyderabad,440.44,901,8,8,1,0,0,0
2026-04-21,vrs26_li_corp_challenge_natl,corporate_wellness,corporate,Pune,376.19,916,3,3,0,0,0,0
2026-04-21,vrs26_li_corp_challenge_natl,corporate_wellness,corporate,Chennai,195.55,351,2,2,0,0,0,0
2026-04-21,vrs26_li_corp_challenge_natl,fitness_enthusiasts,corporate,Mumbai,735.64,1487,6,6,0,0,0,0
2026-04-21,vrs26_li_corp_challenge_natl,fitness_enthusiasts,corporate,Delhi NCR,802.94,1919,11,11,0,0,0,0
2026-04-21,vrs26_li_corp_challenge_natl,fitness_enthusiasts,corporate,Bengaluru,786.24,1787,15,15,0,0,0,0
2026-04-21,vrs26_li_corp_challenge_natl,fitness_enthusiasts,corporate,Hyderabad,443.86,1009,8,8,0,0,0,0
2026-04-21,vrs26_li_corp_challenge_natl,fitness_enthusiasts,corporate,Pune,313.68,589,6,6,1,1,1,799
2026-04-21,vrs26_li_corp_challenge_natl,fitness_enthusiasts,corporate,Chennai,226.15,510,1,1,0,0,0,0
2026-04-21,vrs26_li_corp_challenge_natl,running_clubs,corporate,Mumbai,873.18,2142,11,11,1,0,0,0
2026-04-21,vrs26_li_corp_challenge_natl,running_clubs,corporate,Delhi NCR,838.43,1780,15,15,2,0,0,0
2026-04-21,vrs26_li_corp_challenge_natl,running_clubs,corporate,Bengaluru,582.86,1114,7,7,0,0,0,0
2026-04-21,vrs26_li_corp_challenge_natl,running_clubs,corporate,Hyderabad,467.33,964,8,8,1,0,0,0
2026-04-21,vrs26_li_corp_challenge_natl,running_clubs,corporate,Pune,327.67,787,9,9,0,0,0,0
2026-04-21,vrs26_li_corp_challenge_natl,running_clubs,corporate,Chennai,219.01,403,2,2,1,1,0,0
2026-04-21,vrs26_li_corp_challenge_natl,senior_management,corporate,Mumbai,760.32,1572,13,13,1,0,0,0
2026-04-21,vrs26_li_corp_challenge_natl,senior_management,corporate,Delhi NCR,749.37,1335,6,6,0,0,0,0
2026-04-21,vrs26_li_corp_challenge_natl,senior_management,corporate,Bengaluru,761.71,1705,15,15,1,1,1,1598
2026-04-21,vrs26_li_corp_challenge_natl,senior_management,corporate,Hyderabad,437.05,955,5,5,0,0,0,0
2026-04-21,vrs26_li_corp_challenge_natl,senior_management,corporate,Pune,340.07,700,7,7,0,0,0,0
2026-04-21,vrs26_li_corp_challenge_natl,senior_management,corporate,Chennai,259.97,576,2,2,0,0,0,0
2026-04-21,vrs26_li_sponsored_brand_natl,hr_decision_makers,brand,Mumbai,885.13,1684,5,5,0,0,0,0
2026-04-21,vrs26_li_sponsored_brand_natl,hr_decision_makers,brand,Delhi NCR,826.47,1539,5,5,1,0,0,0
2026-04-21,vrs26_li_sponsored_brand_natl,hr_decision_makers,brand,Bengaluru,754.68,1629,3,3,0,0,0,0
2026-04-21,vrs26_li_sponsored_brand_natl,hr_decision_makers,brand,Hyderabad,427.14,744,2,2,1,1,1,1299
2026-04-21,vrs26_li_sponsored_brand_natl,hr_decision_makers,brand,Pune,375.19,803,6,6,0,0,0,0
2026-04-21,vrs26_li_sponsored_brand_natl,hr_decision_makers,brand,Chennai,276.2,570,2,2,0,0,0,0
2026-04-21,vrs26_li_sponsored_brand_natl,running_clubs,brand,Mumbai,977.53,2048,13,13,0,0,0,0
2026-04-21,vrs26_li_sponsored_brand_natl,running_clubs,brand,Delhi NCR,844.12,1694,12,12,2,0,0,0
2026-04-21,vrs26_li_sponsored_brand_natl,running_clubs,brand,Bengaluru,630.21,1248,9,9,1,0,0,0
2026-04-21,vrs26_li_sponsored_brand_natl,running_clubs,brand,Hyderabad,500.8,1022,0,0,0,0,0,0
2026-04-21,vrs26_li_sponsored_brand_natl,running_clubs,brand,Pune,316.39,708,5,5,0,0,0,0
2026-04-21,vrs26_li_sponsored_brand_natl,running_clubs,brand,Chennai,275.78,495,3,3,1,0,0,0
2026-04-21,vrs26_li_sponsored_brand_natl,senior_management,brand,Mumbai,870.51,1670,8,8,2,0,0,0
2026-04-21,vrs26_li_sponsored_brand_natl,senior_management,brand,Delhi NCR,850.88,1825,19,19,0,0,0,0
2026-04-21,vrs26_li_sponsored_brand_natl,senior_management,brand,Bengaluru,590.56,1411,8,8,0,0,0,0
2026-04-21,vrs26_li_sponsored_brand_natl,senior_management,brand,Hyderabad,531.4,1121,8,8,0,0,0,0
2026-04-21,vrs26_li_sponsored_brand_natl,senior_management,brand,Pune,432.48,924,7,7,0,0,0,0
2026-04-21,vrs26_li_sponsored_brand_natl,senior_management,brand,Chennai,268.98,611,3,3,1,1,1,499
2026-04-22,vrs26_li_corp_challenge_natl,corporate_wellness,corporate,Mumbai,1462.63,3107,8,8,0,0,0,0
2026-04-22,vrs26_li_corp_challenge_natl,corporate_wellness,corporate,Delhi NCR,1067.78,2218,8,8,1,0,0,0
2026-04-22,vrs26_li_corp_challenge_natl,corporate_wellness,corporate,Bengaluru,1134.25,2643,27,27,2,1,1,799
2026-04-22,vrs26_li_corp_challenge_natl,corporate_wellness,corporate,Hyderabad,797.8,1570,13,13,0,0,0,0
2026-04-22,vrs26_li_corp_challenge_natl,corporate_wellness,corporate,Pune,524.92,1053,7,7,1,1,1,2999
2026-04-22,vrs26_li_corp_challenge_natl,corporate_wellness,corporate,Chennai,451.54,799,4,4,0,0,0,0
2026-04-22,vrs26_li_corp_challenge_natl,running_clubs,corporate,Mumbai,1302.39,2871,16,16,0,0,0,0
2026-04-22,vrs26_li_corp_challenge_natl,running_clubs,corporate,Delhi NCR,1167.91,2253,12,12,0,0,0,0
2026-04-22,vrs26_li_corp_challenge_natl,running_clubs,corporate,Bengaluru,1183.07,2204,13,13,1,0,0,0
2026-04-22,vrs26_li_corp_challenge_natl,running_clubs,corporate,Hyderabad,664.82,1349,11,11,0,0,0,0
2026-04-22,vrs26_li_corp_challenge_natl,running_clubs,corporate,Pune,678.9,1347,13,13,0,0,0,0
2026-04-22,vrs26_li_corp_challenge_natl,running_clubs,corporate,Chennai,441.84,748,6,6,2,0,0,0
2026-04-22,vrs26_li_corp_challenge_natl,senior_management,corporate,Mumbai,1625.34,3132,14,14,2,1,0,0
2026-04-22,vrs26_li_corp_challenge_natl,senior_management,corporate,Delhi NCR,1105.75,2444,22,22,1,0,0,0
2026-04-22,vrs26_li_corp_challenge_natl,senior_management,corporate,Bengaluru,964.77,2163,18,18,0,0,0,0
2026-04-22,vrs26_li_corp_challenge_natl,senior_management,corporate,Hyderabad,834.71,1482,15,15,0,0,0,0
2026-04-22,vrs26_li_corp_challenge_natl,senior_management,corporate,Pune,537.04,1157,3,3,0,0,0,0
2026-04-22,vrs26_li_corp_challenge_natl,senior_management,corporate,Chennai,371.32,819,8,8,1,0,0,0
2026-04-22,vrs26_li_sponsored_brand_natl,hr_decision_makers,brand,Mumbai,979.22,2162,18,18,0,0,0,0
2026-04-22,vrs26_li_sponsored_brand_natl,hr_decision_makers,brand,Delhi NCR,736.77,1518,6,6,1,0,0,0
2026-04-22,vrs26_li_sponsored_brand_natl,hr_decision_makers,brand,Bengaluru,688.62,1565,15,15,1,0,0,0
2026-04-22,vrs26_li_sponsored_brand_natl,hr_decision_makers,brand,Hyderabad,484.13,903,7,7,1,0,0,0
2026-04-22,vrs26_li_sponsored_brand_natl,hr_decision_makers,brand,Pune,323.63,708,4,4,0,0,0,0
2026-04-22,vrs26_li_sponsored_brand_natl,hr_decision_makers,brand,Chennai,284.1,562,3,3,0,0,0,0
2026-04-22,vrs26_li_sponsored_brand_natl,fitness_enthusiasts,brand,Mumbai,960.89,1749,11,11,2,0,0,0
2026-04-22,vrs26_li_sponsored_brand_natl,fitness_enthusiasts,brand,Delhi NCR,734.75,1595,10,10,1,1,0,0
2026-04-22,vrs26_li_sponsored_brand_natl,fitness_enthusiasts,brand,Bengaluru,775.59,1923,4,4,2,1,1,1999
2026-04-22,vrs26_li_sponsored_brand_natl,fitness_enthusiasts,brand,Hyderabad,471.67,1157,2,2,1,0,0,0
2026-04-22,vrs26_li_sponsored_brand_natl,fitness_enthusiasts,brand,Pune,309.2,641,7,7,0,0,0,0
2026-04-22,vrs26_li_sponsored_brand_natl,fitness_enthusiasts,brand,Chennai,244.36,525,6,6,1,1,1,1299
2026-04-22,vrs26_li_sponsored_brand_natl,running_clubs,brand,Mumbai,1029.35,2339,15,15,2,0,0,0
2026-04-22,vrs26_li_sponsored_brand_natl,running_clubs,brand,Delhi NCR,711.74,1600,11,11,0,0,0,0
2026-04-22,vrs26_li_sponsored_brand_natl,running_clubs,brand,Bengaluru,715.17,1479,13,13,1,0,0,0
2026-04-22,vrs26_li_sponsored_brand_natl,running_clubs,brand,Hyderabad,410.66,862,5,5,0,0,0,0
2026-04-22,vrs26_li_sponsored_brand_natl,running_clubs,brand,Pune,333.2,729,7,7,1,0,0,0
2026-04-22,vrs26_li_sponsored_brand_natl,running_clubs,brand,Chennai,296.34,701,5,5,0,0,0,0
2026-04-23,vrs26_li_corp_challenge_natl,corporate_wellness,corporate,Mumbai,986.27,1925,7,7,1,1,0,0
2026-04-23,vrs26_li_corp_challenge_natl,corporate_wellness,corporate,Delhi NCR,729.07,1476,14,14,1,0,0,0
2026-04-23,vrs26_li_corp_challenge_natl,corporate_wellness,corporate,Bengaluru,722.99,1578,15,15,1,0,0,0
2026-04-23,vrs26_li_corp_challenge_natl,corporate_wellness,corporate,Hyderabad,434.43,883,8,8,0,0,0,0
2026-04-23,vrs26_li_corp_challenge_natl,corporate_wellness,corporate,Pune,360.26,920,7,7,0,0,0,0
2026-04-23,vrs26_li_corp_challenge_natl,corporate_wellness,corporate,Chennai,301.86,581,0,0,0,0,0,0
2026-04-23,vrs26_li_corp_challenge_natl,fitness_enthusiasts,corporate,Mumbai,953.27,2025,18,18,1,0,0,0
2026-04-23,vrs26_li_corp_challenge_natl,fitness_enthusiasts,corporate,Delhi NCR,708.37,1466,10,10,1,0,0,0
2026-04-23,vrs26_li_corp_challenge_natl,fitness_enthusiasts,corporate,Bengaluru,654.97,1177,8,8,1,0,0,0
2026-04-23,vrs26_li_corp_challenge_natl,fitness_enthusiasts,corporate,Hyderabad,536.13,1231,5,5,0,0,0,0
2026-04-23,vrs26_li_corp_challenge_natl,fitness_enthusiasts,corporate,Pune,393.35,784,7,7,0,0,0,0
2026-04-23,vrs26_li_corp_challenge_natl,fitness_enthusiasts,corporate,Chennai,288.8,569,4,4,0,0,0,0
2026-04-23,vrs26_li_corp_challenge_natl,running_clubs,corporate,Mumbai,768.99,1697,14,14,0,0,0,0
2026-04-23,vrs26_li_corp_challenge_natl,running_clubs,corporate,Delhi NCR,683.09,1364,9,9,0,0,0,0
2026-04-23,vrs26_li_corp_challenge_natl,running_clubs,corporate,Bengaluru,932.68,1645,15,15,1,0,0,0
2026-04-23,vrs26_li_corp_challenge_natl,running_clubs,corporate,Hyderabad,557.06,1405,7,7,0,0,0,0
2026-04-23,vrs26_li_corp_challenge_natl,running_clubs,corporate,Pune,309.49,669,8,8,0,0,0,0
2026-04-23,vrs26_li_corp_challenge_natl,running_clubs,corporate,Chennai,283.58,600,1,1,0,0,0,0
2026-04-23,vrs26_li_corp_challenge_natl,senior_management,corporate,Mumbai,836.13,1282,10,10,1,0,0,0
2026-04-23,vrs26_li_corp_challenge_natl,senior_management,corporate,Delhi NCR,670.47,1490,4,4,2,1,1,499
2026-04-23,vrs26_li_corp_challenge_natl,senior_management,corporate,Bengaluru,832.65,1842,9,9,0,0,0,0
2026-04-23,vrs26_li_corp_challenge_natl,senior_management,corporate,Hyderabad,519.69,1072,10,10,2,0,0,0
2026-04-23,vrs26_li_corp_challenge_natl,senior_management,corporate,Pune,335,674,6,6,1,0,0,0
2026-04-23,vrs26_li_corp_challenge_natl,senior_management,corporate,Chennai,340.95,734,1,1,0,0,0,0
2026-04-23,vrs26_li_sponsored_brand_natl,hr_decision_makers,brand,Mumbai,647.03,1298,9,9,0,0,0,0
2026-04-23,vrs26_li_sponsored_brand_natl,hr_decision_makers,brand,Delhi NCR,493.37,1117,8,8,1,0,0,0
2026-04-23,vrs26_li_sponsored_brand_natl,hr_decision_makers,brand,Bengaluru,468.35,1140,5,5,0,0,0,0
2026-04-23,vrs26_li_sponsored_brand_natl,hr_decision_makers,brand,Hyderabad,257.8,414,4,4,0,0,0,0
2026-04-23,vrs26_li_sponsored_brand_natl,hr_decision_makers,brand,Pune,233.21,490,1,1,0,0,0,0
2026-04-23,vrs26_li_sponsored_brand_natl,hr_decision_makers,brand,Chennai,172.66,334,1,1,0,0,0,0
2026-04-23,vrs26_li_sponsored_brand_natl,corporate_wellness,brand,Mumbai,614.49,1327,3,3,0,0,0,0
2026-04-23,vrs26_li_sponsored_brand_natl,corporate_wellness,brand,Delhi NCR,456.7,920,4,4,0,0,0,0
2026-04-23,vrs26_li_sponsored_brand_natl,corporate_wellness,brand,Bengaluru,557.28,1138,8,8,0,0,0,0
2026-04-23,vrs26_li_sponsored_brand_natl,corporate_wellness,brand,Hyderabad,291.22,548,3,3,0,0,0,0
2026-04-23,vrs26_li_sponsored_brand_natl,corporate_wellness,brand,Pune,177.57,453,5,5,0,0,0,0
2026-04-23,vrs26_li_sponsored_brand_natl,corporate_wellness,brand,Chennai,175.16,399,4,4,0,0,0,0
2026-04-23,vrs26_li_sponsored_brand_natl,fitness_enthusiasts,brand,Mumbai,595.99,1335,5,5,1,1,0,0
2026-04-23,vrs26_li_sponsored_brand_natl,fitness_enthusiasts,brand,Delhi NCR,490.7,1173,10,10,0,0,0,0
2026-04-23,vrs26_li_sponsored_brand_natl,fitness_enthusiasts,brand,Bengaluru,478.27,1127,4,4,0,0,0,0
2026-04-23,vrs26_li_sponsored_brand_natl,fitness_enthusiasts,brand,Hyderabad,275.2,482,1,1,0,0,0,0
2026-04-23,vrs26_li_sponsored_brand_natl,fitness_enthusiasts,brand,Pune,225.99,466,2,2,0,0,0,0
2026-04-23,vrs26_li_sponsored_brand_natl,fitness_enthusiasts,brand,Chennai,206.29,422,1,1,1,0,0,0
2026-04-23,vrs26_li_sponsored_brand_natl,senior_management,brand,Mumbai,537.76,1181,4,4,1,0,0,0
2026-04-23,vrs26_li_sponsored_brand_natl,senior_management,brand,Delhi NCR,537.79,1168,5,5,0,0,0,0
2026-04-23,vrs26_li_sponsored_brand_natl,senior_management,brand,Bengaluru,492.54,1066,0,0,0,0,0,0
2026-04-23,vrs26_li_sponsored_brand_natl,senior_management,brand,Hyderabad,267.54,602,5,5,0,0,0,0
2026-04-23,vrs26_li_sponsored_brand_natl,senior_management,brand,Pune,231.1,514,4,4,0,0,0,0
2026-04-23,vrs26_li_sponsored_brand_natl,senior_management,brand,Chennai,205.71,447,1,1,0,0,0,0
2026-04-24,vrs26_li_corp_challenge_natl,hr_decision_makers,corporate,Mumbai,1073.85,2627,19,19,0,0,0,0
2026-04-24,vrs26_li_corp_challenge_natl,hr_decision_makers,corporate,Delhi NCR,914.14,1884,2,2,0,0,0,0
2026-04-24,vrs26_li_corp_challenge_natl,hr_decision_makers,corporate,Bengaluru,811.92,1585,14,14,1,0,0,0
2026-04-24,vrs26_li_corp_challenge_natl,hr_decision_makers,corporate,Hyderabad,496.84,1137,13,13,0,0,0,0
2026-04-24,vrs26_li_corp_challenge_natl,hr_decision_makers,corporate,Pune,393.07,835,4,4,0,0,0,0
2026-04-24,vrs26_li_corp_challenge_natl,hr_decision_makers,corporate,Chennai,330.42,728,8,8,2,0,0,0
2026-04-24,vrs26_li_corp_challenge_natl,corporate_wellness,corporate,Mumbai,962.77,1859,11,11,0,0,0,0
2026-04-24,vrs26_li_corp_challenge_natl,corporate_wellness,corporate,Delhi NCR,1023.2,2307,13,13,3,2,1,799
2026-04-24,vrs26_li_corp_challenge_natl,corporate_wellness,corporate,Bengaluru,770.14,1641,9,9,1,0,0,0
2026-04-24,vrs26_li_corp_challenge_natl,corporate_wellness,corporate,Hyderabad,546.32,1165,11,11,0,0,0,0
2026-04-24,vrs26_li_corp_challenge_natl,corporate_wellness,corporate,Pune,391.25,887,7,7,1,1,0,0
2026-04-24,vrs26_li_corp_challenge_natl,corporate_wellness,corporate,Chennai,326.55,687,2,2,0,0,0,0
2026-04-24,vrs26_li_corp_challenge_natl,running_clubs,corporate,Mumbai,1092.06,2460,16,16,1,0,0,0
2026-04-24,vrs26_li_corp_challenge_natl,running_clubs,corporate,Delhi NCR,855.44,2145,13,13,0,0,0,0
2026-04-24,vrs26_li_corp_challenge_natl,running_clubs,corporate,Bengaluru,859.26,2049,15,15,0,0,0,0
2026-04-24,vrs26_li_corp_challenge_natl,running_clubs,corporate,Hyderabad,491.85,1041,3,3,0,0,0,0
2026-04-24,vrs26_li_corp_challenge_natl,running_clubs,corporate,Pune,396.88,977,8,8,0,0,0,0
2026-04-24,vrs26_li_corp_challenge_natl,running_clubs,corporate,Chennai,324.73,684,4,4,0,0,0,0
2026-04-24,vrs26_li_sponsored_brand_natl,hr_decision_makers,brand,Mumbai,1077.83,2161,13,13,1,0,0,0
2026-04-24,vrs26_li_sponsored_brand_natl,hr_decision_makers,brand,Delhi NCR,763.87,1704,5,5,1,0,0,0
2026-04-24,vrs26_li_sponsored_brand_natl,hr_decision_makers,brand,Bengaluru,742.98,1833,12,12,1,0,0,0
2026-04-24,vrs26_li_sponsored_brand_natl,hr_decision_makers,brand,Hyderabad,577.69,1272,6,6,0,0,0,0
2026-04-24,vrs26_li_sponsored_brand_natl,hr_decision_makers,brand,Pune,446.22,990,4,4,1,0,0,0
2026-04-24,vrs26_li_sponsored_brand_natl,hr_decision_makers,brand,Chennai,268.07,585,7,7,1,0,0,0
2026-04-24,vrs26_li_sponsored_brand_natl,running_clubs,brand,Mumbai,1065.32,2380,16,16,0,0,0,0
2026-04-24,vrs26_li_sponsored_brand_natl,running_clubs,brand,Delhi NCR,805.26,1847,4,4,0,0,0,0
2026-04-24,vrs26_li_sponsored_brand_natl,running_clubs,brand,Bengaluru,776.57,1770,11,11,1,0,0,0
2026-04-24,vrs26_li_sponsored_brand_natl,running_clubs,brand,Hyderabad,577,1160,7,7,0,0,0,0
2026-04-24,vrs26_li_sponsored_brand_natl,running_clubs,brand,Pune,388.5,897,11,11,0,0,0,0
2026-04-24,vrs26_li_sponsored_brand_natl,running_clubs,brand,Chennai,264,539,5,5,1,0,0,0
2026-04-25,vrs26_li_corp_challenge_natl,hr_decision_makers,corporate,Mumbai,787.09,1819,11,11,1,0,0,0
2026-04-25,vrs26_li_corp_challenge_natl,hr_decision_makers,corporate,Delhi NCR,683.45,1613,14,14,0,0,0,0
2026-04-25,vrs26_li_corp_challenge_natl,hr_decision_makers,corporate,Bengaluru,716.42,1436,8,8,0,0,0,0
2026-04-25,vrs26_li_corp_challenge_natl,hr_decision_makers,corporate,Hyderabad,363.54,838,4,4,0,0,0,0
2026-04-25,vrs26_li_corp_challenge_natl,hr_decision_makers,corporate,Pune,334.57,674,7,7,0,0,0,0
2026-04-25,vrs26_li_corp_challenge_natl,hr_decision_makers,corporate,Chennai,249.43,478,4,4,0,0,0,0
2026-04-25,vrs26_li_corp_challenge_natl,corporate_wellness,corporate,Mumbai,808.55,1668,13,13,1,0,0,0
2026-04-25,vrs26_li_corp_challenge_natl,corporate_wellness,corporate,Delhi NCR,656.39,1250,2,2,0,0,0,0
2026-04-25,vrs26_li_corp_challenge_natl,corporate_wellness,corporate,Bengaluru,631.91,1436,6,6,0,0,0,0
2026-04-25,vrs26_li_corp_challenge_natl,corporate_wellness,corporate,Hyderabad,516.55,1057,1,1,0,0,0,0
2026-04-25,vrs26_li_corp_challenge_natl,corporate_wellness,corporate,Pune,312.29,520,6,6,0,0,0,0
2026-04-25,vrs26_li_corp_challenge_natl,corporate_wellness,corporate,Chennai,208.8,451,3,3,0,0,0,0
2026-04-25,vrs26_li_corp_challenge_natl,fitness_enthusiasts,corporate,Mumbai,861.45,1740,8,8,1,0,0,0
2026-04-25,vrs26_li_corp_challenge_natl,fitness_enthusiasts,corporate,Delhi NCR,722.47,1693,11,11,0,0,0,0
2026-04-25,vrs26_li_corp_challenge_natl,fitness_enthusiasts,corporate,Bengaluru,568.47,1341,13,13,1,0,0,0
2026-04-25,vrs26_li_corp_challenge_natl,fitness_enthusiasts,corporate,Hyderabad,425.62,1049,2,2,1,0,0,0
2026-04-25,vrs26_li_corp_challenge_natl,fitness_enthusiasts,corporate,Pune,326.92,841,6,6,0,0,0,0
2026-04-25,vrs26_li_corp_challenge_natl,fitness_enthusiasts,corporate,Chennai,229.57,380,0,0,0,0,0,0
2026-04-25,vrs26_li_corp_challenge_natl,senior_management,corporate,Mumbai,874.3,1671,16,16,2,0,0,0
2026-04-25,vrs26_li_corp_challenge_natl,senior_management,corporate,Delhi NCR,693.77,1842,10,10,0,0,0,0
2026-04-25,vrs26_li_corp_challenge_natl,senior_management,corporate,Bengaluru,635,1611,5,5,0,0,0,0
2026-04-25,vrs26_li_corp_challenge_natl,senior_management,corporate,Hyderabad,429.17,1125,9,9,0,0,0,0
2026-04-25,vrs26_li_corp_challenge_natl,senior_management,corporate,Pune,288.21,570,4,4,0,0,0,0
2026-04-25,vrs26_li_corp_challenge_natl,senior_management,corporate,Chennai,214.04,480,6,6,0,0,0,0
2026-04-25,vrs26_li_sponsored_brand_natl,corporate_wellness,brand,Mumbai,480.1,1020,7,7,0,0,0,0
2026-04-25,vrs26_li_sponsored_brand_natl,corporate_wellness,brand,Delhi NCR,461.77,1032,10,10,1,0,0,0
2026-04-25,vrs26_li_sponsored_brand_natl,corporate_wellness,brand,Bengaluru,426.29,917,9,9,0,0,0,0
2026-04-25,vrs26_li_sponsored_brand_natl,corporate_wellness,brand,Hyderabad,280.54,626,3,3,0,0,0,0
2026-04-25,vrs26_li_sponsored_brand_natl,corporate_wellness,brand,Pune,196.53,347,4,4,0,0,0,0
2026-04-25,vrs26_li_sponsored_brand_natl,corporate_wellness,brand,Chennai,169.79,340,2,2,0,0,0,0
2026-04-25,vrs26_li_sponsored_brand_natl,fitness_enthusiasts,brand,Mumbai,586.99,1134,4,4,0,0,0,0
2026-04-25,vrs26_li_sponsored_brand_natl,fitness_enthusiasts,brand,Delhi NCR,366.65,623,7,7,0,0,0,0
2026-04-25,vrs26_li_sponsored_brand_natl,fitness_enthusiasts,brand,Bengaluru,390.21,945,11,11,3,0,0,0
2026-04-25,vrs26_li_sponsored_brand_natl,fitness_enthusiasts,brand,Hyderabad,291.67,674,4,4,0,0,0,0
2026-04-25,vrs26_li_sponsored_brand_natl,fitness_enthusiasts,brand,Pune,197.64,476,3,3,1,0,0,0
2026-04-25,vrs26_li_sponsored_brand_natl,fitness_enthusiasts,brand,Chennai,181.86,390,6,6,0,0,0,0
2026-04-25,vrs26_li_sponsored_brand_natl,running_clubs,brand,Mumbai,581.71,1199,9,9,1,0,0,0
2026-04-25,vrs26_li_sponsored_brand_natl,running_clubs,brand,Delhi NCR,422.31,940,6,6,1,0,0,0
2026-04-25,vrs26_li_sponsored_brand_natl,running_clubs,brand,Bengaluru,405.62,708,3,3,0,0,0,0
2026-04-25,vrs26_li_sponsored_brand_natl,running_clubs,brand,Hyderabad,315.27,682,4,4,0,0,0,0
2026-04-25,vrs26_li_sponsored_brand_natl,running_clubs,brand,Pune,169.38,343,1,1,0,0,0,0
2026-04-25,vrs26_li_sponsored_brand_natl,running_clubs,brand,Chennai,120.74,253,1,1,0,0,0,0
2026-04-25,vrs26_li_sponsored_brand_natl,senior_management,brand,Mumbai,594.89,1388,11,11,0,0,0,0
2026-04-25,vrs26_li_sponsored_brand_natl,senior_management,brand,Delhi NCR,400.51,870,4,4,0,0,0,0
2026-04-25,vrs26_li_sponsored_brand_natl,senior_management,brand,Bengaluru,415.49,1003,0,0,0,0,0,0
2026-04-25,vrs26_li_sponsored_brand_natl,senior_management,brand,Hyderabad,280.85,497,2,2,0,0,0,0
2026-04-25,vrs26_li_sponsored_brand_natl,senior_management,brand,Pune,170.39,341,2,2,0,0,0,0
2026-04-25,vrs26_li_sponsored_brand_natl,senior_management,brand,Chennai,152.89,360,0,0,0,0,0,0
2026-04-26,vrs26_li_corp_challenge_natl,hr_decision_makers,corporate,Mumbai,438.69,1007,4,4,1,0,0,0
2026-04-26,vrs26_li_corp_challenge_natl,hr_decision_makers,corporate,Delhi NCR,431.56,1149,6,6,1,1,0,0
2026-04-26,vrs26_li_corp_challenge_natl,hr_decision_makers,corporate,Bengaluru,296.69,656,2,2,0,0,0,0
2026-04-26,vrs26_li_corp_challenge_natl,hr_decision_makers,corporate,Hyderabad,298.41,747,5,5,0,0,0,0
2026-04-26,vrs26_li_corp_challenge_natl,hr_decision_makers,corporate,Pune,166.57,407,4,4,0,0,0,0
2026-04-26,vrs26_li_corp_challenge_natl,hr_decision_makers,corporate,Chennai,151.25,317,1,1,0,0,0,0
2026-04-26,vrs26_li_corp_challenge_natl,corporate_wellness,corporate,Mumbai,468.08,986,4,4,1,0,0,0
2026-04-26,vrs26_li_corp_challenge_natl,corporate_wellness,corporate,Delhi NCR,385.32,683,2,2,0,0,0,0
2026-04-26,vrs26_li_corp_challenge_natl,corporate_wellness,corporate,Bengaluru,368.93,792,4,4,0,0,0,0
2026-04-26,vrs26_li_corp_challenge_natl,corporate_wellness,corporate,Hyderabad,234.7,568,4,4,1,1,0,0
2026-04-26,vrs26_li_corp_challenge_natl,corporate_wellness,corporate,Pune,178.87,460,3,3,0,0,0,0
2026-04-26,vrs26_li_corp_challenge_natl,corporate_wellness,corporate,Chennai,147.29,360,1,1,0,0,0,0
2026-04-26,vrs26_li_corp_challenge_natl,fitness_enthusiasts,corporate,Mumbai,524.67,1051,0,0,0,0,0,0
2026-04-26,vrs26_li_corp_challenge_natl,fitness_enthusiasts,corporate,Delhi NCR,387.57,822,4,4,0,0,0,0
2026-04-26,vrs26_li_corp_challenge_natl,fitness_enthusiasts,corporate,Bengaluru,306.77,816,6,6,1,0,0,0
2026-04-26,vrs26_li_corp_challenge_natl,fitness_enthusiasts,corporate,Hyderabad,250.18,517,2,2,1,0,0,0
2026-04-26,vrs26_li_corp_challenge_natl,fitness_enthusiasts,corporate,Pune,162.97,310,0,0,0,0,0,0
2026-04-26,vrs26_li_corp_challenge_natl,fitness_enthusiasts,corporate,Chennai,151.03,418,1,1,0,0,0,0
2026-04-26,vrs26_li_corp_challenge_natl,running_clubs,corporate,Mumbai,412.39,885,6,6,0,0,0,0
2026-04-26,vrs26_li_corp_challenge_natl,running_clubs,corporate,Delhi NCR,352.9,755,6,6,1,0,0,0
2026-04-26,vrs26_li_corp_challenge_natl,running_clubs,corporate,Bengaluru,376.47,876,5,5,0,0,0,0
2026-04-26,vrs26_li_corp_challenge_natl,running_clubs,corporate,Hyderabad,307.39,706,3,3,0,0,0,0
2026-04-26,vrs26_li_corp_challenge_natl,running_clubs,corporate,Pune,201.04,377,1,1,0,0,0,0
2026-04-26,vrs26_li_corp_challenge_natl,running_clubs,corporate,Chennai,133,323,2,2,0,0,0,0
2026-04-26,vrs26_li_corp_challenge_natl,senior_management,corporate,Mumbai,459.55,1156,4,4,0,0,0,0
2026-04-26,vrs26_li_corp_challenge_natl,senior_management,corporate,Delhi NCR,340.95,828,3,3,0,0,0,0
2026-04-26,vrs26_li_corp_challenge_natl,senior_management,corporate,Bengaluru,404.9,1041,5,5,0,0,0,0
2026-04-26,vrs26_li_corp_challenge_natl,senior_management,corporate,Hyderabad,260.52,641,9,9,1,0,0,0
2026-04-26,vrs26_li_corp_challenge_natl,senior_management,corporate,Pune,172.67,418,2,2,0,0,0,0
2026-04-26,vrs26_li_corp_challenge_natl,senior_management,corporate,Chennai,144.61,324,5,5,1,0,0,0
2026-04-26,vrs26_li_sponsored_brand_natl,corporate_wellness,brand,Mumbai,369.27,752,7,7,0,0,0,0
2026-04-26,vrs26_li_sponsored_brand_natl,corporate_wellness,brand,Delhi NCR,294.08,659,1,1,0,0,0,0
2026-04-26,vrs26_li_sponsored_brand_natl,corporate_wellness,brand,Bengaluru,313.12,700,5,5,0,0,0,0
2026-04-26,vrs26_li_sponsored_brand_natl,corporate_wellness,brand,Hyderabad,195.78,480,2,2,0,0,0,0
2026-04-26,vrs26_li_sponsored_brand_natl,corporate_wellness,brand,Pune,136.83,327,4,4,0,0,0,0
2026-04-26,vrs26_li_sponsored_brand_natl,corporate_wellness,brand,Chennai,123.83,250,2,2,0,0,0,0
2026-04-26,vrs26_li_sponsored_brand_natl,fitness_enthusiasts,brand,Mumbai,336.72,871,7,7,0,0,0,0
2026-04-26,vrs26_li_sponsored_brand_natl,fitness_enthusiasts,brand,Delhi NCR,318.94,667,4,4,0,0,0,0
2026-04-26,vrs26_li_sponsored_brand_natl,fitness_enthusiasts,brand,Bengaluru,327.62,605,5,5,0,0,0,0
2026-04-26,vrs26_li_sponsored_brand_natl,fitness_enthusiasts,brand,Hyderabad,221.48,503,3,3,1,0,0,0
2026-04-26,vrs26_li_sponsored_brand_natl,fitness_enthusiasts,brand,Pune,114.49,230,3,3,0,0,0,0
2026-04-26,vrs26_li_sponsored_brand_natl,fitness_enthusiasts,brand,Chennai,113.68,256,2,2,0,0,0,0
2026-04-26,vrs26_li_sponsored_brand_natl,running_clubs,brand,Mumbai,393.89,1012,6,6,1,0,0,0
2026-04-26,vrs26_li_sponsored_brand_natl,running_clubs,brand,Delhi NCR,296.17,648,5,5,0,0,0,0
2026-04-26,vrs26_li_sponsored_brand_natl,running_clubs,brand,Bengaluru,274.6,633,4,4,0,0,0,0
2026-04-26,vrs26_li_sponsored_brand_natl,running_clubs,brand,Hyderabad,195.78,433,3,3,0,0,0,0
2026-04-26,vrs26_li_sponsored_brand_natl,running_clubs,brand,Pune,143.41,338,2,2,0,0,0,0
2026-04-26,vrs26_li_sponsored_brand_natl,running_clubs,brand,Chennai,129.06,256,2,2,0,0,0,0
2026-04-26,vrs26_li_sponsored_brand_natl,senior_management,brand,Mumbai,424.66,1070,7,7,0,0,0,0
2026-04-26,vrs26_li_sponsored_brand_natl,senior_management,brand,Delhi NCR,270.56,661,0,0,0,0,0,0
2026-04-26,vrs26_li_sponsored_brand_natl,senior_management,brand,Bengaluru,254.36,536,6,6,2,0,0,0
2026-04-26,vrs26_li_sponsored_brand_natl,senior_management,brand,Hyderabad,222.59,523,7,7,0,0,0,0
2026-04-26,vrs26_li_sponsored_brand_natl,senior_management,brand,Pune,167.45,332,1,1,0,0,0,0
2026-04-26,vrs26_li_sponsored_brand_natl,senior_management,brand,Chennai,93.31,228,0,0,0,0,0,0
2026-04-27,vrs26_li_corp_challenge_natl,hr_decision_makers,corporate,Mumbai,1299.23,2895,15,15,0,0,0,0
2026-04-27,vrs26_li_corp_challenge_natl,hr_decision_makers,corporate,Delhi NCR,666.97,1456,7,7,0,0,0,0
2026-04-27,vrs26_li_corp_challenge_natl,hr_decision_makers,corporate,Bengaluru,1154.52,2335,17,17,2,0,0,0
2026-04-27,vrs26_li_corp_challenge_natl,hr_decision_makers,corporate,Hyderabad,676.85,1458,10,10,1,1,1,499
2026-04-27,vrs26_li_corp_challenge_natl,hr_decision_makers,corporate,Pune,523.26,1222,17,17,0,0,0,0
2026-04-27,vrs26_li_corp_challenge_natl,hr_decision_makers,corporate,Chennai,377.13,850,6,6,1,0,0,0
2026-04-27,vrs26_li_corp_challenge_natl,corporate_wellness,corporate,Mumbai,1316.21,2820,26,26,3,2,2,2598
2026-04-27,vrs26_li_corp_challenge_natl,corporate_wellness,corporate,Delhi NCR,1020.74,1952,15,15,2,0,0,0
2026-04-27,vrs26_li_corp_challenge_natl,corporate_wellness,corporate,Bengaluru,862.17,1908,7,7,0,0,0,0
2026-04-27,vrs26_li_corp_challenge_natl,corporate_wellness,corporate,Hyderabad,625.39,1383,10,10,0,0,0,0
2026-04-27,vrs26_li_corp_challenge_natl,corporate_wellness,corporate,Pune,533.01,1188,12,12,1,0,0,0
2026-04-27,vrs26_li_corp_challenge_natl,corporate_wellness,corporate,Chennai,340.43,632,7,7,0,0,0,0
2026-04-27,vrs26_li_corp_challenge_natl,senior_management,corporate,Mumbai,1240.13,3375,11,11,1,1,1,799
2026-04-27,vrs26_li_corp_challenge_natl,senior_management,corporate,Delhi NCR,911.18,1685,14,14,1,1,1,799
2026-04-27,vrs26_li_corp_challenge_natl,senior_management,corporate,Bengaluru,1006.42,2182,17,17,1,0,0,0
2026-04-27,vrs26_li_corp_challenge_natl,senior_management,corporate,Hyderabad,639.49,1349,8,8,0,0,0,0
2026-04-27,vrs26_li_corp_challenge_natl,senior_management,corporate,Pune,513.08,964,9,9,0,0,0,0
2026-04-27,vrs26_li_corp_challenge_natl,senior_management,corporate,Chennai,387.67,894,7,7,0,0,0,0
2026-04-27,vrs26_li_sponsored_brand_natl,hr_decision_makers,brand,Mumbai,575.12,1040,6,6,1,0,0,0
2026-04-27,vrs26_li_sponsored_brand_natl,hr_decision_makers,brand,Delhi NCR,498.25,1063,6,6,1,0,0,0
2026-04-27,vrs26_li_sponsored_brand_natl,hr_decision_makers,brand,Bengaluru,525.69,1094,7,7,0,0,0,0
2026-04-27,vrs26_li_sponsored_brand_natl,hr_decision_makers,brand,Hyderabad,292.54,560,2,2,0,0,0,0
2026-04-27,vrs26_li_sponsored_brand_natl,hr_decision_makers,brand,Pune,217.6,495,1,1,0,0,0,0
2026-04-27,vrs26_li_sponsored_brand_natl,hr_decision_makers,brand,Chennai,155.88,395,1,1,0,0,0,0
2026-04-27,vrs26_li_sponsored_brand_natl,corporate_wellness,brand,Mumbai,633.03,1634,15,15,0,0,0,0
2026-04-27,vrs26_li_sponsored_brand_natl,corporate_wellness,brand,Delhi NCR,522.97,1043,5,5,0,0,0,0
2026-04-27,vrs26_li_sponsored_brand_natl,corporate_wellness,brand,Bengaluru,420.39,780,7,7,0,0,0,0
2026-04-27,vrs26_li_sponsored_brand_natl,corporate_wellness,brand,Hyderabad,300.57,644,6,6,1,0,0,0
2026-04-27,vrs26_li_sponsored_brand_natl,corporate_wellness,brand,Pune,215.55,481,6,6,0,0,0,0
2026-04-27,vrs26_li_sponsored_brand_natl,corporate_wellness,brand,Chennai,172.58,404,4,4,0,0,0,0
2026-04-27,vrs26_li_sponsored_brand_natl,fitness_enthusiasts,brand,Mumbai,598.29,1462,10,10,1,0,0,0
2026-04-27,vrs26_li_sponsored_brand_natl,fitness_enthusiasts,brand,Delhi NCR,510.36,1184,8,8,0,0,0,0
2026-04-27,vrs26_li_sponsored_brand_natl,fitness_enthusiasts,brand,Bengaluru,498,1045,5,5,0,0,0,0
2026-04-27,vrs26_li_sponsored_brand_natl,fitness_enthusiasts,brand,Hyderabad,298.48,551,3,3,1,0,0,0
2026-04-27,vrs26_li_sponsored_brand_natl,fitness_enthusiasts,brand,Pune,214.33,386,2,2,0,0,0,0
2026-04-27,vrs26_li_sponsored_brand_natl,fitness_enthusiasts,brand,Chennai,145.64,364,2,2,1,0,0,0
2026-04-27,vrs26_li_sponsored_brand_natl,running_clubs,brand,Mumbai,546.6,975,5,5,0,0,0,0
2026-04-27,vrs26_li_sponsored_brand_natl,running_clubs,brand,Delhi NCR,503.54,1194,10,10,1,0,0,0
2026-04-27,vrs26_li_sponsored_brand_natl,running_clubs,brand,Bengaluru,406.1,784,8,8,1,0,0,0
2026-04-27,vrs26_li_sponsored_brand_natl,running_clubs,brand,Hyderabad,355.56,789,6,6,0,0,0,0
2026-04-27,vrs26_li_sponsored_brand_natl,running_clubs,brand,Pune,267.94,602,4,4,0,0,0,0
2026-04-27,vrs26_li_sponsored_brand_natl,running_clubs,brand,Chennai,185.34,480,2,2,0,0,0,0
2026-04-28,vrs26_li_corp_challenge_natl,corporate_wellness,corporate,Mumbai,1137.67,2169,16,16,0,0,0,0
2026-04-28,vrs26_li_corp_challenge_natl,corporate_wellness,corporate,Delhi NCR,1044,2736,19,19,0,0,0,0
2026-04-28,vrs26_li_corp_challenge_natl,corporate_wellness,corporate,Bengaluru,978.17,1954,9,9,1,1,0,0
2026-04-28,vrs26_li_corp_challenge_natl,corporate_wellness,corporate,Hyderabad,598.54,1127,6,6,0,0,0,0
2026-04-28,vrs26_li_corp_challenge_natl,corporate_wellness,corporate,Pune,489.31,1083,10,10,0,0,0,0
2026-04-28,vrs26_li_corp_challenge_natl,corporate_wellness,corporate,Chennai,391.18,761,5,5,0,0,0,0
2026-04-28,vrs26_li_corp_challenge_natl,running_clubs,corporate,Mumbai,1190.96,2260,18,18,1,0,0,0
2026-04-28,vrs26_li_corp_challenge_natl,running_clubs,corporate,Delhi NCR,1009.66,2241,16,16,1,1,1,2499
2026-04-28,vrs26_li_corp_challenge_natl,running_clubs,corporate,Bengaluru,861.88,2192,13,13,0,0,0,0
2026-04-28,vrs26_li_corp_challenge_natl,running_clubs,corporate,Hyderabad,596.86,1182,9,9,1,1,0,0
2026-04-28,vrs26_li_corp_challenge_natl,running_clubs,corporate,Pune,568.25,1297,8,8,0,0,0,0
2026-04-28,vrs26_li_corp_challenge_natl,running_clubs,corporate,Chennai,411.26,824,6,6,0,0,0,0
2026-04-28,vrs26_li_corp_challenge_natl,senior_management,corporate,Mumbai,1319.28,2607,18,18,0,0,0,0
2026-04-28,vrs26_li_corp_challenge_natl,senior_management,corporate,Delhi NCR,970.46,1737,11,11,1,0,0,0
2026-04-28,vrs26_li_corp_challenge_natl,senior_management,corporate,Bengaluru,920.81,1850,12,12,1,1,1,1999
2026-04-28,vrs26_li_corp_challenge_natl,senior_management,corporate,Hyderabad,670.8,1825,8,8,0,0,0,0
2026-04-28,vrs26_li_corp_challenge_natl,senior_management,corporate,Pune,446.55,939,4,4,0,0,0,0
2026-04-28,vrs26_li_corp_challenge_natl,senior_management,corporate,Chennai,310.99,659,8,8,0,0,0,0
2026-04-28,vrs26_li_sponsored_brand_natl,corporate_wellness,brand,Mumbai,1296.1,2075,9,9,0,0,0,0
2026-04-28,vrs26_li_sponsored_brand_natl,corporate_wellness,brand,Delhi NCR,928.07,1933,9,9,1,1,0,0
2026-04-28,vrs26_li_sponsored_brand_natl,corporate_wellness,brand,Bengaluru,818.08,1824,11,11,0,0,0,0
2026-04-28,vrs26_li_sponsored_brand_natl,corporate_wellness,brand,Hyderabad,603.44,1496,12,12,0,0,0,0
2026-04-28,vrs26_li_sponsored_brand_natl,corporate_wellness,brand,Pune,448.17,1028,7,7,0,0,0,0
2026-04-28,vrs26_li_sponsored_brand_natl,corporate_wellness,brand,Chennai,379.36,672,2,2,0,0,0,0
2026-04-28,vrs26_li_sponsored_brand_natl,running_clubs,brand,Mumbai,1151.01,2340,17,17,1,0,0,0
2026-04-28,vrs26_li_sponsored_brand_natl,running_clubs,brand,Delhi NCR,1106.46,2522,8,8,0,0,0,0
2026-04-28,vrs26_li_sponsored_brand_natl,running_clubs,brand,Bengaluru,844.14,1787,13,13,1,0,0,0
2026-04-28,vrs26_li_sponsored_brand_natl,running_clubs,brand,Hyderabad,584.68,1284,10,10,0,0,0,0
2026-04-28,vrs26_li_sponsored_brand_natl,running_clubs,brand,Pune,429.32,1083,8,8,0,0,0,0
2026-04-28,vrs26_li_sponsored_brand_natl,running_clubs,brand,Chennai,357.6,562,3,3,1,0,0,0
2026-04-29,vrs26_li_corp_challenge_natl,fitness_enthusiasts,corporate,Mumbai,1146.61,1584,11,11,2,0,0,0
2026-04-29,vrs26_li_corp_challenge_natl,fitness_enthusiasts,corporate,Delhi NCR,964.16,2323,10,10,0,0,0,0
2026-04-29,vrs26_li_corp_challenge_natl,fitness_enthusiasts,corporate,Bengaluru,847.62,1697,12,12,2,1,1,1299
2026-04-29,vrs26_li_corp_challenge_natl,fitness_enthusiasts,corporate,Hyderabad,597.44,1269,5,5,1,1,1,499
2026-04-29,vrs26_li_corp_challenge_natl,fitness_enthusiasts,corporate,Pune,464.58,902,6,6,2,0,0,0
2026-04-29,vrs26_li_corp_challenge_natl,fitness_enthusiasts,corporate,Chennai,432.06,988,9,9,0,0,0,0
2026-04-29,vrs26_li_corp_challenge_natl,running_clubs,corporate,Mumbai,956.53,1895,10,10,3,0,0,0
2026-04-29,vrs26_li_corp_challenge_natl,running_clubs,corporate,Delhi NCR,1100.75,2241,17,17,1,0,0,0
2026-04-29,vrs26_li_corp_challenge_natl,running_clubs,corporate,Bengaluru,919.97,2101,7,7,0,0,0,0
2026-04-29,vrs26_li_corp_challenge_natl,running_clubs,corporate,Hyderabad,706.76,1440,10,10,1,0,0,0
2026-04-29,vrs26_li_corp_challenge_natl,running_clubs,corporate,Pune,408.9,960,10,10,0,0,0,0
2026-04-29,vrs26_li_corp_challenge_natl,running_clubs,corporate,Chennai,359.57,743,4,4,0,0,0,0
2026-04-29,vrs26_li_corp_challenge_natl,senior_management,corporate,Mumbai,1000.35,2182,17,17,0,0,0,0
2026-04-29,vrs26_li_corp_challenge_natl,senior_management,corporate,Delhi NCR,878.36,2076,15,15,1,1,1,1299
2026-04-29,vrs26_li_corp_challenge_natl,senior_management,corporate,Bengaluru,1136.71,1879,11,11,0,0,0,0
2026-04-29,vrs26_li_corp_challenge_natl,senior_management,corporate,Hyderabad,692.13,1295,14,14,1,1,1,1299
2026-04-29,vrs26_li_corp_challenge_natl,senior_management,corporate,Pune,418.03,757,1,1,0,0,0,0
2026-04-29,vrs26_li_corp_challenge_natl,senior_management,corporate,Chennai,326.89,567,4,4,0,0,0,0
2026-04-29,vrs26_li_sponsored_brand_natl,hr_decision_makers,brand,Mumbai,477.06,1005,4,4,0,0,0,0
2026-04-29,vrs26_li_sponsored_brand_natl,hr_decision_makers,brand,Delhi NCR,401.14,860,7,7,0,0,0,0
2026-04-29,vrs26_li_sponsored_brand_natl,hr_decision_makers,brand,Bengaluru,299.27,639,3,3,0,0,0,0
2026-04-29,vrs26_li_sponsored_brand_natl,hr_decision_makers,brand,Hyderabad,253.43,525,5,5,0,0,0,0
2026-04-29,vrs26_li_sponsored_brand_natl,hr_decision_makers,brand,Pune,149.44,336,3,3,0,0,0,0
2026-04-29,vrs26_li_sponsored_brand_natl,hr_decision_makers,brand,Chennai,137.05,269,2,2,0,0,0,0
2026-04-29,vrs26_li_sponsored_brand_natl,corporate_wellness,brand,Mumbai,475.29,1109,9,9,0,0,0,0
2026-04-29,vrs26_li_sponsored_brand_natl,corporate_wellness,brand,Delhi NCR,400.84,870,4,4,0,0,0,0
2026-04-29,vrs26_li_sponsored_brand_natl,corporate_wellness,brand,Bengaluru,343.1,710,5,5,0,0,0,0
2026-04-29,vrs26_li_sponsored_brand_natl,corporate_wellness,brand,Hyderabad,194.69,483,3,3,0,0,0,0
2026-04-29,vrs26_li_sponsored_brand_natl,corporate_wellness,brand,Pune,184.9,473,4,4,0,0,0,0
2026-04-29,vrs26_li_sponsored_brand_natl,corporate_wellness,brand,Chennai,118.56,276,1,1,0,0,0,0
2026-04-29,vrs26_li_sponsored_brand_natl,fitness_enthusiasts,brand,Mumbai,430.19,797,1,1,0,0,0,0
2026-04-29,vrs26_li_sponsored_brand_natl,fitness_enthusiasts,brand,Delhi NCR,340.73,770,9,9,0,0,0,0
2026-04-29,vrs26_li_sponsored_brand_natl,fitness_enthusiasts,brand,Bengaluru,413.75,879,6,6,1,0,0,0
2026-04-29,vrs26_li_sponsored_brand_natl,fitness_enthusiasts,brand,Hyderabad,224.46,422,3,3,1,0,0,0
2026-04-29,vrs26_li_sponsored_brand_natl,fitness_enthusiasts,brand,Pune,166.32,308,0,0,0,0,0,0
2026-04-29,vrs26_li_sponsored_brand_natl,fitness_enthusiasts,brand,Chennai,141.94,286,2,2,0,0,0,0
2026-04-29,vrs26_li_sponsored_brand_natl,running_clubs,brand,Mumbai,455.29,993,9,9,0,0,0,0
2026-04-29,vrs26_li_sponsored_brand_natl,running_clubs,brand,Delhi NCR,394.86,868,7,7,0,0,0,0
2026-04-29,vrs26_li_sponsored_brand_natl,running_clubs,brand,Bengaluru,317.54,700,3,3,0,0,0,0
2026-04-29,vrs26_li_sponsored_brand_natl,running_clubs,brand,Hyderabad,259.72,481,3,3,0,0,0,0
2026-04-29,vrs26_li_sponsored_brand_natl,running_clubs,brand,Pune,156.87,361,3,3,0,0,0,0
2026-04-29,vrs26_li_sponsored_brand_natl,running_clubs,brand,Chennai,133.09,270,0,0,0,0,0,0
2026-04-29,vrs26_li_sponsored_brand_natl,senior_management,brand,Mumbai,482.43,1055,5,5,1,0,0,0
2026-04-29,vrs26_li_sponsored_brand_natl,senior_management,brand,Delhi NCR,322.01,599,3,3,0,0,0,0
2026-04-29,vrs26_li_sponsored_brand_natl,senior_management,brand,Bengaluru,374.11,848,7,7,0,0,0,0
2026-04-29,vrs26_li_sponsored_brand_natl,senior_management,brand,Hyderabad,248.54,569,7,7,1,0,0,0
2026-04-29,vrs26_li_sponsored_brand_natl,senior_management,brand,Pune,153.77,390,1,1,0,0,0,0
2026-04-29,vrs26_li_sponsored_brand_natl,senior_management,brand,Chennai,136.52,278,0,0,0,0,0,0
2026-04-30,vrs26_li_corp_challenge_natl,hr_decision_makers,corporate,Mumbai,744.15,1507,14,14,0,0,0,0
2026-04-30,vrs26_li_corp_challenge_natl,hr_decision_makers,corporate,Delhi NCR,874.28,1893,18,18,1,1,1,1299
2026-04-30,vrs26_li_corp_challenge_natl,hr_decision_makers,corporate,Bengaluru,715.89,1562,9,9,1,0,0,0
2026-04-30,vrs26_li_corp_challenge_natl,hr_decision_makers,corporate,Hyderabad,430.42,1000,4,4,0,0,0,0
2026-04-30,vrs26_li_corp_challenge_natl,hr_decision_makers,corporate,Pune,382.4,770,3,3,0,0,0,0
2026-04-30,vrs26_li_corp_challenge_natl,hr_decision_makers,corporate,Chennai,247.71,519,4,4,0,0,0,0
2026-04-30,vrs26_li_corp_challenge_natl,fitness_enthusiasts,corporate,Mumbai,819.69,1864,18,18,2,1,0,0
2026-04-30,vrs26_li_corp_challenge_natl,fitness_enthusiasts,corporate,Delhi NCR,701.58,1418,5,5,0,0,0,0
2026-04-30,vrs26_li_corp_challenge_natl,fitness_enthusiasts,corporate,Bengaluru,704.29,1647,13,13,0,0,0,0
2026-04-30,vrs26_li_corp_challenge_natl,fitness_enthusiasts,corporate,Hyderabad,519.86,1187,8,8,0,0,0,0
2026-04-30,vrs26_li_corp_challenge_natl,fitness_enthusiasts,corporate,Pune,358.1,720,7,7,0,0,0,0
2026-04-30,vrs26_li_corp_challenge_natl,fitness_enthusiasts,corporate,Chennai,291.33,768,8,8,0,0,0,0
2026-04-30,vrs26_li_corp_challenge_natl,running_clubs,corporate,Mumbai,951.31,1842,8,8,0,0,0,0
2026-04-30,vrs26_li_corp_challenge_natl,running_clubs,corporate,Delhi NCR,808.44,1991,9,9,0,0,0,0
2026-04-30,vrs26_li_corp_challenge_natl,running_clubs,corporate,Bengaluru,587.53,1142,11,11,1,0,0,0
2026-04-30,vrs26_li_corp_challenge_natl,running_clubs,corporate,Hyderabad,460.64,957,9,9,0,0,0,0
2026-04-30,vrs26_li_corp_challenge_natl,running_clubs,corporate,Pune,320.63,557,6,6,0,0,0,0
2026-04-30,vrs26_li_corp_challenge_natl,running_clubs,corporate,Chennai,266.31,499,1,1,0,0,0,0
2026-04-30,vrs26_li_corp_challenge_natl,senior_management,corporate,Mumbai,723.49,1669,19,19,0,0,0,0
2026-04-30,vrs26_li_corp_challenge_natl,senior_management,corporate,Delhi NCR,802.4,1556,11,11,2,1,1,1999
2026-04-30,vrs26_li_corp_challenge_natl,senior_management,corporate,Bengaluru,675.34,1680,7,7,1,1,1,499
2026-04-30,vrs26_li_corp_challenge_natl,senior_management,corporate,Hyderabad,511.59,1020,5,5,0,0,0,0
2026-04-30,vrs26_li_corp_challenge_natl,senior_management,corporate,Pune,385.54,813,0,0,0,0,0,0
2026-04-30,vrs26_li_corp_challenge_natl,senior_management,corporate,Chennai,296.5,591,4,4,1,1,1,1598
2026-04-30,vrs26_li_sponsored_brand_natl,fitness_enthusiasts,brand,Mumbai,793.16,1995,11,11,1,0,0,0
2026-04-30,vrs26_li_sponsored_brand_natl,fitness_enthusiasts,brand,Delhi NCR,589.53,1218,7,7,1,1,0,0
2026-04-30,vrs26_li_sponsored_brand_natl,fitness_enthusiasts,brand,Bengaluru,623.48,1614,3,3,0,0,0,0
2026-04-30,vrs26_li_sponsored_brand_natl,fitness_enthusiasts,brand,Hyderabad,379.38,814,8,8,0,0,0,0
2026-04-30,vrs26_li_sponsored_brand_natl,fitness_enthusiasts,brand,Pune,307.1,683,2,2,0,0,0,0
2026-04-30,vrs26_li_sponsored_brand_natl,fitness_enthusiasts,brand,Chennai,217.23,466,3,3,0,0,0,0
2026-04-30,vrs26_li_sponsored_brand_natl,running_clubs,brand,Mumbai,684.11,1292,8,8,0,0,0,0
2026-04-30,vrs26_li_sponsored_brand_natl,running_clubs,brand,Delhi NCR,676.02,1483,14,14,1,0,0,0
2026-04-30,vrs26_li_sponsored_brand_natl,running_clubs,brand,Bengaluru,600.33,1260,9,9,0,0,0,0
2026-04-30,vrs26_li_sponsored_brand_natl,running_clubs,brand,Hyderabad,438.81,873,5,5,0,0,0,0
2026-04-30,vrs26_li_sponsored_brand_natl,running_clubs,brand,Pune,249.54,634,3,3,0,0,0,0
2026-04-30,vrs26_li_sponsored_brand_natl,running_clubs,brand,Chennai,261.06,586,4,4,0,0,0,0
2026-04-30,vrs26_li_sponsored_brand_natl,senior_management,brand,Mumbai,786.99,1762,11,11,2,1,1,799
2026-04-30,vrs26_li_sponsored_brand_natl,senior_management,brand,Delhi NCR,598.18,1293,9,9,2,0,0,0
2026-04-30,vrs26_li_sponsored_brand_natl,senior_management,brand,Bengaluru,614.66,1239,13,13,0,0,0,0
2026-04-30,vrs26_li_sponsored_brand_natl,senior_management,brand,Hyderabad,395.58,747,7,7,0,0,0,0
2026-04-30,vrs26_li_sponsored_brand_natl,senior_management,brand,Pune,303.54,609,3,3,0,0,0,0
2026-04-30,vrs26_li_sponsored_brand_natl,senior_management,brand,Chennai,210.92,481,3,3,1,1,1,6499
2026-05-01,vrs26_li_corp_challenge_natl,hr_decision_makers,corporate,Mumbai,821.75,1712,13,13,0,0,0,0
2026-05-01,vrs26_li_corp_challenge_natl,hr_decision_makers,corporate,Delhi NCR,822.33,1734,13,13,1,0,0,0
2026-05-01,vrs26_li_corp_challenge_natl,hr_decision_makers,corporate,Bengaluru,693.15,1482,6,6,1,0,0,0
2026-05-01,vrs26_li_corp_challenge_natl,hr_decision_makers,corporate,Hyderabad,465.44,926,0,0,0,0,0,0
2026-05-01,vrs26_li_corp_challenge_natl,hr_decision_makers,corporate,Pune,298.79,588,3,3,0,0,0,0
2026-05-01,vrs26_li_corp_challenge_natl,hr_decision_makers,corporate,Chennai,268.79,544,7,7,1,0,0,0
2026-05-01,vrs26_li_corp_challenge_natl,corporate_wellness,corporate,Mumbai,899.21,1638,7,7,1,0,0,0
2026-05-01,vrs26_li_corp_challenge_natl,corporate_wellness,corporate,Delhi NCR,755.7,1391,9,9,0,0,0,0
2026-05-01,vrs26_li_corp_challenge_natl,corporate_wellness,corporate,Bengaluru,635.33,1639,5,5,0,0,0,0
2026-05-01,vrs26_li_corp_challenge_natl,corporate_wellness,corporate,Hyderabad,466.9,985,7,7,0,0,0,0
2026-05-01,vrs26_li_corp_challenge_natl,corporate_wellness,corporate,Pune,322.34,720,3,3,0,0,0,0
2026-05-01,vrs26_li_corp_challenge_natl,corporate_wellness,corporate,Chennai,290.77,694,6,6,0,0,0,0
2026-05-01,vrs26_li_corp_challenge_natl,fitness_enthusiasts,corporate,Mumbai,871.6,1658,13,13,1,1,1,499
2026-05-01,vrs26_li_corp_challenge_natl,fitness_enthusiasts,corporate,Delhi NCR,721.47,1554,9,9,0,0,0,0
2026-05-01,vrs26_li_corp_challenge_natl,fitness_enthusiasts,corporate,Bengaluru,690.77,1264,5,5,0,0,0,0
2026-05-01,vrs26_li_corp_challenge_natl,fitness_enthusiasts,corporate,Hyderabad,523.32,1207,6,6,0,0,0,0
2026-05-01,vrs26_li_corp_challenge_natl,fitness_enthusiasts,corporate,Pune,313.14,685,5,5,0,0,0,0
2026-05-01,vrs26_li_corp_challenge_natl,fitness_enthusiasts,corporate,Chennai,249.95,586,0,0,0,0,0,0
2026-05-01,vrs26_li_corp_challenge_natl,running_clubs,corporate,Mumbai,843.74,1737,11,11,0,0,0,0
2026-05-01,vrs26_li_corp_challenge_natl,running_clubs,corporate,Delhi NCR,812.18,1544,9,9,1,0,0,0
2026-05-01,vrs26_li_corp_challenge_natl,running_clubs,corporate,Bengaluru,662.36,1308,6,6,0,0,0,0
2026-05-01,vrs26_li_corp_challenge_natl,running_clubs,corporate,Hyderabad,440.91,902,4,4,0,0,0,0
2026-05-01,vrs26_li_corp_challenge_natl,running_clubs,corporate,Pune,341.41,791,5,5,1,0,0,0
2026-05-01,vrs26_li_corp_challenge_natl,running_clubs,corporate,Chennai,269.64,574,3,3,0,0,0,0
2026-05-01,vrs26_li_sponsored_brand_natl,hr_decision_makers,brand,Mumbai,411.35,877,2,2,1,1,1,2499
2026-05-01,vrs26_li_sponsored_brand_natl,hr_decision_makers,brand,Delhi NCR,344.63,752,2,2,1,1,1,1299
2026-05-01,vrs26_li_sponsored_brand_natl,hr_decision_makers,brand,Bengaluru,415.84,902,6,6,1,0,0,0
2026-05-01,vrs26_li_sponsored_brand_natl,hr_decision_makers,brand,Hyderabad,245,449,2,2,0,0,0,0
2026-05-01,vrs26_li_sponsored_brand_natl,hr_decision_makers,brand,Pune,178.22,416,3,3,0,0,0,0
2026-05-01,vrs26_li_sponsored_brand_natl,hr_decision_makers,brand,Chennai,138.23,308,3,3,0,0,0,0
2026-05-01,vrs26_li_sponsored_brand_natl,corporate_wellness,brand,Mumbai,403.96,826,0,0,0,0,0,0
2026-05-01,vrs26_li_sponsored_brand_natl,corporate_wellness,brand,Delhi NCR,422.86,872,3,3,1,1,1,799
2026-05-01,vrs26_li_sponsored_brand_natl,corporate_wellness,brand,Bengaluru,360.48,848,4,4,0,0,0,0
2026-05-01,vrs26_li_sponsored_brand_natl,corporate_wellness,brand,Hyderabad,219.84,490,8,8,0,0,0,0
2026-05-01,vrs26_li_sponsored_brand_natl,corporate_wellness,brand,Pune,176.81,387,1,1,0,0,0,0
2026-05-01,vrs26_li_sponsored_brand_natl,corporate_wellness,brand,Chennai,149.32,319,3,3,0,0,0,0
2026-05-01,vrs26_li_sponsored_brand_natl,fitness_enthusiasts,brand,Mumbai,404.88,749,7,7,0,0,0,0
2026-05-01,vrs26_li_sponsored_brand_natl,fitness_enthusiasts,brand,Delhi NCR,384.04,962,9,9,0,0,0,0
2026-05-01,vrs26_li_sponsored_brand_natl,fitness_enthusiasts,brand,Bengaluru,354.88,745,4,4,0,0,0,0
2026-05-01,vrs26_li_sponsored_brand_natl,fitness_enthusiasts,brand,Hyderabad,284.84,554,1,1,0,0,0,0
2026-05-01,vrs26_li_sponsored_brand_natl,fitness_enthusiasts,brand,Pune,162.44,290,0,0,0,0,0,0
2026-05-01,vrs26_li_sponsored_brand_natl,fitness_enthusiasts,brand,Chennai,142.2,352,5,5,0,0,0,0
2026-05-01,vrs26_li_sponsored_brand_natl,running_clubs,brand,Mumbai,438.12,931,4,4,0,0,0,0
2026-05-01,vrs26_li_sponsored_brand_natl,running_clubs,brand,Delhi NCR,342.23,707,2,2,0,0,0,0
2026-05-01,vrs26_li_sponsored_brand_natl,running_clubs,brand,Bengaluru,359.95,917,7,7,1,1,0,0
2026-05-01,vrs26_li_sponsored_brand_natl,running_clubs,brand,Hyderabad,244.4,499,5,5,0,0,0,0
2026-05-01,vrs26_li_sponsored_brand_natl,running_clubs,brand,Pune,215.92,408,6,6,0,0,0,0
2026-05-01,vrs26_li_sponsored_brand_natl,running_clubs,brand,Chennai,132.64,330,3,3,1,0,0,0
2026-05-01,vrs26_li_sponsored_brand_natl,senior_management,brand,Mumbai,498.65,1252,8,8,1,1,0,0
2026-05-01,vrs26_li_sponsored_brand_natl,senior_management,brand,Delhi NCR,333.3,928,4,4,0,0,0,0
2026-05-01,vrs26_li_sponsored_brand_natl,senior_management,brand,Bengaluru,314.34,612,4,4,1,0,0,0
2026-05-01,vrs26_li_sponsored_brand_natl,senior_management,brand,Hyderabad,271.73,577,6,6,1,0,0,0
2026-05-01,vrs26_li_sponsored_brand_natl,senior_management,brand,Pune,181.4,350,3,3,0,0,0,0
2026-05-01,vrs26_li_sponsored_brand_natl,senior_management,brand,Chennai,133.86,244,1,1,0,0,0,0
2026-05-02,vrs26_li_corp_challenge_natl,hr_decision_makers,corporate,Mumbai,933.67,2147,8,8,0,0,0,0
2026-05-02,vrs26_li_corp_challenge_natl,hr_decision_makers,corporate,Delhi NCR,819.66,1640,9,9,2,1,1,3499
2026-05-02,vrs26_li_corp_challenge_natl,hr_decision_makers,corporate,Bengaluru,775.25,1880,16,16,0,0,0,0
2026-05-02,vrs26_li_corp_challenge_natl,hr_decision_makers,corporate,Hyderabad,523.74,1140,9,9,0,0,0,0
2026-05-02,vrs26_li_corp_challenge_natl,hr_decision_makers,corporate,Pune,337.44,687,5,5,0,0,0,0
2026-05-02,vrs26_li_corp_challenge_natl,hr_decision_makers,corporate,Chennai,283.2,578,2,2,0,0,0,0
2026-05-02,vrs26_li_corp_challenge_natl,corporate_wellness,corporate,Mumbai,920.72,1947,21,21,0,0,0,0
2026-05-02,vrs26_li_corp_challenge_natl,corporate_wellness,corporate,Delhi NCR,771.77,1505,9,9,0,0,0,0
2026-05-02,vrs26_li_corp_challenge_natl,corporate_wellness,corporate,Bengaluru,802.24,1890,11,11,0,0,0,0
2026-05-02,vrs26_li_corp_challenge_natl,corporate_wellness,corporate,Hyderabad,565.48,1117,7,7,0,0,0,0
2026-05-02,vrs26_li_corp_challenge_natl,corporate_wellness,corporate,Pune,340.47,717,3,3,1,0,0,0
2026-05-02,vrs26_li_corp_challenge_natl,corporate_wellness,corporate,Chennai,272.28,525,5,5,0,0,0,0
2026-05-02,vrs26_li_corp_challenge_natl,fitness_enthusiasts,corporate,Mumbai,1015.04,2029,6,6,0,0,0,0
2026-05-02,vrs26_li_corp_challenge_natl,fitness_enthusiasts,corporate,Delhi NCR,975.78,2101,17,17,0,0,0,0
2026-05-02,vrs26_li_corp_challenge_natl,fitness_enthusiasts,corporate,Bengaluru,689.83,1563,5,5,0,0,0,0
2026-05-02,vrs26_li_corp_challenge_natl,fitness_enthusiasts,corporate,Hyderabad,431.61,884,12,12,0,0,0,0
2026-05-02,vrs26_li_corp_challenge_natl,fitness_enthusiasts,corporate,Pune,317.38,635,4,4,0,0,0,0
2026-05-02,vrs26_li_corp_challenge_natl,fitness_enthusiasts,corporate,Chennai,243.32,498,2,2,0,0,0,0
2026-05-02,vrs26_li_corp_challenge_natl,running_clubs,corporate,Mumbai,852.03,2172,19,19,2,2,1,799
2026-05-02,vrs26_li_corp_challenge_natl,running_clubs,corporate,Delhi NCR,843.56,1719,11,11,2,1,0,0
2026-05-02,vrs26_li_corp_challenge_natl,running_clubs,corporate,Bengaluru,793.16,1460,14,14,1,0,0,0
2026-05-02,vrs26_li_corp_challenge_natl,running_clubs,corporate,Hyderabad,535.72,1143,9,9,0,0,0,0
2026-05-02,vrs26_li_corp_challenge_natl,running_clubs,corporate,Pune,367.51,756,6,6,0,0,0,0
2026-05-02,vrs26_li_corp_challenge_natl,running_clubs,corporate,Chennai,280.97,672,3,3,1,0,0,0
2026-05-02,vrs26_li_sponsored_brand_natl,hr_decision_makers,brand,Mumbai,1160.72,2848,18,18,1,0,0,0
2026-05-02,vrs26_li_sponsored_brand_natl,hr_decision_makers,brand,Delhi NCR,1078.99,2140,12,12,2,1,1,1999
2026-05-02,vrs26_li_sponsored_brand_natl,hr_decision_makers,brand,Bengaluru,1032.01,2458,23,23,0,0,0,0
2026-05-02,vrs26_li_sponsored_brand_natl,hr_decision_makers,brand,Hyderabad,562.97,1211,10,10,0,0,0,0
2026-05-02,vrs26_li_sponsored_brand_natl,hr_decision_makers,brand,Pune,528.97,1169,13,13,2,1,1,1299
2026-05-02,vrs26_li_sponsored_brand_natl,hr_decision_makers,brand,Chennai,358.71,822,6,6,2,1,0,0
2026-05-02,vrs26_li_sponsored_brand_natl,fitness_enthusiasts,brand,Mumbai,1230.23,2972,18,18,0,0,0,0
2026-05-02,vrs26_li_sponsored_brand_natl,fitness_enthusiasts,brand,Delhi NCR,1111.45,2372,10,10,0,0,0,0
2026-05-02,vrs26_li_sponsored_brand_natl,fitness_enthusiasts,brand,Bengaluru,938.19,2201,15,15,3,2,1,799
2026-05-02,vrs26_li_sponsored_brand_natl,fitness_enthusiasts,brand,Hyderabad,484.71,861,6,6,1,0,0,0
2026-05-02,vrs26_li_sponsored_brand_natl,fitness_enthusiasts,brand,Pune,559.26,1211,15,15,1,1,1,1299
2026-05-02,vrs26_li_sponsored_brand_natl,fitness_enthusiasts,brand,Chennai,398.53,764,6,6,0,0,0,0
2026-05-03,vrs26_li_corp_challenge_natl,fitness_enthusiasts,corporate,Mumbai,3786.16,8700,20,20,1,1,0,0
2026-05-03,vrs26_li_corp_challenge_natl,fitness_enthusiasts,corporate,Delhi NCR,2586.14,4996,32,32,4,3,3,6797
2026-05-03,vrs26_li_corp_challenge_natl,fitness_enthusiasts,corporate,Bengaluru,2554.73,4990,30,30,1,0,0,0
2026-05-03,vrs26_li_corp_challenge_natl,fitness_enthusiasts,corporate,Hyderabad,1729.66,4774,25,25,1,1,1,799
2026-05-03,vrs26_li_corp_challenge_natl,fitness_enthusiasts,corporate,Pune,1310.42,3036,21,21,2,0,0,0
2026-05-03,vrs26_li_corp_challenge_natl,fitness_enthusiasts,corporate,Chennai,1217.68,2576,9,9,0,0,0,0
2026-05-03,vrs26_li_sponsored_brand_natl,corporate_wellness,brand,Mumbai,1083.83,2053,9,9,0,0,0,0
2026-05-03,vrs26_li_sponsored_brand_natl,corporate_wellness,brand,Delhi NCR,930.52,2197,12,12,0,0,0,0
2026-05-03,vrs26_li_sponsored_brand_natl,corporate_wellness,brand,Bengaluru,877.43,1814,11,11,0,0,0,0
2026-05-03,vrs26_li_sponsored_brand_natl,corporate_wellness,brand,Hyderabad,546.54,1248,9,9,0,0,0,0
2026-05-03,vrs26_li_sponsored_brand_natl,corporate_wellness,brand,Pune,448.27,1012,9,9,0,0,0,0
2026-05-03,vrs26_li_sponsored_brand_natl,corporate_wellness,brand,Chennai,351.37,895,6,6,0,0,0,0
2026-05-03,vrs26_li_sponsored_brand_natl,senior_management,brand,Mumbai,1110.84,2452,16,16,0,0,0,0
2026-05-03,vrs26_li_sponsored_brand_natl,senior_management,brand,Delhi NCR,967.55,1887,3,3,0,0,0,0
2026-05-03,vrs26_li_sponsored_brand_natl,senior_management,brand,Bengaluru,872.47,1772,10,10,0,0,0,0
2026-05-03,vrs26_li_sponsored_brand_natl,senior_management,brand,Hyderabad,551.82,1249,11,11,2,0,0,0
2026-05-03,vrs26_li_sponsored_brand_natl,senior_management,brand,Pune,448.3,940,5,5,0,0,0,0
2026-05-03,vrs26_li_sponsored_brand_natl,senior_management,brand,Chennai,287,563,3,3,0,0,0,0
2026-05-04,vrs26_li_corp_challenge_natl,hr_decision_makers,corporate,Mumbai,1365.17,2181,18,18,2,1,0,0
2026-05-04,vrs26_li_corp_challenge_natl,hr_decision_makers,corporate,Delhi NCR,1188.35,2260,12,12,0,0,0,0
2026-05-04,vrs26_li_corp_challenge_natl,hr_decision_makers,corporate,Bengaluru,1328.84,3599,21,21,2,1,1,799
2026-05-04,vrs26_li_corp_challenge_natl,hr_decision_makers,corporate,Hyderabad,937.24,1765,12,12,0,0,0,0
2026-05-04,vrs26_li_corp_challenge_natl,hr_decision_makers,corporate,Pune,500.27,1015,4,4,0,0,0,0
2026-05-04,vrs26_li_corp_challenge_natl,hr_decision_makers,corporate,Chennai,401.82,851,4,4,0,0,0,0
2026-05-04,vrs26_li_corp_challenge_natl,corporate_wellness,corporate,Mumbai,1477.49,2852,22,22,0,0,0,0
2026-05-04,vrs26_li_corp_challenge_natl,corporate_wellness,corporate,Delhi NCR,1329.11,2933,15,15,1,1,0,0
2026-05-04,vrs26_li_corp_challenge_natl,corporate_wellness,corporate,Bengaluru,1277,2666,13,13,0,0,0,0
2026-05-04,vrs26_li_corp_challenge_natl,corporate_wellness,corporate,Hyderabad,704.59,1641,14,14,2,2,1,799
2026-05-04,vrs26_li_corp_challenge_natl,corporate_wellness,corporate,Pune,493.77,1022,3,3,0,0,0,0
2026-05-04,vrs26_li_corp_challenge_natl,corporate_wellness,corporate,Chennai,439.71,922,3,3,0,0,0,0
2026-05-04,vrs26_li_corp_challenge_natl,senior_management,corporate,Mumbai,1322.15,2922,21,21,2,0,0,0
2026-05-04,vrs26_li_corp_challenge_natl,senior_management,corporate,Delhi NCR,1067.49,1912,12,12,0,0,0,0
2026-05-04,vrs26_li_corp_challenge_natl,senior_management,corporate,Bengaluru,1332.02,2469,21,21,1,1,0,0
2026-05-04,vrs26_li_corp_challenge_natl,senior_management,corporate,Hyderabad,762.86,1652,11,11,3,1,0,0
2026-05-04,vrs26_li_corp_challenge_natl,senior_management,corporate,Pune,722.88,1450,5,5,0,0,0,0
2026-05-04,vrs26_li_corp_challenge_natl,senior_management,corporate,Chennai,514.28,1141,2,2,0,0,0,0
2026-05-04,vrs26_li_sponsored_brand_natl,hr_decision_makers,brand,Mumbai,975.95,2105,11,11,1,1,1,499
2026-05-04,vrs26_li_sponsored_brand_natl,hr_decision_makers,brand,Delhi NCR,895.23,1874,12,12,3,1,0,0
2026-05-04,vrs26_li_sponsored_brand_natl,hr_decision_makers,brand,Bengaluru,650.18,1473,11,11,0,0,0,0
2026-05-04,vrs26_li_sponsored_brand_natl,hr_decision_makers,brand,Hyderabad,525.23,1390,10,10,1,0,0,0
2026-05-04,vrs26_li_sponsored_brand_natl,hr_decision_makers,brand,Pune,313.11,687,3,3,0,0,0,0
2026-05-04,vrs26_li_sponsored_brand_natl,hr_decision_makers,brand,Chennai,318.53,729,6,6,1,0,0,0
2026-05-04,vrs26_li_sponsored_brand_natl,corporate_wellness,brand,Mumbai,846.42,2199,16,16,0,0,0,0
2026-05-04,vrs26_li_sponsored_brand_natl,corporate_wellness,brand,Delhi NCR,905.72,1812,10,10,0,0,0,0
2026-05-04,vrs26_li_sponsored_brand_natl,corporate_wellness,brand,Bengaluru,653.32,1472,12,12,0,0,0,0
2026-05-04,vrs26_li_sponsored_brand_natl,corporate_wellness,brand,Hyderabad,546.27,1138,5,5,1,0,0,0
2026-05-04,vrs26_li_sponsored_brand_natl,corporate_wellness,brand,Pune,409.74,751,5,5,0,0,0,0
2026-05-04,vrs26_li_sponsored_brand_natl,corporate_wellness,brand,Chennai,316.75,695,7,7,0,0,0,0
2026-05-04,vrs26_li_sponsored_brand_natl,senior_management,brand,Mumbai,834.6,1668,8,8,0,0,0,0
2026-05-04,vrs26_li_sponsored_brand_natl,senior_management,brand,Delhi NCR,946.39,1614,10,10,0,0,0,0
2026-05-04,vrs26_li_sponsored_brand_natl,senior_management,brand,Bengaluru,687.33,1483,5,5,0,0,0,0
2026-05-04,vrs26_li_sponsored_brand_natl,senior_management,brand,Hyderabad,585.51,1330,5,5,0,0,0,0
2026-05-04,vrs26_li_sponsored_brand_natl,senior_management,brand,Pune,350.37,778,3,3,0,0,0,0
2026-05-04,vrs26_li_sponsored_brand_natl,senior_management,brand,Chennai,274.02,566,6,6,0,0,0,0
2026-05-05,vrs26_li_corp_challenge_natl,hr_decision_makers,corporate,Mumbai,1281.42,2487,13,13,0,0,0,0
2026-05-05,vrs26_li_corp_challenge_natl,hr_decision_makers,corporate,Delhi NCR,1054.81,1760,10,10,2,1,1,2999
2026-05-05,vrs26_li_corp_challenge_natl,hr_decision_makers,corporate,Bengaluru,784.99,1635,8,8,1,0,0,0
2026-05-05,vrs26_li_corp_challenge_natl,hr_decision_makers,corporate,Hyderabad,722.96,1811,12,12,1,1,0,0
2026-05-05,vrs26_li_corp_challenge_natl,hr_decision_makers,corporate,Pune,483.29,996,4,4,0,0,0,0
2026-05-05,vrs26_li_corp_challenge_natl,hr_decision_makers,corporate,Chennai,465,936,6,6,0,0,0,0
2026-05-05,vrs26_li_corp_challenge_natl,fitness_enthusiasts,corporate,Mumbai,1280.48,2588,11,11,1,0,0,0
2026-05-05,vrs26_li_corp_challenge_natl,fitness_enthusiasts,corporate,Delhi NCR,1158.83,2640,20,20,1,0,0,0
2026-05-05,vrs26_li_corp_challenge_natl,fitness_enthusiasts,corporate,Bengaluru,749.29,1500,15,15,1,1,0,0
2026-05-05,vrs26_li_corp_challenge_natl,fitness_enthusiasts,corporate,Hyderabad,710.83,1584,10,10,0,0,0,0
2026-05-05,vrs26_li_corp_challenge_natl,fitness_enthusiasts,corporate,Pune,473.02,1063,5,5,0,0,0,0
2026-05-05,vrs26_li_corp_challenge_natl,fitness_enthusiasts,corporate,Chennai,420.01,963,10,10,2,1,0,0
2026-05-05,vrs26_li_corp_challenge_natl,senior_management,corporate,Mumbai,1177.6,2048,8,8,0,0,0,0
2026-05-05,vrs26_li_corp_challenge_natl,senior_management,corporate,Delhi NCR,1220.9,2660,18,18,0,0,0,0
2026-05-05,vrs26_li_corp_challenge_natl,senior_management,corporate,Bengaluru,765.73,1425,16,16,1,0,0,0
2026-05-05,vrs26_li_corp_challenge_natl,senior_management,corporate,Hyderabad,780.64,1780,15,15,1,0,0,0
2026-05-05,vrs26_li_corp_challenge_natl,senior_management,corporate,Pune,472.61,1085,3,3,2,1,0,0
2026-05-05,vrs26_li_corp_challenge_natl,senior_management,corporate,Chennai,374.98,843,7,7,0,0,0,0
2026-05-05,vrs26_li_sponsored_brand_natl,hr_decision_makers,brand,Mumbai,544.32,1156,6,6,1,1,0,0
2026-05-05,vrs26_li_sponsored_brand_natl,hr_decision_makers,brand,Delhi NCR,528.11,1090,7,7,0,0,0,0
2026-05-05,vrs26_li_sponsored_brand_natl,hr_decision_makers,brand,Bengaluru,510.18,1118,5,5,0,0,0,0
2026-05-05,vrs26_li_sponsored_brand_natl,hr_decision_makers,brand,Hyderabad,322.01,695,3,3,0,0,0,0
2026-05-05,vrs26_li_sponsored_brand_natl,hr_decision_makers,brand,Pune,237.95,478,1,1,0,0,0,0
2026-05-05,vrs26_li_sponsored_brand_natl,hr_decision_makers,brand,Chennai,168.08,360,0,0,0,0,0,0
2026-05-05,vrs26_li_sponsored_brand_natl,corporate_wellness,brand,Mumbai,526.69,1146,7,7,0,0,0,0
2026-05-05,vrs26_li_sponsored_brand_natl,corporate_wellness,brand,Delhi NCR,583.24,1305,10,10,0,0,0,0
2026-05-05,vrs26_li_sponsored_brand_natl,corporate_wellness,brand,Bengaluru,464.91,1006,4,4,1,0,0,0
2026-05-05,vrs26_li_sponsored_brand_natl,corporate_wellness,brand,Hyderabad,298.39,721,6,6,1,0,0,0
2026-05-05,vrs26_li_sponsored_brand_natl,corporate_wellness,brand,Pune,246.52,531,2,2,0,0,0,0
2026-05-05,vrs26_li_sponsored_brand_natl,corporate_wellness,brand,Chennai,190.9,393,6,6,1,0,0,0
2026-05-05,vrs26_li_sponsored_brand_natl,running_clubs,brand,Mumbai,592.5,1181,5,5,0,0,0,0
2026-05-05,vrs26_li_sponsored_brand_natl,running_clubs,brand,Delhi NCR,523.22,1085,12,12,2,0,0,0
2026-05-05,vrs26_li_sponsored_brand_natl,running_clubs,brand,Bengaluru,413.05,800,9,9,0,0,0,0
2026-05-05,vrs26_li_sponsored_brand_natl,running_clubs,brand,Hyderabad,352.23,732,8,8,0,0,0,0
2026-05-05,vrs26_li_sponsored_brand_natl,running_clubs,brand,Pune,214.65,471,4,4,2,1,0,0
2026-05-05,vrs26_li_sponsored_brand_natl,running_clubs,brand,Chennai,215,448,0,0,0,0,0,0
2026-05-05,vrs26_li_sponsored_brand_natl,senior_management,brand,Mumbai,537.06,1122,5,5,0,0,0,0
2026-05-05,vrs26_li_sponsored_brand_natl,senior_management,brand,Delhi NCR,493.51,991,4,4,0,0,0,0
2026-05-05,vrs26_li_sponsored_brand_natl,senior_management,brand,Bengaluru,491.9,1040,8,8,0,0,0,0
2026-05-05,vrs26_li_sponsored_brand_natl,senior_management,brand,Hyderabad,368.06,764,5,5,0,0,0,0
2026-05-05,vrs26_li_sponsored_brand_natl,senior_management,brand,Pune,237.83,505,3,3,0,0,0,0
2026-05-05,vrs26_li_sponsored_brand_natl,senior_management,brand,Chennai,182.3,396,3,3,0,0,0,0
2026-05-06,vrs26_li_corp_challenge_natl,hr_decision_makers,corporate,Mumbai,690.69,1664,8,8,0,0,0,0
2026-05-06,vrs26_li_corp_challenge_natl,hr_decision_makers,corporate,Delhi NCR,535.88,1224,4,4,0,0,0,0
2026-05-06,vrs26_li_corp_challenge_natl,hr_decision_makers,corporate,Bengaluru,531.21,1098,11,11,1,0,0,0
2026-05-06,vrs26_li_corp_challenge_natl,hr_decision_makers,corporate,Hyderabad,419.03,804,6,6,0,0,0,0
2026-05-06,vrs26_li_corp_challenge_natl,hr_decision_makers,corporate,Pune,248.72,537,2,2,0,0,0,0
2026-05-06,vrs26_li_corp_challenge_natl,hr_decision_makers,corporate,Chennai,201,419,3,3,0,0,0,0
2026-05-06,vrs26_li_corp_challenge_natl,corporate_wellness,corporate,Mumbai,620.33,1461,14,14,0,0,0,0
2026-05-06,vrs26_li_corp_challenge_natl,corporate_wellness,corporate,Delhi NCR,630.29,1356,7,7,1,0,0,0
2026-05-06,vrs26_li_corp_challenge_natl,corporate_wellness,corporate,Bengaluru,542.16,1074,8,8,2,1,1,1299
2026-05-06,vrs26_li_corp_challenge_natl,corporate_wellness,corporate,Hyderabad,333.31,781,2,2,0,0,0,0
2026-05-06,vrs26_li_corp_challenge_natl,corporate_wellness,corporate,Pune,262.6,599,5,5,0,0,0,0
2026-05-06,vrs26_li_corp_challenge_natl,corporate_wellness,corporate,Chennai,237.84,490,3,3,0,0,0,0
2026-05-06,vrs26_li_corp_challenge_natl,fitness_enthusiasts,corporate,Mumbai,645.83,1234,7,7,1,0,0,0
2026-05-06,vrs26_li_corp_challenge_natl,fitness_enthusiasts,corporate,Delhi NCR,573.28,986,10,10,0,0,0,0
2026-05-06,vrs26_li_corp_challenge_natl,fitness_enthusiasts,corporate,Bengaluru,492.1,979,11,11,2,1,0,0
2026-05-06,vrs26_li_corp_challenge_natl,fitness_enthusiasts,corporate,Hyderabad,445.24,893,5,5,1,0,0,0
2026-05-06,vrs26_li_corp_challenge_natl,fitness_enthusiasts,corporate,Pune,270.7,546,1,1,0,0,0,0
2026-05-06,vrs26_li_corp_challenge_natl,fitness_enthusiasts,corporate,Chennai,199.38,359,2,2,0,0,0,0
2026-05-06,vrs26_li_corp_challenge_natl,running_clubs,corporate,Mumbai,698.59,1602,4,4,0,0,0,0
2026-05-06,vrs26_li_corp_challenge_natl,running_clubs,corporate,Delhi NCR,622.4,1360,10,10,0,0,0,0
2026-05-06,vrs26_li_corp_challenge_natl,running_clubs,corporate,Bengaluru,471.9,1016,9,9,1,0,0,0
2026-05-06,vrs26_li_corp_challenge_natl,running_clubs,corporate,Hyderabad,367.56,768,8,8,0,0,0,0
2026-05-06,vrs26_li_corp_challenge_natl,running_clubs,corporate,Pune,275.48,570,0,0,0,0,0,0
2026-05-06,vrs26_li_corp_challenge_natl,running_clubs,corporate,Chennai,190.6,504,5,5,0,0,0,0
2026-05-06,vrs26_li_corp_challenge_natl,senior_management,corporate,Mumbai,760.97,1883,13,13,1,0,0,0
2026-05-06,vrs26_li_corp_challenge_natl,senior_management,corporate,Delhi NCR,604.95,1221,9,9,0,0,0,0
2026-05-06,vrs26_li_corp_challenge_natl,senior_management,corporate,Bengaluru,511.02,1117,4,4,1,0,0,0
2026-05-06,vrs26_li_corp_challenge_natl,senior_management,corporate,Hyderabad,296.25,609,5,5,0,0,0,0
2026-05-06,vrs26_li_corp_challenge_natl,senior_management,corporate,Pune,241.32,512,2,2,0,0,0,0
2026-05-06,vrs26_li_corp_challenge_natl,senior_management,corporate,Chennai,212.02,521,4,4,0,0,0,0
2026-05-06,vrs26_li_sponsored_brand_natl,hr_decision_makers,brand,Mumbai,2365.46,4228,28,28,2,1,1,1299
2026-05-06,vrs26_li_sponsored_brand_natl,hr_decision_makers,brand,Delhi NCR,2003.06,4292,25,25,2,0,0,0
2026-05-06,vrs26_li_sponsored_brand_natl,hr_decision_makers,brand,Bengaluru,1617.68,3631,19,19,0,0,0,0
2026-05-06,vrs26_li_sponsored_brand_natl,hr_decision_makers,brand,Hyderabad,873.52,1896,6,6,1,0,0,0
2026-05-06,vrs26_li_sponsored_brand_natl,hr_decision_makers,brand,Pune,924.66,1837,9,9,2,1,0,0
2026-05-06,vrs26_li_sponsored_brand_natl,hr_decision_makers,brand,Chennai,658.04,1676,15,15,2,0,0,0
2026-05-07,vrs26_li_corp_challenge_natl,hr_decision_makers,corporate,Mumbai,881.78,2068,9,9,0,0,0,0
2026-05-07,vrs26_li_corp_challenge_natl,hr_decision_makers,corporate,Delhi NCR,703.32,1480,12,12,1,0,0,0
2026-05-07,vrs26_li_corp_challenge_natl,hr_decision_makers,corporate,Bengaluru,799.51,1897,17,17,1,0,0,0
2026-05-07,vrs26_li_corp_challenge_natl,hr_decision_makers,corporate,Hyderabad,513.42,1326,8,8,0,0,0,0
2026-05-07,vrs26_li_corp_challenge_natl,hr_decision_makers,corporate,Pune,405.29,1030,5,5,0,0,0,0
2026-05-07,vrs26_li_corp_challenge_natl,hr_decision_makers,corporate,Chennai,247.62,459,4,4,0,0,0,0
2026-05-07,vrs26_li_corp_challenge_natl,corporate_wellness,corporate,Mumbai,953.39,2122,14,14,1,0,0,0
2026-05-07,vrs26_li_corp_challenge_natl,corporate_wellness,corporate,Delhi NCR,722.25,1275,8,8,0,0,0,0
2026-05-07,vrs26_li_corp_challenge_natl,corporate_wellness,corporate,Bengaluru,693.56,1596,10,10,2,0,0,0
2026-05-07,vrs26_li_corp_challenge_natl,corporate_wellness,corporate,Hyderabad,563.72,1474,6,6,0,0,0,0
2026-05-07,vrs26_li_corp_challenge_natl,corporate_wellness,corporate,Pune,357.59,731,8,8,1,1,1,799
2026-05-07,vrs26_li_corp_challenge_natl,corporate_wellness,corporate,Chennai,260.43,483,0,0,0,0,0,0
2026-05-07,vrs26_li_corp_challenge_natl,senior_management,corporate,Mumbai,908.78,2092,6,6,1,0,0,0
2026-05-07,vrs26_li_corp_challenge_natl,senior_management,corporate,Delhi NCR,701.09,1521,10,10,2,2,2,2598
2026-05-07,vrs26_li_corp_challenge_natl,senior_management,corporate,Bengaluru,788.71,1731,12,12,0,0,0,0
2026-05-07,vrs26_li_corp_challenge_natl,senior_management,corporate,Hyderabad,429.8,833,5,5,0,0,0,0
2026-05-07,vrs26_li_corp_challenge_natl,senior_management,corporate,Pune,390.4,868,5,5,2,1,1,1299
2026-05-07,vrs26_li_corp_challenge_natl,senior_management,corporate,Chennai,332.15,730,4,4,1,1,1,1999
2026-05-07,vrs26_li_sponsored_brand_natl,running_clubs,brand,Mumbai,920.06,2322,7,7,0,0,0,0
2026-05-07,vrs26_li_sponsored_brand_natl,running_clubs,brand,Delhi NCR,791.31,1601,11,11,0,0,0,0
2026-05-07,vrs26_li_sponsored_brand_natl,running_clubs,brand,Bengaluru,617.56,1462,8,8,1,1,1,799
2026-05-07,vrs26_li_sponsored_brand_natl,running_clubs,brand,Hyderabad,484.42,925,5,5,0,0,0,0
2026-05-07,vrs26_li_sponsored_brand_natl,running_clubs,brand,Pune,358.77,655,0,0,0,0,0,0
2026-05-07,vrs26_li_sponsored_brand_natl,running_clubs,brand,Chennai,251.99,582,3,3,0,0,0,0
2026-05-07,vrs26_li_sponsored_brand_natl,senior_management,brand,Mumbai,928.72,2135,17,17,2,0,0,0
2026-05-07,vrs26_li_sponsored_brand_natl,senior_management,brand,Delhi NCR,650.47,1143,0,0,0,0,0,0
2026-05-07,vrs26_li_sponsored_brand_natl,senior_management,brand,Bengaluru,663.16,1395,9,9,0,0,0,0
2026-05-07,vrs26_li_sponsored_brand_natl,senior_management,brand,Hyderabad,545.3,1240,7,7,1,0,0,0
2026-05-07,vrs26_li_sponsored_brand_natl,senior_management,brand,Pune,324.95,608,1,1,0,0,0,0
2026-05-07,vrs26_li_sponsored_brand_natl,senior_management,brand,Chennai,311.52,714,3,3,0,0,0,0
2026-05-08,vrs26_li_corp_challenge_natl,hr_decision_makers,corporate,Mumbai,915.91,1988,17,17,0,0,0,0
2026-05-08,vrs26_li_corp_challenge_natl,hr_decision_makers,corporate,Delhi NCR,892.49,1732,17,17,0,0,0,0
2026-05-08,vrs26_li_corp_challenge_natl,hr_decision_makers,corporate,Bengaluru,694.7,1792,19,19,2,1,0,0
2026-05-08,vrs26_li_corp_challenge_natl,hr_decision_makers,corporate,Hyderabad,525.29,1186,8,8,0,0,0,0
2026-05-08,vrs26_li_corp_challenge_natl,hr_decision_makers,corporate,Pune,378.3,805,5,5,0,0,0,0
2026-05-08,vrs26_li_corp_challenge_natl,hr_decision_makers,corporate,Chennai,286.11,692,2,2,0,0,0,0
2026-05-08,vrs26_li_corp_challenge_natl,corporate_wellness,corporate,Mumbai,890.54,1930,12,12,0,0,0,0
2026-05-08,vrs26_li_corp_challenge_natl,corporate_wellness,corporate,Delhi NCR,863.87,1957,13,13,0,0,0,0
2026-05-08,vrs26_li_corp_challenge_natl,corporate_wellness,corporate,Bengaluru,742.07,1510,11,11,1,0,0,0
2026-05-08,vrs26_li_corp_challenge_natl,corporate_wellness,corporate,Hyderabad,519.28,1119,8,8,1,0,0,0
2026-05-08,vrs26_li_corp_challenge_natl,corporate_wellness,corporate,Pune,388.89,841,1,1,0,0,0,0
2026-05-08,vrs26_li_corp_challenge_natl,corporate_wellness,corporate,Chennai,288.14,508,6,6,0,0,0,0
2026-05-08,vrs26_li_corp_challenge_natl,senior_management,corporate,Mumbai,958.24,2389,7,7,0,0,0,0
2026-05-08,vrs26_li_corp_challenge_natl,senior_management,corporate,Delhi NCR,819.28,1698,0,0,0,0,0,0
2026-05-08,vrs26_li_corp_challenge_natl,senior_management,corporate,Bengaluru,677.01,1596,12,12,2,1,1,3998
2026-05-08,vrs26_li_corp_challenge_natl,senior_management,corporate,Hyderabad,589.21,1207,10,10,2,1,1,799
2026-05-08,vrs26_li_corp_challenge_natl,senior_management,corporate,Pune,328.81,789,7,7,0,0,0,0
2026-05-08,vrs26_li_corp_challenge_natl,senior_management,corporate,Chennai,320.25,753,0,0,0,0,0,0
2026-05-08,vrs26_li_sponsored_brand_natl,corporate_wellness,brand,Mumbai,1106.37,2381,5,5,0,0,0,0
2026-05-08,vrs26_li_sponsored_brand_natl,corporate_wellness,brand,Delhi NCR,817.74,1933,8,8,0,0,0,0
2026-05-08,vrs26_li_sponsored_brand_natl,corporate_wellness,brand,Bengaluru,538.6,1153,6,6,0,0,0,0
2026-05-08,vrs26_li_sponsored_brand_natl,corporate_wellness,brand,Hyderabad,418.37,869,5,5,0,0,0,0
2026-05-08,vrs26_li_sponsored_brand_natl,corporate_wellness,brand,Pune,418.3,924,5,5,0,0,0,0
2026-05-08,vrs26_li_sponsored_brand_natl,corporate_wellness,brand,Chennai,261.53,564,4,4,1,1,0,0
2026-05-08,vrs26_li_sponsored_brand_natl,senior_management,brand,Mumbai,896.78,1801,10,10,0,0,0,0
2026-05-08,vrs26_li_sponsored_brand_natl,senior_management,brand,Delhi NCR,829.06,2093,18,18,2,2,2,6998
2026-05-08,vrs26_li_sponsored_brand_natl,senior_management,brand,Bengaluru,653.7,1588,10,10,0,0,0,0
2026-05-08,vrs26_li_sponsored_brand_natl,senior_management,brand,Hyderabad,490.83,1027,9,9,1,0,0,0
2026-05-08,vrs26_li_sponsored_brand_natl,senior_management,brand,Pune,319.76,706,8,8,1,0,0,0
2026-05-08,vrs26_li_sponsored_brand_natl,senior_management,brand,Chennai,370.78,798,3,3,1,0,0,0
2026-06-15,vrs26_li_inmail_hr_leads_natl,fitness_enthusiasts,leadgen,Mumbai,1316.59,2607,13,13,0,0,0,0
2026-06-15,vrs26_li_inmail_hr_leads_natl,fitness_enthusiasts,leadgen,Delhi NCR,1168.11,2298,15,15,1,1,1,6499
2026-06-15,vrs26_li_inmail_hr_leads_natl,fitness_enthusiasts,leadgen,Bengaluru,1125.52,1805,11,11,0,0,0,0
2026-06-15,vrs26_li_inmail_hr_leads_natl,fitness_enthusiasts,leadgen,Hyderabad,697.44,1505,8,8,0,0,0,0
2026-06-15,vrs26_li_inmail_hr_leads_natl,fitness_enthusiasts,leadgen,Pune,493.21,931,10,10,1,1,1,2999
2026-06-15,vrs26_li_inmail_hr_leads_natl,fitness_enthusiasts,leadgen,Chennai,414.81,929,8,8,0,0,0,0
2026-06-15,vrs26_li_inmail_hr_leads_natl,running_clubs,leadgen,Mumbai,1224.91,2181,13,13,0,0,0,0
2026-06-15,vrs26_li_inmail_hr_leads_natl,running_clubs,leadgen,Delhi NCR,1304.12,2287,13,13,1,1,1,1299
2026-06-15,vrs26_li_inmail_hr_leads_natl,running_clubs,leadgen,Bengaluru,1008.28,1740,7,7,0,0,0,0
2026-06-15,vrs26_li_inmail_hr_leads_natl,running_clubs,leadgen,Hyderabad,806.27,1695,15,15,1,0,0,0
2026-06-15,vrs26_li_inmail_hr_leads_natl,running_clubs,leadgen,Pune,458.24,960,10,10,1,0,0,0
2026-06-15,vrs26_li_inmail_hr_leads_natl,running_clubs,leadgen,Chennai,413.86,893,13,13,0,0,0,0
2026-06-15,vrs26_li_inmail_hr_leads_natl,senior_management,leadgen,Mumbai,1130.49,2355,13,13,0,0,0,0
2026-06-15,vrs26_li_inmail_hr_leads_natl,senior_management,leadgen,Delhi NCR,1388.71,2698,16,16,0,0,0,0
2026-06-15,vrs26_li_inmail_hr_leads_natl,senior_management,leadgen,Bengaluru,938.15,2112,8,8,2,0,0,0
2026-06-15,vrs26_li_inmail_hr_leads_natl,senior_management,leadgen,Hyderabad,785.12,1703,14,14,1,1,0,0
2026-06-15,vrs26_li_inmail_hr_leads_natl,senior_management,leadgen,Pune,501.2,992,5,5,1,0,0,0
2026-06-15,vrs26_li_inmail_hr_leads_natl,senior_management,leadgen,Chennai,471.99,941,3,3,0,0,0,0
2026-06-15,vrs26_li_conv_teamreg_mum,corporate_wellness,conversion,Mumbai,2882.2,6308,43,43,4,1,1,1299
2026-06-15,vrs26_li_conv_teamreg_mum,corporate_wellness,conversion,Delhi NCR,160.56,390,4,4,0,0,0,0
2026-06-15,vrs26_li_conv_teamreg_mum,corporate_wellness,conversion,Bengaluru,140.59,268,2,2,0,0,0,0
2026-06-15,vrs26_li_conv_teamreg_mum,corporate_wellness,conversion,Hyderabad,123.7,262,1,1,0,0,0,0
2026-06-15,vrs26_li_conv_teamreg_mum,corporate_wellness,conversion,Pune,60.6,109,0,0,0,0,0,0
2026-06-15,vrs26_li_conv_teamreg_mum,corporate_wellness,conversion,Chennai,55.13,98,1,1,0,0,0,0
2026-06-15,vrs26_li_conv_teamreg_mum,fitness_enthusiasts,conversion,Mumbai,2799.13,6188,41,41,5,1,1,799
2026-06-15,vrs26_li_conv_teamreg_mum,fitness_enthusiasts,conversion,Delhi NCR,191.27,353,2,2,0,0,0,0
2026-06-15,vrs26_li_conv_teamreg_mum,fitness_enthusiasts,conversion,Bengaluru,166.15,305,2,2,1,0,0,0
2026-06-15,vrs26_li_conv_teamreg_mum,fitness_enthusiasts,conversion,Hyderabad,105.55,201,2,2,1,0,0,0
2026-06-15,vrs26_li_conv_teamreg_mum,fitness_enthusiasts,conversion,Pune,87.04,180,0,0,0,0,0,0
2026-06-15,vrs26_li_conv_teamreg_mum,fitness_enthusiasts,conversion,Chennai,73.65,152,1,1,0,0,0,0
2026-06-15,vrs26_li_conv_teamreg_mum,running_clubs,conversion,Mumbai,2890.79,6506,49,49,6,2,2,2098
2026-06-15,vrs26_li_conv_teamreg_mum,running_clubs,conversion,Delhi NCR,158.36,282,3,3,0,0,0,0
2026-06-15,vrs26_li_conv_teamreg_mum,running_clubs,conversion,Bengaluru,134.84,292,1,1,0,0,0,0
2026-06-15,vrs26_li_conv_teamreg_mum,running_clubs,conversion,Hyderabad,106.56,207,4,4,0,0,0,0
2026-06-15,vrs26_li_conv_teamreg_mum,running_clubs,conversion,Pune,73.76,130,1,1,0,0,0,0
2026-06-15,vrs26_li_conv_teamreg_mum,running_clubs,conversion,Chennai,58.47,113,0,0,0,0,0,0
2026-06-15,vrs26_li_conv_teamreg_mum,senior_management,conversion,Mumbai,2804.13,5941,40,40,3,1,0,0
2026-06-15,vrs26_li_conv_teamreg_mum,senior_management,conversion,Delhi NCR,166.62,268,2,2,0,0,0,0
2026-06-15,vrs26_li_conv_teamreg_mum,senior_management,conversion,Bengaluru,212.59,392,2,2,0,0,0,0
2026-06-15,vrs26_li_conv_teamreg_mum,senior_management,conversion,Hyderabad,105,221,1,1,0,0,0,0
2026-06-15,vrs26_li_conv_teamreg_mum,senior_management,conversion,Pune,69.31,147,1,1,0,0,0,0
2026-06-15,vrs26_li_conv_teamreg_mum,senior_management,conversion,Chennai,65.15,143,2,2,0,0,0,0
2026-06-15,vrs26_li_conv_teamreg_blr,hr_decision_makers,conversion,Mumbai,251.2,467,0,0,0,0,0,0
2026-06-15,vrs26_li_conv_teamreg_blr,hr_decision_makers,conversion,Delhi NCR,194.12,436,2,2,0,0,0,0
2026-06-15,vrs26_li_conv_teamreg_blr,hr_decision_makers,conversion,Bengaluru,3228.34,6479,43,43,2,0,0,0
2026-06-15,vrs26_li_conv_teamreg_blr,hr_decision_makers,conversion,Hyderabad,92.56,169,1,1,0,0,0,0
2026-06-15,vrs26_li_conv_teamreg_blr,hr_decision_makers,conversion,Pune,89.43,182,1,1,0,0,0,0
2026-06-15,vrs26_li_conv_teamreg_blr,hr_decision_makers,conversion,Chennai,56.11,131,1,1,0,0,0,0
2026-06-15,vrs26_li_conv_teamreg_blr,running_clubs,conversion,Mumbai,280.46,644,4,4,0,0,0,0
2026-06-15,vrs26_li_conv_teamreg_blr,running_clubs,conversion,Delhi NCR,250.31,517,4,4,0,0,0,0
2026-06-15,vrs26_li_conv_teamreg_blr,running_clubs,conversion,Bengaluru,3065.91,4707,31,31,2,0,0,0
2026-06-15,vrs26_li_conv_teamreg_blr,running_clubs,conversion,Hyderabad,149.52,301,3,3,0,0,0,0
2026-06-15,vrs26_li_conv_teamreg_blr,running_clubs,conversion,Pune,69.97,148,1,1,0,0,0,0
2026-06-15,vrs26_li_conv_teamreg_blr,running_clubs,conversion,Chennai,95.59,182,2,2,0,0,0,0
2026-06-15,vrs26_li_conv_teamreg_blr,senior_management,conversion,Mumbai,215.47,384,6,6,0,0,0,0
2026-06-15,vrs26_li_conv_teamreg_blr,senior_management,conversion,Delhi NCR,171.45,368,4,4,0,0,0,0
2026-06-15,vrs26_li_conv_teamreg_blr,senior_management,conversion,Bengaluru,3256.19,7041,49,49,7,2,1,799
2026-06-15,vrs26_li_conv_teamreg_blr,senior_management,conversion,Hyderabad,120.19,218,1,1,0,0,0,0
2026-06-15,vrs26_li_conv_teamreg_blr,senior_management,conversion,Pune,94.32,168,1,1,0,0,0,0
2026-06-15,vrs26_li_conv_teamreg_blr,senior_management,conversion,Chennai,54.13,110,1,1,0,0,0,0
2026-06-16,vrs26_li_inmail_hr_leads_natl,corporate_wellness,leadgen,Mumbai,717.22,1564,11,11,1,1,1,799
2026-06-16,vrs26_li_inmail_hr_leads_natl,corporate_wellness,leadgen,Delhi NCR,694.17,1674,10,10,1,0,0,0
2026-06-16,vrs26_li_inmail_hr_leads_natl,corporate_wellness,leadgen,Bengaluru,734.5,1412,7,7,1,1,1,1299
2026-06-16,vrs26_li_inmail_hr_leads_natl,corporate_wellness,leadgen,Hyderabad,442.15,862,3,3,0,0,0,0
2026-06-16,vrs26_li_inmail_hr_leads_natl,corporate_wellness,leadgen,Pune,366.27,794,4,4,0,0,0,0
2026-06-16,vrs26_li_inmail_hr_leads_natl,corporate_wellness,leadgen,Chennai,234.2,507,4,4,1,0,0,0
2026-06-16,vrs26_li_inmail_hr_leads_natl,fitness_enthusiasts,leadgen,Mumbai,804.21,1586,6,6,0,0,0,0
2026-06-16,vrs26_li_inmail_hr_leads_natl,fitness_enthusiasts,leadgen,Delhi NCR,740.72,1456,8,8,0,0,0,0
2026-06-16,vrs26_li_inmail_hr_leads_natl,fitness_enthusiasts,leadgen,Bengaluru,616.05,1171,12,12,1,1,1,3499
2026-06-16,vrs26_li_inmail_hr_leads_natl,fitness_enthusiasts,leadgen,Hyderabad,486.58,1229,8,8,0,0,0,0
2026-06-16,vrs26_li_inmail_hr_leads_natl,fitness_enthusiasts,leadgen,Pune,274.04,436,2,2,0,0,0,0
2026-06-16,vrs26_li_inmail_hr_leads_natl,fitness_enthusiasts,leadgen,Chennai,266.92,558,4,4,0,0,0,0
2026-06-16,vrs26_li_inmail_hr_leads_natl,running_clubs,leadgen,Mumbai,780.6,1899,13,13,0,0,0,0
2026-06-16,vrs26_li_inmail_hr_leads_natl,running_clubs,leadgen,Delhi NCR,626.26,1505,12,12,0,0,0,0
2026-06-16,vrs26_li_inmail_hr_leads_natl,running_clubs,leadgen,Bengaluru,709.97,1351,5,5,1,0,0,0
2026-06-16,vrs26_li_inmail_hr_leads_natl,running_clubs,leadgen,Hyderabad,489.57,1061,5,5,0,0,0,0
2026-06-16,vrs26_li_inmail_hr_leads_natl,running_clubs,leadgen,Pune,386.71,913,7,7,0,0,0,0
2026-06-16,vrs26_li_inmail_hr_leads_natl,running_clubs,leadgen,Chennai,195.4,456,1,1,0,0,0,0
2026-06-16,vrs26_li_inmail_hr_leads_natl,senior_management,leadgen,Mumbai,844.04,2050,8,8,1,1,0,0
2026-06-16,vrs26_li_inmail_hr_leads_natl,senior_management,leadgen,Delhi NCR,671.06,1067,3,3,1,0,0,0
2026-06-16,vrs26_li_inmail_hr_leads_natl,senior_management,leadgen,Bengaluru,695.9,1357,10,10,1,0,0,0
2026-06-16,vrs26_li_inmail_hr_leads_natl,senior_management,leadgen,Hyderabad,457.39,995,13,13,0,0,0,0
2026-06-16,vrs26_li_inmail_hr_leads_natl,senior_management,leadgen,Pune,271.18,587,3,3,0,0,0,0
2026-06-16,vrs26_li_inmail_hr_leads_natl,senior_management,leadgen,Chennai,248.96,519,3,3,0,0,0,0
2026-06-16,vrs26_li_conv_teamreg_mum,hr_decision_makers,conversion,Mumbai,2328.65,4673,24,24,1,1,1,799
2026-06-16,vrs26_li_conv_teamreg_mum,hr_decision_makers,conversion,Delhi NCR,145.49,332,2,2,0,0,0,0
2026-06-16,vrs26_li_conv_teamreg_mum,hr_decision_makers,conversion,Bengaluru,127,237,1,1,1,0,0,0
2026-06-16,vrs26_li_conv_teamreg_mum,hr_decision_makers,conversion,Hyderabad,74.4,149,2,2,0,0,0,0
2026-06-16,vrs26_li_conv_teamreg_mum,hr_decision_makers,conversion,Pune,64.8,154,1,1,0,0,0,0
2026-06-16,vrs26_li_conv_teamreg_mum,hr_decision_makers,conversion,Chennai,49.61,105,0,0,0,0,0,0
2026-06-16,vrs26_li_conv_teamreg_mum,corporate_wellness,conversion,Mumbai,2351.62,4934,30,30,2,1,1,499
2026-06-16,vrs26_li_conv_teamreg_mum,corporate_wellness,conversion,Delhi NCR,134.79,262,2,2,0,0,0,0
2026-06-16,vrs26_li_conv_teamreg_mum,corporate_wellness,conversion,Bengaluru,100.18,224,1,1,0,0,0,0
2026-06-16,vrs26_li_conv_teamreg_mum,corporate_wellness,conversion,Hyderabad,93.69,202,1,1,0,0,0,0
2026-06-16,vrs26_li_conv_teamreg_mum,corporate_wellness,conversion,Pune,62.8,148,0,0,0,0,0,0
2026-06-16,vrs26_li_conv_teamreg_mum,corporate_wellness,conversion,Chennai,46.87,98,0,0,0,0,0,0
2026-06-16,vrs26_li_conv_teamreg_mum,running_clubs,conversion,Mumbai,2268.68,5182,41,41,2,0,0,0
2026-06-16,vrs26_li_conv_teamreg_mum,running_clubs,conversion,Delhi NCR,183.08,313,0,0,0,0,0,0
2026-06-16,vrs26_li_conv_teamreg_mum,running_clubs,conversion,Bengaluru,129.8,313,2,2,1,0,0,0
2026-06-16,vrs26_li_conv_teamreg_mum,running_clubs,conversion,Hyderabad,94.75,175,2,2,0,0,0,0
2026-06-16,vrs26_li_conv_teamreg_mum,running_clubs,conversion,Pune,54.63,123,0,0,0,0,0,0
2026-06-16,vrs26_li_conv_teamreg_mum,running_clubs,conversion,Chennai,59,113,0,0,0,0,0,0
2026-06-16,vrs26_li_conv_teamreg_mum,senior_management,conversion,Mumbai,2329.05,4928,29,29,0,0,0,0
2026-06-16,vrs26_li_conv_teamreg_mum,senior_management,conversion,Delhi NCR,133.18,287,2,2,0,0,0,0
2026-06-16,vrs26_li_conv_teamreg_mum,senior_management,conversion,Bengaluru,130.4,251,1,1,0,0,0,0
2026-06-16,vrs26_li_conv_teamreg_mum,senior_management,conversion,Hyderabad,91.47,179,0,0,0,0,0,0
2026-06-16,vrs26_li_conv_teamreg_mum,senior_management,conversion,Pune,57.15,105,1,1,0,0,0,0
2026-06-16,vrs26_li_conv_teamreg_mum,senior_management,conversion,Chennai,48.69,96,1,1,0,0,0,0
2026-06-16,vrs26_li_conv_teamreg_blr,running_clubs,conversion,Mumbai,392.8,956,5,5,1,0,0,0
2026-06-16,vrs26_li_conv_teamreg_blr,running_clubs,conversion,Delhi NCR,448.01,986,7,7,0,0,0,0
2026-06-16,vrs26_li_conv_teamreg_blr,running_clubs,conversion,Bengaluru,8064.06,16999,153,153,14,4,2,3798
2026-06-16,vrs26_li_conv_teamreg_blr,running_clubs,conversion,Hyderabad,280.75,542,1,1,0,0,0,0
2026-06-16,vrs26_li_conv_teamreg_blr,running_clubs,conversion,Pune,202.39,458,1,1,0,0,0,0
2026-06-16,vrs26_li_conv_teamreg_blr,running_clubs,conversion,Chennai,177.53,384,5,5,1,0,0,0
2026-06-17,vrs26_li_inmail_hr_leads_natl,hr_decision_makers,leadgen,Mumbai,1332.79,2692,29,29,1,0,0,0
2026-06-17,vrs26_li_inmail_hr_leads_natl,hr_decision_makers,leadgen,Delhi NCR,1206.33,2376,16,16,0,0,0,0
2026-06-17,vrs26_li_inmail_hr_leads_natl,hr_decision_makers,leadgen,Bengaluru,759.47,1415,13,13,2,1,1,1299
2026-06-17,vrs26_li_inmail_hr_leads_natl,hr_decision_makers,leadgen,Hyderabad,766.92,1282,14,14,0,0,0,0
2026-06-17,vrs26_li_inmail_hr_leads_natl,hr_decision_makers,leadgen,Pune,528.24,1064,9,9,0,0,0,0
2026-06-17,vrs26_li_inmail_hr_leads_natl,hr_decision_makers,leadgen,Chennai,360.09,739,8,8,0,0,0,0
2026-06-17,vrs26_li_inmail_hr_leads_natl,corporate_wellness,leadgen,Mumbai,1373.1,2850,20,20,1,0,0,0
2026-06-17,vrs26_li_inmail_hr_leads_natl,corporate_wellness,leadgen,Delhi NCR,1031.45,2161,14,14,2,0,0,0
2026-06-17,vrs26_li_inmail_hr_leads_natl,corporate_wellness,leadgen,Bengaluru,916.76,1906,18,18,2,1,0,0
2026-06-17,vrs26_li_inmail_hr_leads_natl,corporate_wellness,leadgen,Hyderabad,670.91,1343,8,8,1,0,0,0
2026-06-17,vrs26_li_inmail_hr_leads_natl,corporate_wellness,leadgen,Pune,488.94,995,8,8,1,1,1,1299
2026-06-17,vrs26_li_inmail_hr_leads_natl,corporate_wellness,leadgen,Chennai,472.67,1002,8,8,0,0,0,0
2026-06-17,vrs26_li_inmail_hr_leads_natl,running_clubs,leadgen,Mumbai,1292.2,2764,16,16,0,0,0,0
2026-06-17,vrs26_li_inmail_hr_leads_natl,running_clubs,leadgen,Delhi NCR,1191.26,2409,14,14,0,0,0,0
2026-06-17,vrs26_li_inmail_hr_leads_natl,running_clubs,leadgen,Bengaluru,1002.3,1975,16,16,0,0,0,0
2026-06-17,vrs26_li_inmail_hr_leads_natl,running_clubs,leadgen,Hyderabad,679.64,1461,6,6,1,0,0,0
2026-06-17,vrs26_li_inmail_hr_leads_natl,running_clubs,leadgen,Pune,442.14,928,7,7,0,0,0,0
2026-06-17,vrs26_li_inmail_hr_leads_natl,running_clubs,leadgen,Chennai,346.3,760,5,5,0,0,0,0
2026-06-17,vrs26_li_conv_teamreg_mum,running_clubs,conversion,Mumbai,10146.42,20954,160,160,8,6,4,8895
2026-06-17,vrs26_li_conv_teamreg_mum,running_clubs,conversion,Delhi NCR,933.56,2075,16,16,0,0,0,0
2026-06-17,vrs26_li_conv_teamreg_mum,running_clubs,conversion,Bengaluru,765.39,1374,10,10,0,0,0,0
2026-06-17,vrs26_li_conv_teamreg_mum,running_clubs,conversion,Hyderabad,482.85,1188,13,13,2,1,1,499
2026-06-17,vrs26_li_conv_teamreg_mum,running_clubs,conversion,Pune,381.58,794,7,7,0,0,0,0
2026-06-17,vrs26_li_conv_teamreg_mum,running_clubs,conversion,Chennai,294.01,573,4,4,0,0,0,0
2026-06-17,vrs26_li_conv_teamreg_blr,corporate_wellness,conversion,Mumbai,226.33,441,1,1,0,0,0,0
2026-06-17,vrs26_li_conv_teamreg_blr,corporate_wellness,conversion,Delhi NCR,127.1,280,0,0,0,0,0,0
2026-06-17,vrs26_li_conv_teamreg_blr,corporate_wellness,conversion,Bengaluru,2173.33,3970,28,28,4,1,1,12998
2026-06-17,vrs26_li_conv_teamreg_blr,corporate_wellness,conversion,Hyderabad,107.84,268,2,2,0,0,0,0
2026-06-17,vrs26_li_conv_teamreg_blr,corporate_wellness,conversion,Pune,82.29,174,2,2,0,0,0,0
2026-06-17,vrs26_li_conv_teamreg_blr,corporate_wellness,conversion,Chennai,69.65,160,0,0,0,0,0,0
2026-06-17,vrs26_li_conv_teamreg_blr,fitness_enthusiasts,conversion,Mumbai,205.61,410,3,3,1,0,0,0
2026-06-17,vrs26_li_conv_teamreg_blr,fitness_enthusiasts,conversion,Delhi NCR,203.6,449,3,3,0,0,0,0
2026-06-17,vrs26_li_conv_teamreg_blr,fitness_enthusiasts,conversion,Bengaluru,2131.57,4918,25,25,1,0,0,0
2026-06-17,vrs26_li_conv_teamreg_blr,fitness_enthusiasts,conversion,Hyderabad,105.52,204,0,0,0,0,0,0
2026-06-17,vrs26_li_conv_teamreg_blr,fitness_enthusiasts,conversion,Pune,69.21,118,0,0,0,0,0,0
2026-06-17,vrs26_li_conv_teamreg_blr,fitness_enthusiasts,conversion,Chennai,71.03,135,2,2,0,0,0,0
2026-06-17,vrs26_li_conv_teamreg_blr,running_clubs,conversion,Mumbai,176.67,407,2,2,0,0,0,0
2026-06-17,vrs26_li_conv_teamreg_blr,running_clubs,conversion,Delhi NCR,168.42,341,3,3,0,0,0,0
2026-06-17,vrs26_li_conv_teamreg_blr,running_clubs,conversion,Bengaluru,2232.6,5391,20,20,2,0,0,0
2026-06-17,vrs26_li_conv_teamreg_blr,running_clubs,conversion,Hyderabad,86.53,180,1,1,0,0,0,0
2026-06-17,vrs26_li_conv_teamreg_blr,running_clubs,conversion,Pune,64.84,121,0,0,0,0,0,0
2026-06-17,vrs26_li_conv_teamreg_blr,running_clubs,conversion,Chennai,57.46,125,0,0,0,0,0,0
2026-06-17,vrs26_li_conv_teamreg_blr,senior_management,conversion,Mumbai,160.24,288,3,3,1,0,0,0
2026-06-17,vrs26_li_conv_teamreg_blr,senior_management,conversion,Delhi NCR,118.7,205,2,2,0,0,0,0
2026-06-17,vrs26_li_conv_teamreg_blr,senior_management,conversion,Bengaluru,2306.37,4361,31,31,1,1,1,499
2026-06-17,vrs26_li_conv_teamreg_blr,senior_management,conversion,Hyderabad,97.65,190,2,2,0,0,0,0
2026-06-17,vrs26_li_conv_teamreg_blr,senior_management,conversion,Pune,57.4,149,1,1,0,0,0,0
2026-06-17,vrs26_li_conv_teamreg_blr,senior_management,conversion,Chennai,46.17,108,0,0,0,0,0,0
2026-06-18,vrs26_li_inmail_hr_leads_natl,hr_decision_makers,leadgen,Mumbai,1743.41,3109,28,28,1,1,0,0
2026-06-18,vrs26_li_inmail_hr_leads_natl,hr_decision_makers,leadgen,Delhi NCR,1717.88,3592,23,23,1,0,0,0
2026-06-18,vrs26_li_inmail_hr_leads_natl,hr_decision_makers,leadgen,Bengaluru,1497.93,2761,23,23,2,0,0,0
2026-06-18,vrs26_li_inmail_hr_leads_natl,hr_decision_makers,leadgen,Hyderabad,953.49,2196,18,18,3,1,1,1999
2026-06-18,vrs26_li_inmail_hr_leads_natl,hr_decision_makers,leadgen,Pune,521.61,1061,7,7,0,0,0,0
2026-06-18,vrs26_li_inmail_hr_leads_natl,hr_decision_makers,leadgen,Chennai,617.64,1066,8,8,0,0,0,0
2026-06-18,vrs26_li_inmail_hr_leads_natl,corporate_wellness,leadgen,Mumbai,1603.94,3079,18,18,1,1,0,0
2026-06-18,vrs26_li_inmail_hr_leads_natl,corporate_wellness,leadgen,Delhi NCR,1448.33,3034,25,25,1,0,0,0
2026-06-18,vrs26_li_inmail_hr_leads_natl,corporate_wellness,leadgen,Bengaluru,1507.86,3054,10,10,1,0,0,0
2026-06-18,vrs26_li_inmail_hr_leads_natl,corporate_wellness,leadgen,Hyderabad,1138.49,2348,17,17,0,0,0,0
2026-06-18,vrs26_li_inmail_hr_leads_natl,corporate_wellness,leadgen,Pune,813.7,1310,10,10,0,0,0,0
2026-06-18,vrs26_li_inmail_hr_leads_natl,corporate_wellness,leadgen,Chennai,539.64,1219,7,7,2,1,0,0
2026-06-18,vrs26_li_conv_teamreg_mum,corporate_wellness,conversion,Mumbai,10438.56,20905,113,113,9,3,1,799
2026-06-18,vrs26_li_conv_teamreg_mum,corporate_wellness,conversion,Delhi NCR,483.74,996,5,5,1,1,0,0
2026-06-18,vrs26_li_conv_teamreg_mum,corporate_wellness,conversion,Bengaluru,573.52,1022,10,10,2,0,0,0
2026-06-18,vrs26_li_conv_teamreg_mum,corporate_wellness,conversion,Hyderabad,361.32,898,2,2,0,0,0,0
2026-06-18,vrs26_li_conv_teamreg_mum,corporate_wellness,conversion,Pune,246.5,487,2,2,0,0,0,0
2026-06-18,vrs26_li_conv_teamreg_mum,corporate_wellness,conversion,Chennai,237.29,434,3,3,0,0,0,0
2026-06-18,vrs26_li_conv_teamreg_blr,corporate_wellness,conversion,Mumbai,139.12,322,3,3,0,0,0,0
2026-06-18,vrs26_li_conv_teamreg_blr,corporate_wellness,conversion,Delhi NCR,133.94,306,0,0,0,0,0,0
2026-06-18,vrs26_li_conv_teamreg_blr,corporate_wellness,conversion,Bengaluru,2174.1,4431,22,22,0,0,0,0
2026-06-18,vrs26_li_conv_teamreg_blr,corporate_wellness,conversion,Hyderabad,81.42,149,0,0,0,0,0,0
2026-06-18,vrs26_li_conv_teamreg_blr,corporate_wellness,conversion,Pune,67.44,140,2,2,0,0,0,0
2026-06-18,vrs26_li_conv_teamreg_blr,corporate_wellness,conversion,Chennai,48.45,104,2,2,0,0,0,0
2026-06-18,vrs26_li_conv_teamreg_blr,fitness_enthusiasts,conversion,Mumbai,150.77,304,2,2,0,0,0,0
2026-06-18,vrs26_li_conv_teamreg_blr,fitness_enthusiasts,conversion,Delhi NCR,154.81,264,2,2,0,0,0,0
2026-06-18,vrs26_li_conv_teamreg_blr,fitness_enthusiasts,conversion,Bengaluru,2146.79,4171,12,12,0,0,0,0
2026-06-18,vrs26_li_conv_teamreg_blr,fitness_enthusiasts,conversion,Hyderabad,89.94,166,2,2,0,0,0,0
2026-06-18,vrs26_li_conv_teamreg_blr,fitness_enthusiasts,conversion,Pune,53.34,100,1,1,1,0,0,0
2026-06-18,vrs26_li_conv_teamreg_blr,fitness_enthusiasts,conversion,Chennai,48.83,106,0,0,0,0,0,0
2026-06-18,vrs26_li_conv_teamreg_blr,running_clubs,conversion,Mumbai,122.6,259,0,0,0,0,0,0
2026-06-18,vrs26_li_conv_teamreg_blr,running_clubs,conversion,Delhi NCR,122.19,238,2,2,0,0,0,0
2026-06-18,vrs26_li_conv_teamreg_blr,running_clubs,conversion,Bengaluru,2205.37,4246,27,27,1,1,1,1299
2026-06-18,vrs26_li_conv_teamreg_blr,running_clubs,conversion,Hyderabad,96.2,211,3,3,0,0,0,0
2026-06-18,vrs26_li_conv_teamreg_blr,running_clubs,conversion,Pune,52.48,114,0,0,0,0,0,0
2026-06-18,vrs26_li_conv_teamreg_blr,running_clubs,conversion,Chennai,45.64,90,1,1,0,0,0,0
2026-06-18,vrs26_li_conv_teamreg_blr,senior_management,conversion,Mumbai,168.43,330,1,1,0,0,0,0
2026-06-18,vrs26_li_conv_teamreg_blr,senior_management,conversion,Delhi NCR,139.35,270,4,4,0,0,0,0
2026-06-18,vrs26_li_conv_teamreg_blr,senior_management,conversion,Bengaluru,2160.31,4247,25,25,1,1,1,1999
2026-06-18,vrs26_li_conv_teamreg_blr,senior_management,conversion,Hyderabad,64.73,125,1,1,0,0,0,0
2026-06-18,vrs26_li_conv_teamreg_blr,senior_management,conversion,Pune,58.72,122,0,0,0,0,0,0
2026-06-18,vrs26_li_conv_teamreg_blr,senior_management,conversion,Chennai,52.94,108,2,2,0,0,0,0
2026-06-19,vrs26_li_inmail_hr_leads_natl,hr_decision_makers,leadgen,Mumbai,1308.78,2186,8,8,0,0,0,0
2026-06-19,vrs26_li_inmail_hr_leads_natl,hr_decision_makers,leadgen,Delhi NCR,1295.25,2334,15,15,0,0,0,0
2026-06-19,vrs26_li_inmail_hr_leads_natl,hr_decision_makers,leadgen,Bengaluru,1072.78,1912,7,7,1,0,0,0
2026-06-19,vrs26_li_inmail_hr_leads_natl,hr_decision_makers,leadgen,Hyderabad,846.88,1381,9,9,1,1,1,1299
2026-06-19,vrs26_li_inmail_hr_leads_natl,hr_decision_makers,leadgen,Pune,600.92,1126,7,7,0,0,0,0
2026-06-19,vrs26_li_inmail_hr_leads_natl,hr_decision_makers,leadgen,Chennai,404.85,803,4,4,0,0,0,0
2026-06-19,vrs26_li_inmail_hr_leads_natl,corporate_wellness,leadgen,Mumbai,1559.07,2565,22,22,3,2,2,14297
2026-06-19,vrs26_li_inmail_hr_leads_natl,corporate_wellness,leadgen,Delhi NCR,1144.73,1985,12,12,1,0,0,0
2026-06-19,vrs26_li_inmail_hr_leads_natl,corporate_wellness,leadgen,Bengaluru,957.79,1791,13,13,3,0,0,0
2026-06-19,vrs26_li_inmail_hr_leads_natl,corporate_wellness,leadgen,Hyderabad,783.23,1419,18,18,1,0,0,0
2026-06-19,vrs26_li_inmail_hr_leads_natl,corporate_wellness,leadgen,Pune,614.9,1275,9,9,0,0,0,0
2026-06-19,vrs26_li_inmail_hr_leads_natl,corporate_wellness,leadgen,Chennai,469.73,843,4,4,1,1,1,1299
2026-06-19,vrs26_li_inmail_hr_leads_natl,fitness_enthusiasts,leadgen,Mumbai,1282.01,2768,17,17,0,0,0,0
2026-06-19,vrs26_li_inmail_hr_leads_natl,fitness_enthusiasts,leadgen,Delhi NCR,1323.68,2552,19,19,5,3,3,2097
2026-06-19,vrs26_li_inmail_hr_leads_natl,fitness_enthusiasts,leadgen,Bengaluru,1115.41,2219,13,13,1,0,0,0
2026-06-19,vrs26_li_inmail_hr_leads_natl,fitness_enthusiasts,leadgen,Hyderabad,812.8,1589,13,13,2,0,0,0
2026-06-19,vrs26_li_inmail_hr_leads_natl,fitness_enthusiasts,leadgen,Pune,552.64,985,4,4,0,0,0,0
2026-06-19,vrs26_li_inmail_hr_leads_natl,fitness_enthusiasts,leadgen,Chennai,442.92,822,2,2,0,0,0,0
2026-06-19,vrs26_li_conv_teamreg_mum,fitness_enthusiasts,conversion,Mumbai,4019.8,6716,36,36,0,0,0,0
2026-06-19,vrs26_li_conv_teamreg_mum,fitness_enthusiasts,conversion,Delhi NCR,226.87,428,1,1,0,0,0,0
2026-06-19,vrs26_li_conv_teamreg_mum,fitness_enthusiasts,conversion,Bengaluru,232.58,490,4,4,0,0,0,0
2026-06-19,vrs26_li_conv_teamreg_mum,fitness_enthusiasts,conversion,Hyderabad,152.51,344,3,3,0,0,0,0
2026-06-19,vrs26_li_conv_teamreg_mum,fitness_enthusiasts,conversion,Pune,114.45,257,2,2,0,0,0,0
2026-06-19,vrs26_li_conv_teamreg_mum,fitness_enthusiasts,conversion,Chennai,92.07,176,1,1,0,0,0,0
2026-06-19,vrs26_li_conv_teamreg_mum,running_clubs,conversion,Mumbai,4149.07,10349,60,60,4,2,1,2999
2026-06-19,vrs26_li_conv_teamreg_mum,running_clubs,conversion,Delhi NCR,169.46,333,1,1,0,0,0,0
2026-06-19,vrs26_li_conv_teamreg_mum,running_clubs,conversion,Bengaluru,215.1,406,3,3,0,0,0,0
2026-06-19,vrs26_li_conv_teamreg_mum,running_clubs,conversion,Hyderabad,140.5,260,0,0,0,0,0,0
2026-06-19,vrs26_li_conv_teamreg_mum,running_clubs,conversion,Pune,99.13,201,2,2,0,0,0,0
2026-06-19,vrs26_li_conv_teamreg_mum,running_clubs,conversion,Chennai,65.02,138,0,0,0,0,0,0
2026-06-19,vrs26_li_conv_teamreg_mum,senior_management,conversion,Mumbai,3966.7,8595,54,54,5,2,0,0
2026-06-19,vrs26_li_conv_teamreg_mum,senior_management,conversion,Delhi NCR,250.77,489,0,0,0,0,0,0
2026-06-19,vrs26_li_conv_teamreg_mum,senior_management,conversion,Bengaluru,230.51,527,3,3,0,0,0,0
2026-06-19,vrs26_li_conv_teamreg_mum,senior_management,conversion,Hyderabad,194.03,357,0,0,0,0,0,0
2026-06-19,vrs26_li_conv_teamreg_mum,senior_management,conversion,Pune,109.77,223,2,2,0,0,0,0
2026-06-19,vrs26_li_conv_teamreg_mum,senior_management,conversion,Chennai,86.5,175,0,0,0,0,0,0
2026-06-19,vrs26_li_conv_teamreg_blr,hr_decision_makers,conversion,Mumbai,245.27,459,1,1,0,0,0,0
2026-06-19,vrs26_li_conv_teamreg_blr,hr_decision_makers,conversion,Delhi NCR,174.75,385,2,2,0,0,0,0
2026-06-19,vrs26_li_conv_teamreg_blr,hr_decision_makers,conversion,Bengaluru,3486.03,7248,42,42,2,1,1,799
2026-06-19,vrs26_li_conv_teamreg_blr,hr_decision_makers,conversion,Hyderabad,103.08,193,2,2,0,0,0,0
2026-06-19,vrs26_li_conv_teamreg_blr,hr_decision_makers,conversion,Pune,64.12,139,0,0,0,0,0,0
2026-06-19,vrs26_li_conv_teamreg_blr,hr_decision_makers,conversion,Chennai,73.85,153,2,2,0,0,0,0
2026-06-19,vrs26_li_conv_teamreg_blr,corporate_wellness,conversion,Mumbai,213.46,395,4,4,1,0,0,0
2026-06-19,vrs26_li_conv_teamreg_blr,corporate_wellness,conversion,Delhi NCR,181.12,370,3,3,0,0,0,0
2026-06-19,vrs26_li_conv_teamreg_blr,corporate_wellness,conversion,Bengaluru,3505.04,7671,47,47,3,0,0,0
2026-06-19,vrs26_li_conv_teamreg_blr,corporate_wellness,conversion,Hyderabad,106.58,233,0,0,0,0,0,0
2026-06-19,vrs26_li_conv_teamreg_blr,corporate_wellness,conversion,Pune,76.24,125,2,2,0,0,0,0
2026-06-19,vrs26_li_conv_teamreg_blr,corporate_wellness,conversion,Chennai,64.65,145,1,1,0,0,0,0
2026-06-19,vrs26_li_conv_teamreg_blr,fitness_enthusiasts,conversion,Mumbai,341.19,490,3,3,1,1,0,0
2026-06-19,vrs26_li_conv_teamreg_blr,fitness_enthusiasts,conversion,Delhi NCR,260.68,505,6,6,2,1,0,0
2026-06-19,vrs26_li_conv_teamreg_blr,fitness_enthusiasts,conversion,Bengaluru,3149.35,6639,40,40,4,1,0,0
2026-06-19,vrs26_li_conv_teamreg_blr,fitness_enthusiasts,conversion,Hyderabad,197.86,369,3,3,1,1,0,0
2026-06-19,vrs26_li_conv_teamreg_blr,fitness_enthusiasts,conversion,Pune,108.66,196,0,0,0,0,0,0
2026-06-19,vrs26_li_conv_teamreg_blr,fitness_enthusiasts,conversion,Chennai,89.36,179,0,0,0,0,0,0
2026-06-20,vrs26_li_inmail_hr_leads_natl,hr_decision_makers,leadgen,Mumbai,1150.92,2377,16,16,2,0,0,0
2026-06-20,vrs26_li_inmail_hr_leads_natl,hr_decision_makers,leadgen,Delhi NCR,1151.78,2196,18,18,1,0,0,0
2026-06-20,vrs26_li_inmail_hr_leads_natl,hr_decision_makers,leadgen,Bengaluru,779.12,1545,13,13,0,0,0,0
2026-06-20,vrs26_li_inmail_hr_leads_natl,hr_decision_makers,leadgen,Hyderabad,650.05,1213,8,8,1,0,0,0
2026-06-20,vrs26_li_inmail_hr_leads_natl,hr_decision_makers,leadgen,Pune,445.95,941,3,3,0,0,0,0
2026-06-20,vrs26_li_inmail_hr_leads_natl,hr_decision_makers,leadgen,Chennai,354.82,693,7,7,0,0,0,0
2026-06-20,vrs26_li_inmail_hr_leads_natl,running_clubs,leadgen,Mumbai,1203.67,2713,18,18,1,0,0,0
2026-06-20,vrs26_li_inmail_hr_leads_natl,running_clubs,leadgen,Delhi NCR,999.91,2101,7,7,1,1,1,799
2026-06-20,vrs26_li_inmail_hr_leads_natl,running_clubs,leadgen,Bengaluru,1068.92,1666,2,2,0,0,0,0
2026-06-20,vrs26_li_inmail_hr_leads_natl,running_clubs,leadgen,Hyderabad,465.39,917,7,7,0,0,0,0
2026-06-20,vrs26_li_inmail_hr_leads_natl,running_clubs,leadgen,Pune,460.02,787,8,8,0,0,0,0
2026-06-20,vrs26_li_inmail_hr_leads_natl,running_clubs,leadgen,Chennai,334.73,639,5,5,0,0,0,0
2026-06-20,vrs26_li_inmail_hr_leads_natl,senior_management,leadgen,Mumbai,1257.21,2365,17,17,0,0,0,0
2026-06-20,vrs26_li_inmail_hr_leads_natl,senior_management,leadgen,Delhi NCR,872.23,2055,24,24,1,0,0,0
2026-06-20,vrs26_li_inmail_hr_leads_natl,senior_management,leadgen,Bengaluru,962.88,2186,14,14,1,0,0,0
2026-06-20,vrs26_li_inmail_hr_leads_natl,senior_management,leadgen,Hyderabad,621.03,1369,9,9,3,2,0,0
2026-06-20,vrs26_li_inmail_hr_leads_natl,senior_management,leadgen,Pune,469.81,879,3,3,0,0,0,0
2026-06-20,vrs26_li_inmail_hr_leads_natl,senior_management,leadgen,Chennai,349.48,727,4,4,0,0,0,0
2026-06-20,vrs26_li_conv_teamreg_mum,hr_decision_makers,conversion,Mumbai,3286.61,6344,49,49,2,1,1,1999
2026-06-20,vrs26_li_conv_teamreg_mum,hr_decision_makers,conversion,Delhi NCR,200.71,412,1,1,0,0,0,0
2026-06-20,vrs26_li_conv_teamreg_mum,hr_decision_makers,conversion,Bengaluru,196.22,369,2,2,0,0,0,0
2026-06-20,vrs26_li_conv_teamreg_mum,hr_decision_makers,conversion,Hyderabad,119.19,223,1,1,0,0,0,0
2026-06-20,vrs26_li_conv_teamreg_mum,hr_decision_makers,conversion,Pune,91.18,176,2,2,0,0,0,0
2026-06-20,vrs26_li_conv_teamreg_mum,hr_decision_makers,conversion,Chennai,72.15,148,0,0,0,0,0,0
2026-06-20,vrs26_li_conv_teamreg_mum,corporate_wellness,conversion,Mumbai,3331.66,8587,49,49,4,0,0,0
2026-06-20,vrs26_li_conv_teamreg_mum,corporate_wellness,conversion,Delhi NCR,190.53,334,1,1,0,0,0,0
2026-06-20,vrs26_li_conv_teamreg_mum,corporate_wellness,conversion,Bengaluru,175.96,350,2,2,0,0,0,0
2026-06-20,vrs26_li_conv_teamreg_mum,corporate_wellness,conversion,Hyderabad,123.8,195,1,1,0,0,0,0
2026-06-20,vrs26_li_conv_teamreg_mum,corporate_wellness,conversion,Pune,61.84,120,1,1,0,0,0,0
2026-06-20,vrs26_li_conv_teamreg_mum,corporate_wellness,conversion,Chennai,82.26,151,0,0,0,0,0,0
2026-06-20,vrs26_li_conv_teamreg_mum,senior_management,conversion,Mumbai,3373.16,6588,71,71,8,2,1,2999
2026-06-20,vrs26_li_conv_teamreg_mum,senior_management,conversion,Delhi NCR,185.4,417,1,1,0,0,0,0
2026-06-20,vrs26_li_conv_teamreg_mum,senior_management,conversion,Bengaluru,144.92,280,4,4,0,0,0,0
2026-06-20,vrs26_li_conv_teamreg_mum,senior_management,conversion,Hyderabad,126.15,278,2,2,0,0,0,0
2026-06-20,vrs26_li_conv_teamreg_mum,senior_management,conversion,Pune,69.52,137,0,0,0,0,0,0
2026-06-20,vrs26_li_conv_teamreg_mum,senior_management,conversion,Chennai,66.9,123,2,2,0,0,0,0
2026-06-20,vrs26_li_conv_teamreg_blr,hr_decision_makers,conversion,Mumbai,146.79,326,4,4,0,0,0,0
2026-06-20,vrs26_li_conv_teamreg_blr,hr_decision_makers,conversion,Delhi NCR,164.25,334,1,1,0,0,0,0
2026-06-20,vrs26_li_conv_teamreg_blr,hr_decision_makers,conversion,Bengaluru,2032.77,4290,18,18,2,1,1,499
2026-06-20,vrs26_li_conv_teamreg_blr,hr_decision_makers,conversion,Hyderabad,93.4,232,4,4,0,0,0,0
2026-06-20,vrs26_li_conv_teamreg_blr,hr_decision_makers,conversion,Pune,69.76,152,1,1,0,0,0,0
2026-06-20,vrs26_li_conv_teamreg_blr,hr_decision_makers,conversion,Chennai,42.62,71,0,0,0,0,0,0
2026-06-20,vrs26_li_conv_teamreg_blr,corporate_wellness,conversion,Mumbai,131.97,242,2,2,0,0,0,0
2026-06-20,vrs26_li_conv_teamreg_blr,corporate_wellness,conversion,Delhi NCR,130.58,229,2,2,1,0,0,0
2026-06-20,vrs26_li_conv_teamreg_blr,corporate_wellness,conversion,Bengaluru,2098.45,4387,27,27,3,2,2,2098
2026-06-20,vrs26_li_conv_teamreg_blr,corporate_wellness,conversion,Hyderabad,84.4,153,1,1,0,0,0,0
2026-06-20,vrs26_li_conv_teamreg_blr,corporate_wellness,conversion,Pune,59.95,132,1,1,0,0,0,0
2026-06-20,vrs26_li_conv_teamreg_blr,corporate_wellness,conversion,Chennai,44.26,79,0,0,0,0,0,0
2026-06-20,vrs26_li_conv_teamreg_blr,running_clubs,conversion,Mumbai,185.7,343,6,6,0,0,0,0
2026-06-20,vrs26_li_conv_teamreg_blr,running_clubs,conversion,Delhi NCR,106.19,197,2,2,0,0,0,0
2026-06-20,vrs26_li_conv_teamreg_blr,running_clubs,conversion,Bengaluru,2088.44,4057,21,21,0,0,0,0
2026-06-20,vrs26_li_conv_teamreg_blr,running_clubs,conversion,Hyderabad,76.79,179,3,3,0,0,0,0
2026-06-20,vrs26_li_conv_teamreg_blr,running_clubs,conversion,Pune,57.8,110,1,1,0,0,0,0
2026-06-20,vrs26_li_conv_teamreg_blr,running_clubs,conversion,Chennai,34.68,73,1,1,0,0,0,0
2026-06-20,vrs26_li_conv_teamreg_blr,senior_management,conversion,Mumbai,164.23,333,0,0,0,0,0,0
2026-06-20,vrs26_li_conv_teamreg_blr,senior_management,conversion,Delhi NCR,124.32,251,5,5,0,0,0,0
2026-06-20,vrs26_li_conv_teamreg_blr,senior_management,conversion,Bengaluru,2056.49,4773,47,47,5,1,0,0
2026-06-20,vrs26_li_conv_teamreg_blr,senior_management,conversion,Hyderabad,82.32,162,1,1,0,0,0,0
2026-06-20,vrs26_li_conv_teamreg_blr,senior_management,conversion,Pune,61.3,142,0,0,0,0,0,0
2026-06-20,vrs26_li_conv_teamreg_blr,senior_management,conversion,Chennai,60.95,119,1,1,0,0,0,0
2026-06-21,vrs26_li_inmail_hr_leads_natl,hr_decision_makers,leadgen,Mumbai,878.19,1849,16,16,1,0,0,0
2026-06-21,vrs26_li_inmail_hr_leads_natl,hr_decision_makers,leadgen,Delhi NCR,694.63,1075,7,7,1,1,0,0
2026-06-21,vrs26_li_inmail_hr_leads_natl,hr_decision_makers,leadgen,Bengaluru,735.6,1603,8,8,0,0,0,0
2026-06-21,vrs26_li_inmail_hr_leads_natl,hr_decision_makers,leadgen,Hyderabad,503.71,967,5,5,0,0,0,0
2026-06-21,vrs26_li_inmail_hr_leads_natl,hr_decision_makers,leadgen,Pune,338.88,599,0,0,0,0,0,0
2026-06-21,vrs26_li_inmail_hr_leads_natl,hr_decision_makers,leadgen,Chennai,261.17,636,5,5,0,0,0,0
2026-06-21,vrs26_li_inmail_hr_leads_natl,corporate_wellness,leadgen,Mumbai,914.16,1940,10,10,1,0,0,0
2026-06-21,vrs26_li_inmail_hr_leads_natl,corporate_wellness,leadgen,Delhi NCR,633.26,1450,9,9,1,0,0,0
2026-06-21,vrs26_li_inmail_hr_leads_natl,corporate_wellness,leadgen,Bengaluru,669.41,1369,8,8,1,0,0,0
2026-06-21,vrs26_li_inmail_hr_leads_natl,corporate_wellness,leadgen,Hyderabad,583.63,1254,12,12,0,0,0,0
2026-06-21,vrs26_li_inmail_hr_leads_natl,corporate_wellness,leadgen,Pune,379.42,843,8,8,0,0,0,0
2026-06-21,vrs26_li_inmail_hr_leads_natl,corporate_wellness,leadgen,Chennai,232.31,504,5,5,0,0,0,0
2026-06-21,vrs26_li_inmail_hr_leads_natl,fitness_enthusiasts,leadgen,Mumbai,909.63,1518,8,8,1,0,0,0
2026-06-21,vrs26_li_inmail_hr_leads_natl,fitness_enthusiasts,leadgen,Delhi NCR,727.15,1472,7,7,0,0,0,0
2026-06-21,vrs26_li_inmail_hr_leads_natl,fitness_enthusiasts,leadgen,Bengaluru,767.6,1579,9,9,1,0,0,0
2026-06-21,vrs26_li_inmail_hr_leads_natl,fitness_enthusiasts,leadgen,Hyderabad,377.03,758,6,6,0,0,0,0
2026-06-21,vrs26_li_inmail_hr_leads_natl,fitness_enthusiasts,leadgen,Pune,339.77,672,1,1,0,0,0,0
2026-06-21,vrs26_li_inmail_hr_leads_natl,fitness_enthusiasts,leadgen,Chennai,291.01,626,6,6,2,1,0,0
2026-06-21,vrs26_li_inmail_hr_leads_natl,senior_management,leadgen,Mumbai,906.86,1694,8,8,0,0,0,0
2026-06-21,vrs26_li_inmail_hr_leads_natl,senior_management,leadgen,Delhi NCR,713.97,1606,8,8,1,0,0,0
2026-06-21,vrs26_li_inmail_hr_leads_natl,senior_management,leadgen,Bengaluru,669.5,1494,10,10,0,0,0,0
2026-06-21,vrs26_li_inmail_hr_leads_natl,senior_management,leadgen,Hyderabad,466.32,874,5,5,0,0,0,0
2026-06-21,vrs26_li_inmail_hr_leads_natl,senior_management,leadgen,Pune,367.81,716,4,4,1,1,1,1999
2026-06-21,vrs26_li_inmail_hr_leads_natl,senior_management,leadgen,Chennai,287.73,538,0,0,0,0,0,0
2026-06-21,vrs26_li_conv_teamreg_mum,corporate_wellness,conversion,Mumbai,2331.68,5622,44,44,6,2,1,799
2026-06-21,vrs26_li_conv_teamreg_mum,corporate_wellness,conversion,Delhi NCR,172.97,322,2,2,1,0,0,0
2026-06-21,vrs26_li_conv_teamreg_mum,corporate_wellness,conversion,Bengaluru,179.62,336,2,2,0,0,0,0
2026-06-21,vrs26_li_conv_teamreg_mum,corporate_wellness,conversion,Hyderabad,143.26,228,0,0,0,0,0,0
2026-06-21,vrs26_li_conv_teamreg_mum,corporate_wellness,conversion,Pune,81.04,184,0,0,0,0,0,0
2026-06-21,vrs26_li_conv_teamreg_mum,corporate_wellness,conversion,Chennai,77.1,185,4,4,0,0,0,0
2026-06-21,vrs26_li_conv_teamreg_mum,fitness_enthusiasts,conversion,Mumbai,2532.22,5911,50,50,4,1,0,0
2026-06-21,vrs26_li_conv_teamreg_mum,fitness_enthusiasts,conversion,Delhi NCR,119.82,254,2,2,0,0,0,0
2026-06-21,vrs26_li_conv_teamreg_mum,fitness_enthusiasts,conversion,Bengaluru,128.09,261,1,1,0,0,0,0
2026-06-21,vrs26_li_conv_teamreg_mum,fitness_enthusiasts,conversion,Hyderabad,89.94,170,0,0,0,0,0,0
2026-06-21,vrs26_li_conv_teamreg_mum,fitness_enthusiasts,conversion,Pune,63.26,124,1,1,0,0,0,0
2026-06-21,vrs26_li_conv_teamreg_mum,fitness_enthusiasts,conversion,Chennai,52.32,89,0,0,0,0,0,0
2026-06-21,vrs26_li_conv_teamreg_mum,running_clubs,conversion,Mumbai,2425.81,4628,33,33,3,2,0,0
2026-06-21,vrs26_li_conv_teamreg_mum,running_clubs,conversion,Delhi NCR,132.6,294,1,1,0,0,0,0
2026-06-21,vrs26_li_conv_teamreg_mum,running_clubs,conversion,Bengaluru,140.64,329,1,1,0,0,0,0
2026-06-21,vrs26_li_conv_teamreg_mum,running_clubs,conversion,Hyderabad,112.82,229,2,2,0,0,0,0
2026-06-21,vrs26_li_conv_teamreg_mum,running_clubs,conversion,Pune,87.07,184,0,0,0,0,0,0
2026-06-21,vrs26_li_conv_teamreg_mum,running_clubs,conversion,Chennai,86.72,187,1,1,0,0,0,0
2026-06-21,vrs26_li_conv_teamreg_mum,senior_management,conversion,Mumbai,2472.27,5136,23,23,1,0,0,0
2026-06-21,vrs26_li_conv_teamreg_mum,senior_management,conversion,Delhi NCR,121.52,238,2,2,0,0,0,0
2026-06-21,vrs26_li_conv_teamreg_mum,senior_management,conversion,Bengaluru,150.49,304,3,3,1,1,1,799
2026-06-21,vrs26_li_conv_teamreg_mum,senior_management,conversion,Hyderabad,102.51,185,0,0,0,0,0,0
2026-06-21,vrs26_li_conv_teamreg_mum,senior_management,conversion,Pune,79.94,149,1,1,0,0,0,0
2026-06-21,vrs26_li_conv_teamreg_mum,senior_management,conversion,Chennai,58.93,121,2,2,0,0,0,0
2026-06-21,vrs26_li_conv_teamreg_blr,fitness_enthusiasts,conversion,Mumbai,161.33,351,3,3,1,0,0,0
2026-06-21,vrs26_li_conv_teamreg_blr,fitness_enthusiasts,conversion,Delhi NCR,203.09,499,3,3,1,1,0,0
2026-06-21,vrs26_li_conv_teamreg_blr,fitness_enthusiasts,conversion,Bengaluru,2773.85,4611,33,33,2,1,0,0
2026-06-21,vrs26_li_conv_teamreg_blr,fitness_enthusiasts,conversion,Hyderabad,131.01,294,2,2,0,0,0,0
2026-06-21,vrs26_li_conv_teamreg_blr,fitness_enthusiasts,conversion,Pune,72.22,122,0,0,0,0,0,0
2026-06-21,vrs26_li_conv_teamreg_blr,fitness_enthusiasts,conversion,Chennai,70.68,151,0,0,0,0,0,0
2026-06-21,vrs26_li_conv_teamreg_blr,running_clubs,conversion,Mumbai,198.94,418,0,0,0,0,0,0
2026-06-21,vrs26_li_conv_teamreg_blr,running_clubs,conversion,Delhi NCR,177.8,419,4,4,0,0,0,0
2026-06-21,vrs26_li_conv_teamreg_blr,running_clubs,conversion,Bengaluru,2735.68,5637,46,46,3,1,1,1299
2026-06-21,vrs26_li_conv_teamreg_blr,running_clubs,conversion,Hyderabad,140.76,247,1,1,0,0,0,0
2026-06-21,vrs26_li_conv_teamreg_blr,running_clubs,conversion,Pune,89.1,191,3,3,0,0,0,0
2026-06-21,vrs26_li_conv_teamreg_blr,running_clubs,conversion,Chennai,69.91,144,2,2,0,0,0,0
2026-06-21,vrs26_li_conv_teamreg_blr,senior_management,conversion,Mumbai,223.75,415,3,3,0,0,0,0
2026-06-21,vrs26_li_conv_teamreg_blr,senior_management,conversion,Delhi NCR,179.15,334,1,1,0,0,0,0
2026-06-21,vrs26_li_conv_teamreg_blr,senior_management,conversion,Bengaluru,2712.9,5118,35,35,9,3,3,4097
2026-06-21,vrs26_li_conv_teamreg_blr,senior_management,conversion,Hyderabad,137.94,317,2,2,0,0,0,0
2026-06-21,vrs26_li_conv_teamreg_blr,senior_management,conversion,Pune,84.29,164,2,2,1,0,0,0
2026-06-21,vrs26_li_conv_teamreg_blr,senior_management,conversion,Chennai,74.15,124,1,1,0,0,0,0
2026-06-22,vrs26_li_inmail_hr_leads_natl,hr_decision_makers,leadgen,Mumbai,520.46,1011,3,3,0,0,0,0
2026-06-22,vrs26_li_inmail_hr_leads_natl,hr_decision_makers,leadgen,Delhi NCR,505.82,1038,13,13,2,2,0,0
2026-06-22,vrs26_li_inmail_hr_leads_natl,hr_decision_makers,leadgen,Bengaluru,495.9,1131,1,1,0,0,0,0
2026-06-22,vrs26_li_inmail_hr_leads_natl,hr_decision_makers,leadgen,Hyderabad,242.06,547,5,5,0,0,0,0
2026-06-22,vrs26_li_inmail_hr_leads_natl,hr_decision_makers,leadgen,Pune,174.4,379,0,0,0,0,0,0
2026-06-22,vrs26_li_inmail_hr_leads_natl,hr_decision_makers,leadgen,Chennai,137.29,259,0,0,0,0,0,0
2026-06-22,vrs26_li_inmail_hr_leads_natl,corporate_wellness,leadgen,Mumbai,550.67,1082,7,7,1,0,0,0
2026-06-22,vrs26_li_inmail_hr_leads_natl,corporate_wellness,leadgen,Delhi NCR,459.58,951,4,4,1,0,0,0
2026-06-22,vrs26_li_inmail_hr_leads_natl,corporate_wellness,leadgen,Bengaluru,399.75,813,7,7,0,0,0,0
2026-06-22,vrs26_li_inmail_hr_leads_natl,corporate_wellness,leadgen,Hyderabad,295.62,710,3,3,1,1,1,799
2026-06-22,vrs26_li_inmail_hr_leads_natl,corporate_wellness,leadgen,Pune,203.44,393,3,3,0,0,0,0
2026-06-22,vrs26_li_inmail_hr_leads_natl,corporate_wellness,leadgen,Chennai,166.88,348,1,1,0,0,0,0
2026-06-22,vrs26_li_inmail_hr_leads_natl,fitness_enthusiasts,leadgen,Mumbai,588.47,1253,7,7,0,0,0,0
2026-06-22,vrs26_li_inmail_hr_leads_natl,fitness_enthusiasts,leadgen,Delhi NCR,405.61,788,6,6,0,0,0,0
2026-06-22,vrs26_li_inmail_hr_leads_natl,fitness_enthusiasts,leadgen,Bengaluru,461.01,801,7,7,0,0,0,0
2026-06-22,vrs26_li_inmail_hr_leads_natl,fitness_enthusiasts,leadgen,Hyderabad,271.02,503,1,1,0,0,0,0
2026-06-22,vrs26_li_inmail_hr_leads_natl,fitness_enthusiasts,leadgen,Pune,194.4,388,2,2,1,0,0,0
2026-06-22,vrs26_li_inmail_hr_leads_natl,fitness_enthusiasts,leadgen,Chennai,155.42,323,0,0,0,0,0,0
2026-06-22,vrs26_li_inmail_hr_leads_natl,running_clubs,leadgen,Mumbai,561.22,1092,11,11,0,0,0,0
2026-06-22,vrs26_li_inmail_hr_leads_natl,running_clubs,leadgen,Delhi NCR,489.2,998,8,8,0,0,0,0
2026-06-22,vrs26_li_inmail_hr_leads_natl,running_clubs,leadgen,Bengaluru,400.23,844,1,1,1,0,0,0
2026-06-22,vrs26_li_inmail_hr_leads_natl,running_clubs,leadgen,Hyderabad,259.71,618,3,3,1,1,0,0
2026-06-22,vrs26_li_inmail_hr_leads_natl,running_clubs,leadgen,Pune,199.36,350,2,2,1,1,0,0
2026-06-22,vrs26_li_inmail_hr_leads_natl,running_clubs,leadgen,Chennai,166.22,366,2,2,0,0,0,0
2026-06-22,vrs26_li_inmail_hr_leads_natl,senior_management,leadgen,Mumbai,554.84,1317,8,8,1,0,0,0
2026-06-22,vrs26_li_inmail_hr_leads_natl,senior_management,leadgen,Delhi NCR,484.94,902,8,8,0,0,0,0
2026-06-22,vrs26_li_inmail_hr_leads_natl,senior_management,leadgen,Bengaluru,377.55,779,6,6,0,0,0,0
2026-06-22,vrs26_li_inmail_hr_leads_natl,senior_management,leadgen,Hyderabad,320.33,635,5,5,0,0,0,0
2026-06-22,vrs26_li_inmail_hr_leads_natl,senior_management,leadgen,Pune,197.11,372,1,1,0,0,0,0
2026-06-22,vrs26_li_inmail_hr_leads_natl,senior_management,leadgen,Chennai,141.17,303,3,3,0,0,0,0
2026-06-22,vrs26_li_conv_teamreg_mum,hr_decision_makers,conversion,Mumbai,1803.26,3491,22,22,1,1,0,0
2026-06-22,vrs26_li_conv_teamreg_mum,hr_decision_makers,conversion,Delhi NCR,136.27,264,2,2,0,0,0,0
2026-06-22,vrs26_li_conv_teamreg_mum,hr_decision_makers,conversion,Bengaluru,155.68,248,2,2,0,0,0,0
2026-06-22,vrs26_li_conv_teamreg_mum,hr_decision_makers,conversion,Hyderabad,91.93,184,3,3,0,0,0,0
2026-06-22,vrs26_li_conv_teamreg_mum,hr_decision_makers,conversion,Pune,49.91,115,0,0,0,0,0,0
2026-06-22,vrs26_li_conv_teamreg_mum,hr_decision_makers,conversion,Chennai,33.51,64,0,0,0,0,0,0
2026-06-22,vrs26_li_conv_teamreg_mum,corporate_wellness,conversion,Mumbai,1885.15,3227,19,19,0,0,0,0
2026-06-22,vrs26_li_conv_teamreg_mum,corporate_wellness,conversion,Delhi NCR,126.17,268,2,2,0,0,0,0
2026-06-22,vrs26_li_conv_teamreg_mum,corporate_wellness,conversion,Bengaluru,106.69,209,4,4,0,0,0,0
2026-06-22,vrs26_li_conv_teamreg_mum,corporate_wellness,conversion,Hyderabad,55.55,86,0,0,0,0,0,0
2026-06-22,vrs26_li_conv_teamreg_mum,corporate_wellness,conversion,Pune,49.57,108,2,2,0,0,0,0
2026-06-22,vrs26_li_conv_teamreg_mum,corporate_wellness,conversion,Chennai,47.43,94,0,0,0,0,0,0
2026-06-22,vrs26_li_conv_teamreg_mum,fitness_enthusiasts,conversion,Mumbai,1877,4037,23,23,1,1,1,3499
2026-06-22,vrs26_li_conv_teamreg_mum,fitness_enthusiasts,conversion,Delhi NCR,108.35,235,1,1,0,0,0,0
2026-06-22,vrs26_li_conv_teamreg_mum,fitness_enthusiasts,conversion,Bengaluru,100.38,195,1,1,0,0,0,0
2026-06-22,vrs26_li_conv_teamreg_mum,fitness_enthusiasts,conversion,Hyderabad,76.61,145,0,0,0,0,0,0
2026-06-22,vrs26_li_conv_teamreg_mum,fitness_enthusiasts,conversion,Pune,58.67,116,0,0,0,0,0,0
2026-06-22,vrs26_li_conv_teamreg_mum,fitness_enthusiasts,conversion,Chennai,49.54,105,1,1,1,1,1,1299
2026-06-22,vrs26_li_conv_teamreg_mum,senior_management,conversion,Mumbai,1802.89,4066,25,25,0,0,0,0
2026-06-22,vrs26_li_conv_teamreg_mum,senior_management,conversion,Delhi NCR,117.6,232,0,0,0,0,0,0
2026-06-22,vrs26_li_conv_teamreg_mum,senior_management,conversion,Bengaluru,123.51,232,1,1,0,0,0,0
2026-06-22,vrs26_li_conv_teamreg_mum,senior_management,conversion,Hyderabad,104.34,208,0,0,0,0,0,0
2026-06-22,vrs26_li_conv_teamreg_mum,senior_management,conversion,Pune,76.58,151,0,0,0,0,0,0
2026-06-22,vrs26_li_conv_teamreg_mum,senior_management,conversion,Chennai,45.64,93,1,1,0,0,0,0
2026-06-22,vrs26_li_conv_teamreg_blr,hr_decision_makers,conversion,Mumbai,215.47,445,1,1,0,0,0,0
2026-06-22,vrs26_li_conv_teamreg_blr,hr_decision_makers,conversion,Delhi NCR,169.93,334,1,1,0,0,0,0
2026-06-22,vrs26_li_conv_teamreg_blr,hr_decision_makers,conversion,Bengaluru,3238.15,6543,31,31,1,1,1,799
2026-06-22,vrs26_li_conv_teamreg_blr,hr_decision_makers,conversion,Hyderabad,107.21,225,1,1,1,1,1,1299
2026-06-22,vrs26_li_conv_teamreg_blr,hr_decision_makers,conversion,Pune,83.5,162,2,2,0,0,0,0
2026-06-22,vrs26_li_conv_teamreg_blr,hr_decision_makers,conversion,Chennai,78.12,139,2,2,0,0,0,0
2026-06-22,vrs26_li_conv_teamreg_blr,corporate_wellness,conversion,Mumbai,255.1,424,3,3,0,0,0,0
2026-06-22,vrs26_li_conv_teamreg_blr,corporate_wellness,conversion,Delhi NCR,222.54,414,5,5,1,1,0,0
2026-06-22,vrs26_li_conv_teamreg_blr,corporate_wellness,conversion,Bengaluru,3091.96,6916,20,20,0,0,0,0
2026-06-22,vrs26_li_conv_teamreg_blr,corporate_wellness,conversion,Hyderabad,131.98,323,1,1,0,0,0,0
2026-06-22,vrs26_li_conv_teamreg_blr,corporate_wellness,conversion,Pune,103.13,207,0,0,0,0,0,0
2026-06-22,vrs26_li_conv_teamreg_blr,corporate_wellness,conversion,Chennai,87.67,195,1,1,0,0,0,0
2026-06-22,vrs26_li_doc_ad_wellness_natl,hr_decision_makers,leadgen,Mumbai,745.95,1418,9,9,2,0,0,0
2026-06-22,vrs26_li_doc_ad_wellness_natl,hr_decision_makers,leadgen,Delhi NCR,532.63,1079,6,6,1,0,0,0
2026-06-22,vrs26_li_doc_ad_wellness_natl,hr_decision_makers,leadgen,Bengaluru,539.67,1080,5,5,0,0,0,0
2026-06-22,vrs26_li_doc_ad_wellness_natl,hr_decision_makers,leadgen,Hyderabad,338.33,613,0,0,0,0,0,0
2026-06-22,vrs26_li_doc_ad_wellness_natl,hr_decision_makers,leadgen,Pune,232.31,477,2,2,0,0,0,0
2026-06-22,vrs26_li_doc_ad_wellness_natl,hr_decision_makers,leadgen,Chennai,206.03,410,0,0,0,0,0,0
2026-06-22,vrs26_li_doc_ad_wellness_natl,corporate_wellness,leadgen,Mumbai,716.7,1703,10,10,1,0,0,0
2026-06-22,vrs26_li_doc_ad_wellness_natl,corporate_wellness,leadgen,Delhi NCR,586.71,1127,9,9,1,0,0,0
2026-06-22,vrs26_li_doc_ad_wellness_natl,corporate_wellness,leadgen,Bengaluru,531.32,1041,8,8,1,1,1,799
2026-06-22,vrs26_li_doc_ad_wellness_natl,corporate_wellness,leadgen,Hyderabad,342.56,803,2,2,0,0,0,0
2026-06-22,vrs26_li_doc_ad_wellness_natl,corporate_wellness,leadgen,Pune,223.76,435,2,2,0,0,0,0
2026-06-22,vrs26_li_doc_ad_wellness_natl,corporate_wellness,leadgen,Chennai,193.87,384,2,2,0,0,0,0
2026-06-22,vrs26_li_doc_ad_wellness_natl,senior_management,leadgen,Mumbai,647.63,1712,11,11,1,0,0,0
2026-06-22,vrs26_li_doc_ad_wellness_natl,senior_management,leadgen,Delhi NCR,620.53,1225,13,13,0,0,0,0
2026-06-22,vrs26_li_doc_ad_wellness_natl,senior_management,leadgen,Bengaluru,503.84,1003,5,5,0,0,0,0
2026-06-22,vrs26_li_doc_ad_wellness_natl,senior_management,leadgen,Hyderabad,368.34,644,3,3,1,0,0,0
2026-06-22,vrs26_li_doc_ad_wellness_natl,senior_management,leadgen,Pune,224.81,515,5,5,0,0,0,0
2026-06-22,vrs26_li_doc_ad_wellness_natl,senior_management,leadgen,Chennai,229.77,552,5,5,1,0,0,0
2026-06-23,vrs26_li_inmail_hr_leads_natl,fitness_enthusiasts,leadgen,Mumbai,1329.32,2862,27,27,2,1,0,0
2026-06-23,vrs26_li_inmail_hr_leads_natl,fitness_enthusiasts,leadgen,Delhi NCR,1059.89,2056,16,16,2,1,1,499
2026-06-23,vrs26_li_inmail_hr_leads_natl,fitness_enthusiasts,leadgen,Bengaluru,1046.05,2445,19,19,1,0,0,0
2026-06-23,vrs26_li_inmail_hr_leads_natl,fitness_enthusiasts,leadgen,Hyderabad,767.47,1309,9,9,0,0,0,0
2026-06-23,vrs26_li_inmail_hr_leads_natl,fitness_enthusiasts,leadgen,Pune,557.94,1150,7,7,0,0,0,0
2026-06-23,vrs26_li_inmail_hr_leads_natl,fitness_enthusiasts,leadgen,Chennai,459.07,861,5,5,1,0,0,0
2026-06-23,vrs26_li_inmail_hr_leads_natl,running_clubs,leadgen,Mumbai,1239.18,2223,12,12,1,1,1,1299
2026-06-23,vrs26_li_inmail_hr_leads_natl,running_clubs,leadgen,Delhi NCR,1174.51,2651,10,10,0,0,0,0
2026-06-23,vrs26_li_inmail_hr_leads_natl,running_clubs,leadgen,Bengaluru,1133.03,2588,16,16,0,0,0,0
2026-06-23,vrs26_li_inmail_hr_leads_natl,running_clubs,leadgen,Hyderabad,717.18,1396,7,7,0,0,0,0
2026-06-23,vrs26_li_inmail_hr_leads_natl,running_clubs,leadgen,Pune,539.82,1071,4,4,0,0,0,0
2026-06-23,vrs26_li_inmail_hr_leads_natl,running_clubs,leadgen,Chennai,416.03,725,5,5,0,0,0,0
2026-06-23,vrs26_li_conv_teamreg_mum,corporate_wellness,conversion,Mumbai,2414.05,5258,35,35,2,1,1,799
2026-06-23,vrs26_li_conv_teamreg_mum,corporate_wellness,conversion,Delhi NCR,190.77,362,2,2,0,0,0,0
2026-06-23,vrs26_li_conv_teamreg_mum,corporate_wellness,conversion,Bengaluru,128.77,247,2,2,0,0,0,0
2026-06-23,vrs26_li_conv_teamreg_mum,corporate_wellness,conversion,Hyderabad,137.86,240,1,1,0,0,0,0
2026-06-23,vrs26_li_conv_teamreg_mum,corporate_wellness,conversion,Pune,102.82,233,1,1,0,0,0,0
2026-06-23,vrs26_li_conv_teamreg_mum,corporate_wellness,conversion,Chennai,70.57,131,2,2,0,0,0,0
2026-06-23,vrs26_li_conv_teamreg_mum,fitness_enthusiasts,conversion,Mumbai,2612.14,6276,48,48,3,0,0,0
2026-06-23,vrs26_li_conv_teamreg_mum,fitness_enthusiasts,conversion,Delhi NCR,117.32,285,2,2,0,0,0,0
2026-06-23,vrs26_li_conv_teamreg_mum,fitness_enthusiasts,conversion,Bengaluru,116.88,214,1,1,0,0,0,0
2026-06-23,vrs26_li_conv_teamreg_mum,fitness_enthusiasts,conversion,Hyderabad,89.32,180,1,1,0,0,0,0
2026-06-23,vrs26_li_conv_teamreg_mum,fitness_enthusiasts,conversion,Pune,49.14,101,1,1,0,0,0,0
2026-06-23,vrs26_li_conv_teamreg_mum,fitness_enthusiasts,conversion,Chennai,60.04,118,0,0,0,0,0,0
2026-06-23,vrs26_li_conv_teamreg_mum,senior_management,conversion,Mumbai,2579.73,5603,37,37,2,0,0,0
2026-06-23,vrs26_li_conv_teamreg_mum,senior_management,conversion,Delhi NCR,133.24,302,5,5,0,0,0,0
2026-06-23,vrs26_li_conv_teamreg_mum,senior_management,conversion,Bengaluru,144.14,318,5,5,1,0,0,0
2026-06-23,vrs26_li_conv_teamreg_mum,senior_management,conversion,Hyderabad,76.35,148,1,1,0,0,0,0
2026-06-23,vrs26_li_conv_teamreg_mum,senior_management,conversion,Pune,63.22,127,1,1,0,0,0,0
2026-06-23,vrs26_li_conv_teamreg_mum,senior_management,conversion,Chennai,48.18,85,1,1,0,0,0,0
2026-06-23,vrs26_li_conv_teamreg_blr,hr_decision_makers,conversion,Mumbai,111.85,256,2,2,0,0,0,0
2026-06-23,vrs26_li_conv_teamreg_blr,hr_decision_makers,conversion,Delhi NCR,103.93,178,1,1,0,0,0,0
2026-06-23,vrs26_li_conv_teamreg_blr,hr_decision_makers,conversion,Bengaluru,1585.75,3358,36,36,1,0,0,0
2026-06-23,vrs26_li_conv_teamreg_blr,hr_decision_makers,conversion,Hyderabad,65.19,128,0,0,0,0,0,0
2026-06-23,vrs26_li_conv_teamreg_blr,hr_decision_makers,conversion,Pune,50.6,113,1,1,0,0,0,0
2026-06-23,vrs26_li_conv_teamreg_blr,hr_decision_makers,conversion,Chennai,40.08,80,1,1,0,0,0,0
2026-06-23,vrs26_li_conv_teamreg_blr,corporate_wellness,conversion,Mumbai,109.26,215,2,2,1,0,0,0
2026-06-23,vrs26_li_conv_teamreg_blr,corporate_wellness,conversion,Delhi NCR,107.75,197,1,1,1,0,0,0
2026-06-23,vrs26_li_conv_teamreg_blr,corporate_wellness,conversion,Bengaluru,1587.49,3191,32,32,4,2,2,2798
2026-06-23,vrs26_li_conv_teamreg_blr,corporate_wellness,conversion,Hyderabad,63.33,127,0,0,0,0,0,0
2026-06-23,vrs26_li_conv_teamreg_blr,corporate_wellness,conversion,Pune,49.33,113,1,1,0,0,0,0
2026-06-23,vrs26_li_conv_teamreg_blr,corporate_wellness,conversion,Chennai,40.24,72,1,1,0,0,0,0
2026-06-23,vrs26_li_conv_teamreg_blr,fitness_enthusiasts,conversion,Mumbai,121.65,243,2,2,0,0,0,0
2026-06-23,vrs26_li_conv_teamreg_blr,fitness_enthusiasts,conversion,Delhi NCR,116.35,249,0,0,0,0,0,0
2026-06-23,vrs26_li_conv_teamreg_blr,fitness_enthusiasts,conversion,Bengaluru,1569.35,3773,16,16,2,1,1,1999
2026-06-23,vrs26_li_conv_teamreg_blr,fitness_enthusiasts,conversion,Hyderabad,64.06,137,2,2,0,0,0,0
2026-06-23,vrs26_li_conv_teamreg_blr,fitness_enthusiasts,conversion,Pune,44.57,92,1,1,0,0,0,0
2026-06-23,vrs26_li_conv_teamreg_blr,fitness_enthusiasts,conversion,Chennai,41.43,93,1,1,1,1,1,1999
2026-06-23,vrs26_li_conv_teamreg_blr,senior_management,conversion,Mumbai,112.52,244,1,1,0,0,0,0
2026-06-23,vrs26_li_conv_teamreg_blr,senior_management,conversion,Delhi NCR,92.58,165,2,2,1,0,0,0
2026-06-23,vrs26_li_conv_teamreg_blr,senior_management,conversion,Bengaluru,1597.73,3345,24,24,4,0,0,0
2026-06-23,vrs26_li_conv_teamreg_blr,senior_management,conversion,Hyderabad,68.79,145,0,0,0,0,0,0
2026-06-23,vrs26_li_conv_teamreg_blr,senior_management,conversion,Pune,45.77,104,0,0,0,0,0,0
2026-06-23,vrs26_li_conv_teamreg_blr,senior_management,conversion,Chennai,40.01,79,2,2,0,0,0,0
2026-06-23,vrs26_li_doc_ad_wellness_natl,hr_decision_makers,leadgen,Mumbai,970.72,1925,14,14,0,0,0,0
2026-06-23,vrs26_li_doc_ad_wellness_natl,hr_decision_makers,leadgen,Delhi NCR,879.34,1861,12,12,1,0,0,0
2026-06-23,vrs26_li_doc_ad_wellness_natl,hr_decision_makers,leadgen,Bengaluru,941.3,2083,17,17,1,0,0,0
2026-06-23,vrs26_li_doc_ad_wellness_natl,hr_decision_makers,leadgen,Hyderabad,404.37,789,4,4,0,0,0,0
2026-06-23,vrs26_li_doc_ad_wellness_natl,hr_decision_makers,leadgen,Pune,440.93,884,5,5,0,0,0,0
2026-06-23,vrs26_li_doc_ad_wellness_natl,hr_decision_makers,leadgen,Chennai,278.14,643,6,6,0,0,0,0
2026-06-23,vrs26_li_doc_ad_wellness_natl,senior_management,leadgen,Mumbai,975.16,1968,11,11,0,0,0,0
2026-06-23,vrs26_li_doc_ad_wellness_natl,senior_management,leadgen,Delhi NCR,939.83,1733,14,14,0,0,0,0
2026-06-23,vrs26_li_doc_ad_wellness_natl,senior_management,leadgen,Bengaluru,732.33,1613,14,14,0,0,0,0
2026-06-23,vrs26_li_doc_ad_wellness_natl,senior_management,leadgen,Hyderabad,573.31,1242,5,5,0,0,0,0
2026-06-23,vrs26_li_doc_ad_wellness_natl,senior_management,leadgen,Pune,330.62,685,1,1,1,0,0,0
2026-06-23,vrs26_li_doc_ad_wellness_natl,senior_management,leadgen,Chennai,363.56,743,4,4,0,0,0,0
2026-06-24,vrs26_li_inmail_hr_leads_natl,corporate_wellness,leadgen,Mumbai,1118.58,2164,11,11,0,0,0,0
2026-06-24,vrs26_li_inmail_hr_leads_natl,corporate_wellness,leadgen,Delhi NCR,847.94,1753,10,10,0,0,0,0
2026-06-24,vrs26_li_inmail_hr_leads_natl,corporate_wellness,leadgen,Bengaluru,934.71,2125,10,10,1,0,0,0
2026-06-24,vrs26_li_inmail_hr_leads_natl,corporate_wellness,leadgen,Hyderabad,607.99,1321,8,8,0,0,0,0
2026-06-24,vrs26_li_inmail_hr_leads_natl,corporate_wellness,leadgen,Pune,343.53,727,7,7,0,0,0,0
2026-06-24,vrs26_li_inmail_hr_leads_natl,corporate_wellness,leadgen,Chennai,325.45,768,1,1,0,0,0,0
2026-06-24,vrs26_li_inmail_hr_leads_natl,senior_management,leadgen,Mumbai,1212.16,2721,11,11,0,0,0,0
2026-06-24,vrs26_li_inmail_hr_leads_natl,senior_management,leadgen,Delhi NCR,778.91,1695,11,11,0,0,0,0
2026-06-24,vrs26_li_inmail_hr_leads_natl,senior_management,leadgen,Bengaluru,808.24,1763,10,10,1,0,0,0
2026-06-24,vrs26_li_inmail_hr_leads_natl,senior_management,leadgen,Hyderabad,526.27,1206,9,9,1,0,0,0
2026-06-24,vrs26_li_inmail_hr_leads_natl,senior_management,leadgen,Pune,475.5,1030,8,8,1,1,1,1299
2026-06-24,vrs26_li_inmail_hr_leads_natl,senior_management,leadgen,Chennai,377.13,801,4,4,0,0,0,0
2026-06-24,vrs26_li_conv_teamreg_mum,hr_decision_makers,conversion,Mumbai,2072.66,4145,32,32,1,0,0,0
2026-06-24,vrs26_li_conv_teamreg_mum,hr_decision_makers,conversion,Delhi NCR,109.51,239,2,2,0,0,0,0
2026-06-24,vrs26_li_conv_teamreg_mum,hr_decision_makers,conversion,Bengaluru,102.49,186,0,0,0,0,0,0
2026-06-24,vrs26_li_conv_teamreg_mum,hr_decision_makers,conversion,Hyderabad,77.93,148,0,0,0,0,0,0
2026-06-24,vrs26_li_conv_teamreg_mum,hr_decision_makers,conversion,Pune,33.42,68,0,0,0,0,0,0
2026-06-24,vrs26_li_conv_teamreg_mum,hr_decision_makers,conversion,Chennai,41.28,85,0,0,0,0,0,0
2026-06-24,vrs26_li_conv_teamreg_mum,fitness_enthusiasts,conversion,Mumbai,1985.4,4711,34,34,0,0,0,0
2026-06-24,vrs26_li_conv_teamreg_mum,fitness_enthusiasts,conversion,Delhi NCR,146.86,289,2,2,0,0,0,0
2026-06-24,vrs26_li_conv_teamreg_mum,fitness_enthusiasts,conversion,Bengaluru,119.21,245,2,2,0,0,0,0
2026-06-24,vrs26_li_conv_teamreg_mum,fitness_enthusiasts,conversion,Hyderabad,88.08,168,1,1,0,0,0,0
2026-06-24,vrs26_li_conv_teamreg_mum,fitness_enthusiasts,conversion,Pune,49.73,112,1,1,0,0,0,0
2026-06-24,vrs26_li_conv_teamreg_mum,fitness_enthusiasts,conversion,Chennai,48.01,120,0,0,0,0,0,0
2026-06-24,vrs26_li_conv_teamreg_mum,running_clubs,conversion,Mumbai,1991.56,4255,18,18,1,0,0,0
2026-06-24,vrs26_li_conv_teamreg_mum,running_clubs,conversion,Delhi NCR,157.29,384,1,1,0,0,0,0
2026-06-24,vrs26_li_conv_teamreg_mum,running_clubs,conversion,Bengaluru,118.97,221,2,2,0,0,0,0
2026-06-24,vrs26_li_conv_teamreg_mum,running_clubs,conversion,Hyderabad,79.95,149,1,1,0,0,0,0
2026-06-24,vrs26_li_conv_teamreg_mum,running_clubs,conversion,Pune,57.54,148,0,0,0,0,0,0
2026-06-24,vrs26_li_conv_teamreg_mum,running_clubs,conversion,Chennai,31.97,69,1,1,0,0,0,0
2026-06-24,vrs26_li_conv_teamreg_blr,corporate_wellness,conversion,Mumbai,96.84,245,0,0,0,0,0,0
2026-06-24,vrs26_li_conv_teamreg_blr,corporate_wellness,conversion,Delhi NCR,76.11,145,2,2,0,0,0,0
2026-06-24,vrs26_li_conv_teamreg_blr,corporate_wellness,conversion,Bengaluru,1269.3,2141,8,8,1,0,0,0
2026-06-24,vrs26_li_conv_teamreg_blr,corporate_wellness,conversion,Hyderabad,53.52,128,2,2,0,0,0,0
2026-06-24,vrs26_li_conv_teamreg_blr,corporate_wellness,conversion,Pune,38.19,90,2,2,0,0,0,0
2026-06-24,vrs26_li_conv_teamreg_blr,corporate_wellness,conversion,Chennai,32.86,61,0,0,0,0,0,0
2026-06-24,vrs26_li_conv_teamreg_blr,fitness_enthusiasts,conversion,Mumbai,101.39,215,2,2,0,0,0,0
2026-06-24,vrs26_li_conv_teamreg_blr,fitness_enthusiasts,conversion,Delhi NCR,72.11,146,1,1,0,0,0,0
2026-06-24,vrs26_li_conv_teamreg_blr,fitness_enthusiasts,conversion,Bengaluru,1272.33,2916,10,10,1,0,0,0
2026-06-24,vrs26_li_conv_teamreg_blr,fitness_enthusiasts,conversion,Hyderabad,46.37,91,1,1,0,0,0,0
2026-06-24,vrs26_li_conv_teamreg_blr,fitness_enthusiasts,conversion,Pune,46.33,104,1,1,0,0,0,0
2026-06-24,vrs26_li_conv_teamreg_blr,fitness_enthusiasts,conversion,Chennai,28.29,63,0,0,0,0,0,0
2026-06-24,vrs26_li_conv_teamreg_blr,running_clubs,conversion,Mumbai,132.96,306,3,3,1,1,0,0
2026-06-24,vrs26_li_conv_teamreg_blr,running_clubs,conversion,Delhi NCR,96.59,207,1,1,0,0,0,0
2026-06-24,vrs26_li_conv_teamreg_blr,running_clubs,conversion,Bengaluru,1203.49,2785,23,23,1,1,0,0
2026-06-24,vrs26_li_conv_teamreg_blr,running_clubs,conversion,Hyderabad,70.51,119,2,2,0,0,0,0
2026-06-24,vrs26_li_conv_teamreg_blr,running_clubs,conversion,Pune,40.85,86,0,0,0,0,0,0
2026-06-24,vrs26_li_conv_teamreg_blr,running_clubs,conversion,Chennai,22.43,49,0,0,0,0,0,0
2026-06-24,vrs26_li_conv_teamreg_blr,senior_management,conversion,Mumbai,111.54,239,4,4,2,0,0,0
2026-06-24,vrs26_li_conv_teamreg_blr,senior_management,conversion,Delhi NCR,82.36,185,1,1,0,0,0,0
2026-06-24,vrs26_li_conv_teamreg_blr,senior_management,conversion,Bengaluru,1244.78,2856,22,22,1,1,1,2499
2026-06-24,vrs26_li_conv_teamreg_blr,senior_management,conversion,Hyderabad,52.86,100,0,0,0,0,0,0
2026-06-24,vrs26_li_conv_teamreg_blr,senior_management,conversion,Pune,46.38,98,0,0,0,0,0,0
2026-06-24,vrs26_li_conv_teamreg_blr,senior_management,conversion,Chennai,28.9,60,1,1,0,0,0,0
2026-06-24,vrs26_li_doc_ad_wellness_natl,corporate_wellness,leadgen,Mumbai,654.71,1309,13,13,1,1,0,0
2026-06-24,vrs26_li_doc_ad_wellness_natl,corporate_wellness,leadgen,Delhi NCR,449.99,728,3,3,0,0,0,0
2026-06-24,vrs26_li_doc_ad_wellness_natl,corporate_wellness,leadgen,Bengaluru,349.54,855,10,10,1,0,0,0
2026-06-24,vrs26_li_doc_ad_wellness_natl,corporate_wellness,leadgen,Hyderabad,278.95,524,3,3,1,1,1,1999
2026-06-24,vrs26_li_doc_ad_wellness_natl,corporate_wellness,leadgen,Pune,158.87,303,3,3,0,0,0,0
2026-06-24,vrs26_li_doc_ad_wellness_natl,corporate_wellness,leadgen,Chennai,197.03,435,5,5,1,0,0,0
2026-06-24,vrs26_li_doc_ad_wellness_natl,fitness_enthusiasts,leadgen,Mumbai,519.21,1244,10,10,1,0,0,0
2026-06-24,vrs26_li_doc_ad_wellness_natl,fitness_enthusiasts,leadgen,Delhi NCR,519.33,1068,5,5,0,0,0,0
2026-06-24,vrs26_li_doc_ad_wellness_natl,fitness_enthusiasts,leadgen,Bengaluru,384.81,850,2,2,0,0,0,0
2026-06-24,vrs26_li_doc_ad_wellness_natl,fitness_enthusiasts,leadgen,Hyderabad,263.35,576,4,4,0,0,0,0
2026-06-24,vrs26_li_doc_ad_wellness_natl,fitness_enthusiasts,leadgen,Pune,187.49,401,3,3,0,0,0,0
2026-06-24,vrs26_li_doc_ad_wellness_natl,fitness_enthusiasts,leadgen,Chennai,214.9,458,2,2,0,0,0,0
2026-06-24,vrs26_li_doc_ad_wellness_natl,senior_management,leadgen,Mumbai,552.67,1069,6,6,1,0,0,0
2026-06-24,vrs26_li_doc_ad_wellness_natl,senior_management,leadgen,Delhi NCR,456.81,954,6,6,0,0,0,0
2026-06-24,vrs26_li_doc_ad_wellness_natl,senior_management,leadgen,Bengaluru,418.52,934,6,6,0,0,0,0
2026-06-24,vrs26_li_doc_ad_wellness_natl,senior_management,leadgen,Hyderabad,289.44,540,7,7,0,0,0,0
2026-06-24,vrs26_li_doc_ad_wellness_natl,senior_management,leadgen,Pune,190.43,421,3,3,0,0,0,0
2026-06-24,vrs26_li_doc_ad_wellness_natl,senior_management,leadgen,Chennai,181.24,424,2,2,0,0,0,0
2026-06-25,vrs26_li_inmail_hr_leads_natl,running_clubs,leadgen,Mumbai,1204.04,2748,19,19,2,1,1,1999
2026-06-25,vrs26_li_inmail_hr_leads_natl,running_clubs,leadgen,Delhi NCR,1069.56,2403,11,11,0,0,0,0
2026-06-25,vrs26_li_inmail_hr_leads_natl,running_clubs,leadgen,Bengaluru,894.4,1889,4,4,0,0,0,0
2026-06-25,vrs26_li_inmail_hr_leads_natl,running_clubs,leadgen,Hyderabad,725.97,1570,7,7,0,0,0,0
2026-06-25,vrs26_li_inmail_hr_leads_natl,running_clubs,leadgen,Pune,539.12,1211,5,5,0,0,0,0
2026-06-25,vrs26_li_inmail_hr_leads_natl,running_clubs,leadgen,Chennai,407.02,853,3,3,1,1,1,499
2026-06-25,vrs26_li_inmail_hr_leads_natl,senior_management,leadgen,Mumbai,1162.22,2556,7,7,1,0,0,0
2026-06-25,vrs26_li_inmail_hr_leads_natl,senior_management,leadgen,Delhi NCR,1174.77,2350,16,16,0,0,0,0
2026-06-25,vrs26_li_inmail_hr_leads_natl,senior_management,leadgen,Bengaluru,905.08,1663,5,5,1,1,1,1299
2026-06-25,vrs26_li_inmail_hr_leads_natl,senior_management,leadgen,Hyderabad,676.73,1689,5,5,0,0,0,0
2026-06-25,vrs26_li_inmail_hr_leads_natl,senior_management,leadgen,Pune,485.19,1058,9,9,1,1,1,1598
2026-06-25,vrs26_li_inmail_hr_leads_natl,senior_management,leadgen,Chennai,436.13,956,10,10,1,0,0,0
2026-06-25,vrs26_li_conv_teamreg_mum,corporate_wellness,conversion,Mumbai,3492.11,6281,26,26,1,1,1,6499
2026-06-25,vrs26_li_conv_teamreg_mum,corporate_wellness,conversion,Delhi NCR,206.58,425,4,4,2,0,0,0
2026-06-25,vrs26_li_conv_teamreg_mum,corporate_wellness,conversion,Bengaluru,217.87,441,2,2,0,0,0,0
2026-06-25,vrs26_li_conv_teamreg_mum,corporate_wellness,conversion,Hyderabad,125.18,235,2,2,0,0,0,0
2026-06-25,vrs26_li_conv_teamreg_mum,corporate_wellness,conversion,Pune,110.04,235,2,2,0,0,0,0
2026-06-25,vrs26_li_conv_teamreg_mum,corporate_wellness,conversion,Chennai,83.32,164,0,0,0,0,0,0
2026-06-25,vrs26_li_conv_teamreg_mum,senior_management,conversion,Mumbai,3500.87,7232,51,51,1,0,0,0
2026-06-25,vrs26_li_conv_teamreg_mum,senior_management,conversion,Delhi NCR,234.29,482,3,3,0,0,0,0
2026-06-25,vrs26_li_conv_teamreg_mum,senior_management,conversion,Bengaluru,200.16,434,3,3,0,0,0,0
2026-06-25,vrs26_li_conv_teamreg_mum,senior_management,conversion,Hyderabad,149.62,318,1,1,0,0,0,0
2026-06-25,vrs26_li_conv_teamreg_mum,senior_management,conversion,Pune,75.27,159,3,3,0,0,0,0
2026-06-25,vrs26_li_conv_teamreg_mum,senior_management,conversion,Chennai,74.89,186,1,1,0,0,0,0
2026-06-25,vrs26_li_conv_teamreg_blr,running_clubs,conversion,Mumbai,238.32,500,7,7,0,0,0,0
2026-06-25,vrs26_li_conv_teamreg_blr,running_clubs,conversion,Delhi NCR,184.77,334,3,3,1,1,1,1598
2026-06-25,vrs26_li_conv_teamreg_blr,running_clubs,conversion,Bengaluru,2915.31,5474,27,27,1,1,0,0
2026-06-25,vrs26_li_conv_teamreg_blr,running_clubs,conversion,Hyderabad,140.77,361,4,4,1,0,0,0
2026-06-25,vrs26_li_conv_teamreg_blr,running_clubs,conversion,Pune,81.51,180,1,1,0,0,0,0
2026-06-25,vrs26_li_conv_teamreg_blr,running_clubs,conversion,Chennai,69.41,155,0,0,0,0,0,0
2026-06-25,vrs26_li_conv_teamreg_blr,senior_management,conversion,Mumbai,281.79,477,2,2,0,0,0,0
2026-06-25,vrs26_li_conv_teamreg_blr,senior_management,conversion,Delhi NCR,189.59,411,1,1,0,0,0,0
2026-06-25,vrs26_li_conv_teamreg_blr,senior_management,conversion,Bengaluru,2885.52,5999,27,27,0,0,0,0
2026-06-25,vrs26_li_conv_teamreg_blr,senior_management,conversion,Hyderabad,133.76,328,4,4,1,0,0,0
2026-06-25,vrs26_li_conv_teamreg_blr,senior_management,conversion,Pune,75.51,142,1,1,0,0,0,0
2026-06-25,vrs26_li_conv_teamreg_blr,senior_management,conversion,Chennai,63.93,141,1,1,0,0,0,0
2026-06-25,vrs26_li_doc_ad_wellness_natl,hr_decision_makers,leadgen,Mumbai,495.18,1209,7,7,0,0,0,0
2026-06-25,vrs26_li_doc_ad_wellness_natl,hr_decision_makers,leadgen,Delhi NCR,394.27,865,3,3,1,1,1,2598
2026-06-25,vrs26_li_doc_ad_wellness_natl,hr_decision_makers,leadgen,Bengaluru,337.54,775,5,5,1,0,0,0
2026-06-25,vrs26_li_doc_ad_wellness_natl,hr_decision_makers,leadgen,Hyderabad,284.25,626,4,4,2,0,0,0
2026-06-25,vrs26_li_doc_ad_wellness_natl,hr_decision_makers,leadgen,Pune,172,419,5,5,0,0,0,0
2026-06-25,vrs26_li_doc_ad_wellness_natl,hr_decision_makers,leadgen,Chennai,131.81,289,4,4,1,1,0,0
2026-06-25,vrs26_li_doc_ad_wellness_natl,corporate_wellness,leadgen,Mumbai,496.67,941,6,6,0,0,0,0
2026-06-25,vrs26_li_doc_ad_wellness_natl,corporate_wellness,leadgen,Delhi NCR,349.46,809,3,3,0,0,0,0
2026-06-25,vrs26_li_doc_ad_wellness_natl,corporate_wellness,leadgen,Bengaluru,385.21,868,7,7,1,1,1,1299
2026-06-25,vrs26_li_doc_ad_wellness_natl,corporate_wellness,leadgen,Hyderabad,283.46,625,3,3,0,0,0,0
2026-06-25,vrs26_li_doc_ad_wellness_natl,corporate_wellness,leadgen,Pune,197.87,369,5,5,0,0,0,0
2026-06-25,vrs26_li_doc_ad_wellness_natl,corporate_wellness,leadgen,Chennai,102.38,177,0,0,0,0,0,0
2026-06-25,vrs26_li_doc_ad_wellness_natl,running_clubs,leadgen,Mumbai,452.58,826,7,7,1,0,0,0
2026-06-25,vrs26_li_doc_ad_wellness_natl,running_clubs,leadgen,Delhi NCR,414.98,715,6,6,0,0,0,0
2026-06-25,vrs26_li_doc_ad_wellness_natl,running_clubs,leadgen,Bengaluru,356.43,602,3,3,1,1,1,1299
2026-06-25,vrs26_li_doc_ad_wellness_natl,running_clubs,leadgen,Hyderabad,276.24,548,2,2,1,0,0,0
2026-06-25,vrs26_li_doc_ad_wellness_natl,running_clubs,leadgen,Pune,188.83,411,1,1,0,0,0,0
2026-06-25,vrs26_li_doc_ad_wellness_natl,running_clubs,leadgen,Chennai,125.98,270,3,3,1,1,0,0
2026-06-25,vrs26_li_doc_ad_wellness_natl,senior_management,leadgen,Mumbai,414.47,735,4,4,0,0,0,0
2026-06-25,vrs26_li_doc_ad_wellness_natl,senior_management,leadgen,Delhi NCR,373.68,784,5,5,0,0,0,0
2026-06-25,vrs26_li_doc_ad_wellness_natl,senior_management,leadgen,Bengaluru,385.58,853,4,4,2,1,1,1299
2026-06-25,vrs26_li_doc_ad_wellness_natl,senior_management,leadgen,Hyderabad,264.1,561,4,4,0,0,0,0
2026-06-25,vrs26_li_doc_ad_wellness_natl,senior_management,leadgen,Pune,186.43,351,3,3,0,0,0,0
2026-06-25,vrs26_li_doc_ad_wellness_natl,senior_management,leadgen,Chennai,190.78,435,3,3,0,0,0,0
2026-06-26,vrs26_li_inmail_hr_leads_natl,hr_decision_makers,leadgen,Mumbai,893.8,1864,11,11,1,0,0,0
2026-06-26,vrs26_li_inmail_hr_leads_natl,hr_decision_makers,leadgen,Delhi NCR,824.43,1636,3,3,0,0,0,0
2026-06-26,vrs26_li_inmail_hr_leads_natl,hr_decision_makers,leadgen,Bengaluru,726.81,1324,9,9,2,0,0,0
2026-06-26,vrs26_li_inmail_hr_leads_natl,hr_decision_makers,leadgen,Hyderabad,513.82,1047,6,6,0,0,0,0
2026-06-26,vrs26_li_inmail_hr_leads_natl,hr_decision_makers,leadgen,Pune,316.63,685,4,4,1,0,0,0
2026-06-26,vrs26_li_inmail_hr_leads_natl,hr_decision_makers,leadgen,Chennai,272.58,525,4,4,1,0,0,0
2026-06-26,vrs26_li_inmail_hr_leads_natl,corporate_wellness,leadgen,Mumbai,947.3,1734,15,15,1,0,0,0
2026-06-26,vrs26_li_inmail_hr_leads_natl,corporate_wellness,leadgen,Delhi NCR,837.81,1785,6,6,0,0,0,0
2026-06-26,vrs26_li_inmail_hr_leads_natl,corporate_wellness,leadgen,Bengaluru,720.61,1564,14,14,0,0,0,0
2026-06-26,vrs26_li_inmail_hr_leads_natl,corporate_wellness,leadgen,Hyderabad,386.74,781,8,8,0,0,0,0
2026-06-26,vrs26_li_inmail_hr_leads_natl,corporate_wellness,leadgen,Pune,328.24,596,1,1,0,0,0,0
2026-06-26,vrs26_li_inmail_hr_leads_natl,corporate_wellness,leadgen,Chennai,327.35,540,5,5,0,0,0,0
2026-06-26,vrs26_li_inmail_hr_leads_natl,senior_management,leadgen,Mumbai,1007.66,2052,16,16,0,0,0,0
2026-06-26,vrs26_li_inmail_hr_leads_natl,senior_management,leadgen,Delhi NCR,719.93,1650,8,8,0,0,0,0
2026-06-26,vrs26_li_inmail_hr_leads_natl,senior_management,leadgen,Bengaluru,659.24,1446,10,10,0,0,0,0
2026-06-26,vrs26_li_inmail_hr_leads_natl,senior_management,leadgen,Hyderabad,508.06,1171,11,11,1,0,0,0
2026-06-26,vrs26_li_inmail_hr_leads_natl,senior_management,leadgen,Pune,357.41,760,6,6,0,0,0,0
2026-06-26,vrs26_li_inmail_hr_leads_natl,senior_management,leadgen,Chennai,295.77,567,3,3,0,0,0,0
2026-06-26,vrs26_li_conv_teamreg_mum,hr_decision_makers,conversion,Mumbai,3851.26,7702,43,43,1,0,0,0
2026-06-26,vrs26_li_conv_teamreg_mum,hr_decision_makers,conversion,Delhi NCR,241.08,499,4,4,0,0,0,0
2026-06-26,vrs26_li_conv_teamreg_mum,hr_decision_makers,conversion,Bengaluru,216.62,358,1,1,0,0,0,0
2026-06-26,vrs26_li_conv_teamreg_mum,hr_decision_makers,conversion,Hyderabad,157.26,330,3,3,0,0,0,0
2026-06-26,vrs26_li_conv_teamreg_mum,hr_decision_makers,conversion,Pune,90.02,176,0,0,0,0,0,0
2026-06-26,vrs26_li_conv_teamreg_mum,hr_decision_makers,conversion,Chennai,100.58,195,1,1,0,0,0,0
2026-06-26,vrs26_li_conv_teamreg_mum,senior_management,conversion,Mumbai,3934.76,8730,47,47,4,3,3,8097
2026-06-26,vrs26_li_conv_teamreg_mum,senior_management,conversion,Delhi NCR,215.65,479,1,1,0,0,0,0
2026-06-26,vrs26_li_conv_teamreg_mum,senior_management,conversion,Bengaluru,213.91,430,2,2,0,0,0,0
2026-06-26,vrs26_li_conv_teamreg_mum,senior_management,conversion,Hyderabad,119.95,220,0,0,0,0,0,0
2026-06-26,vrs26_li_conv_teamreg_mum,senior_management,conversion,Pune,99.48,236,2,2,0,0,0,0
2026-06-26,vrs26_li_conv_teamreg_mum,senior_management,conversion,Chennai,73.08,151,3,3,0,0,0,0
2026-06-26,vrs26_li_conv_teamreg_blr,hr_decision_makers,conversion,Mumbai,129.86,295,3,3,0,0,0,0
2026-06-26,vrs26_li_conv_teamreg_blr,hr_decision_makers,conversion,Delhi NCR,110.1,243,0,0,0,0,0,0
2026-06-26,vrs26_li_conv_teamreg_blr,hr_decision_makers,conversion,Bengaluru,2260.5,4172,33,33,3,0,0,0
2026-06-26,vrs26_li_conv_teamreg_blr,hr_decision_makers,conversion,Hyderabad,57.16,130,1,1,0,0,0,0
2026-06-26,vrs26_li_conv_teamreg_blr,hr_decision_makers,conversion,Pune,55.68,124,0,0,0,0,0,0
2026-06-26,vrs26_li_conv_teamreg_blr,hr_decision_makers,conversion,Chennai,47.74,99,1,1,1,0,0,0
2026-06-26,vrs26_li_conv_teamreg_blr,fitness_enthusiasts,conversion,Mumbai,175.76,394,4,4,0,0,0,0
2026-06-26,vrs26_li_conv_teamreg_blr,fitness_enthusiasts,conversion,Delhi NCR,146.79,254,1,1,0,0,0,0
2026-06-26,vrs26_li_conv_teamreg_blr,fitness_enthusiasts,conversion,Bengaluru,2132.29,5062,22,22,2,0,0,0
2026-06-26,vrs26_li_conv_teamreg_blr,fitness_enthusiasts,conversion,Hyderabad,90.4,159,1,1,0,0,0,0
2026-06-26,vrs26_li_conv_teamreg_blr,fitness_enthusiasts,conversion,Pune,60.44,118,2,2,0,0,0,0
2026-06-26,vrs26_li_conv_teamreg_blr,fitness_enthusiasts,conversion,Chennai,55.36,100,1,1,0,0,0,0
2026-06-26,vrs26_li_conv_teamreg_blr,senior_management,conversion,Mumbai,154.78,288,2,2,0,0,0,0
2026-06-26,vrs26_li_conv_teamreg_blr,senior_management,conversion,Delhi NCR,147.77,356,7,7,1,0,0,0
2026-06-26,vrs26_li_conv_teamreg_blr,senior_management,conversion,Bengaluru,2182.06,4590,16,16,0,0,0,0
2026-06-26,vrs26_li_conv_teamreg_blr,senior_management,conversion,Hyderabad,66.11,119,1,1,0,0,0,0
2026-06-26,vrs26_li_conv_teamreg_blr,senior_management,conversion,Pune,60.34,135,0,0,0,0,0,0
2026-06-26,vrs26_li_conv_teamreg_blr,senior_management,conversion,Chennai,49.97,99,1,1,0,0,0,0
2026-06-26,vrs26_li_doc_ad_wellness_natl,corporate_wellness,leadgen,Mumbai,422.33,836,7,7,1,0,0,0
2026-06-26,vrs26_li_doc_ad_wellness_natl,corporate_wellness,leadgen,Delhi NCR,493.04,1128,6,6,0,0,0,0
2026-06-26,vrs26_li_doc_ad_wellness_natl,corporate_wellness,leadgen,Bengaluru,442.46,1032,6,6,0,0,0,0
2026-06-26,vrs26_li_doc_ad_wellness_natl,corporate_wellness,leadgen,Hyderabad,304.88,558,1,1,0,0,0,0
2026-06-26,vrs26_li_doc_ad_wellness_natl,corporate_wellness,leadgen,Pune,183.68,332,2,2,0,0,0,0
2026-06-26,vrs26_li_doc_ad_wellness_natl,corporate_wellness,leadgen,Chennai,149.39,267,0,0,0,0,0,0
2026-06-26,vrs26_li_doc_ad_wellness_natl,fitness_enthusiasts,leadgen,Mumbai,509.83,897,8,8,1,1,1,1999
2026-06-26,vrs26_li_doc_ad_wellness_natl,fitness_enthusiasts,leadgen,Delhi NCR,429.23,773,8,8,1,1,0,0
2026-06-26,vrs26_li_doc_ad_wellness_natl,fitness_enthusiasts,leadgen,Bengaluru,408.35,779,5,5,0,0,0,0
2026-06-26,vrs26_li_doc_ad_wellness_natl,fitness_enthusiasts,leadgen,Hyderabad,302.63,607,5,5,0,0,0,0
2026-06-26,vrs26_li_doc_ad_wellness_natl,fitness_enthusiasts,leadgen,Pune,191.23,453,3,3,0,0,0,0
2026-06-26,vrs26_li_doc_ad_wellness_natl,fitness_enthusiasts,leadgen,Chennai,154.52,316,1,1,0,0,0,0
2026-06-26,vrs26_li_doc_ad_wellness_natl,running_clubs,leadgen,Mumbai,527.2,1073,8,8,0,0,0,0
2026-06-26,vrs26_li_doc_ad_wellness_natl,running_clubs,leadgen,Delhi NCR,439.64,936,7,7,1,0,0,0
2026-06-26,vrs26_li_doc_ad_wellness_natl,running_clubs,leadgen,Bengaluru,442.64,779,4,4,0,0,0,0
2026-06-26,vrs26_li_doc_ad_wellness_natl,running_clubs,leadgen,Hyderabad,290.29,557,6,6,0,0,0,0
2026-06-26,vrs26_li_doc_ad_wellness_natl,running_clubs,leadgen,Pune,149.64,281,3,3,0,0,0,0
2026-06-26,vrs26_li_doc_ad_wellness_natl,running_clubs,leadgen,Chennai,146.38,315,3,3,0,0,0,0
2026-06-26,vrs26_li_doc_ad_wellness_natl,senior_management,leadgen,Mumbai,539.88,938,3,3,0,0,0,0
2026-06-26,vrs26_li_doc_ad_wellness_natl,senior_management,leadgen,Delhi NCR,377.68,842,0,0,0,0,0,0
2026-06-26,vrs26_li_doc_ad_wellness_natl,senior_management,leadgen,Bengaluru,385.98,702,3,3,0,0,0,0
2026-06-26,vrs26_li_doc_ad_wellness_natl,senior_management,leadgen,Hyderabad,288.59,652,4,4,0,0,0,0
2026-06-26,vrs26_li_doc_ad_wellness_natl,senior_management,leadgen,Pune,221.53,499,0,0,0,0,0,0
2026-06-26,vrs26_li_doc_ad_wellness_natl,senior_management,leadgen,Chennai,182.13,398,4,4,1,0,0,0
2026-06-27,vrs26_li_inmail_hr_leads_natl,hr_decision_makers,leadgen,Mumbai,761.71,1298,5,5,0,0,0,0
2026-06-27,vrs26_li_inmail_hr_leads_natl,hr_decision_makers,leadgen,Delhi NCR,474.35,1065,4,4,0,0,0,0
2026-06-27,vrs26_li_inmail_hr_leads_natl,hr_decision_makers,leadgen,Bengaluru,562.66,1161,14,14,1,0,0,0
2026-06-27,vrs26_li_inmail_hr_leads_natl,hr_decision_makers,leadgen,Hyderabad,365.63,811,5,5,0,0,0,0
2026-06-27,vrs26_li_inmail_hr_leads_natl,hr_decision_makers,leadgen,Pune,284.45,515,4,4,1,0,0,0
2026-06-27,vrs26_li_inmail_hr_leads_natl,hr_decision_makers,leadgen,Chennai,214.58,458,3,3,0,0,0,0
2026-06-27,vrs26_li_inmail_hr_leads_natl,corporate_wellness,leadgen,Mumbai,608.12,1330,4,4,0,0,0,0
2026-06-27,vrs26_li_inmail_hr_leads_natl,corporate_wellness,leadgen,Delhi NCR,600.41,1284,8,8,0,0,0,0
2026-06-27,vrs26_li_inmail_hr_leads_natl,corporate_wellness,leadgen,Bengaluru,521.82,951,8,8,1,1,1,1299
2026-06-27,vrs26_li_inmail_hr_leads_natl,corporate_wellness,leadgen,Hyderabad,450,1022,5,5,1,0,0,0
2026-06-27,vrs26_li_inmail_hr_leads_natl,corporate_wellness,leadgen,Pune,273.57,482,0,0,0,0,0,0
2026-06-27,vrs26_li_inmail_hr_leads_natl,corporate_wellness,leadgen,Chennai,209.46,417,4,4,0,0,0,0
2026-06-27,vrs26_li_inmail_hr_leads_natl,running_clubs,leadgen,Mumbai,670.71,1374,6,6,0,0,0,0
2026-06-27,vrs26_li_inmail_hr_leads_natl,running_clubs,leadgen,Delhi NCR,615.11,1463,8,8,0,0,0,0
2026-06-27,vrs26_li_inmail_hr_leads_natl,running_clubs,leadgen,Bengaluru,537.37,1194,8,8,0,0,0,0
2026-06-27,vrs26_li_inmail_hr_leads_natl,running_clubs,leadgen,Hyderabad,374.32,784,3,3,0,0,0,0
2026-06-27,vrs26_li_inmail_hr_leads_natl,running_clubs,leadgen,Pune,233.47,542,5,5,1,0,0,0
2026-06-27,vrs26_li_inmail_hr_leads_natl,running_clubs,leadgen,Chennai,232.39,472,4,4,0,0,0,0
2026-06-27,vrs26_li_conv_teamreg_mum,hr_decision_makers,conversion,Mumbai,1153.76,2646,18,18,1,0,0,0
2026-06-27,vrs26_li_conv_teamreg_mum,hr_decision_makers,conversion,Delhi NCR,76.78,161,0,0,0,0,0,0
2026-06-27,vrs26_li_conv_teamreg_mum,hr_decision_makers,conversion,Bengaluru,57.28,121,0,0,0,0,0,0
2026-06-27,vrs26_li_conv_teamreg_mum,hr_decision_makers,conversion,Hyderabad,46.35,85,0,0,0,0,0,0
2026-06-27,vrs26_li_conv_teamreg_mum,hr_decision_makers,conversion,Pune,34.94,63,1,1,0,0,0,0
2026-06-27,vrs26_li_conv_teamreg_mum,hr_decision_makers,conversion,Chennai,29.16,63,1,1,0,0,0,0
2026-06-27,vrs26_li_conv_teamreg_mum,corporate_wellness,conversion,Mumbai,1155.95,2857,12,12,1,0,0,0
2026-06-27,vrs26_li_conv_teamreg_mum,corporate_wellness,conversion,Delhi NCR,75.75,171,1,1,0,0,0,0
2026-06-27,vrs26_li_conv_teamreg_mum,corporate_wellness,conversion,Bengaluru,58.32,124,0,0,0,0,0,0
2026-06-27,vrs26_li_conv_teamreg_mum,corporate_wellness,conversion,Hyderabad,43.71,100,1,1,0,0,0,0
2026-06-27,vrs26_li_conv_teamreg_mum,corporate_wellness,conversion,Pune,37.41,76,1,1,1,1,1,2999
2026-06-27,vrs26_li_conv_teamreg_mum,corporate_wellness,conversion,Chennai,27.13,62,0,0,0,0,0,0
2026-06-27,vrs26_li_conv_teamreg_mum,fitness_enthusiasts,conversion,Mumbai,1157.1,2291,16,16,0,0,0,0
2026-06-27,vrs26_li_conv_teamreg_mum,fitness_enthusiasts,conversion,Delhi NCR,72.02,160,1,1,0,0,0,0
2026-06-27,vrs26_li_conv_teamreg_mum,fitness_enthusiasts,conversion,Bengaluru,60.6,133,0,0,0,0,0,0
2026-06-27,vrs26_li_conv_teamreg_mum,fitness_enthusiasts,conversion,Hyderabad,49.83,99,2,2,0,0,0,0
2026-06-27,vrs26_li_conv_teamreg_mum,fitness_enthusiasts,conversion,Pune,38.41,61,1,1,0,0,0,0
2026-06-27,vrs26_li_conv_teamreg_mum,fitness_enthusiasts,conversion,Chennai,20.32,41,1,1,0,0,0,0
2026-06-27,vrs26_li_conv_teamreg_mum,running_clubs,conversion,Mumbai,1146.23,2597,7,7,2,1,1,6499
2026-06-27,vrs26_li_conv_teamreg_mum,running_clubs,conversion,Delhi NCR,76.82,158,1,1,1,1,1,1999
2026-06-27,vrs26_li_conv_teamreg_mum,running_clubs,conversion,Bengaluru,66.05,144,1,1,0,0,0,0
2026-06-27,vrs26_li_conv_teamreg_mum,running_clubs,conversion,Hyderabad,40.85,82,1,1,0,0,0,0
2026-06-27,vrs26_li_conv_teamreg_mum,running_clubs,conversion,Pune,36.66,61,2,2,0,0,0,0
2026-06-27,vrs26_li_conv_teamreg_mum,running_clubs,conversion,Chennai,31.66,73,1,1,0,0,0,0
2026-06-27,vrs26_li_conv_teamreg_mum,senior_management,conversion,Mumbai,1173.93,2196,15,15,1,0,0,0
2026-06-27,vrs26_li_conv_teamreg_mum,senior_management,conversion,Delhi NCR,67.72,149,1,1,1,0,0,0
2026-06-27,vrs26_li_conv_teamreg_mum,senior_management,conversion,Bengaluru,65.99,144,1,1,0,0,0,0
2026-06-27,vrs26_li_conv_teamreg_mum,senior_management,conversion,Hyderabad,38.09,75,0,0,0,0,0,0
2026-06-27,vrs26_li_conv_teamreg_mum,senior_management,conversion,Pune,32.65,72,0,0,0,0,0,0
2026-06-27,vrs26_li_conv_teamreg_mum,senior_management,conversion,Chennai,19.89,41,0,0,0,0,0,0
2026-06-27,vrs26_li_conv_teamreg_blr,hr_decision_makers,conversion,Mumbai,125.22,260,1,1,0,0,0,0
2026-06-27,vrs26_li_conv_teamreg_blr,hr_decision_makers,conversion,Delhi NCR,163.04,293,2,2,0,0,0,0
2026-06-27,vrs26_li_conv_teamreg_blr,hr_decision_makers,conversion,Bengaluru,1540.46,3240,16,16,0,0,0,0
2026-06-27,vrs26_li_conv_teamreg_blr,hr_decision_makers,conversion,Hyderabad,77.32,166,1,1,0,0,0,0
2026-06-27,vrs26_li_conv_teamreg_blr,hr_decision_makers,conversion,Pune,51.2,119,0,0,0,0,0,0
2026-06-27,vrs26_li_conv_teamreg_blr,hr_decision_makers,conversion,Chennai,40.28,80,0,0,0,0,0,0
2026-06-27,vrs26_li_conv_teamreg_blr,fitness_enthusiasts,conversion,Mumbai,112.4,206,1,1,1,0,0,0
2026-06-27,vrs26_li_conv_teamreg_blr,fitness_enthusiasts,conversion,Delhi NCR,98.18,234,2,2,0,0,0,0
2026-06-27,vrs26_li_conv_teamreg_blr,fitness_enthusiasts,conversion,Bengaluru,1648,2777,21,21,1,0,0,0
2026-06-27,vrs26_li_conv_teamreg_blr,fitness_enthusiasts,conversion,Hyderabad,62.17,129,1,1,0,0,0,0
2026-06-27,vrs26_li_conv_teamreg_blr,fitness_enthusiasts,conversion,Pune,41.18,88,0,0,0,0,0,0
2026-06-27,vrs26_li_conv_teamreg_blr,fitness_enthusiasts,conversion,Chennai,35.61,73,0,0,0,0,0,0
2026-06-27,vrs26_li_conv_teamreg_blr,senior_management,conversion,Mumbai,120.53,277,3,3,1,1,1,799
2026-06-27,vrs26_li_conv_teamreg_blr,senior_management,conversion,Delhi NCR,112.71,228,2,2,1,0,0,0
2026-06-27,vrs26_li_conv_teamreg_blr,senior_management,conversion,Bengaluru,1606.43,3159,19,19,3,1,0,0
2026-06-27,vrs26_li_conv_teamreg_blr,senior_management,conversion,Hyderabad,63.25,145,1,1,0,0,0,0
2026-06-27,vrs26_li_conv_teamreg_blr,senior_management,conversion,Pune,46.76,82,1,1,0,0,0,0
2026-06-27,vrs26_li_conv_teamreg_blr,senior_management,conversion,Chennai,47.85,101,0,0,0,0,0,0
2026-06-27,vrs26_li_doc_ad_wellness_natl,running_clubs,leadgen,Mumbai,1455.45,3206,23,23,1,0,0,0
2026-06-27,vrs26_li_doc_ad_wellness_natl,running_clubs,leadgen,Delhi NCR,1401.68,3076,12,12,1,0,0,0
2026-06-27,vrs26_li_doc_ad_wellness_natl,running_clubs,leadgen,Bengaluru,1127.07,2448,13,13,1,0,0,0
2026-06-27,vrs26_li_doc_ad_wellness_natl,running_clubs,leadgen,Hyderabad,964.04,1879,12,12,1,1,1,6998
2026-06-27,vrs26_li_doc_ad_wellness_natl,running_clubs,leadgen,Pune,525.02,1042,4,4,0,0,0,0
2026-06-27,vrs26_li_doc_ad_wellness_natl,running_clubs,leadgen,Chennai,519.33,963,1,1,0,0,0,0
2026-06-28,vrs26_li_inmail_hr_leads_natl,corporate_wellness,leadgen,Mumbai,630.07,1312,11,11,1,0,0,0
2026-06-28,vrs26_li_inmail_hr_leads_natl,corporate_wellness,leadgen,Delhi NCR,379.31,817,9,9,0,0,0,0
2026-06-28,vrs26_li_inmail_hr_leads_natl,corporate_wellness,leadgen,Bengaluru,506.75,906,4,4,0,0,0,0
2026-06-28,vrs26_li_inmail_hr_leads_natl,corporate_wellness,leadgen,Hyderabad,353.83,840,2,2,0,0,0,0
2026-06-28,vrs26_li_inmail_hr_leads_natl,corporate_wellness,leadgen,Pune,249.06,475,3,3,0,0,0,0
2026-06-28,vrs26_li_inmail_hr_leads_natl,corporate_wellness,leadgen,Chennai,198.94,485,0,0,0,0,0,0
2026-06-28,vrs26_li_inmail_hr_leads_natl,fitness_enthusiasts,leadgen,Mumbai,541.69,1089,8,8,1,0,0,0
2026-06-28,vrs26_li_inmail_hr_leads_natl,fitness_enthusiasts,leadgen,Delhi NCR,528.84,1123,12,12,1,0,0,0
2026-06-28,vrs26_li_inmail_hr_leads_natl,fitness_enthusiasts,leadgen,Bengaluru,482.05,983,6,6,1,0,0,0
2026-06-28,vrs26_li_inmail_hr_leads_natl,fitness_enthusiasts,leadgen,Hyderabad,369.23,752,6,6,3,1,1,1299
2026-06-28,vrs26_li_inmail_hr_leads_natl,fitness_enthusiasts,leadgen,Pune,221.8,552,5,5,1,1,0,0
2026-06-28,vrs26_li_inmail_hr_leads_natl,fitness_enthusiasts,leadgen,Chennai,174.36,353,1,1,0,0,0,0
2026-06-28,vrs26_li_inmail_hr_leads_natl,running_clubs,leadgen,Mumbai,613.86,1138,8,8,0,0,0,0
2026-06-28,vrs26_li_inmail_hr_leads_natl,running_clubs,leadgen,Delhi NCR,511.78,1073,10,10,1,1,0,0
2026-06-28,vrs26_li_inmail_hr_leads_natl,running_clubs,leadgen,Bengaluru,466.31,1090,2,2,0,0,0,0
2026-06-28,vrs26_li_inmail_hr_leads_natl,running_clubs,leadgen,Hyderabad,331.96,705,1,1,0,0,0,0
2026-06-28,vrs26_li_inmail_hr_leads_natl,running_clubs,leadgen,Pune,210.64,391,2,2,1,0,0,0
2026-06-28,vrs26_li_inmail_hr_leads_natl,running_clubs,leadgen,Chennai,183.42,382,1,1,0,0,0,0
2026-06-28,vrs26_li_inmail_hr_leads_natl,senior_management,leadgen,Mumbai,644.09,1396,10,10,2,0,0,0
2026-06-28,vrs26_li_inmail_hr_leads_natl,senior_management,leadgen,Delhi NCR,487.95,831,6,6,1,0,0,0
2026-06-28,vrs26_li_inmail_hr_leads_natl,senior_management,leadgen,Bengaluru,412.55,800,7,7,0,0,0,0
2026-06-28,vrs26_li_inmail_hr_leads_natl,senior_management,leadgen,Hyderabad,332.71,668,3,3,0,0,0,0
2026-06-28,vrs26_li_inmail_hr_leads_natl,senior_management,leadgen,Pune,262.51,538,1,1,0,0,0,0
2026-06-28,vrs26_li_inmail_hr_leads_natl,senior_management,leadgen,Chennai,178.16,358,4,4,0,0,0,0
2026-06-28,vrs26_li_conv_teamreg_mum,fitness_enthusiasts,conversion,Mumbai,3360.06,7922,51,51,2,0,0,0
2026-06-28,vrs26_li_conv_teamreg_mum,fitness_enthusiasts,conversion,Delhi NCR,255.45,513,2,2,0,0,0,0
2026-06-28,vrs26_li_conv_teamreg_mum,fitness_enthusiasts,conversion,Bengaluru,168.02,346,2,2,0,0,0,0
2026-06-28,vrs26_li_conv_teamreg_mum,fitness_enthusiasts,conversion,Hyderabad,102.42,206,0,0,0,0,0,0
2026-06-28,vrs26_li_conv_teamreg_mum,fitness_enthusiasts,conversion,Pune,101.99,173,0,0,0,0,0,0
2026-06-28,vrs26_li_conv_teamreg_mum,fitness_enthusiasts,conversion,Chennai,68.51,128,1,1,0,0,0,0
2026-06-28,vrs26_li_conv_teamreg_mum,senior_management,conversion,Mumbai,3417.7,7399,26,26,3,1,0,0
2026-06-28,vrs26_li_conv_teamreg_mum,senior_management,conversion,Delhi NCR,165.94,339,3,3,0,0,0,0
2026-06-28,vrs26_li_conv_teamreg_mum,senior_management,conversion,Bengaluru,178.24,397,3,3,1,0,0,0
2026-06-28,vrs26_li_conv_teamreg_mum,senior_management,conversion,Hyderabad,128.81,251,0,0,0,0,0,0
2026-06-28,vrs26_li_conv_teamreg_mum,senior_management,conversion,Pune,94.12,205,1,1,0,0,0,0
2026-06-28,vrs26_li_conv_teamreg_mum,senior_management,conversion,Chennai,71.63,141,2,2,0,0,0,0
2026-06-28,vrs26_li_conv_teamreg_blr,hr_decision_makers,conversion,Mumbai,134.68,314,0,0,0,0,0,0
2026-06-28,vrs26_li_conv_teamreg_blr,hr_decision_makers,conversion,Delhi NCR,113.7,199,1,1,0,0,0,0
2026-06-28,vrs26_li_conv_teamreg_blr,hr_decision_makers,conversion,Bengaluru,1857.22,3457,29,29,1,0,0,0
2026-06-28,vrs26_li_conv_teamreg_blr,hr_decision_makers,conversion,Hyderabad,104.37,205,1,1,0,0,0,0
2026-06-28,vrs26_li_conv_teamreg_blr,hr_decision_makers,conversion,Pune,64.69,127,3,3,0,0,0,0
2026-06-28,vrs26_li_conv_teamreg_blr,hr_decision_makers,conversion,Chennai,43.31,95,0,0,0,0,0,0
2026-06-28,vrs26_li_conv_teamreg_blr,corporate_wellness,conversion,Mumbai,158.68,342,5,5,0,0,0,0
2026-06-28,vrs26_li_conv_teamreg_blr,corporate_wellness,conversion,Delhi NCR,131.2,290,1,1,0,0,0,0
2026-06-28,vrs26_li_conv_teamreg_blr,corporate_wellness,conversion,Bengaluru,1850.44,4377,29,29,1,0,0,0
2026-06-28,vrs26_li_conv_teamreg_blr,corporate_wellness,conversion,Hyderabad,82.56,167,2,2,0,0,0,0
2026-06-28,vrs26_li_conv_teamreg_blr,corporate_wellness,conversion,Pune,55.72,120,0,0,0,0,0,0
2026-06-28,vrs26_li_conv_teamreg_blr,corporate_wellness,conversion,Chennai,39.36,70,2,2,1,1,1,799
2026-06-28,vrs26_li_conv_teamreg_blr,fitness_enthusiasts,conversion,Mumbai,137.38,244,2,2,0,0,0,0
2026-06-28,vrs26_li_conv_teamreg_blr,fitness_enthusiasts,conversion,Delhi NCR,112.92,222,3,3,0,0,0,0
2026-06-28,vrs26_li_conv_teamreg_blr,fitness_enthusiasts,conversion,Bengaluru,1914.94,3900,19,19,0,0,0,0
2026-06-28,vrs26_li_conv_teamreg_blr,fitness_enthusiasts,conversion,Hyderabad,63.89,128,1,1,0,0,0,0
2026-06-28,vrs26_li_conv_teamreg_blr,fitness_enthusiasts,conversion,Pune,55.07,105,0,0,0,0,0,0
2026-06-28,vrs26_li_conv_teamreg_blr,fitness_enthusiasts,conversion,Chennai,33.77,73,1,1,0,0,0,0
2026-06-28,vrs26_li_doc_ad_wellness_natl,corporate_wellness,leadgen,Mumbai,965.05,1987,8,8,0,0,0,0
2026-06-28,vrs26_li_doc_ad_wellness_natl,corporate_wellness,leadgen,Delhi NCR,581.77,1052,5,5,0,0,0,0
2026-06-28,vrs26_li_doc_ad_wellness_natl,corporate_wellness,leadgen,Bengaluru,724.84,1748,14,14,1,0,0,0
2026-06-28,vrs26_li_doc_ad_wellness_natl,corporate_wellness,leadgen,Hyderabad,514.15,1012,2,2,0,0,0,0
2026-06-28,vrs26_li_doc_ad_wellness_natl,corporate_wellness,leadgen,Pune,384.81,810,6,6,0,0,0,0
2026-06-28,vrs26_li_doc_ad_wellness_natl,corporate_wellness,leadgen,Chennai,306.33,575,4,4,0,0,0,0
2026-06-28,vrs26_li_doc_ad_wellness_natl,senior_management,leadgen,Mumbai,877.43,1976,10,10,0,0,0,0
2026-06-28,vrs26_li_doc_ad_wellness_natl,senior_management,leadgen,Delhi NCR,849.99,1311,9,9,1,1,0,0
2026-06-28,vrs26_li_doc_ad_wellness_natl,senior_management,leadgen,Bengaluru,607.67,1445,7,7,0,0,0,0
2026-06-28,vrs26_li_doc_ad_wellness_natl,senior_management,leadgen,Hyderabad,467.35,839,3,3,0,0,0,0
2026-06-28,vrs26_li_doc_ad_wellness_natl,senior_management,leadgen,Pune,381.81,852,2,2,0,0,0,0
2026-06-28,vrs26_li_doc_ad_wellness_natl,senior_management,leadgen,Chennai,292.7,662,1,1,0,0,0,0
2026-06-29,vrs26_li_inmail_hr_leads_natl,corporate_wellness,leadgen,Mumbai,711.85,1287,2,2,1,1,0,0
2026-06-29,vrs26_li_inmail_hr_leads_natl,corporate_wellness,leadgen,Delhi NCR,561.12,1366,4,4,0,0,0,0
2026-06-29,vrs26_li_inmail_hr_leads_natl,corporate_wellness,leadgen,Bengaluru,560.59,928,8,8,0,0,0,0
2026-06-29,vrs26_li_inmail_hr_leads_natl,corporate_wellness,leadgen,Hyderabad,418.38,781,3,3,0,0,0,0
2026-06-29,vrs26_li_inmail_hr_leads_natl,corporate_wellness,leadgen,Pune,279.78,493,3,3,0,0,0,0
2026-06-29,vrs26_li_inmail_hr_leads_natl,corporate_wellness,leadgen,Chennai,204.64,382,4,4,0,0,0,0
2026-06-29,vrs26_li_inmail_hr_leads_natl,fitness_enthusiasts,leadgen,Mumbai,819.56,1776,6,6,0,0,0,0
2026-06-29,vrs26_li_inmail_hr_leads_natl,fitness_enthusiasts,leadgen,Delhi NCR,573.06,1221,10,10,0,0,0,0
2026-06-29,vrs26_li_inmail_hr_leads_natl,fitness_enthusiasts,leadgen,Bengaluru,507.83,1017,3,3,0,0,0,0
2026-06-29,vrs26_li_inmail_hr_leads_natl,fitness_enthusiasts,leadgen,Hyderabad,364.34,822,3,3,0,0,0,0
2026-06-29,vrs26_li_inmail_hr_leads_natl,fitness_enthusiasts,leadgen,Pune,244.06,527,3,3,1,0,0,0
2026-06-29,vrs26_li_inmail_hr_leads_natl,fitness_enthusiasts,leadgen,Chennai,227.52,489,2,2,0,0,0,0
2026-06-29,vrs26_li_inmail_hr_leads_natl,running_clubs,leadgen,Mumbai,763.78,1616,10,10,0,0,0,0
2026-06-29,vrs26_li_inmail_hr_leads_natl,running_clubs,leadgen,Delhi NCR,538.33,1042,8,8,0,0,0,0
2026-06-29,vrs26_li_inmail_hr_leads_natl,running_clubs,leadgen,Bengaluru,577.42,1069,7,7,0,0,0,0
2026-06-29,vrs26_li_inmail_hr_leads_natl,running_clubs,leadgen,Hyderabad,395.21,767,4,4,0,0,0,0
2026-06-29,vrs26_li_inmail_hr_leads_natl,running_clubs,leadgen,Pune,238.04,507,5,5,0,0,0,0
2026-06-29,vrs26_li_inmail_hr_leads_natl,running_clubs,leadgen,Chennai,223.59,444,4,4,0,0,0,0
2026-06-29,vrs26_li_inmail_hr_leads_natl,senior_management,leadgen,Mumbai,755.68,1392,7,7,0,0,0,0
2026-06-29,vrs26_li_inmail_hr_leads_natl,senior_management,leadgen,Delhi NCR,572.12,955,8,8,1,1,1,4998
2026-06-29,vrs26_li_inmail_hr_leads_natl,senior_management,leadgen,Bengaluru,621.51,1160,8,8,1,0,0,0
2026-06-29,vrs26_li_inmail_hr_leads_natl,senior_management,leadgen,Hyderabad,309.2,550,3,3,1,0,0,0
2026-06-29,vrs26_li_inmail_hr_leads_natl,senior_management,leadgen,Pune,239.42,490,4,4,0,0,0,0
2026-06-29,vrs26_li_inmail_hr_leads_natl,senior_management,leadgen,Chennai,238.43,504,3,3,1,0,0,0
2026-06-29,vrs26_li_conv_teamreg_mum,hr_decision_makers,conversion,Mumbai,2662.62,5464,46,46,4,1,0,0
2026-06-29,vrs26_li_conv_teamreg_mum,hr_decision_makers,conversion,Delhi NCR,164.29,286,3,3,0,0,0,0
2026-06-29,vrs26_li_conv_teamreg_mum,hr_decision_makers,conversion,Bengaluru,124.81,264,0,0,0,0,0,0
2026-06-29,vrs26_li_conv_teamreg_mum,hr_decision_makers,conversion,Hyderabad,121.3,241,2,2,0,0,0,0
2026-06-29,vrs26_li_conv_teamreg_mum,hr_decision_makers,conversion,Pune,64.25,139,1,1,0,0,0,0
2026-06-29,vrs26_li_conv_teamreg_mum,hr_decision_makers,conversion,Chennai,55.16,119,0,0,0,0,0,0
2026-06-29,vrs26_li_conv_teamreg_mum,running_clubs,conversion,Mumbai,2603.14,5388,45,45,4,2,1,2499
2026-06-29,vrs26_li_conv_teamreg_mum,running_clubs,conversion,Delhi NCR,173.56,431,5,5,2,1,0,0
2026-06-29,vrs26_li_conv_teamreg_mum,running_clubs,conversion,Bengaluru,150.89,330,0,0,0,0,0,0
2026-06-29,vrs26_li_conv_teamreg_mum,running_clubs,conversion,Hyderabad,100.48,249,1,1,0,0,0,0
2026-06-29,vrs26_li_conv_teamreg_mum,running_clubs,conversion,Pune,96.96,195,0,0,0,0,0,0
2026-06-29,vrs26_li_conv_teamreg_mum,running_clubs,conversion,Chennai,67.4,135,1,1,0,0,0,0
2026-06-29,vrs26_li_conv_teamreg_mum,senior_management,conversion,Mumbai,2655.88,5341,33,33,1,0,0,0
2026-06-29,vrs26_li_conv_teamreg_mum,senior_management,conversion,Delhi NCR,157.51,314,2,2,0,0,0,0
2026-06-29,vrs26_li_conv_teamreg_mum,senior_management,conversion,Bengaluru,157.64,322,3,3,1,0,0,0
2026-06-29,vrs26_li_conv_teamreg_mum,senior_management,conversion,Hyderabad,92.35,165,0,0,0,0,0,0
2026-06-29,vrs26_li_conv_teamreg_mum,senior_management,conversion,Pune,65.85,121,2,2,0,0,0,0
2026-06-29,vrs26_li_conv_teamreg_mum,senior_management,conversion,Chennai,63.2,125,0,0,0,0,0,0
2026-06-29,vrs26_li_conv_teamreg_blr,hr_decision_makers,conversion,Mumbai,160.59,346,2,2,0,0,0,0
2026-06-29,vrs26_li_conv_teamreg_blr,hr_decision_makers,conversion,Delhi NCR,143.91,273,1,1,0,0,0,0
2026-06-29,vrs26_li_conv_teamreg_blr,hr_decision_makers,conversion,Bengaluru,2221.61,3895,30,30,1,0,0,0
2026-06-29,vrs26_li_conv_teamreg_blr,hr_decision_makers,conversion,Hyderabad,84.65,157,1,1,0,0,0,0
2026-06-29,vrs26_li_conv_teamreg_blr,hr_decision_makers,conversion,Pune,63.6,133,1,1,0,0,0,0
2026-06-29,vrs26_li_conv_teamreg_blr,hr_decision_makers,conversion,Chennai,62,111,1,1,0,0,0,0
2026-06-29,vrs26_li_conv_teamreg_blr,corporate_wellness,conversion,Mumbai,148.07,315,2,2,0,0,0,0
2026-06-29,vrs26_li_conv_teamreg_blr,corporate_wellness,conversion,Delhi NCR,175.5,285,0,0,0,0,0,0
2026-06-29,vrs26_li_conv_teamreg_blr,corporate_wellness,conversion,Bengaluru,2179.93,4202,24,24,0,0,0,0
2026-06-29,vrs26_li_conv_teamreg_blr,corporate_wellness,conversion,Hyderabad,101.07,218,0,0,0,0,0,0
2026-06-29,vrs26_li_conv_teamreg_blr,corporate_wellness,conversion,Pune,60.18,153,2,2,0,0,0,0
2026-06-29,vrs26_li_conv_teamreg_blr,corporate_wellness,conversion,Chennai,71.61,154,3,3,1,1,1,799
2026-06-29,vrs26_li_conv_teamreg_blr,running_clubs,conversion,Mumbai,190.15,401,1,1,0,0,0,0
2026-06-29,vrs26_li_conv_teamreg_blr,running_clubs,conversion,Delhi NCR,144.43,314,5,5,0,0,0,0
2026-06-29,vrs26_li_conv_teamreg_blr,running_clubs,conversion,Bengaluru,2212.25,4803,40,40,0,0,0,0
2026-06-29,vrs26_li_conv_teamreg_blr,running_clubs,conversion,Hyderabad,73.94,138,1,1,0,0,0,0
2026-06-29,vrs26_li_conv_teamreg_blr,running_clubs,conversion,Pune,63.03,118,2,2,0,0,0,0
2026-06-29,vrs26_li_conv_teamreg_blr,running_clubs,conversion,Chennai,52.56,120,0,0,0,0,0,0
2026-06-29,vrs26_li_doc_ad_wellness_natl,hr_decision_makers,leadgen,Mumbai,495.46,885,5,5,1,0,0,0
2026-06-29,vrs26_li_doc_ad_wellness_natl,hr_decision_makers,leadgen,Delhi NCR,439.39,830,6,6,1,1,1,1598
2026-06-29,vrs26_li_doc_ad_wellness_natl,hr_decision_makers,leadgen,Bengaluru,420.26,844,1,1,0,0,0,0
2026-06-29,vrs26_li_doc_ad_wellness_natl,hr_decision_makers,leadgen,Hyderabad,288.87,504,6,6,1,1,0,0
2026-06-29,vrs26_li_doc_ad_wellness_natl,hr_decision_makers,leadgen,Pune,253.18,548,2,2,1,0,0,0
2026-06-29,vrs26_li_doc_ad_wellness_natl,hr_decision_makers,leadgen,Chennai,155.11,260,2,2,0,0,0,0
2026-06-29,vrs26_li_doc_ad_wellness_natl,corporate_wellness,leadgen,Mumbai,501.02,1016,4,4,0,0,0,0
2026-06-29,vrs26_li_doc_ad_wellness_natl,corporate_wellness,leadgen,Delhi NCR,495.98,1086,7,7,1,1,1,799
2026-06-29,vrs26_li_doc_ad_wellness_natl,corporate_wellness,leadgen,Bengaluru,377.41,764,3,3,0,0,0,0
2026-06-29,vrs26_li_doc_ad_wellness_natl,corporate_wellness,leadgen,Hyderabad,299.86,713,3,3,1,1,1,799
2026-06-29,vrs26_li_doc_ad_wellness_natl,corporate_wellness,leadgen,Pune,211.82,449,1,1,0,0,0,0
2026-06-29,vrs26_li_doc_ad_wellness_natl,corporate_wellness,leadgen,Chennai,166.19,394,2,2,0,0,0,0
2026-06-29,vrs26_li_doc_ad_wellness_natl,running_clubs,leadgen,Mumbai,463.58,808,7,7,0,0,0,0
2026-06-29,vrs26_li_doc_ad_wellness_natl,running_clubs,leadgen,Delhi NCR,427.16,903,7,7,1,0,0,0
2026-06-29,vrs26_li_doc_ad_wellness_natl,running_clubs,leadgen,Bengaluru,442.3,837,4,4,0,0,0,0
2026-06-29,vrs26_li_doc_ad_wellness_natl,running_clubs,leadgen,Hyderabad,355,743,5,5,0,0,0,0
2026-06-29,vrs26_li_doc_ad_wellness_natl,running_clubs,leadgen,Pune,209.37,374,3,3,0,0,0,0
2026-06-29,vrs26_li_doc_ad_wellness_natl,running_clubs,leadgen,Chennai,154.87,352,2,2,0,0,0,0
2026-06-29,vrs26_li_doc_ad_wellness_natl,senior_management,leadgen,Mumbai,538.07,970,0,0,0,0,0,0
2026-06-29,vrs26_li_doc_ad_wellness_natl,senior_management,leadgen,Delhi NCR,470.36,809,4,4,0,0,0,0
2026-06-29,vrs26_li_doc_ad_wellness_natl,senior_management,leadgen,Bengaluru,388.92,792,2,2,0,0,0,0
2026-06-29,vrs26_li_doc_ad_wellness_natl,senior_management,leadgen,Hyderabad,328.95,740,3,3,0,0,0,0
2026-06-29,vrs26_li_doc_ad_wellness_natl,senior_management,leadgen,Pune,177.16,377,2,2,0,0,0,0
2026-06-29,vrs26_li_doc_ad_wellness_natl,senior_management,leadgen,Chennai,148.81,299,2,2,0,0,0,0
2026-06-30,vrs26_li_inmail_hr_leads_natl,hr_decision_makers,leadgen,Mumbai,346.43,838,6,6,0,0,0,0
2026-06-30,vrs26_li_inmail_hr_leads_natl,hr_decision_makers,leadgen,Delhi NCR,263.21,605,4,4,0,0,0,0
2026-06-30,vrs26_li_inmail_hr_leads_natl,hr_decision_makers,leadgen,Bengaluru,242.48,484,1,1,0,0,0,0
2026-06-30,vrs26_li_inmail_hr_leads_natl,hr_decision_makers,leadgen,Hyderabad,157.62,359,1,1,0,0,0,0
2026-06-30,vrs26_li_inmail_hr_leads_natl,hr_decision_makers,leadgen,Pune,118.36,277,0,0,0,0,0,0
2026-06-30,vrs26_li_inmail_hr_leads_natl,hr_decision_makers,leadgen,Chennai,82.8,196,2,2,2,1,0,0
2026-06-30,vrs26_li_inmail_hr_leads_natl,corporate_wellness,leadgen,Mumbai,321.54,797,5,5,1,0,0,0
2026-06-30,vrs26_li_inmail_hr_leads_natl,corporate_wellness,leadgen,Delhi NCR,256.38,592,8,8,0,0,0,0
2026-06-30,vrs26_li_inmail_hr_leads_natl,corporate_wellness,leadgen,Bengaluru,235.48,465,3,3,0,0,0,0
2026-06-30,vrs26_li_inmail_hr_leads_natl,corporate_wellness,leadgen,Hyderabad,191.55,378,2,2,0,0,0,0
2026-06-30,vrs26_li_inmail_hr_leads_natl,corporate_wellness,leadgen,Pune,114.43,261,2,2,0,0,0,0
2026-06-30,vrs26_li_inmail_hr_leads_natl,corporate_wellness,leadgen,Chennai,91.53,207,2,2,1,0,0,0
2026-06-30,vrs26_li_inmail_hr_leads_natl,fitness_enthusiasts,leadgen,Mumbai,340.47,735,0,0,0,0,0,0
2026-06-30,vrs26_li_inmail_hr_leads_natl,fitness_enthusiasts,leadgen,Delhi NCR,260.88,514,3,3,1,0,0,0
2026-06-30,vrs26_li_inmail_hr_leads_natl,fitness_enthusiasts,leadgen,Bengaluru,230.38,427,0,0,0,0,0,0
2026-06-30,vrs26_li_inmail_hr_leads_natl,fitness_enthusiasts,leadgen,Hyderabad,172.17,298,2,2,0,0,0,0
2026-06-30,vrs26_li_inmail_hr_leads_natl,fitness_enthusiasts,leadgen,Pune,109.63,177,2,2,0,0,0,0
2026-06-30,vrs26_li_inmail_hr_leads_natl,fitness_enthusiasts,leadgen,Chennai,97.37,225,2,2,0,0,0,0
2026-06-30,vrs26_li_inmail_hr_leads_natl,running_clubs,leadgen,Mumbai,301.98,700,3,3,0,0,0,0
2026-06-30,vrs26_li_inmail_hr_leads_natl,running_clubs,leadgen,Delhi NCR,257.09,555,2,2,0,0,0,0
2026-06-30,vrs26_li_inmail_hr_leads_natl,running_clubs,leadgen,Bengaluru,242.68,448,6,6,1,1,1,2499
2026-06-30,vrs26_li_inmail_hr_leads_natl,running_clubs,leadgen,Hyderabad,178.82,386,2,2,1,1,1,799
2026-06-30,vrs26_li_inmail_hr_leads_natl,running_clubs,leadgen,Pune,111.55,244,2,2,0,0,0,0
2026-06-30,vrs26_li_inmail_hr_leads_natl,running_clubs,leadgen,Chennai,118.78,255,0,0,0,0,0,0
2026-06-30,vrs26_li_inmail_hr_leads_natl,senior_management,leadgen,Mumbai,328.74,727,5,5,1,0,0,0
2026-06-30,vrs26_li_inmail_hr_leads_natl,senior_management,leadgen,Delhi NCR,273.99,672,6,6,0,0,0,0
2026-06-30,vrs26_li_inmail_hr_leads_natl,senior_management,leadgen,Bengaluru,242.72,533,2,2,0,0,0,0
2026-06-30,vrs26_li_inmail_hr_leads_natl,senior_management,leadgen,Hyderabad,159.5,330,1,1,0,0,0,0
2026-06-30,vrs26_li_inmail_hr_leads_natl,senior_management,leadgen,Pune,119.09,286,3,3,1,1,1,1299
2026-06-30,vrs26_li_inmail_hr_leads_natl,senior_management,leadgen,Chennai,86.87,203,1,1,0,0,0,0
2026-06-30,vrs26_li_conv_teamreg_mum,corporate_wellness,conversion,Mumbai,1476.73,3591,23,23,0,0,0,0
2026-06-30,vrs26_li_conv_teamreg_mum,corporate_wellness,conversion,Delhi NCR,91.05,196,2,2,0,0,0,0
2026-06-30,vrs26_li_conv_teamreg_mum,corporate_wellness,conversion,Bengaluru,81.05,165,0,0,0,0,0,0
2026-06-30,vrs26_li_conv_teamreg_mum,corporate_wellness,conversion,Hyderabad,48.14,98,2,2,0,0,0,0
2026-06-30,vrs26_li_conv_teamreg_mum,corporate_wellness,conversion,Pune,37.86,81,2,2,0,0,0,0
2026-06-30,vrs26_li_conv_teamreg_mum,corporate_wellness,conversion,Chennai,31.06,82,1,1,0,0,0,0
2026-06-30,vrs26_li_conv_teamreg_mum,fitness_enthusiasts,conversion,Mumbai,1507.82,3539,16,16,1,0,0,0
2026-06-30,vrs26_li_conv_teamreg_mum,fitness_enthusiasts,conversion,Delhi NCR,67.21,137,2,2,0,0,0,0
2026-06-30,vrs26_li_conv_teamreg_mum,fitness_enthusiasts,conversion,Bengaluru,72.3,167,1,1,0,0,0,0
2026-06-30,vrs26_li_conv_teamreg_mum,fitness_enthusiasts,conversion,Hyderabad,52.13,119,0,0,0,0,0,0
2026-06-30,vrs26_li_conv_teamreg_mum,fitness_enthusiasts,conversion,Pune,33.91,63,1,1,1,0,0,0
2026-06-30,vrs26_li_conv_teamreg_mum,fitness_enthusiasts,conversion,Chennai,32.53,67,1,1,0,0,0,0
2026-06-30,vrs26_li_conv_teamreg_mum,running_clubs,conversion,Mumbai,1469.38,3484,21,21,1,0,0,0
2026-06-30,vrs26_li_conv_teamreg_mum,running_clubs,conversion,Delhi NCR,94.97,250,0,0,0,0,0,0
2026-06-30,vrs26_li_conv_teamreg_mum,running_clubs,conversion,Bengaluru,66.25,153,2,2,0,0,0,0
2026-06-30,vrs26_li_conv_teamreg_mum,running_clubs,conversion,Hyderabad,57.8,127,1,1,0,0,0,0
2026-06-30,vrs26_li_conv_teamreg_mum,running_clubs,conversion,Pune,44.04,103,0,0,0,0,0,0
2026-06-30,vrs26_li_conv_teamreg_mum,running_clubs,conversion,Chennai,33.46,72,0,0,0,0,0,0
2026-06-30,vrs26_li_conv_teamreg_blr,hr_decision_makers,conversion,Mumbai,92.28,174,1,1,0,0,0,0
2026-06-30,vrs26_li_conv_teamreg_blr,hr_decision_makers,conversion,Delhi NCR,81.34,206,1,1,0,0,0,0
2026-06-30,vrs26_li_conv_teamreg_blr,hr_decision_makers,conversion,Bengaluru,1230.73,3154,20,20,2,1,0,0
2026-06-30,vrs26_li_conv_teamreg_blr,hr_decision_makers,conversion,Hyderabad,53.92,112,0,0,0,0,0,0
2026-06-30,vrs26_li_conv_teamreg_blr,hr_decision_makers,conversion,Pune,28.33,52,1,1,0,0,0,0
2026-06-30,vrs26_li_conv_teamreg_blr,hr_decision_makers,conversion,Chennai,27.02,58,0,0,0,0,0,0
2026-06-30,vrs26_li_conv_teamreg_blr,corporate_wellness,conversion,Mumbai,72.74,184,3,3,0,0,0,0
2026-06-30,vrs26_li_conv_teamreg_blr,corporate_wellness,conversion,Delhi NCR,63.13,127,0,0,0,0,0,0
2026-06-30,vrs26_li_conv_teamreg_blr,corporate_wellness,conversion,Bengaluru,1286.41,3051,24,24,1,1,0,0
2026-06-30,vrs26_li_conv_teamreg_blr,corporate_wellness,conversion,Hyderabad,41.22,81,1,1,0,0,0,0
2026-06-30,vrs26_li_conv_teamreg_blr,corporate_wellness,conversion,Pune,32.59,67,0,0,0,0,0,0
2026-06-30,vrs26_li_conv_teamreg_blr,corporate_wellness,conversion,Chennai,17.54,32,0,0,0,0,0,0
2026-06-30,vrs26_li_conv_teamreg_blr,fitness_enthusiasts,conversion,Mumbai,69.8,135,1,1,0,0,0,0
2026-06-30,vrs26_li_conv_teamreg_blr,fitness_enthusiasts,conversion,Delhi NCR,61.5,121,1,1,0,0,0,0
2026-06-30,vrs26_li_conv_teamreg_blr,fitness_enthusiasts,conversion,Bengaluru,1282.19,2965,10,10,0,0,0,0
2026-06-30,vrs26_li_conv_teamreg_blr,fitness_enthusiasts,conversion,Hyderabad,46.11,95,1,1,0,0,0,0
2026-06-30,vrs26_li_conv_teamreg_blr,fitness_enthusiasts,conversion,Pune,30.6,52,0,0,0,0,0,0
2026-06-30,vrs26_li_conv_teamreg_blr,fitness_enthusiasts,conversion,Chennai,23.43,49,0,0,0,0,0,0
2026-06-30,vrs26_li_doc_ad_wellness_natl,fitness_enthusiasts,leadgen,Mumbai,369.5,878,4,4,0,0,0,0
2026-06-30,vrs26_li_doc_ad_wellness_natl,fitness_enthusiasts,leadgen,Delhi NCR,331.1,829,5,5,0,0,0,0
2026-06-30,vrs26_li_doc_ad_wellness_natl,fitness_enthusiasts,leadgen,Bengaluru,287.86,717,3,3,0,0,0,0
2026-06-30,vrs26_li_doc_ad_wellness_natl,fitness_enthusiasts,leadgen,Hyderabad,255.23,597,3,3,0,0,0,0
2026-06-30,vrs26_li_doc_ad_wellness_natl,fitness_enthusiasts,leadgen,Pune,154.28,326,5,5,1,1,0,0
2026-06-30,vrs26_li_doc_ad_wellness_natl,fitness_enthusiasts,leadgen,Chennai,115.66,275,2,2,0,0,0,0
2026-06-30,vrs26_li_doc_ad_wellness_natl,running_clubs,leadgen,Mumbai,391.41,901,6,6,0,0,0,0
2026-06-30,vrs26_li_doc_ad_wellness_natl,running_clubs,leadgen,Delhi NCR,308.56,695,4,4,0,0,0,0
2026-06-30,vrs26_li_doc_ad_wellness_natl,running_clubs,leadgen,Bengaluru,304.68,688,3,3,0,0,0,0
2026-06-30,vrs26_li_doc_ad_wellness_natl,running_clubs,leadgen,Hyderabad,211,470,4,4,0,0,0,0
2026-06-30,vrs26_li_doc_ad_wellness_natl,running_clubs,leadgen,Pune,160.57,347,2,2,0,0,0,0
2026-06-30,vrs26_li_doc_ad_wellness_natl,running_clubs,leadgen,Chennai,137.41,318,2,2,0,0,0,0
2026-06-30,vrs26_li_doc_ad_wellness_natl,senior_management,leadgen,Mumbai,367.26,701,7,7,1,1,0,0
2026-06-30,vrs26_li_doc_ad_wellness_natl,senior_management,leadgen,Delhi NCR,346.52,576,3,3,0,0,0,0
2026-06-30,vrs26_li_doc_ad_wellness_natl,senior_management,leadgen,Bengaluru,356.33,608,1,1,0,0,0,0
2026-06-30,vrs26_li_doc_ad_wellness_natl,senior_management,leadgen,Hyderabad,187.72,450,2,2,0,0,0,0
2026-06-30,vrs26_li_doc_ad_wellness_natl,senior_management,leadgen,Pune,144.21,335,2,2,0,0,0,0
2026-06-30,vrs26_li_doc_ad_wellness_natl,senior_management,leadgen,Chennai,111.6,254,2,2,0,0,0,0
2026-07-01,vrs26_li_inmail_hr_leads_natl,hr_decision_makers,leadgen,Mumbai,441.51,1076,7,7,0,0,0,0
2026-07-01,vrs26_li_inmail_hr_leads_natl,hr_decision_makers,leadgen,Delhi NCR,359.01,839,11,11,0,0,0,0
2026-07-01,vrs26_li_inmail_hr_leads_natl,hr_decision_makers,leadgen,Bengaluru,314.71,590,3,3,1,1,0,0
2026-07-01,vrs26_li_inmail_hr_leads_natl,hr_decision_makers,leadgen,Hyderabad,233.22,465,3,3,0,0,0,0
2026-07-01,vrs26_li_inmail_hr_leads_natl,hr_decision_makers,leadgen,Pune,175.77,376,1,1,0,0,0,0
2026-07-01,vrs26_li_inmail_hr_leads_natl,hr_decision_makers,leadgen,Chennai,114.03,257,3,3,0,0,0,0
2026-07-01,vrs26_li_inmail_hr_leads_natl,corporate_wellness,leadgen,Mumbai,490.89,1016,3,3,0,0,0,0
2026-07-01,vrs26_li_inmail_hr_leads_natl,corporate_wellness,leadgen,Delhi NCR,344.08,789,5,5,0,0,0,0
2026-07-01,vrs26_li_inmail_hr_leads_natl,corporate_wellness,leadgen,Bengaluru,296.96,607,11,11,2,0,0,0
2026-07-01,vrs26_li_inmail_hr_leads_natl,corporate_wellness,leadgen,Hyderabad,227.73,505,3,3,0,0,0,0
2026-07-01,vrs26_li_inmail_hr_leads_natl,corporate_wellness,leadgen,Pune,137.05,306,3,3,0,0,0,0
2026-07-01,vrs26_li_inmail_hr_leads_natl,corporate_wellness,leadgen,Chennai,141.54,346,3,3,0,0,0,0
2026-07-01,vrs26_li_inmail_hr_leads_natl,fitness_enthusiasts,leadgen,Mumbai,463.77,660,3,3,0,0,0,0
2026-07-01,vrs26_li_inmail_hr_leads_natl,fitness_enthusiasts,leadgen,Delhi NCR,373.76,881,4,4,0,0,0,0
2026-07-01,vrs26_li_inmail_hr_leads_natl,fitness_enthusiasts,leadgen,Bengaluru,293.94,655,4,4,0,0,0,0
2026-07-01,vrs26_li_inmail_hr_leads_natl,fitness_enthusiasts,leadgen,Hyderabad,219.71,430,2,2,0,0,0,0
2026-07-01,vrs26_li_inmail_hr_leads_natl,fitness_enthusiasts,leadgen,Pune,179.29,409,1,1,0,0,0,0
2026-07-01,vrs26_li_inmail_hr_leads_natl,fitness_enthusiasts,leadgen,Chennai,107.77,231,1,1,1,0,0,0
2026-07-01,vrs26_li_inmail_hr_leads_natl,running_clubs,leadgen,Mumbai,373.78,880,5,5,1,0,0,0
2026-07-01,vrs26_li_inmail_hr_leads_natl,running_clubs,leadgen,Delhi NCR,420.66,904,8,8,0,0,0,0
2026-07-01,vrs26_li_inmail_hr_leads_natl,running_clubs,leadgen,Bengaluru,236.86,543,3,3,1,1,1,1299
2026-07-01,vrs26_li_inmail_hr_leads_natl,running_clubs,leadgen,Hyderabad,259.7,572,5,5,0,0,0,0
2026-07-01,vrs26_li_inmail_hr_leads_natl,running_clubs,leadgen,Pune,189.81,401,0,0,0,0,0,0
2026-07-01,vrs26_li_inmail_hr_leads_natl,running_clubs,leadgen,Chennai,157.44,356,0,0,0,0,0,0
2026-07-01,vrs26_li_conv_teamreg_mum,hr_decision_makers,conversion,Mumbai,1551.31,3514,26,26,2,1,1,799
2026-07-01,vrs26_li_conv_teamreg_mum,hr_decision_makers,conversion,Delhi NCR,119.2,202,0,0,0,0,0,0
2026-07-01,vrs26_li_conv_teamreg_mum,hr_decision_makers,conversion,Bengaluru,76.47,173,0,0,0,0,0,0
2026-07-01,vrs26_li_conv_teamreg_mum,hr_decision_makers,conversion,Hyderabad,73.37,166,0,0,0,0,0,0
2026-07-01,vrs26_li_conv_teamreg_mum,hr_decision_makers,conversion,Pune,52.9,110,1,1,0,0,0,0
2026-07-01,vrs26_li_conv_teamreg_mum,hr_decision_makers,conversion,Chennai,38.05,88,0,0,0,0,0,0
2026-07-01,vrs26_li_conv_teamreg_mum,corporate_wellness,conversion,Mumbai,1599.73,3178,23,23,1,1,1,799
2026-07-01,vrs26_li_conv_teamreg_mum,corporate_wellness,conversion,Delhi NCR,89.07,238,1,1,1,1,1,2999
2026-07-01,vrs26_li_conv_teamreg_mum,corporate_wellness,conversion,Bengaluru,87.28,187,2,2,0,0,0,0
2026-07-01,vrs26_li_conv_teamreg_mum,corporate_wellness,conversion,Hyderabad,58.7,133,1,1,0,0,0,0
2026-07-01,vrs26_li_conv_teamreg_mum,corporate_wellness,conversion,Pune,43.65,90,0,0,0,0,0,0
2026-07-01,vrs26_li_conv_teamreg_mum,corporate_wellness,conversion,Chennai,32.86,71,0,0,0,0,0,0
2026-07-01,vrs26_li_conv_teamreg_mum,running_clubs,conversion,Mumbai,1615.87,3333,22,22,0,0,0,0
2026-07-01,vrs26_li_conv_teamreg_mum,running_clubs,conversion,Delhi NCR,81.72,155,1,1,0,0,0,0
2026-07-01,vrs26_li_conv_teamreg_mum,running_clubs,conversion,Bengaluru,79.5,185,0,0,0,0,0,0
2026-07-01,vrs26_li_conv_teamreg_mum,running_clubs,conversion,Hyderabad,50.47,91,1,1,0,0,0,0
2026-07-01,vrs26_li_conv_teamreg_mum,running_clubs,conversion,Pune,47.76,98,0,0,0,0,0,0
2026-07-01,vrs26_li_conv_teamreg_mum,running_clubs,conversion,Chennai,35.98,79,1,1,1,0,0,0
2026-07-01,vrs26_li_conv_teamreg_blr,senior_management,conversion,Mumbai,289.93,518,5,5,1,0,0,0
2026-07-01,vrs26_li_conv_teamreg_blr,senior_management,conversion,Delhi NCR,202.51,382,5,5,0,0,0,0
2026-07-01,vrs26_li_conv_teamreg_blr,senior_management,conversion,Bengaluru,4116.51,8721,54,54,6,3,0,0
2026-07-01,vrs26_li_conv_teamreg_blr,senior_management,conversion,Hyderabad,145.85,320,2,2,0,0,0,0
2026-07-01,vrs26_li_conv_teamreg_blr,senior_management,conversion,Pune,94.68,210,2,2,0,0,0,0
2026-07-01,vrs26_li_conv_teamreg_blr,senior_management,conversion,Chennai,65.28,142,2,2,0,0,0,0
2026-07-01,vrs26_li_doc_ad_wellness_natl,hr_decision_makers,leadgen,Mumbai,523.64,1090,6,6,1,0,0,0
2026-07-01,vrs26_li_doc_ad_wellness_natl,hr_decision_makers,leadgen,Delhi NCR,561.52,1012,6,6,0,0,0,0
2026-07-01,vrs26_li_doc_ad_wellness_natl,hr_decision_makers,leadgen,Bengaluru,471.54,1164,6,6,0,0,0,0
2026-07-01,vrs26_li_doc_ad_wellness_natl,hr_decision_makers,leadgen,Hyderabad,387.89,747,6,6,0,0,0,0
2026-07-01,vrs26_li_doc_ad_wellness_natl,hr_decision_makers,leadgen,Pune,280.63,590,4,4,0,0,0,0
2026-07-01,vrs26_li_doc_ad_wellness_natl,hr_decision_makers,leadgen,Chennai,232.16,554,2,2,0,0,0,0
2026-07-01,vrs26_li_doc_ad_wellness_natl,fitness_enthusiasts,leadgen,Mumbai,580.89,1079,5,5,0,0,0,0
2026-07-01,vrs26_li_doc_ad_wellness_natl,fitness_enthusiasts,leadgen,Delhi NCR,500.35,1004,6,6,1,1,1,499
2026-07-01,vrs26_li_doc_ad_wellness_natl,fitness_enthusiasts,leadgen,Bengaluru,558.84,1155,3,3,0,0,0,0
2026-07-01,vrs26_li_doc_ad_wellness_natl,fitness_enthusiasts,leadgen,Hyderabad,378.99,869,2,2,0,0,0,0
2026-07-01,vrs26_li_doc_ad_wellness_natl,fitness_enthusiasts,leadgen,Pune,256.65,596,6,6,0,0,0,0
2026-07-01,vrs26_li_doc_ad_wellness_natl,fitness_enthusiasts,leadgen,Chennai,181.67,300,3,3,0,0,0,0
2026-07-02,vrs26_li_inmail_hr_leads_natl,corporate_wellness,leadgen,Mumbai,598.57,1198,6,6,0,0,0,0
2026-07-02,vrs26_li_inmail_hr_leads_natl,corporate_wellness,leadgen,Delhi NCR,435.57,1032,1,1,0,0,0,0
2026-07-02,vrs26_li_inmail_hr_leads_natl,corporate_wellness,leadgen,Bengaluru,494.51,1247,7,7,0,0,0,0
2026-07-02,vrs26_li_inmail_hr_leads_natl,corporate_wellness,leadgen,Hyderabad,242.28,511,3,3,0,0,0,0
2026-07-02,vrs26_li_inmail_hr_leads_natl,corporate_wellness,leadgen,Pune,228.76,520,4,4,0,0,0,0
2026-07-02,vrs26_li_inmail_hr_leads_natl,corporate_wellness,leadgen,Chennai,190.06,404,1,1,0,0,0,0
2026-07-02,vrs26_li_inmail_hr_leads_natl,fitness_enthusiasts,leadgen,Mumbai,543.91,1242,6,6,1,0,0,0
2026-07-02,vrs26_li_inmail_hr_leads_natl,fitness_enthusiasts,leadgen,Delhi NCR,533.56,1119,6,6,0,0,0,0
2026-07-02,vrs26_li_inmail_hr_leads_natl,fitness_enthusiasts,leadgen,Bengaluru,414.68,850,3,3,0,0,0,0
2026-07-02,vrs26_li_inmail_hr_leads_natl,fitness_enthusiasts,leadgen,Hyderabad,285.33,407,4,4,0,0,0,0
2026-07-02,vrs26_li_inmail_hr_leads_natl,fitness_enthusiasts,leadgen,Pune,229.26,518,1,1,0,0,0,0
2026-07-02,vrs26_li_inmail_hr_leads_natl,fitness_enthusiasts,leadgen,Chennai,183.01,339,2,2,0,0,0,0
2026-07-02,vrs26_li_inmail_hr_leads_natl,running_clubs,leadgen,Mumbai,513.78,1291,8,8,0,0,0,0
2026-07-02,vrs26_li_inmail_hr_leads_natl,running_clubs,leadgen,Delhi NCR,532.88,1395,8,8,0,0,0,0
2026-07-02,vrs26_li_inmail_hr_leads_natl,running_clubs,leadgen,Bengaluru,470.33,1015,7,7,0,0,0,0
2026-07-02,vrs26_li_inmail_hr_leads_natl,running_clubs,leadgen,Hyderabad,325.11,758,6,6,1,0,0,0
2026-07-02,vrs26_li_inmail_hr_leads_natl,running_clubs,leadgen,Pune,184.97,483,2,2,0,0,0,0
2026-07-02,vrs26_li_inmail_hr_leads_natl,running_clubs,leadgen,Chennai,162.68,319,4,4,0,0,0,0
2026-07-02,vrs26_li_conv_teamreg_mum,hr_decision_makers,conversion,Mumbai,1171.29,2270,17,17,2,1,0,0
2026-07-02,vrs26_li_conv_teamreg_mum,hr_decision_makers,conversion,Delhi NCR,73.24,158,0,0,0,0,0,0
2026-07-02,vrs26_li_conv_teamreg_mum,hr_decision_makers,conversion,Bengaluru,78.57,158,2,2,2,0,0,0
2026-07-02,vrs26_li_conv_teamreg_mum,hr_decision_makers,conversion,Hyderabad,49.12,102,1,1,0,0,0,0
2026-07-02,vrs26_li_conv_teamreg_mum,hr_decision_makers,conversion,Pune,38.38,72,1,1,0,0,0,0
2026-07-02,vrs26_li_conv_teamreg_mum,hr_decision_makers,conversion,Chennai,26.43,61,1,1,0,0,0,0
2026-07-02,vrs26_li_conv_teamreg_mum,corporate_wellness,conversion,Mumbai,1180.64,2609,19,19,4,1,1,1999
2026-07-02,vrs26_li_conv_teamreg_mum,corporate_wellness,conversion,Delhi NCR,79.46,182,2,2,0,0,0,0
2026-07-02,vrs26_li_conv_teamreg_mum,corporate_wellness,conversion,Bengaluru,60.8,128,2,2,0,0,0,0
2026-07-02,vrs26_li_conv_teamreg_mum,corporate_wellness,conversion,Hyderabad,40.97,90,2,2,0,0,0,0
2026-07-02,vrs26_li_conv_teamreg_mum,corporate_wellness,conversion,Pune,40.46,98,1,1,0,0,0,0
2026-07-02,vrs26_li_conv_teamreg_mum,corporate_wellness,conversion,Chennai,34.7,73,0,0,0,0,0,0
2026-07-02,vrs26_li_conv_teamreg_mum,fitness_enthusiasts,conversion,Mumbai,1188.9,2982,21,21,3,2,0,0
2026-07-02,vrs26_li_conv_teamreg_mum,fitness_enthusiasts,conversion,Delhi NCR,83.58,167,2,2,0,0,0,0
2026-07-02,vrs26_li_conv_teamreg_mum,fitness_enthusiasts,conversion,Bengaluru,60.2,135,1,1,1,0,0,0
2026-07-02,vrs26_li_conv_teamreg_mum,fitness_enthusiasts,conversion,Hyderabad,40.54,97,0,0,0,0,0,0
2026-07-02,vrs26_li_conv_teamreg_mum,fitness_enthusiasts,conversion,Pune,37.61,84,1,1,1,0,0,0
2026-07-02,vrs26_li_conv_teamreg_mum,fitness_enthusiasts,conversion,Chennai,26.2,59,0,0,0,0,0,0
2026-07-02,vrs26_li_conv_teamreg_mum,senior_management,conversion,Mumbai,1153.78,2325,12,12,1,1,1,1299
2026-07-02,vrs26_li_conv_teamreg_mum,senior_management,conversion,Delhi NCR,93.01,169,1,1,0,0,0,0
2026-07-02,vrs26_li_conv_teamreg_mum,senior_management,conversion,Bengaluru,70.39,153,2,2,0,0,0,0
2026-07-02,vrs26_li_conv_teamreg_mum,senior_management,conversion,Hyderabad,55.3,138,1,1,0,0,0,0
2026-07-02,vrs26_li_conv_teamreg_mum,senior_management,conversion,Pune,38.85,79,0,0,0,0,0,0
2026-07-02,vrs26_li_conv_teamreg_mum,senior_management,conversion,Chennai,25.7,58,1,1,0,0,0,0
2026-07-02,vrs26_li_conv_teamreg_blr,fitness_enthusiasts,conversion,Mumbai,177.75,354,2,2,1,0,0,0
2026-07-02,vrs26_li_conv_teamreg_blr,fitness_enthusiasts,conversion,Delhi NCR,155.58,350,0,0,0,0,0,0
2026-07-02,vrs26_li_conv_teamreg_blr,fitness_enthusiasts,conversion,Bengaluru,1914.12,3591,28,28,1,0,0,0
2026-07-02,vrs26_li_conv_teamreg_blr,fitness_enthusiasts,conversion,Hyderabad,90.9,164,0,0,0,0,0,0
2026-07-02,vrs26_li_conv_teamreg_blr,fitness_enthusiasts,conversion,Pune,70.48,153,1,1,0,0,0,0
2026-07-02,vrs26_li_conv_teamreg_blr,fitness_enthusiasts,conversion,Chennai,54.63,97,1,1,0,0,0,0
2026-07-02,vrs26_li_conv_teamreg_blr,running_clubs,conversion,Mumbai,120.96,264,2,2,0,0,0,0
2026-07-02,vrs26_li_conv_teamreg_blr,running_clubs,conversion,Delhi NCR,151.39,428,3,3,0,0,0,0
2026-07-02,vrs26_li_conv_teamreg_blr,running_clubs,conversion,Bengaluru,2003.14,4564,32,32,2,0,0,0
2026-07-02,vrs26_li_conv_teamreg_blr,running_clubs,conversion,Hyderabad,86.04,212,1,1,0,0,0,0
2026-07-02,vrs26_li_conv_teamreg_blr,running_clubs,conversion,Pune,57.62,116,0,0,0,0,0,0
2026-07-02,vrs26_li_conv_teamreg_blr,running_clubs,conversion,Chennai,44.32,77,0,0,0,0,0,0
2026-07-02,vrs26_li_doc_ad_wellness_natl,hr_decision_makers,leadgen,Mumbai,421.68,917,4,4,0,0,0,0
2026-07-02,vrs26_li_doc_ad_wellness_natl,hr_decision_makers,leadgen,Delhi NCR,365.32,713,5,5,1,0,0,0
2026-07-02,vrs26_li_doc_ad_wellness_natl,hr_decision_makers,leadgen,Bengaluru,332.06,763,6,6,2,1,0,0
2026-07-02,vrs26_li_doc_ad_wellness_natl,hr_decision_makers,leadgen,Hyderabad,226.95,524,3,3,0,0,0,0
2026-07-02,vrs26_li_doc_ad_wellness_natl,hr_decision_makers,leadgen,Pune,181.31,377,4,4,0,0,0,0
2026-07-02,vrs26_li_doc_ad_wellness_natl,hr_decision_makers,leadgen,Chennai,115,304,1,1,0,0,0,0
2026-07-02,vrs26_li_doc_ad_wellness_natl,corporate_wellness,leadgen,Mumbai,480.37,1121,5,5,0,0,0,0
2026-07-02,vrs26_li_doc_ad_wellness_natl,corporate_wellness,leadgen,Delhi NCR,359.45,752,5,5,1,0,0,0
2026-07-02,vrs26_li_doc_ad_wellness_natl,corporate_wellness,leadgen,Bengaluru,259.26,592,4,4,1,1,0,0
2026-07-02,vrs26_li_doc_ad_wellness_natl,corporate_wellness,leadgen,Hyderabad,242.87,609,2,2,0,0,0,0
2026-07-02,vrs26_li_doc_ad_wellness_natl,corporate_wellness,leadgen,Pune,171.49,381,2,2,1,0,0,0
2026-07-02,vrs26_li_doc_ad_wellness_natl,corporate_wellness,leadgen,Chennai,128.87,315,2,2,0,0,0,0
2026-07-02,vrs26_li_doc_ad_wellness_natl,senior_management,leadgen,Mumbai,324,589,5,5,0,0,0,0
2026-07-02,vrs26_li_doc_ad_wellness_natl,senior_management,leadgen,Delhi NCR,358.77,806,5,5,0,0,0,0
2026-07-02,vrs26_li_doc_ad_wellness_natl,senior_management,leadgen,Bengaluru,380.98,661,8,8,1,0,0,0
2026-07-02,vrs26_li_doc_ad_wellness_natl,senior_management,leadgen,Hyderabad,266.84,520,0,0,0,0,0,0
2026-07-02,vrs26_li_doc_ad_wellness_natl,senior_management,leadgen,Pune,162.63,391,0,0,0,0,0,0
2026-07-02,vrs26_li_doc_ad_wellness_natl,senior_management,leadgen,Chennai,149.08,255,1,1,0,0,0,0
2026-07-03,vrs26_li_inmail_hr_leads_natl,hr_decision_makers,leadgen,Mumbai,624.87,1220,6,6,0,0,0,0
2026-07-03,vrs26_li_inmail_hr_leads_natl,hr_decision_makers,leadgen,Delhi NCR,580.32,1461,7,7,0,0,0,0
2026-07-03,vrs26_li_inmail_hr_leads_natl,hr_decision_makers,leadgen,Bengaluru,433.48,992,9,9,0,0,0,0
2026-07-03,vrs26_li_inmail_hr_leads_natl,hr_decision_makers,leadgen,Hyderabad,318.02,696,2,2,0,0,0,0
2026-07-03,vrs26_li_inmail_hr_leads_natl,hr_decision_makers,leadgen,Pune,256.62,535,2,2,0,0,0,0
2026-07-03,vrs26_li_inmail_hr_leads_natl,hr_decision_makers,leadgen,Chennai,163.86,301,2,2,0,0,0,0
2026-07-03,vrs26_li_inmail_hr_leads_natl,corporate_wellness,leadgen,Mumbai,592.34,1472,5,5,0,0,0,0
2026-07-03,vrs26_li_inmail_hr_leads_natl,corporate_wellness,leadgen,Delhi NCR,571.05,1392,5,5,1,0,0,0
2026-07-03,vrs26_li_inmail_hr_leads_natl,corporate_wellness,leadgen,Bengaluru,464.04,1077,1,1,0,0,0,0
2026-07-03,vrs26_li_inmail_hr_leads_natl,corporate_wellness,leadgen,Hyderabad,314.34,576,7,7,0,0,0,0
2026-07-03,vrs26_li_inmail_hr_leads_natl,corporate_wellness,leadgen,Pune,223.31,532,0,0,0,0,0,0
2026-07-03,vrs26_li_inmail_hr_leads_natl,corporate_wellness,leadgen,Chennai,212.08,502,3,3,0,0,0,0
2026-07-03,vrs26_li_inmail_hr_leads_natl,fitness_enthusiasts,leadgen,Mumbai,585.01,1169,10,10,0,0,0,0
2026-07-03,vrs26_li_inmail_hr_leads_natl,fitness_enthusiasts,leadgen,Delhi NCR,556.84,1006,5,5,0,0,0,0
2026-07-03,vrs26_li_inmail_hr_leads_natl,fitness_enthusiasts,leadgen,Bengaluru,456.13,930,9,9,0,0,0,0
2026-07-03,vrs26_li_inmail_hr_leads_natl,fitness_enthusiasts,leadgen,Hyderabad,351.74,735,3,3,0,0,0,0
2026-07-03,vrs26_li_inmail_hr_leads_natl,fitness_enthusiasts,leadgen,Pune,242.94,521,1,1,0,0,0,0
2026-07-03,vrs26_li_inmail_hr_leads_natl,fitness_enthusiasts,leadgen,Chennai,184.52,392,3,3,0,0,0,0
2026-07-03,vrs26_li_conv_teamreg_mum,hr_decision_makers,conversion,Mumbai,1730.12,2971,20,20,2,0,0,0
2026-07-03,vrs26_li_conv_teamreg_mum,hr_decision_makers,conversion,Delhi NCR,100.97,212,2,2,0,0,0,0
2026-07-03,vrs26_li_conv_teamreg_mum,hr_decision_makers,conversion,Bengaluru,102.58,208,0,0,0,0,0,0
2026-07-03,vrs26_li_conv_teamreg_mum,hr_decision_makers,conversion,Hyderabad,60.56,148,1,1,0,0,0,0
2026-07-03,vrs26_li_conv_teamreg_mum,hr_decision_makers,conversion,Pune,48.54,100,0,0,0,0,0,0
2026-07-03,vrs26_li_conv_teamreg_mum,hr_decision_makers,conversion,Chennai,37.25,94,1,1,0,0,0,0
2026-07-03,vrs26_li_conv_teamreg_mum,running_clubs,conversion,Mumbai,1714.38,2959,22,22,1,0,0,0
2026-07-03,vrs26_li_conv_teamreg_mum,running_clubs,conversion,Delhi NCR,113.09,226,1,1,0,0,0,0
2026-07-03,vrs26_li_conv_teamreg_mum,running_clubs,conversion,Bengaluru,104.41,215,0,0,0,0,0,0
2026-07-03,vrs26_li_conv_teamreg_mum,running_clubs,conversion,Hyderabad,57.68,109,1,1,0,0,0,0
2026-07-03,vrs26_li_conv_teamreg_mum,running_clubs,conversion,Pune,50.25,118,0,0,0,0,0,0
2026-07-03,vrs26_li_conv_teamreg_mum,running_clubs,conversion,Chennai,40.21,95,0,0,0,0,0,0
2026-07-03,vrs26_li_conv_teamreg_mum,senior_management,conversion,Mumbai,1739.76,3312,28,28,3,2,2,3298
2026-07-03,vrs26_li_conv_teamreg_mum,senior_management,conversion,Delhi NCR,106.63,249,0,0,0,0,0,0
2026-07-03,vrs26_li_conv_teamreg_mum,senior_management,conversion,Bengaluru,92.61,195,1,1,0,0,0,0
2026-07-03,vrs26_li_conv_teamreg_mum,senior_management,conversion,Hyderabad,73.02,142,1,1,0,0,0,0
2026-07-03,vrs26_li_conv_teamreg_mum,senior_management,conversion,Pune,34.87,95,1,1,0,0,0,0
2026-07-03,vrs26_li_conv_teamreg_mum,senior_management,conversion,Chennai,33.14,75,1,1,0,0,0,0
2026-07-03,vrs26_li_conv_teamreg_blr,hr_decision_makers,conversion,Mumbai,202,435,6,6,0,0,0,0
2026-07-03,vrs26_li_conv_teamreg_blr,hr_decision_makers,conversion,Delhi NCR,136.26,304,3,3,0,0,0,0
2026-07-03,vrs26_li_conv_teamreg_blr,hr_decision_makers,conversion,Bengaluru,2109.13,4216,36,36,2,1,1,2499
2026-07-03,vrs26_li_conv_teamreg_blr,hr_decision_makers,conversion,Hyderabad,79.52,176,1,1,0,0,0,0
2026-07-03,vrs26_li_conv_teamreg_blr,hr_decision_makers,conversion,Pune,78.8,164,1,1,0,0,0,0
2026-07-03,vrs26_li_conv_teamreg_blr,hr_decision_makers,conversion,Chennai,68.61,144,1,1,0,0,0,0
2026-07-03,vrs26_li_conv_teamreg_blr,corporate_wellness,conversion,Mumbai,156.72,290,1,1,0,0,0,0
2026-07-03,vrs26_li_conv_teamreg_blr,corporate_wellness,conversion,Delhi NCR,130.47,257,2,2,0,0,0,0
2026-07-03,vrs26_li_conv_teamreg_blr,corporate_wellness,conversion,Bengaluru,2193.65,3855,31,31,3,2,2,5498
2026-07-03,vrs26_li_conv_teamreg_blr,corporate_wellness,conversion,Hyderabad,90.85,192,3,3,0,0,0,0
2026-07-03,vrs26_li_conv_teamreg_blr,corporate_wellness,conversion,Pune,53.26,99,0,0,0,0,0,0
2026-07-03,vrs26_li_conv_teamreg_blr,corporate_wellness,conversion,Chennai,49.36,91,0,0,0,0,0,0
2026-07-03,vrs26_li_doc_ad_wellness_natl,fitness_enthusiasts,leadgen,Mumbai,526.53,1064,9,9,1,1,1,1299
2026-07-03,vrs26_li_doc_ad_wellness_natl,fitness_enthusiasts,leadgen,Delhi NCR,402.1,927,7,7,0,0,0,0
2026-07-03,vrs26_li_doc_ad_wellness_natl,fitness_enthusiasts,leadgen,Bengaluru,309.4,807,4,4,0,0,0,0
2026-07-03,vrs26_li_doc_ad_wellness_natl,fitness_enthusiasts,leadgen,Hyderabad,242.75,555,4,4,0,0,0,0
2026-07-03,vrs26_li_doc_ad_wellness_natl,fitness_enthusiasts,leadgen,Pune,179.93,375,0,0,0,0,0,0
2026-07-03,vrs26_li_doc_ad_wellness_natl,fitness_enthusiasts,leadgen,Chennai,122.17,312,0,0,0,0,0,0
2026-07-03,vrs26_li_doc_ad_wellness_natl,running_clubs,leadgen,Mumbai,467.55,983,3,3,0,0,0,0
2026-07-03,vrs26_li_doc_ad_wellness_natl,running_clubs,leadgen,Delhi NCR,410.21,848,4,4,0,0,0,0
2026-07-03,vrs26_li_doc_ad_wellness_natl,running_clubs,leadgen,Bengaluru,318.24,651,5,5,0,0,0,0
2026-07-03,vrs26_li_doc_ad_wellness_natl,running_clubs,leadgen,Hyderabad,239.17,473,5,5,0,0,0,0
2026-07-03,vrs26_li_doc_ad_wellness_natl,running_clubs,leadgen,Pune,189.07,430,8,8,0,0,0,0
2026-07-03,vrs26_li_doc_ad_wellness_natl,running_clubs,leadgen,Chennai,158.64,379,5,5,0,0,0,0
2026-07-03,vrs26_li_doc_ad_wellness_natl,senior_management,leadgen,Mumbai,460.79,880,7,7,0,0,0,0
2026-07-03,vrs26_li_doc_ad_wellness_natl,senior_management,leadgen,Delhi NCR,362.1,891,6,6,1,1,1,799
2026-07-03,vrs26_li_doc_ad_wellness_natl,senior_management,leadgen,Bengaluru,368.09,802,7,7,1,0,0,0
2026-07-03,vrs26_li_doc_ad_wellness_natl,senior_management,leadgen,Hyderabad,257.09,579,4,4,1,0,0,0
2026-07-03,vrs26_li_doc_ad_wellness_natl,senior_management,leadgen,Pune,184.11,354,3,3,1,0,0,0
2026-07-03,vrs26_li_doc_ad_wellness_natl,senior_management,leadgen,Chennai,150.69,274,1,1,0,0,0,0
2026-07-04,vrs26_li_inmail_hr_leads_natl,corporate_wellness,leadgen,Mumbai,1378.18,2501,11,11,0,0,0,0
2026-07-04,vrs26_li_inmail_hr_leads_natl,corporate_wellness,leadgen,Delhi NCR,1009.81,1938,15,15,1,0,0,0
2026-07-04,vrs26_li_inmail_hr_leads_natl,corporate_wellness,leadgen,Bengaluru,776.59,1544,13,13,1,0,0,0
2026-07-04,vrs26_li_inmail_hr_leads_natl,corporate_wellness,leadgen,Hyderabad,651.54,1390,13,13,4,1,1,6499
2026-07-04,vrs26_li_inmail_hr_leads_natl,corporate_wellness,leadgen,Pune,467.6,779,3,3,1,1,1,2499
2026-07-04,vrs26_li_inmail_hr_leads_natl,corporate_wellness,leadgen,Chennai,389.28,835,3,3,0,0,0,0
2026-07-04,vrs26_li_inmail_hr_leads_natl,fitness_enthusiasts,leadgen,Mumbai,1193.88,2763,19,19,1,0,0,0
2026-07-04,vrs26_li_inmail_hr_leads_natl,fitness_enthusiasts,leadgen,Delhi NCR,912.42,1532,16,16,1,1,1,1598
2026-07-04,vrs26_li_inmail_hr_leads_natl,fitness_enthusiasts,leadgen,Bengaluru,930.92,1932,4,4,1,1,1,799
2026-07-04,vrs26_li_inmail_hr_leads_natl,fitness_enthusiasts,leadgen,Hyderabad,659.13,1267,10,10,0,0,0,0
2026-07-04,vrs26_li_inmail_hr_leads_natl,fitness_enthusiasts,leadgen,Pune,498.66,982,7,7,0,0,0,0
2026-07-04,vrs26_li_inmail_hr_leads_natl,fitness_enthusiasts,leadgen,Chennai,477.99,1082,7,7,1,1,1,6499
2026-07-04,vrs26_li_conv_teamreg_mum,hr_decision_makers,conversion,Mumbai,1712.99,2858,12,12,0,0,0,0
2026-07-04,vrs26_li_conv_teamreg_mum,hr_decision_makers,conversion,Delhi NCR,97.73,223,1,1,0,0,0,0
2026-07-04,vrs26_li_conv_teamreg_mum,hr_decision_makers,conversion,Bengaluru,86.63,150,2,2,0,0,0,0
2026-07-04,vrs26_li_conv_teamreg_mum,hr_decision_makers,conversion,Hyderabad,57.07,133,2,2,0,0,0,0
2026-07-04,vrs26_li_conv_teamreg_mum,hr_decision_makers,conversion,Pune,48.75,89,0,0,0,0,0,0
2026-07-04,vrs26_li_conv_teamreg_mum,hr_decision_makers,conversion,Chennai,41.28,75,1,1,1,1,1,1999
2026-07-04,vrs26_li_conv_teamreg_mum,corporate_wellness,conversion,Mumbai,1709.35,3483,15,15,3,1,1,1999
2026-07-04,vrs26_li_conv_teamreg_mum,corporate_wellness,conversion,Delhi NCR,98.57,183,1,1,0,0,0,0
2026-07-04,vrs26_li_conv_teamreg_mum,corporate_wellness,conversion,Bengaluru,88.24,166,2,2,0,0,0,0
2026-07-04,vrs26_li_conv_teamreg_mum,corporate_wellness,conversion,Hyderabad,64.74,132,0,0,0,0,0,0
2026-07-04,vrs26_li_conv_teamreg_mum,corporate_wellness,conversion,Pune,43.29,90,0,0,0,0,0,0
2026-07-04,vrs26_li_conv_teamreg_mum,corporate_wellness,conversion,Chennai,40.25,93,2,2,0,0,0,0
2026-07-04,vrs26_li_conv_teamreg_mum,fitness_enthusiasts,conversion,Mumbai,1628.1,3237,12,12,2,0,0,0
2026-07-04,vrs26_li_conv_teamreg_mum,fitness_enthusiasts,conversion,Delhi NCR,119.71,239,2,2,0,0,0,0
2026-07-04,vrs26_li_conv_teamreg_mum,fitness_enthusiasts,conversion,Bengaluru,116.25,238,5,5,0,0,0,0
2026-07-04,vrs26_li_conv_teamreg_mum,fitness_enthusiasts,conversion,Hyderabad,67.36,127,3,3,0,0,0,0
2026-07-04,vrs26_li_conv_teamreg_mum,fitness_enthusiasts,conversion,Pune,65.42,137,1,1,0,0,0,0
2026-07-04,vrs26_li_conv_teamreg_mum,fitness_enthusiasts,conversion,Chennai,47.61,108,0,0,0,0,0,0
2026-07-04,vrs26_li_conv_teamreg_mum,senior_management,conversion,Mumbai,1751.22,4190,26,26,3,1,1,799
2026-07-04,vrs26_li_conv_teamreg_mum,senior_management,conversion,Delhi NCR,83.9,173,0,0,0,0,0,0
2026-07-04,vrs26_li_conv_teamreg_mum,senior_management,conversion,Bengaluru,75.12,173,1,1,0,0,0,0
2026-07-04,vrs26_li_conv_teamreg_mum,senior_management,conversion,Hyderabad,61.78,158,0,0,0,0,0,0
2026-07-04,vrs26_li_conv_teamreg_mum,senior_management,conversion,Pune,41.52,83,0,0,0,0,0,0
2026-07-04,vrs26_li_conv_teamreg_mum,senior_management,conversion,Chennai,30.89,64,1,1,0,0,0,0
2026-07-04,vrs26_li_conv_teamreg_blr,hr_decision_makers,conversion,Mumbai,82.21,155,3,3,0,0,0,0
2026-07-04,vrs26_li_conv_teamreg_blr,hr_decision_makers,conversion,Delhi NCR,97.84,220,2,2,0,0,0,0
2026-07-04,vrs26_li_conv_teamreg_blr,hr_decision_makers,conversion,Bengaluru,1441.09,3009,15,15,0,0,0,0
2026-07-04,vrs26_li_conv_teamreg_blr,hr_decision_makers,conversion,Hyderabad,56.1,124,2,2,0,0,0,0
2026-07-04,vrs26_li_conv_teamreg_blr,hr_decision_makers,conversion,Pune,39.59,87,1,1,0,0,0,0
2026-07-04,vrs26_li_conv_teamreg_blr,hr_decision_makers,conversion,Chennai,35.55,67,1,1,0,0,0,0
2026-07-04,vrs26_li_conv_teamreg_blr,corporate_wellness,conversion,Mumbai,100.46,212,0,0,0,0,0,0
2026-07-04,vrs26_li_conv_teamreg_blr,corporate_wellness,conversion,Delhi NCR,103.2,225,1,1,0,0,0,0
2026-07-04,vrs26_li_conv_teamreg_blr,corporate_wellness,conversion,Bengaluru,1422.67,3198,21,21,3,2,2,2798
2026-07-04,vrs26_li_conv_teamreg_blr,corporate_wellness,conversion,Hyderabad,55.65,103,2,2,0,0,0,0
2026-07-04,vrs26_li_conv_teamreg_blr,corporate_wellness,conversion,Pune,43.12,100,2,2,0,0,0,0
2026-07-04,vrs26_li_conv_teamreg_blr,corporate_wellness,conversion,Chennai,27.28,53,0,0,0,0,0,0
2026-07-04,vrs26_li_conv_teamreg_blr,fitness_enthusiasts,conversion,Mumbai,96.81,201,0,0,0,0,0,0
2026-07-04,vrs26_li_conv_teamreg_blr,fitness_enthusiasts,conversion,Delhi NCR,98.06,186,0,0,0,0,0,0
2026-07-04,vrs26_li_conv_teamreg_blr,fitness_enthusiasts,conversion,Bengaluru,1439.62,3198,15,15,0,0,0,0
2026-07-04,vrs26_li_conv_teamreg_blr,fitness_enthusiasts,conversion,Hyderabad,52.06,101,0,0,0,0,0,0
2026-07-04,vrs26_li_conv_teamreg_blr,fitness_enthusiasts,conversion,Pune,34.08,66,1,1,0,0,0,0
2026-07-04,vrs26_li_conv_teamreg_blr,fitness_enthusiasts,conversion,Chennai,31.74,64,0,0,0,0,0,0
2026-07-04,vrs26_li_conv_teamreg_blr,running_clubs,conversion,Mumbai,104.02,248,0,0,0,0,0,0
2026-07-04,vrs26_li_conv_teamreg_blr,running_clubs,conversion,Delhi NCR,83.63,151,0,0,0,0,0,0
2026-07-04,vrs26_li_conv_teamreg_blr,running_clubs,conversion,Bengaluru,1422.49,2861,17,17,2,1,1,1999
2026-07-04,vrs26_li_conv_teamreg_blr,running_clubs,conversion,Hyderabad,64.28,142,2,2,0,0,0,0
2026-07-04,vrs26_li_conv_teamreg_blr,running_clubs,conversion,Pune,45.68,83,2,2,1,0,0,0
2026-07-04,vrs26_li_conv_teamreg_blr,running_clubs,conversion,Chennai,32.29,61,0,0,0,0,0,0
2026-07-04,vrs26_li_doc_ad_wellness_natl,corporate_wellness,leadgen,Mumbai,647.47,1323,9,9,2,0,0,0
2026-07-04,vrs26_li_doc_ad_wellness_natl,corporate_wellness,leadgen,Delhi NCR,501.82,1077,0,0,0,0,0,0
2026-07-04,vrs26_li_doc_ad_wellness_natl,corporate_wellness,leadgen,Bengaluru,438.57,908,1,1,0,0,0,0
2026-07-04,vrs26_li_doc_ad_wellness_natl,corporate_wellness,leadgen,Hyderabad,357.13,629,2,2,0,0,0,0
2026-07-04,vrs26_li_doc_ad_wellness_natl,corporate_wellness,leadgen,Pune,218.36,370,2,2,0,0,0,0
2026-07-04,vrs26_li_doc_ad_wellness_natl,corporate_wellness,leadgen,Chennai,173.15,382,3,3,0,0,0,0
2026-07-04,vrs26_li_doc_ad_wellness_natl,fitness_enthusiasts,leadgen,Mumbai,594.73,1275,6,6,0,0,0,0
2026-07-04,vrs26_li_doc_ad_wellness_natl,fitness_enthusiasts,leadgen,Delhi NCR,537.15,1235,6,6,0,0,0,0
2026-07-04,vrs26_li_doc_ad_wellness_natl,fitness_enthusiasts,leadgen,Bengaluru,387.93,765,5,5,0,0,0,0
2026-07-04,vrs26_li_doc_ad_wellness_natl,fitness_enthusiasts,leadgen,Hyderabad,352.79,715,4,4,1,0,0,0
2026-07-04,vrs26_li_doc_ad_wellness_natl,fitness_enthusiasts,leadgen,Pune,260.79,579,3,3,0,0,0,0
2026-07-04,vrs26_li_doc_ad_wellness_natl,fitness_enthusiasts,leadgen,Chennai,203.11,450,5,5,0,0,0,0
2026-07-04,vrs26_li_doc_ad_wellness_natl,senior_management,leadgen,Mumbai,561.74,1195,9,9,0,0,0,0
2026-07-04,vrs26_li_doc_ad_wellness_natl,senior_management,leadgen,Delhi NCR,485,881,2,2,0,0,0,0
2026-07-04,vrs26_li_doc_ad_wellness_natl,senior_management,leadgen,Bengaluru,501.87,1103,0,0,0,0,0,0
2026-07-04,vrs26_li_doc_ad_wellness_natl,senior_management,leadgen,Hyderabad,358.67,781,3,3,0,0,0,0
2026-07-04,vrs26_li_doc_ad_wellness_natl,senior_management,leadgen,Pune,226.22,375,0,0,0,0,0,0
2026-07-04,vrs26_li_doc_ad_wellness_natl,senior_management,leadgen,Chennai,203,467,3,3,0,0,0,0
2026-07-05,vrs26_li_inmail_hr_leads_natl,hr_decision_makers,leadgen,Mumbai,521.28,980,7,7,0,0,0,0
2026-07-05,vrs26_li_inmail_hr_leads_natl,hr_decision_makers,leadgen,Delhi NCR,411.79,1039,6,6,1,1,0,0
2026-07-05,vrs26_li_inmail_hr_leads_natl,hr_decision_makers,leadgen,Bengaluru,443.52,807,5,5,0,0,0,0
2026-07-05,vrs26_li_inmail_hr_leads_natl,hr_decision_makers,leadgen,Hyderabad,241.95,580,3,3,0,0,0,0
2026-07-05,vrs26_li_inmail_hr_leads_natl,hr_decision_makers,leadgen,Pune,199.85,379,4,4,0,0,0,0
2026-07-05,vrs26_li_inmail_hr_leads_natl,hr_decision_makers,leadgen,Chennai,157.61,384,0,0,0,0,0,0
2026-07-05,vrs26_li_inmail_hr_leads_natl,fitness_enthusiasts,leadgen,Mumbai,430.48,955,9,9,1,1,0,0
2026-07-05,vrs26_li_inmail_hr_leads_natl,fitness_enthusiasts,leadgen,Delhi NCR,435.36,852,6,6,0,0,0,0
2026-07-05,vrs26_li_inmail_hr_leads_natl,fitness_enthusiasts,leadgen,Bengaluru,472.42,883,5,5,1,0,0,0
2026-07-05,vrs26_li_inmail_hr_leads_natl,fitness_enthusiasts,leadgen,Hyderabad,288.45,619,5,5,1,0,0,0
2026-07-05,vrs26_li_inmail_hr_leads_natl,fitness_enthusiasts,leadgen,Pune,201.3,435,3,3,0,0,0,0
2026-07-05,vrs26_li_inmail_hr_leads_natl,fitness_enthusiasts,leadgen,Chennai,147.99,305,4,4,0,0,0,0
2026-07-05,vrs26_li_inmail_hr_leads_natl,running_clubs,leadgen,Mumbai,506.49,1022,7,7,0,0,0,0
2026-07-05,vrs26_li_inmail_hr_leads_natl,running_clubs,leadgen,Delhi NCR,425.84,911,1,1,0,0,0,0
2026-07-05,vrs26_li_inmail_hr_leads_natl,running_clubs,leadgen,Bengaluru,453.33,910,5,5,1,1,1,1999
2026-07-05,vrs26_li_inmail_hr_leads_natl,running_clubs,leadgen,Hyderabad,259.78,521,0,0,0,0,0,0
2026-07-05,vrs26_li_inmail_hr_leads_natl,running_clubs,leadgen,Pune,182.48,404,5,5,1,0,0,0
2026-07-05,vrs26_li_inmail_hr_leads_natl,running_clubs,leadgen,Chennai,148.07,320,1,1,0,0,0,0
2026-07-05,vrs26_li_inmail_hr_leads_natl,senior_management,leadgen,Mumbai,494.54,986,5,5,1,0,0,0
2026-07-05,vrs26_li_inmail_hr_leads_natl,senior_management,leadgen,Delhi NCR,373.04,693,7,7,0,0,0,0
2026-07-05,vrs26_li_inmail_hr_leads_natl,senior_management,leadgen,Bengaluru,412.36,901,2,2,0,0,0,0
2026-07-05,vrs26_li_inmail_hr_leads_natl,senior_management,leadgen,Hyderabad,308.69,589,6,6,0,0,0,0
2026-07-05,vrs26_li_inmail_hr_leads_natl,senior_management,leadgen,Pune,231.53,462,2,2,0,0,0,0
2026-07-05,vrs26_li_inmail_hr_leads_natl,senior_management,leadgen,Chennai,155.84,348,1,1,0,0,0,0
2026-07-05,vrs26_li_conv_teamreg_mum,hr_decision_makers,conversion,Mumbai,1867.59,3674,22,22,2,2,2,3798
2026-07-05,vrs26_li_conv_teamreg_mum,hr_decision_makers,conversion,Delhi NCR,134.67,297,4,4,0,0,0,0
2026-07-05,vrs26_li_conv_teamreg_mum,hr_decision_makers,conversion,Bengaluru,111.92,289,1,1,0,0,0,0
2026-07-05,vrs26_li_conv_teamreg_mum,hr_decision_makers,conversion,Hyderabad,84.96,175,0,0,0,0,0,0
2026-07-05,vrs26_li_conv_teamreg_mum,hr_decision_makers,conversion,Pune,61.36,138,0,0,0,0,0,0
2026-07-05,vrs26_li_conv_teamreg_mum,hr_decision_makers,conversion,Chennai,44.83,74,1,1,0,0,0,0
2026-07-05,vrs26_li_conv_teamreg_mum,corporate_wellness,conversion,Mumbai,1912.2,3832,40,40,4,3,2,4298
2026-07-05,vrs26_li_conv_teamreg_mum,corporate_wellness,conversion,Delhi NCR,110.93,246,1,1,0,0,0,0
2026-07-05,vrs26_li_conv_teamreg_mum,corporate_wellness,conversion,Bengaluru,105.33,243,0,0,0,0,0,0
2026-07-05,vrs26_li_conv_teamreg_mum,corporate_wellness,conversion,Hyderabad,82.28,182,1,1,0,0,0,0
2026-07-05,vrs26_li_conv_teamreg_mum,corporate_wellness,conversion,Pune,46.01,97,1,1,0,0,0,0
2026-07-05,vrs26_li_conv_teamreg_mum,corporate_wellness,conversion,Chennai,48.59,110,1,1,0,0,0,0
2026-07-05,vrs26_li_conv_teamreg_mum,fitness_enthusiasts,conversion,Mumbai,1942.66,5030,35,35,3,2,1,1299
2026-07-05,vrs26_li_conv_teamreg_mum,fitness_enthusiasts,conversion,Delhi NCR,99.03,209,1,1,0,0,0,0
2026-07-05,vrs26_li_conv_teamreg_mum,fitness_enthusiasts,conversion,Bengaluru,92.89,201,2,2,0,0,0,0
2026-07-05,vrs26_li_conv_teamreg_mum,fitness_enthusiasts,conversion,Hyderabad,80.44,156,1,1,0,0,0,0
2026-07-05,vrs26_li_conv_teamreg_mum,fitness_enthusiasts,conversion,Pune,50.48,115,0,0,0,0,0,0
2026-07-05,vrs26_li_conv_teamreg_mum,fitness_enthusiasts,conversion,Chennai,39.83,71,0,0,0,0,0,0
2026-07-05,vrs26_li_conv_teamreg_blr,corporate_wellness,conversion,Mumbai,89.47,151,2,2,0,0,0,0
2026-07-05,vrs26_li_conv_teamreg_blr,corporate_wellness,conversion,Delhi NCR,81.13,165,1,1,0,0,0,0
2026-07-05,vrs26_li_conv_teamreg_blr,corporate_wellness,conversion,Bengaluru,1199.32,2853,22,22,1,1,1,3998
2026-07-05,vrs26_li_conv_teamreg_blr,corporate_wellness,conversion,Hyderabad,51.56,108,1,1,0,0,0,0
2026-07-05,vrs26_li_conv_teamreg_blr,corporate_wellness,conversion,Pune,30.46,62,1,1,0,0,0,0
2026-07-05,vrs26_li_conv_teamreg_blr,corporate_wellness,conversion,Chennai,30.06,65,1,1,0,0,0,0
2026-07-05,vrs26_li_conv_teamreg_blr,fitness_enthusiasts,conversion,Mumbai,62.21,130,1,1,0,0,0,0
2026-07-05,vrs26_li_conv_teamreg_blr,fitness_enthusiasts,conversion,Delhi NCR,67.61,144,0,0,0,0,0,0
2026-07-05,vrs26_li_conv_teamreg_blr,fitness_enthusiasts,conversion,Bengaluru,1232.65,2481,12,12,0,0,0,0
2026-07-05,vrs26_li_conv_teamreg_blr,fitness_enthusiasts,conversion,Hyderabad,49.69,88,1,1,0,0,0,0
2026-07-05,vrs26_li_conv_teamreg_blr,fitness_enthusiasts,conversion,Pune,41.96,77,1,1,0,0,0,0
2026-07-05,vrs26_li_conv_teamreg_blr,fitness_enthusiasts,conversion,Chennai,27.88,50,0,0,0,0,0,0
2026-07-05,vrs26_li_conv_teamreg_blr,running_clubs,conversion,Mumbai,88.18,173,2,2,0,0,0,0
2026-07-05,vrs26_li_conv_teamreg_blr,running_clubs,conversion,Delhi NCR,75.03,163,1,1,0,0,0,0
2026-07-05,vrs26_li_conv_teamreg_blr,running_clubs,conversion,Bengaluru,1216.46,2873,18,18,2,1,1,1299
2026-07-05,vrs26_li_conv_teamreg_blr,running_clubs,conversion,Hyderabad,44.16,105,1,1,0,0,0,0
2026-07-05,vrs26_li_conv_teamreg_blr,running_clubs,conversion,Pune,31.49,58,0,0,0,0,0,0
2026-07-05,vrs26_li_conv_teamreg_blr,running_clubs,conversion,Chennai,26.67,52,0,0,0,0,0,0
2026-07-05,vrs26_li_conv_teamreg_blr,senior_management,conversion,Mumbai,99.26,196,0,0,0,0,0,0
2026-07-05,vrs26_li_conv_teamreg_blr,senior_management,conversion,Delhi NCR,78.75,161,2,2,0,0,0,0
2026-07-05,vrs26_li_conv_teamreg_blr,senior_management,conversion,Bengaluru,1188.5,2907,10,10,0,0,0,0
2026-07-05,vrs26_li_conv_teamreg_blr,senior_management,conversion,Hyderabad,50.02,115,1,1,0,0,0,0
2026-07-05,vrs26_li_conv_teamreg_blr,senior_management,conversion,Pune,36.73,80,0,0,0,0,0,0
2026-07-05,vrs26_li_conv_teamreg_blr,senior_management,conversion,Chennai,28.74,66,0,0,0,0,0,0
2026-07-05,vrs26_li_doc_ad_wellness_natl,hr_decision_makers,leadgen,Mumbai,432.87,996,3,3,0,0,0,0
2026-07-05,vrs26_li_doc_ad_wellness_natl,hr_decision_makers,leadgen,Delhi NCR,284.87,698,4,4,0,0,0,0
2026-07-05,vrs26_li_doc_ad_wellness_natl,hr_decision_makers,leadgen,Bengaluru,294.4,561,2,2,0,0,0,0
2026-07-05,vrs26_li_doc_ad_wellness_natl,hr_decision_makers,leadgen,Hyderabad,197.45,461,4,4,0,0,0,0
2026-07-05,vrs26_li_doc_ad_wellness_natl,hr_decision_makers,leadgen,Pune,148.04,270,1,1,0,0,0,0
2026-07-05,vrs26_li_doc_ad_wellness_natl,hr_decision_makers,leadgen,Chennai,124.36,257,3,3,0,0,0,0
2026-07-05,vrs26_li_doc_ad_wellness_natl,corporate_wellness,leadgen,Mumbai,382.51,696,5,5,1,1,1,998
2026-07-05,vrs26_li_doc_ad_wellness_natl,corporate_wellness,leadgen,Delhi NCR,371.11,881,2,2,0,0,0,0
2026-07-05,vrs26_li_doc_ad_wellness_natl,corporate_wellness,leadgen,Bengaluru,246.86,555,0,0,0,0,0,0
2026-07-05,vrs26_li_doc_ad_wellness_natl,corporate_wellness,leadgen,Hyderabad,211.82,471,4,4,0,0,0,0
2026-07-05,vrs26_li_doc_ad_wellness_natl,corporate_wellness,leadgen,Pune,148.59,319,1,1,1,0,0,0
2026-07-05,vrs26_li_doc_ad_wellness_natl,corporate_wellness,leadgen,Chennai,121.09,200,0,0,0,0,0,0
2026-07-05,vrs26_li_doc_ad_wellness_natl,running_clubs,leadgen,Mumbai,421.67,961,5,5,0,0,0,0
2026-07-05,vrs26_li_doc_ad_wellness_natl,running_clubs,leadgen,Delhi NCR,301.56,639,4,4,0,0,0,0
2026-07-05,vrs26_li_doc_ad_wellness_natl,running_clubs,leadgen,Bengaluru,337.46,679,5,5,0,0,0,0
2026-07-05,vrs26_li_doc_ad_wellness_natl,running_clubs,leadgen,Hyderabad,190.83,363,0,0,0,0,0,0
2026-07-05,vrs26_li_doc_ad_wellness_natl,running_clubs,leadgen,Pune,137.98,294,0,0,0,0,0,0
2026-07-05,vrs26_li_doc_ad_wellness_natl,running_clubs,leadgen,Chennai,92.51,191,0,0,0,0,0,0
2026-07-05,vrs26_li_doc_ad_wellness_natl,senior_management,leadgen,Mumbai,330.76,854,4,4,1,0,0,0
2026-07-05,vrs26_li_doc_ad_wellness_natl,senior_management,leadgen,Delhi NCR,300.55,658,8,8,1,0,0,0
2026-07-05,vrs26_li_doc_ad_wellness_natl,senior_management,leadgen,Bengaluru,330.06,683,5,5,0,0,0,0
2026-07-05,vrs26_li_doc_ad_wellness_natl,senior_management,leadgen,Hyderabad,252.44,510,3,3,0,0,0,0
2026-07-05,vrs26_li_doc_ad_wellness_natl,senior_management,leadgen,Pune,145.8,324,3,3,0,0,0,0
2026-07-05,vrs26_li_doc_ad_wellness_natl,senior_management,leadgen,Chennai,122.39,244,4,4,0,0,0,0
2026-07-06,vrs26_li_inmail_hr_leads_natl,running_clubs,leadgen,Mumbai,2246.84,4158,23,23,0,0,0,0
2026-07-06,vrs26_li_inmail_hr_leads_natl,running_clubs,leadgen,Delhi NCR,2038.62,4324,24,24,0,0,0,0
2026-07-06,vrs26_li_inmail_hr_leads_natl,running_clubs,leadgen,Bengaluru,1649.82,3507,22,22,2,1,1,499
2026-07-06,vrs26_li_inmail_hr_leads_natl,running_clubs,leadgen,Hyderabad,1391.3,3054,5,5,0,0,0,0
2026-07-06,vrs26_li_inmail_hr_leads_natl,running_clubs,leadgen,Pune,792.75,1731,12,12,0,0,0,0
2026-07-06,vrs26_li_inmail_hr_leads_natl,running_clubs,leadgen,Chennai,757.81,1785,10,10,0,0,0,0
2026-07-06,vrs26_li_conv_teamreg_mum,hr_decision_makers,conversion,Mumbai,1620.43,3125,18,18,0,0,0,0
2026-07-06,vrs26_li_conv_teamreg_mum,hr_decision_makers,conversion,Delhi NCR,71.68,139,1,1,0,0,0,0
2026-07-06,vrs26_li_conv_teamreg_mum,hr_decision_makers,conversion,Bengaluru,93.25,194,2,2,0,0,0,0
2026-07-06,vrs26_li_conv_teamreg_mum,hr_decision_makers,conversion,Hyderabad,61.64,112,0,0,0,0,0,0
2026-07-06,vrs26_li_conv_teamreg_mum,hr_decision_makers,conversion,Pune,52.34,117,2,2,0,0,0,0
2026-07-06,vrs26_li_conv_teamreg_mum,hr_decision_makers,conversion,Chennai,42.53,98,0,0,0,0,0,0
2026-07-06,vrs26_li_conv_teamreg_mum,fitness_enthusiasts,conversion,Mumbai,1651.47,3505,25,25,3,0,0,0
2026-07-06,vrs26_li_conv_teamreg_mum,fitness_enthusiasts,conversion,Delhi NCR,80.38,162,1,1,0,0,0,0
2026-07-06,vrs26_li_conv_teamreg_mum,fitness_enthusiasts,conversion,Bengaluru,79.46,164,2,2,0,0,0,0
2026-07-06,vrs26_li_conv_teamreg_mum,fitness_enthusiasts,conversion,Hyderabad,59.59,124,0,0,0,0,0,0
2026-07-06,vrs26_li_conv_teamreg_mum,fitness_enthusiasts,conversion,Pune,34.46,84,1,1,0,0,0,0
2026-07-06,vrs26_li_conv_teamreg_mum,fitness_enthusiasts,conversion,Chennai,36.51,67,0,0,0,0,0,0
2026-07-06,vrs26_li_conv_teamreg_mum,running_clubs,conversion,Mumbai,1562.89,2546,11,11,1,0,0,0
2026-07-06,vrs26_li_conv_teamreg_mum,running_clubs,conversion,Delhi NCR,95.55,200,0,0,0,0,0,0
2026-07-06,vrs26_li_conv_teamreg_mum,running_clubs,conversion,Bengaluru,109.06,275,2,2,0,0,0,0
2026-07-06,vrs26_li_conv_teamreg_mum,running_clubs,conversion,Hyderabad,77.56,119,0,0,0,0,0,0
2026-07-06,vrs26_li_conv_teamreg_mum,running_clubs,conversion,Pune,55.22,120,0,0,0,0,0,0
2026-07-06,vrs26_li_conv_teamreg_mum,running_clubs,conversion,Chennai,41.6,80,1,1,0,0,0,0
2026-07-06,vrs26_li_conv_teamreg_mum,senior_management,conversion,Mumbai,1602.09,2935,22,22,1,0,0,0
2026-07-06,vrs26_li_conv_teamreg_mum,senior_management,conversion,Delhi NCR,103.37,195,2,2,0,0,0,0
2026-07-06,vrs26_li_conv_teamreg_mum,senior_management,conversion,Bengaluru,78.55,145,0,0,0,0,0,0
2026-07-06,vrs26_li_conv_teamreg_mum,senior_management,conversion,Hyderabad,69.74,149,1,1,0,0,0,0
2026-07-06,vrs26_li_conv_teamreg_mum,senior_management,conversion,Pune,47.94,110,1,1,1,1,0,0
2026-07-06,vrs26_li_conv_teamreg_mum,senior_management,conversion,Chennai,40.18,76,0,0,0,0,0,0
2026-07-06,vrs26_li_conv_teamreg_blr,corporate_wellness,conversion,Mumbai,192.55,425,4,4,0,0,0,0
2026-07-06,vrs26_li_conv_teamreg_blr,corporate_wellness,conversion,Delhi NCR,151.1,301,0,0,0,0,0,0
2026-07-06,vrs26_li_conv_teamreg_blr,corporate_wellness,conversion,Bengaluru,2702.27,5645,45,45,2,0,0,0
2026-07-06,vrs26_li_conv_teamreg_blr,corporate_wellness,conversion,Hyderabad,136.19,288,1,1,0,0,0,0
2026-07-06,vrs26_li_conv_teamreg_blr,corporate_wellness,conversion,Pune,77.41,162,1,1,0,0,0,0
2026-07-06,vrs26_li_conv_teamreg_blr,corporate_wellness,conversion,Chennai,69.4,124,1,1,0,0,0,0
2026-07-06,vrs26_li_conv_teamreg_blr,fitness_enthusiasts,conversion,Mumbai,202.06,463,3,3,0,0,0,0
2026-07-06,vrs26_li_conv_teamreg_blr,fitness_enthusiasts,conversion,Delhi NCR,202.88,435,1,1,0,0,0,0
2026-07-06,vrs26_li_conv_teamreg_blr,fitness_enthusiasts,conversion,Bengaluru,2666.39,6166,36,36,5,1,1,1299
2026-07-06,vrs26_li_conv_teamreg_blr,fitness_enthusiasts,conversion,Hyderabad,112.8,254,2,2,0,0,0,0
2026-07-06,vrs26_li_conv_teamreg_blr,fitness_enthusiasts,conversion,Pune,77.83,158,1,1,0,0,0,0
2026-07-06,vrs26_li_conv_teamreg_blr,fitness_enthusiasts,conversion,Chennai,66.98,144,1,1,1,0,0,0
2026-07-06,vrs26_li_doc_ad_wellness_natl,hr_decision_makers,leadgen,Mumbai,509.22,1134,5,5,0,0,0,0
2026-07-06,vrs26_li_doc_ad_wellness_natl,hr_decision_makers,leadgen,Delhi NCR,512.49,1049,6,6,0,0,0,0
2026-07-06,vrs26_li_doc_ad_wellness_natl,hr_decision_makers,leadgen,Bengaluru,446.14,885,5,5,1,1,0,0
2026-07-06,vrs26_li_doc_ad_wellness_natl,hr_decision_makers,leadgen,Hyderabad,305.5,694,4,4,0,0,0,0
2026-07-06,vrs26_li_doc_ad_wellness_natl,hr_decision_makers,leadgen,Pune,241.64,468,6,6,0,0,0,0
2026-07-06,vrs26_li_doc_ad_wellness_natl,hr_decision_makers,leadgen,Chennai,204.29,420,3,3,1,0,0,0
2026-07-06,vrs26_li_doc_ad_wellness_natl,corporate_wellness,leadgen,Mumbai,512.72,1183,7,7,0,0,0,0
2026-07-06,vrs26_li_doc_ad_wellness_natl,corporate_wellness,leadgen,Delhi NCR,463.25,884,4,4,0,0,0,0
2026-07-06,vrs26_li_doc_ad_wellness_natl,corporate_wellness,leadgen,Bengaluru,429.36,865,6,6,0,0,0,0
2026-07-06,vrs26_li_doc_ad_wellness_natl,corporate_wellness,leadgen,Hyderabad,377.89,950,6,6,0,0,0,0
2026-07-06,vrs26_li_doc_ad_wellness_natl,corporate_wellness,leadgen,Pune,209.27,426,4,4,0,0,0,0
2026-07-06,vrs26_li_doc_ad_wellness_natl,corporate_wellness,leadgen,Chennai,226.79,462,4,4,0,0,0,0
2026-07-06,vrs26_li_doc_ad_wellness_natl,fitness_enthusiasts,leadgen,Mumbai,573.28,1217,9,9,0,0,0,0
2026-07-06,vrs26_li_doc_ad_wellness_natl,fitness_enthusiasts,leadgen,Delhi NCR,457.49,828,4,4,0,0,0,0
2026-07-06,vrs26_li_doc_ad_wellness_natl,fitness_enthusiasts,leadgen,Bengaluru,474.44,1074,6,6,2,0,0,0
2026-07-06,vrs26_li_doc_ad_wellness_natl,fitness_enthusiasts,leadgen,Hyderabad,337.6,599,2,2,0,0,0,0
2026-07-06,vrs26_li_doc_ad_wellness_natl,fitness_enthusiasts,leadgen,Pune,201.18,479,1,1,0,0,0,0
2026-07-06,vrs26_li_doc_ad_wellness_natl,fitness_enthusiasts,leadgen,Chennai,175.3,335,0,0,0,0,0,0
2026-07-07,vrs26_li_inmail_hr_leads_natl,hr_decision_makers,leadgen,Mumbai,451.93,877,6,6,0,0,0,0
2026-07-07,vrs26_li_inmail_hr_leads_natl,hr_decision_makers,leadgen,Delhi NCR,413.7,847,8,8,0,0,0,0
2026-07-07,vrs26_li_inmail_hr_leads_natl,hr_decision_makers,leadgen,Bengaluru,358.83,788,6,6,0,0,0,0
2026-07-07,vrs26_li_inmail_hr_leads_natl,hr_decision_makers,leadgen,Hyderabad,238.16,509,3,3,1,0,0,0
2026-07-07,vrs26_li_inmail_hr_leads_natl,hr_decision_makers,leadgen,Pune,164.6,361,4,4,0,0,0,0
2026-07-07,vrs26_li_inmail_hr_leads_natl,hr_decision_makers,leadgen,Chennai,133.21,299,3,3,0,0,0,0
2026-07-07,vrs26_li_inmail_hr_leads_natl,corporate_wellness,leadgen,Mumbai,433.99,1028,4,4,0,0,0,0
2026-07-07,vrs26_li_inmail_hr_leads_natl,corporate_wellness,leadgen,Delhi NCR,378.04,795,4,4,0,0,0,0
2026-07-07,vrs26_li_inmail_hr_leads_natl,corporate_wellness,leadgen,Bengaluru,326.69,773,6,6,1,0,0,0
2026-07-07,vrs26_li_inmail_hr_leads_natl,corporate_wellness,leadgen,Hyderabad,296.09,752,4,4,1,0,0,0
2026-07-07,vrs26_li_inmail_hr_leads_natl,corporate_wellness,leadgen,Pune,188.02,345,2,2,0,0,0,0
2026-07-07,vrs26_li_inmail_hr_leads_natl,corporate_wellness,leadgen,Chennai,137.61,258,0,0,0,0,0,0
2026-07-07,vrs26_li_inmail_hr_leads_natl,fitness_enthusiasts,leadgen,Mumbai,413.98,749,5,5,2,1,0,0
2026-07-07,vrs26_li_inmail_hr_leads_natl,fitness_enthusiasts,leadgen,Delhi NCR,416.6,860,6,6,0,0,0,0
2026-07-07,vrs26_li_inmail_hr_leads_natl,fitness_enthusiasts,leadgen,Bengaluru,368.93,712,6,6,0,0,0,0
2026-07-07,vrs26_li_inmail_hr_leads_natl,fitness_enthusiasts,leadgen,Hyderabad,218.73,477,1,1,0,0,0,0
2026-07-07,vrs26_li_inmail_hr_leads_natl,fitness_enthusiasts,leadgen,Pune,181.96,389,0,0,0,0,0,0
2026-07-07,vrs26_li_inmail_hr_leads_natl,fitness_enthusiasts,leadgen,Chennai,160.24,340,2,2,1,0,0,0
2026-07-07,vrs26_li_inmail_hr_leads_natl,senior_management,leadgen,Mumbai,479.35,1074,7,7,0,0,0,0
2026-07-07,vrs26_li_inmail_hr_leads_natl,senior_management,leadgen,Delhi NCR,388.92,938,5,5,0,0,0,0
2026-07-07,vrs26_li_inmail_hr_leads_natl,senior_management,leadgen,Bengaluru,350.5,759,2,2,0,0,0,0
2026-07-07,vrs26_li_inmail_hr_leads_natl,senior_management,leadgen,Hyderabad,223.89,456,2,2,0,0,0,0
2026-07-07,vrs26_li_inmail_hr_leads_natl,senior_management,leadgen,Pune,187.85,357,3,3,0,0,0,0
2026-07-07,vrs26_li_inmail_hr_leads_natl,senior_management,leadgen,Chennai,129.93,254,0,0,0,0,0,0
2026-07-07,vrs26_li_conv_teamreg_mum,corporate_wellness,conversion,Mumbai,1741.51,3207,18,18,2,1,0,0
2026-07-07,vrs26_li_conv_teamreg_mum,corporate_wellness,conversion,Delhi NCR,88.97,207,1,1,0,0,0,0
2026-07-07,vrs26_li_conv_teamreg_mum,corporate_wellness,conversion,Bengaluru,89.45,158,1,1,1,0,0,0
2026-07-07,vrs26_li_conv_teamreg_mum,corporate_wellness,conversion,Hyderabad,56.64,118,0,0,0,0,0,0
2026-07-07,vrs26_li_conv_teamreg_mum,corporate_wellness,conversion,Pune,45.96,83,0,0,0,0,0,0
2026-07-07,vrs26_li_conv_teamreg_mum,corporate_wellness,conversion,Chennai,31.32,66,1,1,0,0,0,0
2026-07-07,vrs26_li_conv_teamreg_mum,running_clubs,conversion,Mumbai,1720.73,3638,23,23,1,0,0,0
2026-07-07,vrs26_li_conv_teamreg_mum,running_clubs,conversion,Delhi NCR,100.87,227,0,0,0,0,0,0
2026-07-07,vrs26_li_conv_teamreg_mum,running_clubs,conversion,Bengaluru,85.4,197,2,2,0,0,0,0
2026-07-07,vrs26_li_conv_teamreg_mum,running_clubs,conversion,Hyderabad,66.17,113,0,0,0,0,0,0
2026-07-07,vrs26_li_conv_teamreg_mum,running_clubs,conversion,Pune,49.44,101,0,0,0,0,0,0
2026-07-07,vrs26_li_conv_teamreg_mum,running_clubs,conversion,Chennai,31.23,69,1,1,0,0,0,0
2026-07-07,vrs26_li_conv_teamreg_mum,senior_management,conversion,Mumbai,1747.85,4124,25,25,2,1,1,799
2026-07-07,vrs26_li_conv_teamreg_mum,senior_management,conversion,Delhi NCR,94.88,187,1,1,0,0,0,0
2026-07-07,vrs26_li_conv_teamreg_mum,senior_management,conversion,Bengaluru,74.8,161,2,2,0,0,0,0
2026-07-07,vrs26_li_conv_teamreg_mum,senior_management,conversion,Hyderabad,55.34,104,0,0,0,0,0,0
2026-07-07,vrs26_li_conv_teamreg_mum,senior_management,conversion,Pune,40.93,89,1,1,0,0,0,0
2026-07-07,vrs26_li_conv_teamreg_mum,senior_management,conversion,Chennai,40.05,90,1,1,0,0,0,0
2026-07-07,vrs26_li_conv_teamreg_blr,hr_decision_makers,conversion,Mumbai,155.46,312,3,3,0,0,0,0
2026-07-07,vrs26_li_conv_teamreg_blr,hr_decision_makers,conversion,Delhi NCR,107.74,183,1,1,0,0,0,0
2026-07-07,vrs26_li_conv_teamreg_blr,hr_decision_makers,conversion,Bengaluru,2179.74,4625,23,23,2,1,0,0
2026-07-07,vrs26_li_conv_teamreg_blr,hr_decision_makers,conversion,Hyderabad,78.77,172,1,1,0,0,0,0
2026-07-07,vrs26_li_conv_teamreg_blr,hr_decision_makers,conversion,Pune,70.84,149,1,1,0,0,0,0
2026-07-07,vrs26_li_conv_teamreg_blr,hr_decision_makers,conversion,Chennai,48.11,94,1,1,0,0,0,0
2026-07-07,vrs26_li_conv_teamreg_blr,corporate_wellness,conversion,Mumbai,150.93,262,3,3,0,0,0,0
2026-07-07,vrs26_li_conv_teamreg_blr,corporate_wellness,conversion,Delhi NCR,158.62,377,5,5,1,0,0,0
2026-07-07,vrs26_li_conv_teamreg_blr,corporate_wellness,conversion,Bengaluru,2139.58,4816,32,32,2,0,0,0
2026-07-07,vrs26_li_conv_teamreg_blr,corporate_wellness,conversion,Hyderabad,89.51,207,0,0,0,0,0,0
2026-07-07,vrs26_li_conv_teamreg_blr,corporate_wellness,conversion,Pune,49.43,102,0,0,0,0,0,0
2026-07-07,vrs26_li_conv_teamreg_blr,corporate_wellness,conversion,Chennai,52.59,116,0,0,0,0,0,0
2026-07-07,vrs26_li_doc_ad_wellness_natl,corporate_wellness,leadgen,Mumbai,427.53,935,5,5,0,0,0,0
2026-07-07,vrs26_li_doc_ad_wellness_natl,corporate_wellness,leadgen,Delhi NCR,437.83,840,13,13,1,1,0,0
2026-07-07,vrs26_li_doc_ad_wellness_natl,corporate_wellness,leadgen,Bengaluru,326.44,750,6,6,1,0,0,0
2026-07-07,vrs26_li_doc_ad_wellness_natl,corporate_wellness,leadgen,Hyderabad,229.63,513,2,2,0,0,0,0
2026-07-07,vrs26_li_doc_ad_wellness_natl,corporate_wellness,leadgen,Pune,192.02,408,1,1,0,0,0,0
2026-07-07,vrs26_li_doc_ad_wellness_natl,corporate_wellness,leadgen,Chennai,146.99,309,2,2,0,0,0,0
2026-07-07,vrs26_li_doc_ad_wellness_natl,fitness_enthusiasts,leadgen,Mumbai,479.63,1146,0,0,0,0,0,0
2026-07-07,vrs26_li_doc_ad_wellness_natl,fitness_enthusiasts,leadgen,Delhi NCR,353.86,774,5,5,1,0,0,0
2026-07-07,vrs26_li_doc_ad_wellness_natl,fitness_enthusiasts,leadgen,Bengaluru,326.85,618,4,4,1,1,1,1999
2026-07-07,vrs26_li_doc_ad_wellness_natl,fitness_enthusiasts,leadgen,Hyderabad,249.05,483,0,0,0,0,0,0
2026-07-07,vrs26_li_doc_ad_wellness_natl,fitness_enthusiasts,leadgen,Pune,187.84,388,2,2,0,0,0,0
2026-07-07,vrs26_li_doc_ad_wellness_natl,fitness_enthusiasts,leadgen,Chennai,163.21,336,0,0,0,0,0,0
2026-07-07,vrs26_li_doc_ad_wellness_natl,running_clubs,leadgen,Mumbai,521.76,934,7,7,0,0,0,0
2026-07-07,vrs26_li_doc_ad_wellness_natl,running_clubs,leadgen,Delhi NCR,394.9,920,6,6,1,0,0,0
2026-07-07,vrs26_li_doc_ad_wellness_natl,running_clubs,leadgen,Bengaluru,349.65,716,6,6,0,0,0,0
2026-07-07,vrs26_li_doc_ad_wellness_natl,running_clubs,leadgen,Hyderabad,210.51,495,4,4,0,0,0,0
2026-07-07,vrs26_li_doc_ad_wellness_natl,running_clubs,leadgen,Pune,165.62,357,4,4,0,0,0,0
2026-07-07,vrs26_li_doc_ad_wellness_natl,running_clubs,leadgen,Chennai,117.99,254,0,0,0,0,0,0
2026-07-08,vrs26_li_inmail_hr_leads_natl,corporate_wellness,leadgen,Mumbai,1114.21,2083,16,16,2,1,1,2999
2026-07-08,vrs26_li_inmail_hr_leads_natl,corporate_wellness,leadgen,Delhi NCR,1108.32,2272,13,13,0,0,0,0
2026-07-08,vrs26_li_inmail_hr_leads_natl,corporate_wellness,leadgen,Bengaluru,986.2,1857,3,3,1,1,1,799
2026-07-08,vrs26_li_inmail_hr_leads_natl,corporate_wellness,leadgen,Hyderabad,712.83,1251,11,11,0,0,0,0
2026-07-08,vrs26_li_inmail_hr_leads_natl,corporate_wellness,leadgen,Pune,546.94,1115,10,10,0,0,0,0
2026-07-08,vrs26_li_inmail_hr_leads_natl,corporate_wellness,leadgen,Chennai,518.21,1319,3,3,0,0,0,0
2026-07-08,vrs26_li_inmail_hr_leads_natl,running_clubs,leadgen,Mumbai,1113.43,2176,10,10,1,0,0,0
2026-07-08,vrs26_li_inmail_hr_leads_natl,running_clubs,leadgen,Delhi NCR,1168.18,2819,17,17,0,0,0,0
2026-07-08,vrs26_li_inmail_hr_leads_natl,running_clubs,leadgen,Bengaluru,956.05,1792,5,5,0,0,0,0
2026-07-08,vrs26_li_inmail_hr_leads_natl,running_clubs,leadgen,Hyderabad,801.29,1798,16,16,0,0,0,0
2026-07-08,vrs26_li_inmail_hr_leads_natl,running_clubs,leadgen,Pune,585.19,1249,9,9,1,0,0,0
2026-07-08,vrs26_li_inmail_hr_leads_natl,running_clubs,leadgen,Chennai,362.57,699,5,5,0,0,0,0
2026-07-08,vrs26_li_conv_teamreg_mum,corporate_wellness,conversion,Mumbai,2399.25,5562,33,33,4,1,1,799
2026-07-08,vrs26_li_conv_teamreg_mum,corporate_wellness,conversion,Delhi NCR,139.69,259,4,4,0,0,0,0
2026-07-08,vrs26_li_conv_teamreg_mum,corporate_wellness,conversion,Bengaluru,156.77,268,2,2,1,0,0,0
2026-07-08,vrs26_li_conv_teamreg_mum,corporate_wellness,conversion,Hyderabad,91.72,193,0,0,0,0,0,0
2026-07-08,vrs26_li_conv_teamreg_mum,corporate_wellness,conversion,Pune,71.13,162,1,1,0,0,0,0
2026-07-08,vrs26_li_conv_teamreg_mum,corporate_wellness,conversion,Chennai,50.36,118,1,1,0,0,0,0
2026-07-08,vrs26_li_conv_teamreg_mum,fitness_enthusiasts,conversion,Mumbai,2342.43,4935,21,21,0,0,0,0
2026-07-08,vrs26_li_conv_teamreg_mum,fitness_enthusiasts,conversion,Delhi NCR,191.12,391,2,2,0,0,0,0
2026-07-08,vrs26_li_conv_teamreg_mum,fitness_enthusiasts,conversion,Bengaluru,129.41,291,3,3,0,0,0,0
2026-07-08,vrs26_li_conv_teamreg_mum,fitness_enthusiasts,conversion,Hyderabad,98.96,203,0,0,0,0,0,0
2026-07-08,vrs26_li_conv_teamreg_mum,fitness_enthusiasts,conversion,Pune,84.1,180,1,1,0,0,0,0
2026-07-08,vrs26_li_conv_teamreg_mum,fitness_enthusiasts,conversion,Chennai,62.89,134,0,0,0,0,0,0
2026-07-08,vrs26_li_conv_teamreg_mum,running_clubs,conversion,Mumbai,2433.45,4057,37,37,0,0,0,0
2026-07-08,vrs26_li_conv_teamreg_mum,running_clubs,conversion,Delhi NCR,154.49,359,0,0,0,0,0,0
2026-07-08,vrs26_li_conv_teamreg_mum,running_clubs,conversion,Bengaluru,103.69,198,1,1,1,0,0,0
2026-07-08,vrs26_li_conv_teamreg_mum,running_clubs,conversion,Hyderabad,88.43,168,0,0,0,0,0,0
2026-07-08,vrs26_li_conv_teamreg_mum,running_clubs,conversion,Pune,72.66,135,1,1,0,0,0,0
2026-07-08,vrs26_li_conv_teamreg_mum,running_clubs,conversion,Chennai,56.19,130,1,1,0,0,0,0
2026-07-08,vrs26_li_conv_teamreg_blr,hr_decision_makers,conversion,Mumbai,199.76,445,5,5,0,0,0,0
2026-07-08,vrs26_li_conv_teamreg_blr,hr_decision_makers,conversion,Delhi NCR,189.86,379,3,3,0,0,0,0
2026-07-08,vrs26_li_conv_teamreg_blr,hr_decision_makers,conversion,Bengaluru,3086.01,6931,56,56,4,1,0,0
2026-07-08,vrs26_li_conv_teamreg_blr,hr_decision_makers,conversion,Hyderabad,112.88,248,1,1,0,0,0,0
2026-07-08,vrs26_li_conv_teamreg_blr,hr_decision_makers,conversion,Pune,95.19,180,2,2,1,1,1,799
2026-07-08,vrs26_li_conv_teamreg_blr,hr_decision_makers,conversion,Chennai,56.34,126,2,2,0,0,0,0
2026-07-08,vrs26_li_conv_teamreg_blr,fitness_enthusiasts,conversion,Mumbai,235.52,560,6,6,0,0,0,0
2026-07-08,vrs26_li_conv_teamreg_blr,fitness_enthusiasts,conversion,Delhi NCR,211.85,477,1,1,0,0,0,0
2026-07-08,vrs26_li_conv_teamreg_blr,fitness_enthusiasts,conversion,Bengaluru,3031.1,5240,30,30,2,1,0,0
2026-07-08,vrs26_li_conv_teamreg_blr,fitness_enthusiasts,conversion,Hyderabad,130.46,218,0,0,0,0,0,0
2026-07-08,vrs26_li_conv_teamreg_blr,fitness_enthusiasts,conversion,Pune,50,111,1,1,0,0,0,0
2026-07-08,vrs26_li_conv_teamreg_blr,fitness_enthusiasts,conversion,Chennai,81.1,168,1,1,0,0,0,0
2026-07-08,vrs26_li_doc_ad_wellness_natl,corporate_wellness,leadgen,Mumbai,965.37,2209,20,20,0,0,0,0
2026-07-08,vrs26_li_doc_ad_wellness_natl,corporate_wellness,leadgen,Delhi NCR,846.08,1927,9,9,0,0,0,0
2026-07-08,vrs26_li_doc_ad_wellness_natl,corporate_wellness,leadgen,Bengaluru,696.34,1473,9,9,0,0,0,0
2026-07-08,vrs26_li_doc_ad_wellness_natl,corporate_wellness,leadgen,Hyderabad,562.7,1276,6,6,0,0,0,0
2026-07-08,vrs26_li_doc_ad_wellness_natl,corporate_wellness,leadgen,Pune,314.57,729,5,5,0,0,0,0
2026-07-08,vrs26_li_doc_ad_wellness_natl,corporate_wellness,leadgen,Chennai,354.97,668,2,2,0,0,0,0
2026-07-08,vrs26_li_doc_ad_wellness_natl,fitness_enthusiasts,leadgen,Mumbai,805.95,1356,5,5,1,1,1,799
2026-07-08,vrs26_li_doc_ad_wellness_natl,fitness_enthusiasts,leadgen,Delhi NCR,876.51,1714,6,6,1,0,0,0
2026-07-08,vrs26_li_doc_ad_wellness_natl,fitness_enthusiasts,leadgen,Bengaluru,816.18,1548,9,9,1,0,0,0
2026-07-08,vrs26_li_doc_ad_wellness_natl,fitness_enthusiasts,leadgen,Hyderabad,581.94,1048,4,4,0,0,0,0
2026-07-08,vrs26_li_doc_ad_wellness_natl,fitness_enthusiasts,leadgen,Pune,383.63,699,4,4,1,1,1,799
2026-07-08,vrs26_li_doc_ad_wellness_natl,fitness_enthusiasts,leadgen,Chennai,275.82,519,5,5,1,0,0,0
2026-07-09,vrs26_li_inmail_hr_leads_natl,corporate_wellness,leadgen,Mumbai,594.38,1095,4,4,0,0,0,0
2026-07-09,vrs26_li_inmail_hr_leads_natl,corporate_wellness,leadgen,Delhi NCR,575.83,1115,5,5,1,1,0,0
2026-07-09,vrs26_li_inmail_hr_leads_natl,corporate_wellness,leadgen,Bengaluru,477.32,885,7,7,0,0,0,0
2026-07-09,vrs26_li_inmail_hr_leads_natl,corporate_wellness,leadgen,Hyderabad,364.21,773,7,7,0,0,0,0
2026-07-09,vrs26_li_inmail_hr_leads_natl,corporate_wellness,leadgen,Pune,243.03,530,0,0,0,0,0,0
2026-07-09,vrs26_li_inmail_hr_leads_natl,corporate_wellness,leadgen,Chennai,175.5,430,3,3,0,0,0,0
2026-07-09,vrs26_li_inmail_hr_leads_natl,fitness_enthusiasts,leadgen,Mumbai,567.15,1349,12,12,0,0,0,0
2026-07-09,vrs26_li_inmail_hr_leads_natl,fitness_enthusiasts,leadgen,Delhi NCR,525.74,1093,5,5,0,0,0,0
2026-07-09,vrs26_li_inmail_hr_leads_natl,fitness_enthusiasts,leadgen,Bengaluru,521.26,984,5,5,0,0,0,0
2026-07-09,vrs26_li_inmail_hr_leads_natl,fitness_enthusiasts,leadgen,Hyderabad,347.22,665,2,2,0,0,0,0
2026-07-09,vrs26_li_inmail_hr_leads_natl,fitness_enthusiasts,leadgen,Pune,260.91,600,2,2,0,0,0,0
2026-07-09,vrs26_li_inmail_hr_leads_natl,fitness_enthusiasts,leadgen,Chennai,207.97,416,4,4,0,0,0,0
2026-07-09,vrs26_li_inmail_hr_leads_natl,running_clubs,leadgen,Mumbai,626.1,1338,13,13,1,1,1,799
2026-07-09,vrs26_li_inmail_hr_leads_natl,running_clubs,leadgen,Delhi NCR,552.3,1266,9,9,2,2,1,799
2026-07-09,vrs26_li_inmail_hr_leads_natl,running_clubs,leadgen,Bengaluru,472.54,784,4,4,0,0,0,0
2026-07-09,vrs26_li_inmail_hr_leads_natl,running_clubs,leadgen,Hyderabad,367.22,806,8,8,0,0,0,0
2026-07-09,vrs26_li_inmail_hr_leads_natl,running_clubs,leadgen,Pune,199.14,305,0,0,0,0,0,0
2026-07-09,vrs26_li_inmail_hr_leads_natl,running_clubs,leadgen,Chennai,212.96,467,5,5,1,1,1,799
2026-07-09,vrs26_li_inmail_hr_leads_natl,senior_management,leadgen,Mumbai,629.15,1140,4,4,0,0,0,0
2026-07-09,vrs26_li_inmail_hr_leads_natl,senior_management,leadgen,Delhi NCR,560.57,1267,9,9,1,0,0,0
2026-07-09,vrs26_li_inmail_hr_leads_natl,senior_management,leadgen,Bengaluru,504.46,1244,7,7,1,0,0,0
2026-07-09,vrs26_li_inmail_hr_leads_natl,senior_management,leadgen,Hyderabad,299.56,584,2,2,0,0,0,0
2026-07-09,vrs26_li_inmail_hr_leads_natl,senior_management,leadgen,Pune,261.47,576,4,4,0,0,0,0
2026-07-09,vrs26_li_inmail_hr_leads_natl,senior_management,leadgen,Chennai,175.04,345,3,3,1,0,0,0
2026-07-09,vrs26_li_conv_teamreg_mum,corporate_wellness,conversion,Mumbai,3564,7349,44,44,4,2,2,3998
2026-07-09,vrs26_li_conv_teamreg_mum,corporate_wellness,conversion,Delhi NCR,187.01,346,3,3,0,0,0,0
2026-07-09,vrs26_li_conv_teamreg_mum,corporate_wellness,conversion,Bengaluru,195.58,410,2,2,1,0,0,0
2026-07-09,vrs26_li_conv_teamreg_mum,corporate_wellness,conversion,Hyderabad,134.79,294,2,2,1,1,0,0
2026-07-09,vrs26_li_conv_teamreg_mum,corporate_wellness,conversion,Pune,104.42,213,1,1,0,0,0,0
2026-07-09,vrs26_li_conv_teamreg_mum,corporate_wellness,conversion,Chennai,67.15,165,1,1,0,0,0,0
2026-07-09,vrs26_li_conv_teamreg_mum,running_clubs,conversion,Mumbai,3588.29,8927,84,84,10,2,2,2598
2026-07-09,vrs26_li_conv_teamreg_mum,running_clubs,conversion,Delhi NCR,215.62,422,3,3,0,0,0,0
2026-07-09,vrs26_li_conv_teamreg_mum,running_clubs,conversion,Bengaluru,164.52,352,2,2,0,0,0,0
2026-07-09,vrs26_li_conv_teamreg_mum,running_clubs,conversion,Hyderabad,123.82,253,0,0,0,0,0,0
2026-07-09,vrs26_li_conv_teamreg_mum,running_clubs,conversion,Pune,89.22,185,4,4,0,0,0,0
2026-07-09,vrs26_li_conv_teamreg_mum,running_clubs,conversion,Chennai,71.49,151,3,3,0,0,0,0
2026-07-09,vrs26_li_conv_teamreg_blr,running_clubs,conversion,Mumbai,237.39,515,3,3,0,0,0,0
2026-07-09,vrs26_li_conv_teamreg_blr,running_clubs,conversion,Delhi NCR,189.56,433,0,0,0,0,0,0
2026-07-09,vrs26_li_conv_teamreg_blr,running_clubs,conversion,Bengaluru,2915.75,5881,31,31,1,0,0,0
2026-07-09,vrs26_li_conv_teamreg_blr,running_clubs,conversion,Hyderabad,128.21,247,3,3,0,0,0,0
2026-07-09,vrs26_li_conv_teamreg_blr,running_clubs,conversion,Pune,97.26,173,0,0,0,0,0,0
2026-07-09,vrs26_li_conv_teamreg_blr,running_clubs,conversion,Chennai,77.22,156,0,0,0,0,0,0
2026-07-09,vrs26_li_conv_teamreg_blr,senior_management,conversion,Mumbai,163.71,322,1,1,0,0,0,0
2026-07-09,vrs26_li_conv_teamreg_blr,senior_management,conversion,Delhi NCR,163.69,304,4,4,0,0,0,0
2026-07-09,vrs26_li_conv_teamreg_blr,senior_management,conversion,Bengaluru,3075.02,6515,34,34,1,0,0,0
2026-07-09,vrs26_li_conv_teamreg_blr,senior_management,conversion,Hyderabad,123.14,242,0,0,0,0,0,0
2026-07-09,vrs26_li_conv_teamreg_blr,senior_management,conversion,Pune,58.53,124,0,0,0,0,0,0
2026-07-09,vrs26_li_conv_teamreg_blr,senior_management,conversion,Chennai,61.31,118,0,0,0,0,0,0
2026-07-09,vrs26_li_doc_ad_wellness_natl,corporate_wellness,leadgen,Mumbai,636.63,1241,11,11,0,0,0,0
2026-07-09,vrs26_li_doc_ad_wellness_natl,corporate_wellness,leadgen,Delhi NCR,535.08,1171,7,7,0,0,0,0
2026-07-09,vrs26_li_doc_ad_wellness_natl,corporate_wellness,leadgen,Bengaluru,456.71,943,4,4,0,0,0,0
2026-07-09,vrs26_li_doc_ad_wellness_natl,corporate_wellness,leadgen,Hyderabad,364.37,705,4,4,0,0,0,0
2026-07-09,vrs26_li_doc_ad_wellness_natl,corporate_wellness,leadgen,Pune,267.53,525,4,4,0,0,0,0
2026-07-09,vrs26_li_doc_ad_wellness_natl,corporate_wellness,leadgen,Chennai,169.95,302,1,1,1,0,0,0
2026-07-09,vrs26_li_doc_ad_wellness_natl,fitness_enthusiasts,leadgen,Mumbai,637.68,1129,6,6,0,0,0,0
2026-07-09,vrs26_li_doc_ad_wellness_natl,fitness_enthusiasts,leadgen,Delhi NCR,492.39,886,7,7,0,0,0,0
2026-07-09,vrs26_li_doc_ad_wellness_natl,fitness_enthusiasts,leadgen,Bengaluru,522.03,954,5,5,0,0,0,0
2026-07-09,vrs26_li_doc_ad_wellness_natl,fitness_enthusiasts,leadgen,Hyderabad,311.58,632,3,3,0,0,0,0
2026-07-09,vrs26_li_doc_ad_wellness_natl,fitness_enthusiasts,leadgen,Pune,276.92,421,3,3,0,0,0,0
2026-07-09,vrs26_li_doc_ad_wellness_natl,fitness_enthusiasts,leadgen,Chennai,189.65,409,1,1,0,0,0,0
2026-07-09,vrs26_li_doc_ad_wellness_natl,running_clubs,leadgen,Mumbai,625.55,1365,5,5,0,0,0,0
2026-07-09,vrs26_li_doc_ad_wellness_natl,running_clubs,leadgen,Delhi NCR,531.74,1020,9,9,0,0,0,0
2026-07-09,vrs26_li_doc_ad_wellness_natl,running_clubs,leadgen,Bengaluru,525.49,1200,6,6,0,0,0,0
2026-07-09,vrs26_li_doc_ad_wellness_natl,running_clubs,leadgen,Hyderabad,313.97,676,3,3,0,0,0,0
2026-07-09,vrs26_li_doc_ad_wellness_natl,running_clubs,leadgen,Pune,181.37,418,1,1,0,0,0,0
2026-07-09,vrs26_li_doc_ad_wellness_natl,running_clubs,leadgen,Chennai,252.13,601,8,8,0,0,0,0
2026-07-10,vrs26_li_inmail_hr_leads_natl,hr_decision_makers,leadgen,Mumbai,763.04,1687,18,18,3,1,1,3499
2026-07-10,vrs26_li_inmail_hr_leads_natl,hr_decision_makers,leadgen,Delhi NCR,506.13,991,1,1,0,0,0,0
2026-07-10,vrs26_li_inmail_hr_leads_natl,hr_decision_makers,leadgen,Bengaluru,494.15,989,6,6,1,1,1,1999
2026-07-10,vrs26_li_inmail_hr_leads_natl,hr_decision_makers,leadgen,Hyderabad,334.01,728,5,5,0,0,0,0
2026-07-10,vrs26_li_inmail_hr_leads_natl,hr_decision_makers,leadgen,Pune,249.94,544,3,3,0,0,0,0
2026-07-10,vrs26_li_inmail_hr_leads_natl,hr_decision_makers,leadgen,Chennai,203.57,403,2,2,0,0,0,0
2026-07-10,vrs26_li_inmail_hr_leads_natl,corporate_wellness,leadgen,Mumbai,724.42,1435,9,9,0,0,0,0
2026-07-10,vrs26_li_inmail_hr_leads_natl,corporate_wellness,leadgen,Delhi NCR,595.71,1365,7,7,0,0,0,0
2026-07-10,vrs26_li_inmail_hr_leads_natl,corporate_wellness,leadgen,Bengaluru,507.82,988,6,6,1,0,0,0
2026-07-10,vrs26_li_inmail_hr_leads_natl,corporate_wellness,leadgen,Hyderabad,303.11,710,4,4,1,0,0,0
2026-07-10,vrs26_li_inmail_hr_leads_natl,corporate_wellness,leadgen,Pune,228.66,438,0,0,0,0,0,0
2026-07-10,vrs26_li_inmail_hr_leads_natl,corporate_wellness,leadgen,Chennai,191.12,361,2,2,0,0,0,0
2026-07-10,vrs26_li_inmail_hr_leads_natl,fitness_enthusiasts,leadgen,Mumbai,651.14,1081,10,10,1,0,0,0
2026-07-10,vrs26_li_inmail_hr_leads_natl,fitness_enthusiasts,leadgen,Delhi NCR,597.26,1270,16,16,1,0,0,0
2026-07-10,vrs26_li_inmail_hr_leads_natl,fitness_enthusiasts,leadgen,Bengaluru,466.53,930,4,4,1,1,1,799
2026-07-10,vrs26_li_inmail_hr_leads_natl,fitness_enthusiasts,leadgen,Hyderabad,368.74,777,4,4,0,0,0,0
2026-07-10,vrs26_li_inmail_hr_leads_natl,fitness_enthusiasts,leadgen,Pune,244.66,475,2,2,0,0,0,0
2026-07-10,vrs26_li_inmail_hr_leads_natl,fitness_enthusiasts,leadgen,Chennai,222.51,450,4,4,1,1,0,0
2026-07-10,vrs26_li_inmail_hr_leads_natl,senior_management,leadgen,Mumbai,678.29,1413,13,13,1,0,0,0
2026-07-10,vrs26_li_inmail_hr_leads_natl,senior_management,leadgen,Delhi NCR,563.5,1227,6,6,0,0,0,0
2026-07-10,vrs26_li_inmail_hr_leads_natl,senior_management,leadgen,Bengaluru,539.19,1044,3,3,0,0,0,0
2026-07-10,vrs26_li_inmail_hr_leads_natl,senior_management,leadgen,Hyderabad,346.54,773,7,7,0,0,0,0
2026-07-10,vrs26_li_inmail_hr_leads_natl,senior_management,leadgen,Pune,230.67,519,5,5,0,0,0,0
2026-07-10,vrs26_li_inmail_hr_leads_natl,senior_management,leadgen,Chennai,192.65,334,0,0,0,0,0,0
2026-07-10,vrs26_li_conv_teamreg_mum,hr_decision_makers,conversion,Mumbai,2453.83,5156,34,34,3,2,1,3499
2026-07-10,vrs26_li_conv_teamreg_mum,hr_decision_makers,conversion,Delhi NCR,167.32,379,1,1,0,0,0,0
2026-07-10,vrs26_li_conv_teamreg_mum,hr_decision_makers,conversion,Bengaluru,138.4,318,1,1,0,0,0,0
2026-07-10,vrs26_li_conv_teamreg_mum,hr_decision_makers,conversion,Hyderabad,79.58,178,0,0,0,0,0,0
2026-07-10,vrs26_li_conv_teamreg_mum,hr_decision_makers,conversion,Pune,79.39,159,0,0,0,0,0,0
2026-07-10,vrs26_li_conv_teamreg_mum,hr_decision_makers,conversion,Chennai,57.45,130,0,0,0,0,0,0
2026-07-10,vrs26_li_conv_teamreg_mum,fitness_enthusiasts,conversion,Mumbai,2414.37,4718,21,21,2,0,0,0
2026-07-10,vrs26_li_conv_teamreg_mum,fitness_enthusiasts,conversion,Delhi NCR,160.55,358,0,0,0,0,0,0
2026-07-10,vrs26_li_conv_teamreg_mum,fitness_enthusiasts,conversion,Bengaluru,173.45,368,0,0,0,0,0,0
2026-07-10,vrs26_li_conv_teamreg_mum,fitness_enthusiasts,conversion,Hyderabad,101.58,200,3,3,0,0,0,0
2026-07-10,vrs26_li_conv_teamreg_mum,fitness_enthusiasts,conversion,Pune,70.93,135,1,1,0,0,0,0
2026-07-10,vrs26_li_conv_teamreg_mum,fitness_enthusiasts,conversion,Chennai,55.11,112,0,0,0,0,0,0
2026-07-10,vrs26_li_conv_teamreg_mum,senior_management,conversion,Mumbai,2429.88,4757,30,30,4,1,0,0
2026-07-10,vrs26_li_conv_teamreg_mum,senior_management,conversion,Delhi NCR,168.48,415,2,2,0,0,0,0
2026-07-10,vrs26_li_conv_teamreg_mum,senior_management,conversion,Bengaluru,161.13,318,1,1,0,0,0,0
2026-07-10,vrs26_li_conv_teamreg_mum,senior_management,conversion,Hyderabad,97.72,201,1,1,0,0,0,0
2026-07-10,vrs26_li_conv_teamreg_mum,senior_management,conversion,Pune,65.02,135,0,0,0,0,0,0
2026-07-10,vrs26_li_conv_teamreg_mum,senior_management,conversion,Chennai,53.75,106,0,0,0,0,0,0
2026-07-10,vrs26_li_conv_teamreg_blr,corporate_wellness,conversion,Mumbai,185.12,363,4,4,0,0,0,0
2026-07-10,vrs26_li_conv_teamreg_blr,corporate_wellness,conversion,Delhi NCR,127.9,275,0,0,0,0,0,0
2026-07-10,vrs26_li_conv_teamreg_blr,corporate_wellness,conversion,Bengaluru,2039.85,4161,24,24,0,0,0,0
2026-07-10,vrs26_li_conv_teamreg_blr,corporate_wellness,conversion,Hyderabad,102.99,202,1,1,0,0,0,0
2026-07-10,vrs26_li_conv_teamreg_blr,corporate_wellness,conversion,Pune,56.08,114,1,1,0,0,0,0
2026-07-10,vrs26_li_conv_teamreg_blr,corporate_wellness,conversion,Chennai,38.89,83,0,0,0,0,0,0
2026-07-10,vrs26_li_conv_teamreg_blr,running_clubs,conversion,Mumbai,145.11,314,3,3,0,0,0,0
2026-07-10,vrs26_li_conv_teamreg_blr,running_clubs,conversion,Delhi NCR,174.93,356,0,0,0,0,0,0
2026-07-10,vrs26_li_conv_teamreg_blr,running_clubs,conversion,Bengaluru,2021.18,4168,21,21,3,2,2,3298
2026-07-10,vrs26_li_conv_teamreg_blr,running_clubs,conversion,Hyderabad,84.53,161,0,0,0,0,0,0
2026-07-10,vrs26_li_conv_teamreg_blr,running_clubs,conversion,Pune,74.63,147,0,0,0,0,0,0
2026-07-10,vrs26_li_conv_teamreg_blr,running_clubs,conversion,Chennai,50.44,105,0,0,0,0,0,0
2026-07-10,vrs26_li_conv_teamreg_blr,senior_management,conversion,Mumbai,195.93,455,2,2,0,0,0,0
2026-07-10,vrs26_li_conv_teamreg_blr,senior_management,conversion,Delhi NCR,130.96,337,2,2,0,0,0,0
2026-07-10,vrs26_li_conv_teamreg_blr,senior_management,conversion,Bengaluru,2045.31,4148,33,33,2,2,1,1299
2026-07-10,vrs26_li_conv_teamreg_blr,senior_management,conversion,Hyderabad,66.58,141,2,2,0,0,0,0
2026-07-10,vrs26_li_conv_teamreg_blr,senior_management,conversion,Pune,65.52,121,0,0,0,0,0,0
2026-07-10,vrs26_li_conv_teamreg_blr,senior_management,conversion,Chennai,46.54,83,0,0,0,0,0,0
2026-07-10,vrs26_li_doc_ad_wellness_natl,hr_decision_makers,leadgen,Mumbai,691.69,1283,9,9,1,1,0,0
2026-07-10,vrs26_li_doc_ad_wellness_natl,hr_decision_makers,leadgen,Delhi NCR,582.5,1237,6,6,0,0,0,0
2026-07-10,vrs26_li_doc_ad_wellness_natl,hr_decision_makers,leadgen,Bengaluru,474.89,978,4,4,0,0,0,0
2026-07-10,vrs26_li_doc_ad_wellness_natl,hr_decision_makers,leadgen,Hyderabad,351.21,596,3,3,0,0,0,0
2026-07-10,vrs26_li_doc_ad_wellness_natl,hr_decision_makers,leadgen,Pune,259.91,574,5,5,0,0,0,0
2026-07-10,vrs26_li_doc_ad_wellness_natl,hr_decision_makers,leadgen,Chennai,190.65,375,0,0,0,0,0,0
2026-07-10,vrs26_li_doc_ad_wellness_natl,running_clubs,leadgen,Mumbai,672.08,1336,11,11,1,1,0,0
2026-07-10,vrs26_li_doc_ad_wellness_natl,running_clubs,leadgen,Delhi NCR,609.58,1209,7,7,1,1,1,1299
2026-07-10,vrs26_li_doc_ad_wellness_natl,running_clubs,leadgen,Bengaluru,510.05,923,3,3,0,0,0,0
2026-07-10,vrs26_li_doc_ad_wellness_natl,running_clubs,leadgen,Hyderabad,312.45,678,0,0,0,0,0,0
2026-07-10,vrs26_li_doc_ad_wellness_natl,running_clubs,leadgen,Pune,241.37,544,8,8,0,0,0,0
2026-07-10,vrs26_li_doc_ad_wellness_natl,running_clubs,leadgen,Chennai,205.3,406,2,2,0,0,0,0
2026-07-10,vrs26_li_doc_ad_wellness_natl,senior_management,leadgen,Mumbai,701.53,1244,8,8,0,0,0,0
2026-07-10,vrs26_li_doc_ad_wellness_natl,senior_management,leadgen,Delhi NCR,520.46,1055,5,5,1,0,0,0
2026-07-10,vrs26_li_doc_ad_wellness_natl,senior_management,leadgen,Bengaluru,574.17,1307,12,12,1,0,0,0
2026-07-10,vrs26_li_doc_ad_wellness_natl,senior_management,leadgen,Hyderabad,315.91,736,6,6,0,0,0,0
2026-07-10,vrs26_li_doc_ad_wellness_natl,senior_management,leadgen,Pune,258.36,442,4,4,0,0,0,0
2026-07-10,vrs26_li_doc_ad_wellness_natl,senior_management,leadgen,Chennai,180.41,373,0,0,0,0,0,0
2026-07-11,vrs26_li_inmail_hr_leads_natl,hr_decision_makers,leadgen,Mumbai,619.87,1030,8,8,0,0,0,0
2026-07-11,vrs26_li_inmail_hr_leads_natl,hr_decision_makers,leadgen,Delhi NCR,522.37,902,10,10,0,0,0,0
2026-07-11,vrs26_li_inmail_hr_leads_natl,hr_decision_makers,leadgen,Bengaluru,525.1,1008,2,2,0,0,0,0
2026-07-11,vrs26_li_inmail_hr_leads_natl,hr_decision_makers,leadgen,Hyderabad,361.82,808,5,5,0,0,0,0
2026-07-11,vrs26_li_inmail_hr_leads_natl,hr_decision_makers,leadgen,Pune,216.39,378,2,2,0,0,0,0
2026-07-11,vrs26_li_inmail_hr_leads_natl,hr_decision_makers,leadgen,Chennai,185.21,377,2,2,0,0,0,0
2026-07-11,vrs26_li_inmail_hr_leads_natl,corporate_wellness,leadgen,Mumbai,636.47,1146,7,7,0,0,0,0
2026-07-11,vrs26_li_inmail_hr_leads_natl,corporate_wellness,leadgen,Delhi NCR,558.27,1103,7,7,0,0,0,0
2026-07-11,vrs26_li_inmail_hr_leads_natl,corporate_wellness,leadgen,Bengaluru,511.53,1194,4,4,0,0,0,0
2026-07-11,vrs26_li_inmail_hr_leads_natl,corporate_wellness,leadgen,Hyderabad,403.67,839,1,1,0,0,0,0
2026-07-11,vrs26_li_inmail_hr_leads_natl,corporate_wellness,leadgen,Pune,168.21,319,3,3,0,0,0,0
2026-07-11,vrs26_li_inmail_hr_leads_natl,corporate_wellness,leadgen,Chennai,152.6,309,0,0,0,0,0,0
2026-07-11,vrs26_li_inmail_hr_leads_natl,running_clubs,leadgen,Mumbai,634.12,1372,7,7,0,0,0,0
2026-07-11,vrs26_li_inmail_hr_leads_natl,running_clubs,leadgen,Delhi NCR,576.88,1189,7,7,1,1,1,499
2026-07-11,vrs26_li_inmail_hr_leads_natl,running_clubs,leadgen,Bengaluru,367.13,723,2,2,0,0,0,0
2026-07-11,vrs26_li_inmail_hr_leads_natl,running_clubs,leadgen,Hyderabad,373.34,745,4,4,0,0,0,0
2026-07-11,vrs26_li_inmail_hr_leads_natl,running_clubs,leadgen,Pune,257.34,568,4,4,0,0,0,0
2026-07-11,vrs26_li_inmail_hr_leads_natl,running_clubs,leadgen,Chennai,221.94,461,0,0,0,0,0,0
2026-07-11,vrs26_li_inmail_hr_leads_natl,senior_management,leadgen,Mumbai,641.29,1676,8,8,2,0,0,0
2026-07-11,vrs26_li_inmail_hr_leads_natl,senior_management,leadgen,Delhi NCR,552.89,1290,13,13,1,1,0,0
2026-07-11,vrs26_li_inmail_hr_leads_natl,senior_management,leadgen,Bengaluru,460.91,945,6,6,1,1,1,3998
2026-07-11,vrs26_li_inmail_hr_leads_natl,senior_management,leadgen,Hyderabad,310.25,560,2,2,1,1,1,1299
2026-07-11,vrs26_li_inmail_hr_leads_natl,senior_management,leadgen,Pune,262.69,478,5,5,0,0,0,0
2026-07-11,vrs26_li_inmail_hr_leads_natl,senior_management,leadgen,Chennai,202.73,428,2,2,0,0,0,0
2026-07-11,vrs26_li_conv_teamreg_mum,corporate_wellness,conversion,Mumbai,3508.36,7034,31,31,1,1,1,1299
2026-07-11,vrs26_li_conv_teamreg_mum,corporate_wellness,conversion,Delhi NCR,235.21,486,2,2,0,0,0,0
2026-07-11,vrs26_li_conv_teamreg_mum,corporate_wellness,conversion,Bengaluru,182.42,385,5,5,1,0,0,0
2026-07-11,vrs26_li_conv_teamreg_mum,corporate_wellness,conversion,Hyderabad,139.24,231,1,1,0,0,0,0
2026-07-11,vrs26_li_conv_teamreg_mum,corporate_wellness,conversion,Pune,109.34,209,2,2,0,0,0,0
2026-07-11,vrs26_li_conv_teamreg_mum,corporate_wellness,conversion,Chennai,79.25,137,2,2,0,0,0,0
2026-07-11,vrs26_li_conv_teamreg_mum,fitness_enthusiasts,conversion,Mumbai,3368.06,5559,30,30,2,1,0,0
2026-07-11,vrs26_li_conv_teamreg_mum,fitness_enthusiasts,conversion,Delhi NCR,259.09,526,4,4,0,0,0,0
2026-07-11,vrs26_li_conv_teamreg_mum,fitness_enthusiasts,conversion,Bengaluru,205.82,414,4,4,0,0,0,0
2026-07-11,vrs26_li_conv_teamreg_mum,fitness_enthusiasts,conversion,Hyderabad,216,451,2,2,0,0,0,0
2026-07-11,vrs26_li_conv_teamreg_mum,fitness_enthusiasts,conversion,Pune,98.47,192,0,0,0,0,0,0
2026-07-11,vrs26_li_conv_teamreg_mum,fitness_enthusiasts,conversion,Chennai,106.39,215,1,1,0,0,0,0
2026-07-11,vrs26_li_conv_teamreg_blr,hr_decision_makers,conversion,Mumbai,118.42,283,0,0,0,0,0,0
2026-07-11,vrs26_li_conv_teamreg_blr,hr_decision_makers,conversion,Delhi NCR,102.93,221,1,1,0,0,0,0
2026-07-11,vrs26_li_conv_teamreg_blr,hr_decision_makers,conversion,Bengaluru,1440.47,2561,14,14,3,0,0,0
2026-07-11,vrs26_li_conv_teamreg_blr,hr_decision_makers,conversion,Hyderabad,73.52,130,2,2,0,0,0,0
2026-07-11,vrs26_li_conv_teamreg_blr,hr_decision_makers,conversion,Pune,44.13,81,1,1,0,0,0,0
2026-07-11,vrs26_li_conv_teamreg_blr,hr_decision_makers,conversion,Chennai,43.6,100,1,1,0,0,0,0
2026-07-11,vrs26_li_conv_teamreg_blr,fitness_enthusiasts,conversion,Mumbai,115.28,256,3,3,0,0,0,0
2026-07-11,vrs26_li_conv_teamreg_blr,fitness_enthusiasts,conversion,Delhi NCR,101.72,201,0,0,0,0,0,0
2026-07-11,vrs26_li_conv_teamreg_blr,fitness_enthusiasts,conversion,Bengaluru,1453.65,3211,20,20,1,0,0,0
2026-07-11,vrs26_li_conv_teamreg_blr,fitness_enthusiasts,conversion,Hyderabad,67.36,148,1,1,0,0,0,0
2026-07-11,vrs26_li_conv_teamreg_blr,fitness_enthusiasts,conversion,Pune,50.39,93,0,0,0,0,0,0
2026-07-11,vrs26_li_conv_teamreg_blr,fitness_enthusiasts,conversion,Chennai,34.68,61,0,0,0,0,0,0
2026-07-11,vrs26_li_conv_teamreg_blr,running_clubs,conversion,Mumbai,116.16,263,1,1,0,0,0,0
2026-07-11,vrs26_li_conv_teamreg_blr,running_clubs,conversion,Delhi NCR,92.88,177,3,3,0,0,0,0
2026-07-11,vrs26_li_conv_teamreg_blr,running_clubs,conversion,Bengaluru,1458.88,2947,20,20,2,0,0,0
2026-07-11,vrs26_li_conv_teamreg_blr,running_clubs,conversion,Hyderabad,72.22,175,0,0,0,0,0,0
2026-07-11,vrs26_li_conv_teamreg_blr,running_clubs,conversion,Pune,42.5,99,1,1,0,0,0,0
2026-07-11,vrs26_li_conv_teamreg_blr,running_clubs,conversion,Chennai,40.44,92,1,1,0,0,0,0
2026-07-11,vrs26_li_conv_teamreg_blr,senior_management,conversion,Mumbai,97.06,233,1,1,0,0,0,0
2026-07-11,vrs26_li_conv_teamreg_blr,senior_management,conversion,Delhi NCR,83.99,164,1,1,1,1,1,799
2026-07-11,vrs26_li_conv_teamreg_blr,senior_management,conversion,Bengaluru,1504.96,2171,3,3,0,0,0,0
2026-07-11,vrs26_li_conv_teamreg_blr,senior_management,conversion,Hyderabad,60.83,137,1,1,0,0,0,0
2026-07-11,vrs26_li_conv_teamreg_blr,senior_management,conversion,Pune,41.08,75,0,0,0,0,0,0
2026-07-11,vrs26_li_conv_teamreg_blr,senior_management,conversion,Chennai,35.16,61,1,1,0,0,0,0
2026-07-11,vrs26_li_doc_ad_wellness_natl,hr_decision_makers,leadgen,Mumbai,508.27,821,3,3,1,0,0,0
2026-07-11,vrs26_li_doc_ad_wellness_natl,hr_decision_makers,leadgen,Delhi NCR,389.05,710,5,5,1,0,0,0
2026-07-11,vrs26_li_doc_ad_wellness_natl,hr_decision_makers,leadgen,Bengaluru,331.91,654,6,6,0,0,0,0
2026-07-11,vrs26_li_doc_ad_wellness_natl,hr_decision_makers,leadgen,Hyderabad,256.38,585,0,0,0,0,0,0
2026-07-11,vrs26_li_doc_ad_wellness_natl,hr_decision_makers,leadgen,Pune,171.1,313,1,1,0,0,0,0
2026-07-11,vrs26_li_doc_ad_wellness_natl,hr_decision_makers,leadgen,Chennai,166.37,300,1,1,0,0,0,0
2026-07-11,vrs26_li_doc_ad_wellness_natl,fitness_enthusiasts,leadgen,Mumbai,421.68,903,4,4,0,0,0,0
2026-07-11,vrs26_li_doc_ad_wellness_natl,fitness_enthusiasts,leadgen,Delhi NCR,417.37,884,2,2,0,0,0,0
2026-07-11,vrs26_li_doc_ad_wellness_natl,fitness_enthusiasts,leadgen,Bengaluru,389.6,770,3,3,1,0,0,0
2026-07-11,vrs26_li_doc_ad_wellness_natl,fitness_enthusiasts,leadgen,Hyderabad,254.93,560,4,4,0,0,0,0
2026-07-11,vrs26_li_doc_ad_wellness_natl,fitness_enthusiasts,leadgen,Pune,194.17,347,3,3,0,0,0,0
2026-07-11,vrs26_li_doc_ad_wellness_natl,fitness_enthusiasts,leadgen,Chennai,145.33,306,0,0,0,0,0,0
2026-07-11,vrs26_li_doc_ad_wellness_natl,running_clubs,leadgen,Mumbai,547.5,1243,9,9,0,0,0,0
2026-07-11,vrs26_li_doc_ad_wellness_natl,running_clubs,leadgen,Delhi NCR,386.56,776,5,5,1,0,0,0
2026-07-11,vrs26_li_doc_ad_wellness_natl,running_clubs,leadgen,Bengaluru,344.42,719,3,3,1,0,0,0
2026-07-11,vrs26_li_doc_ad_wellness_natl,running_clubs,leadgen,Hyderabad,239.06,522,1,1,1,0,0,0
2026-07-11,vrs26_li_doc_ad_wellness_natl,running_clubs,leadgen,Pune,160.74,325,2,2,0,0,0,0
2026-07-11,vrs26_li_doc_ad_wellness_natl,running_clubs,leadgen,Chennai,144.8,280,0,0,0,0,0,0
2026-07-11,vrs26_li_doc_ad_wellness_natl,senior_management,leadgen,Mumbai,515.52,1146,6,6,0,0,0,0
2026-07-11,vrs26_li_doc_ad_wellness_natl,senior_management,leadgen,Delhi NCR,359.55,786,4,4,1,1,0,0
2026-07-11,vrs26_li_doc_ad_wellness_natl,senior_management,leadgen,Bengaluru,352.78,919,6,6,0,0,0,0
2026-07-11,vrs26_li_doc_ad_wellness_natl,senior_management,leadgen,Hyderabad,243.03,470,1,1,0,0,0,0
2026-07-11,vrs26_li_doc_ad_wellness_natl,senior_management,leadgen,Pune,207.83,429,6,6,1,0,0,0
2026-07-11,vrs26_li_doc_ad_wellness_natl,senior_management,leadgen,Chennai,144.35,277,2,2,0,0,0,0
2026-07-12,vrs26_li_inmail_hr_leads_natl,hr_decision_makers,leadgen,Mumbai,967.68,2282,14,14,1,0,0,0
2026-07-12,vrs26_li_inmail_hr_leads_natl,hr_decision_makers,leadgen,Delhi NCR,725.62,1446,9,9,1,1,0,0
2026-07-12,vrs26_li_inmail_hr_leads_natl,hr_decision_makers,leadgen,Bengaluru,752.84,1541,11,11,0,0,0,0
2026-07-12,vrs26_li_inmail_hr_leads_natl,hr_decision_makers,leadgen,Hyderabad,508.94,1144,3,3,0,0,0,0
2026-07-12,vrs26_li_inmail_hr_leads_natl,hr_decision_makers,leadgen,Pune,356.77,746,4,4,0,0,0,0
2026-07-12,vrs26_li_inmail_hr_leads_natl,hr_decision_makers,leadgen,Chennai,282.1,572,8,8,1,1,0,0
2026-07-12,vrs26_li_inmail_hr_leads_natl,fitness_enthusiasts,leadgen,Mumbai,1046.44,1845,9,9,1,1,1,6499
2026-07-12,vrs26_li_inmail_hr_leads_natl,fitness_enthusiasts,leadgen,Delhi NCR,688.61,1551,11,11,2,1,1,799
2026-07-12,vrs26_li_inmail_hr_leads_natl,fitness_enthusiasts,leadgen,Bengaluru,664.99,1309,6,6,0,0,0,0
2026-07-12,vrs26_li_inmail_hr_leads_natl,fitness_enthusiasts,leadgen,Hyderabad,547.12,924,7,7,0,0,0,0
2026-07-12,vrs26_li_inmail_hr_leads_natl,fitness_enthusiasts,leadgen,Pune,371.29,836,4,4,0,0,0,0
2026-07-12,vrs26_li_inmail_hr_leads_natl,fitness_enthusiasts,leadgen,Chennai,275.49,541,1,1,0,0,0,0
2026-07-12,vrs26_li_inmail_hr_leads_natl,running_clubs,leadgen,Mumbai,1000.83,2333,21,21,0,0,0,0
2026-07-12,vrs26_li_inmail_hr_leads_natl,running_clubs,leadgen,Delhi NCR,735.34,1466,13,13,0,0,0,0
2026-07-12,vrs26_li_inmail_hr_leads_natl,running_clubs,leadgen,Bengaluru,722.62,1371,6,6,0,0,0,0
2026-07-12,vrs26_li_inmail_hr_leads_natl,running_clubs,leadgen,Hyderabad,432.25,1002,9,9,0,0,0,0
2026-07-12,vrs26_li_inmail_hr_leads_natl,running_clubs,leadgen,Pune,385.46,780,7,7,0,0,0,0
2026-07-12,vrs26_li_inmail_hr_leads_natl,running_clubs,leadgen,Chennai,317.44,657,4,4,0,0,0,0
2026-07-12,vrs26_li_conv_teamreg_mum,hr_decision_makers,conversion,Mumbai,1982.94,3756,24,24,0,0,0,0
2026-07-12,vrs26_li_conv_teamreg_mum,hr_decision_makers,conversion,Delhi NCR,116.76,235,3,3,0,0,0,0
2026-07-12,vrs26_li_conv_teamreg_mum,hr_decision_makers,conversion,Bengaluru,85.05,205,1,1,0,0,0,0
2026-07-12,vrs26_li_conv_teamreg_mum,hr_decision_makers,conversion,Hyderabad,76.59,178,1,1,0,0,0,0
2026-07-12,vrs26_li_conv_teamreg_mum,hr_decision_makers,conversion,Pune,49.66,108,1,1,0,0,0,0
2026-07-12,vrs26_li_conv_teamreg_mum,hr_decision_makers,conversion,Chennai,47.52,111,0,0,0,0,0,0
2026-07-12,vrs26_li_conv_teamreg_mum,corporate_wellness,conversion,Mumbai,1971.61,4128,25,25,0,0,0,0
2026-07-12,vrs26_li_conv_teamreg_mum,corporate_wellness,conversion,Delhi NCR,108.77,217,1,1,0,0,0,0
2026-07-12,vrs26_li_conv_teamreg_mum,corporate_wellness,conversion,Bengaluru,121.38,242,1,1,0,0,0,0
2026-07-12,vrs26_li_conv_teamreg_mum,corporate_wellness,conversion,Hyderabad,62.33,129,1,1,0,0,0,0
2026-07-12,vrs26_li_conv_teamreg_mum,corporate_wellness,conversion,Pune,54.5,106,2,2,0,0,0,0
2026-07-12,vrs26_li_conv_teamreg_mum,corporate_wellness,conversion,Chennai,39.93,76,1,1,1,0,0,0
2026-07-12,vrs26_li_conv_teamreg_mum,fitness_enthusiasts,conversion,Mumbai,1960.19,3386,19,19,0,0,0,0
2026-07-12,vrs26_li_conv_teamreg_mum,fitness_enthusiasts,conversion,Delhi NCR,139.47,301,4,4,0,0,0,0
2026-07-12,vrs26_li_conv_teamreg_mum,fitness_enthusiasts,conversion,Bengaluru,88.47,187,2,2,0,0,0,0
2026-07-12,vrs26_li_conv_teamreg_mum,fitness_enthusiasts,conversion,Hyderabad,80.12,189,0,0,0,0,0,0
2026-07-12,vrs26_li_conv_teamreg_mum,fitness_enthusiasts,conversion,Pune,51.12,103,1,1,0,0,0,0
2026-07-12,vrs26_li_conv_teamreg_mum,fitness_enthusiasts,conversion,Chennai,39.16,75,1,1,0,0,0,0
2026-07-12,vrs26_li_conv_teamreg_mum,running_clubs,conversion,Mumbai,1929.26,3536,20,20,1,0,0,0
2026-07-12,vrs26_li_conv_teamreg_mum,running_clubs,conversion,Delhi NCR,111.02,236,2,2,0,0,0,0
2026-07-12,vrs26_li_conv_teamreg_mum,running_clubs,conversion,Bengaluru,127.89,251,0,0,0,0,0,0
2026-07-12,vrs26_li_conv_teamreg_mum,running_clubs,conversion,Hyderabad,89.71,210,2,2,0,0,0,0
2026-07-12,vrs26_li_conv_teamreg_mum,running_clubs,conversion,Pune,57.08,123,0,0,0,0,0,0
2026-07-12,vrs26_li_conv_teamreg_mum,running_clubs,conversion,Chennai,43.56,87,1,1,0,0,0,0
2026-07-12,vrs26_li_conv_teamreg_blr,corporate_wellness,conversion,Mumbai,172.9,341,1,1,0,0,0,0
2026-07-12,vrs26_li_conv_teamreg_blr,corporate_wellness,conversion,Delhi NCR,187.65,380,0,0,0,0,0,0
2026-07-12,vrs26_li_conv_teamreg_blr,corporate_wellness,conversion,Bengaluru,2112.49,4486,18,18,0,0,0,0
2026-07-12,vrs26_li_conv_teamreg_blr,corporate_wellness,conversion,Hyderabad,109.39,237,1,1,0,0,0,0
2026-07-12,vrs26_li_conv_teamreg_blr,corporate_wellness,conversion,Pune,69.38,125,1,1,0,0,0,0
2026-07-12,vrs26_li_conv_teamreg_blr,corporate_wellness,conversion,Chennai,43.63,107,0,0,0,0,0,0
2026-07-12,vrs26_li_conv_teamreg_blr,fitness_enthusiasts,conversion,Mumbai,169.02,343,3,3,0,0,0,0
2026-07-12,vrs26_li_conv_teamreg_blr,fitness_enthusiasts,conversion,Delhi NCR,129.51,301,4,4,0,0,0,0
2026-07-12,vrs26_li_conv_teamreg_blr,fitness_enthusiasts,conversion,Bengaluru,2166.31,3567,16,16,0,0,0,0
2026-07-12,vrs26_li_conv_teamreg_blr,fitness_enthusiasts,conversion,Hyderabad,109.79,229,1,1,0,0,0,0
2026-07-12,vrs26_li_conv_teamreg_blr,fitness_enthusiasts,conversion,Pune,69.38,159,1,1,0,0,0,0
2026-07-12,vrs26_li_conv_teamreg_blr,fitness_enthusiasts,conversion,Chennai,51.45,121,0,0,0,0,0,0
2026-07-12,vrs26_li_conv_teamreg_blr,running_clubs,conversion,Mumbai,175.41,398,0,0,0,0,0,0
2026-07-12,vrs26_li_conv_teamreg_blr,running_clubs,conversion,Delhi NCR,148.83,308,2,2,0,0,0,0
2026-07-12,vrs26_li_conv_teamreg_blr,running_clubs,conversion,Bengaluru,2181.13,4777,22,22,2,2,2,2397
2026-07-12,vrs26_li_conv_teamreg_blr,running_clubs,conversion,Hyderabad,72.54,134,2,2,1,0,0,0
2026-07-12,vrs26_li_conv_teamreg_blr,running_clubs,conversion,Pune,66.32,134,2,2,0,0,0,0
2026-07-12,vrs26_li_conv_teamreg_blr,running_clubs,conversion,Chennai,51.22,108,0,0,0,0,0,0
2026-07-12,vrs26_li_doc_ad_wellness_natl,hr_decision_makers,leadgen,Mumbai,607.66,1227,6,6,0,0,0,0
2026-07-12,vrs26_li_doc_ad_wellness_natl,hr_decision_makers,leadgen,Delhi NCR,450.04,941,3,3,1,0,0,0
2026-07-12,vrs26_li_doc_ad_wellness_natl,hr_decision_makers,leadgen,Bengaluru,325.6,742,8,8,0,0,0,0
2026-07-12,vrs26_li_doc_ad_wellness_natl,hr_decision_makers,leadgen,Hyderabad,308.71,558,4,4,2,1,1,499
2026-07-12,vrs26_li_doc_ad_wellness_natl,hr_decision_makers,leadgen,Pune,185.3,430,1,1,0,0,0,0
2026-07-12,vrs26_li_doc_ad_wellness_natl,hr_decision_makers,leadgen,Chennai,144.28,304,2,2,0,0,0,0
2026-07-12,vrs26_li_doc_ad_wellness_natl,corporate_wellness,leadgen,Mumbai,563.01,1082,3,3,1,0,0,0
2026-07-12,vrs26_li_doc_ad_wellness_natl,corporate_wellness,leadgen,Delhi NCR,497.89,1019,2,2,0,0,0,0
2026-07-12,vrs26_li_doc_ad_wellness_natl,corporate_wellness,leadgen,Bengaluru,406.08,799,5,5,1,1,1,1299
2026-07-12,vrs26_li_doc_ad_wellness_natl,corporate_wellness,leadgen,Hyderabad,244.66,506,1,1,0,0,0,0
2026-07-12,vrs26_li_doc_ad_wellness_natl,corporate_wellness,leadgen,Pune,178.91,303,2,2,0,0,0,0
2026-07-12,vrs26_li_doc_ad_wellness_natl,corporate_wellness,leadgen,Chennai,131.04,269,3,3,0,0,0,0
2026-07-12,vrs26_li_doc_ad_wellness_natl,fitness_enthusiasts,leadgen,Mumbai,533.36,1027,5,5,0,0,0,0
2026-07-12,vrs26_li_doc_ad_wellness_natl,fitness_enthusiasts,leadgen,Delhi NCR,418.09,788,4,4,0,0,0,0
2026-07-12,vrs26_li_doc_ad_wellness_natl,fitness_enthusiasts,leadgen,Bengaluru,448.9,971,5,5,0,0,0,0
2026-07-12,vrs26_li_doc_ad_wellness_natl,fitness_enthusiasts,leadgen,Hyderabad,264.94,611,6,6,1,0,0,0
2026-07-12,vrs26_li_doc_ad_wellness_natl,fitness_enthusiasts,leadgen,Pune,209.88,402,1,1,0,0,0,0
2026-07-12,vrs26_li_doc_ad_wellness_natl,fitness_enthusiasts,leadgen,Chennai,146.41,299,1,1,0,0,0,0
2026-07-12,vrs26_li_doc_ad_wellness_natl,running_clubs,leadgen,Mumbai,551.42,1022,7,7,1,0,0,0
2026-07-12,vrs26_li_doc_ad_wellness_natl,running_clubs,leadgen,Delhi NCR,404.19,852,7,7,0,0,0,0
2026-07-12,vrs26_li_doc_ad_wellness_natl,running_clubs,leadgen,Bengaluru,436.77,1107,8,8,3,0,0,0
2026-07-12,vrs26_li_doc_ad_wellness_natl,running_clubs,leadgen,Hyderabad,266.45,512,1,1,0,0,0,0
2026-07-12,vrs26_li_doc_ad_wellness_natl,running_clubs,leadgen,Pune,195.32,419,3,3,0,0,0,0
2026-07-12,vrs26_li_doc_ad_wellness_natl,running_clubs,leadgen,Chennai,167.44,324,1,1,0,0,0,0
2026-07-13,vrs26_li_inmail_hr_leads_natl,corporate_wellness,leadgen,Mumbai,1095.34,1869,5,5,1,1,0,0
2026-07-13,vrs26_li_inmail_hr_leads_natl,corporate_wellness,leadgen,Delhi NCR,927.35,2197,15,15,1,0,0,0
2026-07-13,vrs26_li_inmail_hr_leads_natl,corporate_wellness,leadgen,Bengaluru,641.95,1357,8,8,0,0,0,0
2026-07-13,vrs26_li_inmail_hr_leads_natl,corporate_wellness,leadgen,Hyderabad,598,1151,7,7,0,0,0,0
2026-07-13,vrs26_li_inmail_hr_leads_natl,corporate_wellness,leadgen,Pune,357.02,552,6,6,0,0,0,0
2026-07-13,vrs26_li_inmail_hr_leads_natl,corporate_wellness,leadgen,Chennai,241.96,490,0,0,0,0,0,0
2026-07-13,vrs26_li_inmail_hr_leads_natl,fitness_enthusiasts,leadgen,Mumbai,951.54,1824,9,9,0,0,0,0
2026-07-13,vrs26_li_inmail_hr_leads_natl,fitness_enthusiasts,leadgen,Delhi NCR,1025.22,2056,13,13,1,0,0,0
2026-07-13,vrs26_li_inmail_hr_leads_natl,fitness_enthusiasts,leadgen,Bengaluru,798.1,1463,8,8,1,0,0,0
2026-07-13,vrs26_li_inmail_hr_leads_natl,fitness_enthusiasts,leadgen,Hyderabad,477.68,868,5,5,1,0,0,0
2026-07-13,vrs26_li_inmail_hr_leads_natl,fitness_enthusiasts,leadgen,Pune,338.02,747,2,2,0,0,0,0
2026-07-13,vrs26_li_inmail_hr_leads_natl,fitness_enthusiasts,leadgen,Chennai,271.07,564,2,2,0,0,0,0
2026-07-13,vrs26_li_inmail_hr_leads_natl,senior_management,leadgen,Mumbai,1117.57,2376,19,19,1,0,0,0
2026-07-13,vrs26_li_inmail_hr_leads_natl,senior_management,leadgen,Delhi NCR,747.37,1633,12,12,0,0,0,0
2026-07-13,vrs26_li_inmail_hr_leads_natl,senior_management,leadgen,Bengaluru,846.69,1704,11,11,2,1,0,0
2026-07-13,vrs26_li_inmail_hr_leads_natl,senior_management,leadgen,Hyderabad,510.77,1054,8,8,0,0,0,0
2026-07-13,vrs26_li_inmail_hr_leads_natl,senior_management,leadgen,Pune,336.92,679,4,4,0,0,0,0
2026-07-13,vrs26_li_inmail_hr_leads_natl,senior_management,leadgen,Chennai,302.31,522,1,1,0,0,0,0
2026-07-13,vrs26_li_conv_teamreg_mum,hr_decision_makers,conversion,Mumbai,2676.25,4502,19,19,2,1,1,2999
2026-07-13,vrs26_li_conv_teamreg_mum,hr_decision_makers,conversion,Delhi NCR,207.22,460,4,4,0,0,0,0
2026-07-13,vrs26_li_conv_teamreg_mum,hr_decision_makers,conversion,Bengaluru,201.13,379,2,2,0,0,0,0
2026-07-13,vrs26_li_conv_teamreg_mum,hr_decision_makers,conversion,Hyderabad,126.88,283,2,2,0,0,0,0
2026-07-13,vrs26_li_conv_teamreg_mum,hr_decision_makers,conversion,Pune,96.58,189,0,0,0,0,0,0
2026-07-13,vrs26_li_conv_teamreg_mum,hr_decision_makers,conversion,Chennai,70.86,115,0,0,0,0,0,0
2026-07-13,vrs26_li_conv_teamreg_mum,running_clubs,conversion,Mumbai,2721.05,5120,48,48,4,2,1,1299
2026-07-13,vrs26_li_conv_teamreg_mum,running_clubs,conversion,Delhi NCR,200.66,443,2,2,0,0,0,0
2026-07-13,vrs26_li_conv_teamreg_mum,running_clubs,conversion,Bengaluru,172.28,354,2,2,0,0,0,0
2026-07-13,vrs26_li_conv_teamreg_mum,running_clubs,conversion,Hyderabad,121.54,249,2,2,0,0,0,0
2026-07-13,vrs26_li_conv_teamreg_mum,running_clubs,conversion,Pune,98.35,175,1,1,0,0,0,0
2026-07-13,vrs26_li_conv_teamreg_mum,running_clubs,conversion,Chennai,65.06,110,1,1,0,0,0,0
2026-07-13,vrs26_li_conv_teamreg_mum,senior_management,conversion,Mumbai,2806.92,5402,41,41,3,2,2,4298
2026-07-13,vrs26_li_conv_teamreg_mum,senior_management,conversion,Delhi NCR,156.23,352,3,3,0,0,0,0
2026-07-13,vrs26_li_conv_teamreg_mum,senior_management,conversion,Bengaluru,146.46,347,0,0,0,0,0,0
2026-07-13,vrs26_li_conv_teamreg_mum,senior_management,conversion,Hyderabad,104.95,206,1,1,0,0,0,0
2026-07-13,vrs26_li_conv_teamreg_mum,senior_management,conversion,Pune,89.86,179,0,0,0,0,0,0
2026-07-13,vrs26_li_conv_teamreg_mum,senior_management,conversion,Chennai,74.5,163,1,1,0,0,0,0
2026-07-13,vrs26_li_conv_teamreg_blr,running_clubs,conversion,Mumbai,292.59,645,5,5,2,0,0,0
2026-07-13,vrs26_li_conv_teamreg_blr,running_clubs,conversion,Delhi NCR,214.37,440,2,2,0,0,0,0
2026-07-13,vrs26_li_conv_teamreg_blr,running_clubs,conversion,Bengaluru,3500.74,6659,32,32,2,2,0,0
2026-07-13,vrs26_li_conv_teamreg_blr,running_clubs,conversion,Hyderabad,167.3,304,2,2,0,0,0,0
2026-07-13,vrs26_li_conv_teamreg_blr,running_clubs,conversion,Pune,79.27,138,0,0,0,0,0,0
2026-07-13,vrs26_li_conv_teamreg_blr,running_clubs,conversion,Chennai,90.06,183,0,0,0,0,0,0
2026-07-13,vrs26_li_conv_teamreg_blr,senior_management,conversion,Mumbai,280.32,606,5,5,1,0,0,0
2026-07-13,vrs26_li_conv_teamreg_blr,senior_management,conversion,Delhi NCR,246.82,437,2,2,0,0,0,0
2026-07-13,vrs26_li_conv_teamreg_blr,senior_management,conversion,Bengaluru,3470.55,7160,35,35,3,2,2,3998
2026-07-13,vrs26_li_conv_teamreg_blr,senior_management,conversion,Hyderabad,129.37,279,4,4,0,0,0,0
2026-07-13,vrs26_li_conv_teamreg_blr,senior_management,conversion,Pune,109.55,215,1,1,0,0,0,0
2026-07-13,vrs26_li_conv_teamreg_blr,senior_management,conversion,Chennai,107.73,197,1,1,0,0,0,0
2026-07-13,vrs26_li_doc_ad_wellness_natl,hr_decision_makers,leadgen,Mumbai,562.64,1295,6,6,0,0,0,0
2026-07-13,vrs26_li_doc_ad_wellness_natl,hr_decision_makers,leadgen,Delhi NCR,545.65,1097,5,5,0,0,0,0
2026-07-13,vrs26_li_doc_ad_wellness_natl,hr_decision_makers,leadgen,Bengaluru,431.06,928,2,2,0,0,0,0
2026-07-13,vrs26_li_doc_ad_wellness_natl,hr_decision_makers,leadgen,Hyderabad,283.25,626,7,7,0,0,0,0
2026-07-13,vrs26_li_doc_ad_wellness_natl,hr_decision_makers,leadgen,Pune,195.96,374,4,4,0,0,0,0
2026-07-13,vrs26_li_doc_ad_wellness_natl,hr_decision_makers,leadgen,Chennai,153.61,302,1,1,0,0,0,0
2026-07-13,vrs26_li_doc_ad_wellness_natl,corporate_wellness,leadgen,Mumbai,609.9,1377,11,11,1,0,0,0
2026-07-13,vrs26_li_doc_ad_wellness_natl,corporate_wellness,leadgen,Delhi NCR,414.2,703,3,3,0,0,0,0
2026-07-13,vrs26_li_doc_ad_wellness_natl,corporate_wellness,leadgen,Bengaluru,453.57,727,8,8,2,2,2,1798
2026-07-13,vrs26_li_doc_ad_wellness_natl,corporate_wellness,leadgen,Hyderabad,327.19,710,2,2,0,0,0,0
2026-07-13,vrs26_li_doc_ad_wellness_natl,corporate_wellness,leadgen,Pune,197.04,410,4,4,0,0,0,0
2026-07-13,vrs26_li_doc_ad_wellness_natl,corporate_wellness,leadgen,Chennai,170.26,322,1,1,1,1,1,2499
2026-07-13,vrs26_li_doc_ad_wellness_natl,running_clubs,leadgen,Mumbai,630.49,1173,10,10,1,0,0,0
2026-07-13,vrs26_li_doc_ad_wellness_natl,running_clubs,leadgen,Delhi NCR,434.87,987,3,3,0,0,0,0
2026-07-13,vrs26_li_doc_ad_wellness_natl,running_clubs,leadgen,Bengaluru,385.97,640,4,4,0,0,0,0
2026-07-13,vrs26_li_doc_ad_wellness_natl,running_clubs,leadgen,Hyderabad,325.53,515,2,2,0,0,0,0
2026-07-13,vrs26_li_doc_ad_wellness_natl,running_clubs,leadgen,Pune,221.38,472,2,2,0,0,0,0
2026-07-13,vrs26_li_doc_ad_wellness_natl,running_clubs,leadgen,Chennai,173.92,326,1,1,0,0,0,0
2026-07-13,vrs26_li_doc_ad_wellness_natl,senior_management,leadgen,Mumbai,534.78,960,6,6,0,0,0,0
2026-07-13,vrs26_li_doc_ad_wellness_natl,senior_management,leadgen,Delhi NCR,453.59,864,4,4,1,0,0,0
2026-07-13,vrs26_li_doc_ad_wellness_natl,senior_management,leadgen,Bengaluru,404.48,812,8,8,0,0,0,0
2026-07-13,vrs26_li_doc_ad_wellness_natl,senior_management,leadgen,Hyderabad,356.16,687,3,3,0,0,0,0
2026-07-13,vrs26_li_doc_ad_wellness_natl,senior_management,leadgen,Pune,248.31,460,4,4,1,0,0,0
2026-07-13,vrs26_li_doc_ad_wellness_natl,senior_management,leadgen,Chennai,174.85,293,2,2,1,1,1,1299
2026-07-14,vrs26_li_inmail_hr_leads_natl,fitness_enthusiasts,leadgen,Mumbai,763.84,1663,10,10,0,0,0,0
2026-07-14,vrs26_li_inmail_hr_leads_natl,fitness_enthusiasts,leadgen,Delhi NCR,945.01,1611,12,12,0,0,0,0
2026-07-14,vrs26_li_inmail_hr_leads_natl,fitness_enthusiasts,leadgen,Bengaluru,671.54,1346,9,9,1,1,0,0
2026-07-14,vrs26_li_inmail_hr_leads_natl,fitness_enthusiasts,leadgen,Hyderabad,450.79,1002,4,4,0,0,0,0
2026-07-14,vrs26_li_inmail_hr_leads_natl,fitness_enthusiasts,leadgen,Pune,369.36,814,3,3,0,0,0,0
2026-07-14,vrs26_li_inmail_hr_leads_natl,fitness_enthusiasts,leadgen,Chennai,263.12,543,4,4,0,0,0,0
2026-07-14,vrs26_li_inmail_hr_leads_natl,running_clubs,leadgen,Mumbai,867.98,1888,17,17,3,0,0,0
2026-07-14,vrs26_li_inmail_hr_leads_natl,running_clubs,leadgen,Delhi NCR,729.2,1326,4,4,0,0,0,0
2026-07-14,vrs26_li_inmail_hr_leads_natl,running_clubs,leadgen,Bengaluru,743.88,1373,3,3,0,0,0,0
2026-07-14,vrs26_li_inmail_hr_leads_natl,running_clubs,leadgen,Hyderabad,470.48,1007,7,7,0,0,0,0
2026-07-14,vrs26_li_inmail_hr_leads_natl,running_clubs,leadgen,Pune,332.02,695,5,5,0,0,0,0
2026-07-14,vrs26_li_inmail_hr_leads_natl,running_clubs,leadgen,Chennai,320.09,556,3,3,0,0,0,0
2026-07-14,vrs26_li_inmail_hr_leads_natl,senior_management,leadgen,Mumbai,973.52,1721,16,16,0,0,0,0
2026-07-14,vrs26_li_inmail_hr_leads_natl,senior_management,leadgen,Delhi NCR,757.99,1812,15,15,0,0,0,0
2026-07-14,vrs26_li_inmail_hr_leads_natl,senior_management,leadgen,Bengaluru,663.75,1336,9,9,0,0,0,0
2026-07-14,vrs26_li_inmail_hr_leads_natl,senior_management,leadgen,Hyderabad,439.66,846,6,6,0,0,0,0
2026-07-14,vrs26_li_inmail_hr_leads_natl,senior_management,leadgen,Pune,311.76,622,8,8,0,0,0,0
2026-07-14,vrs26_li_inmail_hr_leads_natl,senior_management,leadgen,Chennai,316.97,616,4,4,0,0,0,0
2026-07-14,vrs26_li_conv_teamreg_mum,corporate_wellness,conversion,Mumbai,2428.68,4407,27,27,2,0,0,0
2026-07-14,vrs26_li_conv_teamreg_mum,corporate_wellness,conversion,Delhi NCR,195.47,417,3,3,0,0,0,0
2026-07-14,vrs26_li_conv_teamreg_mum,corporate_wellness,conversion,Bengaluru,168.58,351,2,2,0,0,0,0
2026-07-14,vrs26_li_conv_teamreg_mum,corporate_wellness,conversion,Hyderabad,109.54,223,0,0,0,0,0,0
2026-07-14,vrs26_li_conv_teamreg_mum,corporate_wellness,conversion,Pune,66.62,133,3,3,0,0,0,0
2026-07-14,vrs26_li_conv_teamreg_mum,corporate_wellness,conversion,Chennai,61.81,141,1,1,0,0,0,0
2026-07-14,vrs26_li_conv_teamreg_mum,fitness_enthusiasts,conversion,Mumbai,2510.81,5062,28,28,1,0,0,0
2026-07-14,vrs26_li_conv_teamreg_mum,fitness_enthusiasts,conversion,Delhi NCR,167.6,358,5,5,0,0,0,0
2026-07-14,vrs26_li_conv_teamreg_mum,fitness_enthusiasts,conversion,Bengaluru,148,322,1,1,0,0,0,0
2026-07-14,vrs26_li_conv_teamreg_mum,fitness_enthusiasts,conversion,Hyderabad,91.93,204,1,1,0,0,0,0
2026-07-14,vrs26_li_conv_teamreg_mum,fitness_enthusiasts,conversion,Pune,45.87,89,0,0,0,0,0,0
2026-07-14,vrs26_li_conv_teamreg_mum,fitness_enthusiasts,conversion,Chennai,66.48,136,1,1,0,0,0,0
2026-07-14,vrs26_li_conv_teamreg_mum,senior_management,conversion,Mumbai,2570.81,5139,28,28,4,2,0,0
2026-07-14,vrs26_li_conv_teamreg_mum,senior_management,conversion,Delhi NCR,138.96,269,2,2,0,0,0,0
2026-07-14,vrs26_li_conv_teamreg_mum,senior_management,conversion,Bengaluru,101.61,167,1,1,0,0,0,0
2026-07-14,vrs26_li_conv_teamreg_mum,senior_management,conversion,Hyderabad,96.47,187,2,2,0,0,0,0
2026-07-14,vrs26_li_conv_teamreg_mum,senior_management,conversion,Pune,61.52,89,2,2,0,0,0,0
2026-07-14,vrs26_li_conv_teamreg_mum,senior_management,conversion,Chennai,61.33,127,0,0,0,0,0,0
2026-07-14,vrs26_li_conv_teamreg_blr,corporate_wellness,conversion,Mumbai,191.46,393,3,3,1,1,1,2499
2026-07-14,vrs26_li_conv_teamreg_blr,corporate_wellness,conversion,Delhi NCR,182.09,406,4,4,0,0,0,0
2026-07-14,vrs26_li_conv_teamreg_blr,corporate_wellness,conversion,Bengaluru,3276.08,6811,43,43,1,0,0,0
2026-07-14,vrs26_li_conv_teamreg_blr,corporate_wellness,conversion,Hyderabad,89.29,174,0,0,0,0,0,0
2026-07-14,vrs26_li_conv_teamreg_blr,corporate_wellness,conversion,Pune,91.76,202,2,2,0,0,0,0
2026-07-14,vrs26_li_conv_teamreg_blr,corporate_wellness,conversion,Chennai,65.93,126,0,0,0,0,0,0
2026-07-14,vrs26_li_conv_teamreg_blr,senior_management,conversion,Mumbai,241.81,461,2,2,0,0,0,0
2026-07-14,vrs26_li_conv_teamreg_blr,senior_management,conversion,Delhi NCR,164.09,343,2,2,0,0,0,0
2026-07-14,vrs26_li_conv_teamreg_blr,senior_management,conversion,Bengaluru,3239.8,6369,46,46,5,2,1,2499
2026-07-14,vrs26_li_conv_teamreg_blr,senior_management,conversion,Hyderabad,125.06,270,2,2,0,0,0,0
2026-07-14,vrs26_li_conv_teamreg_blr,senior_management,conversion,Pune,64.78,176,1,1,0,0,0,0
2026-07-14,vrs26_li_conv_teamreg_blr,senior_management,conversion,Chennai,61.07,122,0,0,0,0,0,0
2026-07-14,vrs26_li_doc_ad_wellness_natl,hr_decision_makers,leadgen,Mumbai,677.58,1361,6,6,0,0,0,0
2026-07-14,vrs26_li_doc_ad_wellness_natl,hr_decision_makers,leadgen,Delhi NCR,454.36,805,2,2,0,0,0,0
2026-07-14,vrs26_li_doc_ad_wellness_natl,hr_decision_makers,leadgen,Bengaluru,556.55,1160,9,9,0,0,0,0
2026-07-14,vrs26_li_doc_ad_wellness_natl,hr_decision_makers,leadgen,Hyderabad,440.15,798,5,5,0,0,0,0
2026-07-14,vrs26_li_doc_ad_wellness_natl,hr_decision_makers,leadgen,Pune,254.81,453,2,2,1,1,1,2499
2026-07-14,vrs26_li_doc_ad_wellness_natl,hr_decision_makers,leadgen,Chennai,214.29,451,3,3,0,0,0,0
2026-07-14,vrs26_li_doc_ad_wellness_natl,fitness_enthusiasts,leadgen,Mumbai,751.58,1468,10,10,3,2,2,3298
2026-07-14,vrs26_li_doc_ad_wellness_natl,fitness_enthusiasts,leadgen,Delhi NCR,479,1000,7,7,1,1,1,499
2026-07-14,vrs26_li_doc_ad_wellness_natl,fitness_enthusiasts,leadgen,Bengaluru,553.07,1099,4,4,0,0,0,0
2026-07-14,vrs26_li_doc_ad_wellness_natl,fitness_enthusiasts,leadgen,Hyderabad,369.56,764,5,5,1,0,0,0
2026-07-14,vrs26_li_doc_ad_wellness_natl,fitness_enthusiasts,leadgen,Pune,273.35,582,6,6,0,0,0,0
2026-07-14,vrs26_li_doc_ad_wellness_natl,fitness_enthusiasts,leadgen,Chennai,171.18,406,2,2,0,0,0,0
2026-07-14,vrs26_li_doc_ad_wellness_natl,running_clubs,leadgen,Mumbai,735.64,1398,5,5,0,0,0,0
2026-07-14,vrs26_li_doc_ad_wellness_natl,running_clubs,leadgen,Delhi NCR,609.49,1215,7,7,0,0,0,0
2026-07-14,vrs26_li_doc_ad_wellness_natl,running_clubs,leadgen,Bengaluru,537.02,1070,7,7,1,1,1,1299
2026-07-14,vrs26_li_doc_ad_wellness_natl,running_clubs,leadgen,Hyderabad,310.31,664,7,7,0,0,0,0
2026-07-14,vrs26_li_doc_ad_wellness_natl,running_clubs,leadgen,Pune,209.23,405,2,2,0,0,0,0
2026-07-14,vrs26_li_doc_ad_wellness_natl,running_clubs,leadgen,Chennai,196.06,449,5,5,0,0,0,0
2026-07-15,vrs26_li_inmail_hr_leads_natl,hr_decision_makers,leadgen,Mumbai,1326.38,2178,13,13,1,0,0,0
2026-07-15,vrs26_li_inmail_hr_leads_natl,hr_decision_makers,leadgen,Delhi NCR,996.5,1574,1,1,0,0,0,0
2026-07-15,vrs26_li_inmail_hr_leads_natl,hr_decision_makers,leadgen,Bengaluru,662.64,1255,13,13,0,0,0,0
2026-07-15,vrs26_li_inmail_hr_leads_natl,hr_decision_makers,leadgen,Hyderabad,519.82,1133,9,9,0,0,0,0
2026-07-15,vrs26_li_inmail_hr_leads_natl,hr_decision_makers,leadgen,Pune,460.33,1028,4,4,1,1,1,6499
2026-07-15,vrs26_li_inmail_hr_leads_natl,hr_decision_makers,leadgen,Chennai,331.28,558,2,2,0,0,0,0
2026-07-15,vrs26_li_inmail_hr_leads_natl,corporate_wellness,leadgen,Mumbai,1281.63,2795,15,15,1,0,0,0
2026-07-15,vrs26_li_inmail_hr_leads_natl,corporate_wellness,leadgen,Delhi NCR,917.79,1935,10,10,1,1,1,6499
2026-07-15,vrs26_li_inmail_hr_leads_natl,corporate_wellness,leadgen,Bengaluru,830.02,1685,9,9,1,1,1,799
2026-07-15,vrs26_li_inmail_hr_leads_natl,corporate_wellness,leadgen,Hyderabad,490.4,1049,7,7,0,0,0,0
2026-07-15,vrs26_li_inmail_hr_leads_natl,corporate_wellness,leadgen,Pune,474.08,947,2,2,0,0,0,0
2026-07-15,vrs26_li_inmail_hr_leads_natl,corporate_wellness,leadgen,Chennai,303.04,639,5,5,1,0,0,0
2026-07-15,vrs26_li_inmail_hr_leads_natl,fitness_enthusiasts,leadgen,Mumbai,878.24,1597,8,8,1,0,0,0
2026-07-15,vrs26_li_inmail_hr_leads_natl,fitness_enthusiasts,leadgen,Delhi NCR,1068.87,2580,16,16,0,0,0,0
2026-07-15,vrs26_li_inmail_hr_leads_natl,fitness_enthusiasts,leadgen,Bengaluru,831.4,1978,12,12,0,0,0,0
2026-07-15,vrs26_li_inmail_hr_leads_natl,fitness_enthusiasts,leadgen,Hyderabad,676.39,1198,5,5,0,0,0,0
2026-07-15,vrs26_li_inmail_hr_leads_natl,fitness_enthusiasts,leadgen,Pune,441.65,858,4,4,0,0,0,0
2026-07-15,vrs26_li_inmail_hr_leads_natl,fitness_enthusiasts,leadgen,Chennai,400.39,791,4,4,0,0,0,0
2026-07-15,vrs26_li_conv_teamreg_mum,hr_decision_makers,conversion,Mumbai,9561.72,20626,121,121,9,2,1,799
2026-07-15,vrs26_li_conv_teamreg_mum,hr_decision_makers,conversion,Delhi NCR,577.39,1192,10,10,1,1,1,6499
2026-07-15,vrs26_li_conv_teamreg_mum,hr_decision_makers,conversion,Bengaluru,464.54,780,3,3,0,0,0,0
2026-07-15,vrs26_li_conv_teamreg_mum,hr_decision_makers,conversion,Hyderabad,266.68,510,2,2,0,0,0,0
2026-07-15,vrs26_li_conv_teamreg_mum,hr_decision_makers,conversion,Pune,236.94,451,2,2,0,0,0,0
2026-07-15,vrs26_li_conv_teamreg_mum,hr_decision_makers,conversion,Chennai,172.23,277,3,3,0,0,0,0
2026-07-15,vrs26_li_conv_teamreg_blr,running_clubs,conversion,Mumbai,745.62,1223,14,14,2,1,1,2499
2026-07-15,vrs26_li_conv_teamreg_blr,running_clubs,conversion,Delhi NCR,576.08,1134,10,10,0,0,0,0
2026-07-15,vrs26_li_conv_teamreg_blr,running_clubs,conversion,Bengaluru,7533.33,15691,91,91,7,4,2,2098
2026-07-15,vrs26_li_conv_teamreg_blr,running_clubs,conversion,Hyderabad,385.65,779,8,8,2,1,0,0
2026-07-15,vrs26_li_conv_teamreg_blr,running_clubs,conversion,Pune,253.45,516,0,0,0,0,0,0
2026-07-15,vrs26_li_conv_teamreg_blr,running_clubs,conversion,Chennai,174.02,335,1,1,0,0,0,0
2026-07-15,vrs26_li_doc_ad_wellness_natl,running_clubs,leadgen,Mumbai,1397.25,2891,14,14,1,0,0,0
2026-07-15,vrs26_li_doc_ad_wellness_natl,running_clubs,leadgen,Delhi NCR,955.13,1912,9,9,1,0,0,0
2026-07-15,vrs26_li_doc_ad_wellness_natl,running_clubs,leadgen,Bengaluru,929.87,1880,10,10,1,0,0,0
2026-07-15,vrs26_li_doc_ad_wellness_natl,running_clubs,leadgen,Hyderabad,723.11,1502,5,5,1,1,0,0
2026-07-15,vrs26_li_doc_ad_wellness_natl,running_clubs,leadgen,Pune,418.2,848,3,3,0,0,0,0
2026-07-15,vrs26_li_doc_ad_wellness_natl,running_clubs,leadgen,Chennai,410.5,749,3,3,0,0,0,0
2026-07-15,vrs26_li_doc_ad_wellness_natl,senior_management,leadgen,Mumbai,1225.11,2340,21,21,2,1,1,799
2026-07-15,vrs26_li_doc_ad_wellness_natl,senior_management,leadgen,Delhi NCR,1016.47,2280,13,13,1,1,1,799
2026-07-15,vrs26_li_doc_ad_wellness_natl,senior_management,leadgen,Bengaluru,1046.8,2081,12,12,3,1,1,1999
2026-07-15,vrs26_li_doc_ad_wellness_natl,senior_management,leadgen,Hyderabad,700.66,1474,14,14,0,0,0,0
2026-07-15,vrs26_li_doc_ad_wellness_natl,senior_management,leadgen,Pune,417.73,871,11,11,2,1,0,0
2026-07-15,vrs26_li_doc_ad_wellness_natl,senior_management,leadgen,Chennai,427.3,768,8,8,1,0,0,0
2026-07-16,vrs26_li_inmail_hr_leads_natl,running_clubs,leadgen,Mumbai,1248.86,2633,14,14,0,0,0,0
2026-07-16,vrs26_li_inmail_hr_leads_natl,running_clubs,leadgen,Delhi NCR,1310.79,2597,18,18,1,0,0,0
2026-07-16,vrs26_li_inmail_hr_leads_natl,running_clubs,leadgen,Bengaluru,1438.66,3230,24,24,1,1,1,799
2026-07-16,vrs26_li_inmail_hr_leads_natl,running_clubs,leadgen,Hyderabad,724.75,1343,9,9,0,0,0,0
2026-07-16,vrs26_li_inmail_hr_leads_natl,running_clubs,leadgen,Pune,579.34,1082,4,4,0,0,0,0
2026-07-16,vrs26_li_inmail_hr_leads_natl,running_clubs,leadgen,Chennai,470.59,1002,2,2,0,0,0,0
2026-07-16,vrs26_li_inmail_hr_leads_natl,senior_management,leadgen,Mumbai,1670.32,3174,22,22,1,1,1,799
2026-07-16,vrs26_li_inmail_hr_leads_natl,senior_management,leadgen,Delhi NCR,1197.36,2224,13,13,1,0,0,0
2026-07-16,vrs26_li_inmail_hr_leads_natl,senior_management,leadgen,Bengaluru,1100.42,2183,18,18,1,0,0,0
2026-07-16,vrs26_li_inmail_hr_leads_natl,senior_management,leadgen,Hyderabad,789.12,1517,9,9,0,0,0,0
2026-07-16,vrs26_li_inmail_hr_leads_natl,senior_management,leadgen,Pune,557.55,1147,4,4,0,0,0,0
2026-07-16,vrs26_li_inmail_hr_leads_natl,senior_management,leadgen,Chennai,458.2,986,5,5,1,0,0,0
2026-07-16,vrs26_li_conv_teamreg_mum,hr_decision_makers,conversion,Mumbai,1976.78,4870,33,33,1,0,0,0
2026-07-16,vrs26_li_conv_teamreg_mum,hr_decision_makers,conversion,Delhi NCR,178.13,335,2,2,0,0,0,0
2026-07-16,vrs26_li_conv_teamreg_mum,hr_decision_makers,conversion,Bengaluru,148.91,305,0,0,0,0,0,0
2026-07-16,vrs26_li_conv_teamreg_mum,hr_decision_makers,conversion,Hyderabad,100.56,184,0,0,0,0,0,0
2026-07-16,vrs26_li_conv_teamreg_mum,hr_decision_makers,conversion,Pune,65.37,142,2,2,0,0,0,0
2026-07-16,vrs26_li_conv_teamreg_mum,hr_decision_makers,conversion,Chennai,55.93,115,0,0,0,0,0,0
2026-07-16,vrs26_li_conv_teamreg_mum,corporate_wellness,conversion,Mumbai,2130.9,3968,19,19,1,1,1,2999
2026-07-16,vrs26_li_conv_teamreg_mum,corporate_wellness,conversion,Delhi NCR,126.07,268,0,0,0,0,0,0
2026-07-16,vrs26_li_conv_teamreg_mum,corporate_wellness,conversion,Bengaluru,108.82,220,1,1,0,0,0,0
2026-07-16,vrs26_li_conv_teamreg_mum,corporate_wellness,conversion,Hyderabad,69.17,155,0,0,0,0,0,0
2026-07-16,vrs26_li_conv_teamreg_mum,corporate_wellness,conversion,Pune,54.72,96,0,0,0,0,0,0
2026-07-16,vrs26_li_conv_teamreg_mum,corporate_wellness,conversion,Chennai,36.01,71,0,0,0,0,0,0
2026-07-16,vrs26_li_conv_teamreg_mum,fitness_enthusiasts,conversion,Mumbai,2110.23,4321,26,26,1,0,0,0
2026-07-16,vrs26_li_conv_teamreg_mum,fitness_enthusiasts,conversion,Delhi NCR,140.22,264,0,0,0,0,0,0
2026-07-16,vrs26_li_conv_teamreg_mum,fitness_enthusiasts,conversion,Bengaluru,114.8,214,2,2,0,0,0,0
2026-07-16,vrs26_li_conv_teamreg_mum,fitness_enthusiasts,conversion,Hyderabad,79.63,144,1,1,0,0,0,0
2026-07-16,vrs26_li_conv_teamreg_mum,fitness_enthusiasts,conversion,Pune,42.68,89,1,1,0,0,0,0
2026-07-16,vrs26_li_conv_teamreg_mum,fitness_enthusiasts,conversion,Chennai,38.13,75,0,0,0,0,0,0
2026-07-16,vrs26_li_conv_teamreg_mum,running_clubs,conversion,Mumbai,2088.16,4837,25,25,1,0,0,0
2026-07-16,vrs26_li_conv_teamreg_mum,running_clubs,conversion,Delhi NCR,126.06,303,2,2,0,0,0,0
2026-07-16,vrs26_li_conv_teamreg_mum,running_clubs,conversion,Bengaluru,115.38,246,1,1,0,0,0,0
2026-07-16,vrs26_li_conv_teamreg_mum,running_clubs,conversion,Hyderabad,93.99,188,3,3,0,0,0,0
2026-07-16,vrs26_li_conv_teamreg_mum,running_clubs,conversion,Pune,54.12,94,1,1,0,0,0,0
2026-07-16,vrs26_li_conv_teamreg_mum,running_clubs,conversion,Chennai,47.97,104,0,0,0,0,0,0
2026-07-16,vrs26_li_conv_teamreg_blr,corporate_wellness,conversion,Mumbai,201.2,323,1,1,0,0,0,0
2026-07-16,vrs26_li_conv_teamreg_blr,corporate_wellness,conversion,Delhi NCR,175.57,387,0,0,0,0,0,0
2026-07-16,vrs26_li_conv_teamreg_blr,corporate_wellness,conversion,Bengaluru,2273.79,5068,37,37,2,1,0,0
2026-07-16,vrs26_li_conv_teamreg_blr,corporate_wellness,conversion,Hyderabad,124.84,239,1,1,0,0,0,0
2026-07-16,vrs26_li_conv_teamreg_blr,corporate_wellness,conversion,Pune,57.68,100,0,0,0,0,0,0
2026-07-16,vrs26_li_conv_teamreg_blr,corporate_wellness,conversion,Chennai,53.41,93,0,0,0,0,0,0
2026-07-16,vrs26_li_conv_teamreg_blr,fitness_enthusiasts,conversion,Mumbai,171.77,349,1,1,0,0,0,0
2026-07-16,vrs26_li_conv_teamreg_blr,fitness_enthusiasts,conversion,Delhi NCR,161.05,307,0,0,0,0,0,0
2026-07-16,vrs26_li_conv_teamreg_blr,fitness_enthusiasts,conversion,Bengaluru,2368.07,4095,32,32,2,2,2,3298
2026-07-16,vrs26_li_conv_teamreg_blr,fitness_enthusiasts,conversion,Hyderabad,99.26,197,0,0,0,0,0,0
2026-07-16,vrs26_li_conv_teamreg_blr,fitness_enthusiasts,conversion,Pune,50.54,136,2,2,0,0,0,0
2026-07-16,vrs26_li_conv_teamreg_blr,fitness_enthusiasts,conversion,Chennai,35.8,66,1,1,0,0,0,0
2026-07-16,vrs26_li_conv_teamreg_blr,senior_management,conversion,Mumbai,199.25,429,1,1,0,0,0,0
2026-07-16,vrs26_li_conv_teamreg_blr,senior_management,conversion,Delhi NCR,155.65,306,5,5,0,0,0,0
2026-07-16,vrs26_li_conv_teamreg_blr,senior_management,conversion,Bengaluru,2289.39,4832,23,23,4,2,1,1299
2026-07-16,vrs26_li_conv_teamreg_blr,senior_management,conversion,Hyderabad,121.05,229,3,3,0,0,0,0
2026-07-16,vrs26_li_conv_teamreg_blr,senior_management,conversion,Pune,59.02,112,1,1,0,0,0,0
2026-07-16,vrs26_li_conv_teamreg_blr,senior_management,conversion,Chennai,62.13,135,1,1,0,0,0,0
2026-07-16,vrs26_li_doc_ad_wellness_natl,hr_decision_makers,leadgen,Mumbai,572.69,997,7,7,0,0,0,0
2026-07-16,vrs26_li_doc_ad_wellness_natl,hr_decision_makers,leadgen,Delhi NCR,636.18,950,6,6,0,0,0,0
2026-07-16,vrs26_li_doc_ad_wellness_natl,hr_decision_makers,leadgen,Bengaluru,628.96,1312,10,10,2,1,1,799
2026-07-16,vrs26_li_doc_ad_wellness_natl,hr_decision_makers,leadgen,Hyderabad,415.91,752,1,1,0,0,0,0
2026-07-16,vrs26_li_doc_ad_wellness_natl,hr_decision_makers,leadgen,Pune,315.5,657,8,8,0,0,0,0
2026-07-16,vrs26_li_doc_ad_wellness_natl,hr_decision_makers,leadgen,Chennai,317.25,624,7,7,0,0,0,0
2026-07-16,vrs26_li_doc_ad_wellness_natl,fitness_enthusiasts,leadgen,Mumbai,792.78,1467,8,8,0,0,0,0
2026-07-16,vrs26_li_doc_ad_wellness_natl,fitness_enthusiasts,leadgen,Delhi NCR,628.81,1167,12,12,0,0,0,0
2026-07-16,vrs26_li_doc_ad_wellness_natl,fitness_enthusiasts,leadgen,Bengaluru,557.58,1243,10,10,2,0,0,0
2026-07-16,vrs26_li_doc_ad_wellness_natl,fitness_enthusiasts,leadgen,Hyderabad,408.21,869,1,1,0,0,0,0
2026-07-16,vrs26_li_doc_ad_wellness_natl,fitness_enthusiasts,leadgen,Pune,290,645,5,5,0,0,0,0
2026-07-16,vrs26_li_doc_ad_wellness_natl,fitness_enthusiasts,leadgen,Chennai,209.11,391,2,2,0,0,0,0
2026-07-16,vrs26_li_doc_ad_wellness_natl,senior_management,leadgen,Mumbai,816.09,1464,7,7,0,0,0,0
2026-07-16,vrs26_li_doc_ad_wellness_natl,senior_management,leadgen,Delhi NCR,579.78,1304,6,6,0,0,0,0
2026-07-16,vrs26_li_doc_ad_wellness_natl,senior_management,leadgen,Bengaluru,574.83,1224,8,8,1,0,0,0
2026-07-16,vrs26_li_doc_ad_wellness_natl,senior_management,leadgen,Hyderabad,390.26,772,3,3,0,0,0,0
2026-07-16,vrs26_li_doc_ad_wellness_natl,senior_management,leadgen,Pune,311.24,557,1,1,0,0,0,0
2026-07-16,vrs26_li_doc_ad_wellness_natl,senior_management,leadgen,Chennai,214.28,502,2,2,0,0,0,0
2026-07-17,vrs26_li_inmail_hr_leads_natl,corporate_wellness,leadgen,Mumbai,969.69,2037,11,11,0,0,0,0
2026-07-17,vrs26_li_inmail_hr_leads_natl,corporate_wellness,leadgen,Delhi NCR,651.33,1446,12,12,0,0,0,0
2026-07-17,vrs26_li_inmail_hr_leads_natl,corporate_wellness,leadgen,Bengaluru,760.63,1543,10,10,1,1,1,1598
2026-07-17,vrs26_li_inmail_hr_leads_natl,corporate_wellness,leadgen,Hyderabad,497.49,1102,2,2,0,0,0,0
2026-07-17,vrs26_li_inmail_hr_leads_natl,corporate_wellness,leadgen,Pune,371.77,776,9,9,0,0,0,0
2026-07-17,vrs26_li_inmail_hr_leads_natl,corporate_wellness,leadgen,Chennai,290.22,667,3,3,0,0,0,0
2026-07-17,vrs26_li_inmail_hr_leads_natl,fitness_enthusiasts,leadgen,Mumbai,799.8,1287,15,15,0,0,0,0
2026-07-17,vrs26_li_inmail_hr_leads_natl,fitness_enthusiasts,leadgen,Delhi NCR,698.73,1508,8,8,0,0,0,0
2026-07-17,vrs26_li_inmail_hr_leads_natl,fitness_enthusiasts,leadgen,Bengaluru,818.95,1817,14,14,2,0,0,0
2026-07-17,vrs26_li_inmail_hr_leads_natl,fitness_enthusiasts,leadgen,Hyderabad,524.42,1230,12,12,2,2,0,0
2026-07-17,vrs26_li_inmail_hr_leads_natl,fitness_enthusiasts,leadgen,Pune,352.27,799,7,7,1,1,1,799
2026-07-17,vrs26_li_inmail_hr_leads_natl,fitness_enthusiasts,leadgen,Chennai,346.95,617,3,3,0,0,0,0
2026-07-17,vrs26_li_inmail_hr_leads_natl,senior_management,leadgen,Mumbai,957.34,1940,11,11,0,0,0,0
2026-07-17,vrs26_li_inmail_hr_leads_natl,senior_management,leadgen,Delhi NCR,785.53,1762,10,10,1,1,1,1299
2026-07-17,vrs26_li_inmail_hr_leads_natl,senior_management,leadgen,Bengaluru,800.28,1427,7,7,0,0,0,0
2026-07-17,vrs26_li_inmail_hr_leads_natl,senior_management,leadgen,Hyderabad,407.24,769,4,4,0,0,0,0
2026-07-17,vrs26_li_inmail_hr_leads_natl,senior_management,leadgen,Pune,357.43,683,3,3,1,1,1,1999
2026-07-17,vrs26_li_inmail_hr_leads_natl,senior_management,leadgen,Chennai,233.3,431,1,1,0,0,0,0
2026-07-17,vrs26_li_conv_teamreg_mum,hr_decision_makers,conversion,Mumbai,2591.36,5251,28,28,5,0,0,0
2026-07-17,vrs26_li_conv_teamreg_mum,hr_decision_makers,conversion,Delhi NCR,149.23,320,4,4,2,1,1,499
2026-07-17,vrs26_li_conv_teamreg_mum,hr_decision_makers,conversion,Bengaluru,115.32,260,4,4,1,0,0,0
2026-07-17,vrs26_li_conv_teamreg_mum,hr_decision_makers,conversion,Hyderabad,111.97,232,1,1,0,0,0,0
2026-07-17,vrs26_li_conv_teamreg_mum,hr_decision_makers,conversion,Pune,55.62,109,1,1,0,0,0,0
2026-07-17,vrs26_li_conv_teamreg_mum,hr_decision_makers,conversion,Chennai,74.98,170,0,0,0,0,0,0
2026-07-17,vrs26_li_conv_teamreg_mum,corporate_wellness,conversion,Mumbai,2630.14,4681,21,21,1,0,0,0
2026-07-17,vrs26_li_conv_teamreg_mum,corporate_wellness,conversion,Delhi NCR,153.41,344,3,3,1,1,0,0
2026-07-17,vrs26_li_conv_teamreg_mum,corporate_wellness,conversion,Bengaluru,101.02,166,0,0,0,0,0,0
2026-07-17,vrs26_li_conv_teamreg_mum,corporate_wellness,conversion,Hyderabad,92.99,200,3,3,0,0,0,0
2026-07-17,vrs26_li_conv_teamreg_mum,corporate_wellness,conversion,Pune,68.4,136,0,0,0,0,0,0
2026-07-17,vrs26_li_conv_teamreg_mum,corporate_wellness,conversion,Chennai,52.52,99,1,1,0,0,0,0
2026-07-17,vrs26_li_conv_teamreg_mum,fitness_enthusiasts,conversion,Mumbai,2612.72,5933,32,32,4,1,1,799
2026-07-17,vrs26_li_conv_teamreg_mum,fitness_enthusiasts,conversion,Delhi NCR,153.24,285,2,2,0,0,0,0
2026-07-17,vrs26_li_conv_teamreg_mum,fitness_enthusiasts,conversion,Bengaluru,118.4,241,3,3,0,0,0,0
2026-07-17,vrs26_li_conv_teamreg_mum,fitness_enthusiasts,conversion,Hyderabad,99.78,192,3,3,0,0,0,0
2026-07-17,vrs26_li_conv_teamreg_mum,fitness_enthusiasts,conversion,Pune,55.78,103,0,0,0,0,0,0
2026-07-17,vrs26_li_conv_teamreg_mum,fitness_enthusiasts,conversion,Chennai,58.57,112,0,0,0,0,0,0
2026-07-17,vrs26_li_conv_teamreg_blr,hr_decision_makers,conversion,Mumbai,82.19,144,1,1,0,0,0,0
2026-07-17,vrs26_li_conv_teamreg_blr,hr_decision_makers,conversion,Delhi NCR,68.42,132,0,0,0,0,0,0
2026-07-17,vrs26_li_conv_teamreg_blr,hr_decision_makers,conversion,Bengaluru,1720.15,2666,24,24,1,1,1,2499
2026-07-17,vrs26_li_conv_teamreg_blr,hr_decision_makers,conversion,Hyderabad,48.41,110,0,0,0,0,0,0
2026-07-17,vrs26_li_conv_teamreg_blr,hr_decision_makers,conversion,Pune,40.17,92,1,1,1,0,0,0
2026-07-17,vrs26_li_conv_teamreg_blr,hr_decision_makers,conversion,Chennai,32.53,63,0,0,0,0,0,0
2026-07-17,vrs26_li_conv_teamreg_blr,corporate_wellness,conversion,Mumbai,119.93,252,1,1,0,0,0,0
2026-07-17,vrs26_li_conv_teamreg_blr,corporate_wellness,conversion,Delhi NCR,130.67,264,4,4,1,0,0,0
2026-07-17,vrs26_li_conv_teamreg_blr,corporate_wellness,conversion,Bengaluru,1584.87,3019,27,27,5,4,4,8296
2026-07-17,vrs26_li_conv_teamreg_blr,corporate_wellness,conversion,Hyderabad,58.92,113,0,0,0,0,0,0
2026-07-17,vrs26_li_conv_teamreg_blr,corporate_wellness,conversion,Pune,54.97,102,1,1,0,0,0,0
2026-07-17,vrs26_li_conv_teamreg_blr,corporate_wellness,conversion,Chennai,42.54,89,2,2,0,0,0,0
2026-07-17,vrs26_li_conv_teamreg_blr,fitness_enthusiasts,conversion,Mumbai,107.21,192,1,1,1,0,0,0
2026-07-17,vrs26_li_conv_teamreg_blr,fitness_enthusiasts,conversion,Delhi NCR,85.43,162,2,2,0,0,0,0
2026-07-17,vrs26_li_conv_teamreg_blr,fitness_enthusiasts,conversion,Bengaluru,1683.45,3266,10,10,3,1,0,0
2026-07-17,vrs26_li_conv_teamreg_blr,fitness_enthusiasts,conversion,Hyderabad,53.16,109,0,0,0,0,0,0
2026-07-17,vrs26_li_conv_teamreg_blr,fitness_enthusiasts,conversion,Pune,33.46,58,0,0,0,0,0,0
2026-07-17,vrs26_li_conv_teamreg_blr,fitness_enthusiasts,conversion,Chennai,29.16,52,0,0,0,0,0,0
2026-07-17,vrs26_li_conv_teamreg_blr,senior_management,conversion,Mumbai,85.08,151,1,1,0,0,0,0
2026-07-17,vrs26_li_conv_teamreg_blr,senior_management,conversion,Delhi NCR,89.14,173,2,2,0,0,0,0
2026-07-17,vrs26_li_conv_teamreg_blr,senior_management,conversion,Bengaluru,1676.14,3368,9,9,0,0,0,0
2026-07-17,vrs26_li_conv_teamreg_blr,senior_management,conversion,Hyderabad,67.8,127,0,0,0,0,0,0
2026-07-17,vrs26_li_conv_teamreg_blr,senior_management,conversion,Pune,40.24,84,1,1,0,0,0,0
2026-07-17,vrs26_li_conv_teamreg_blr,senior_management,conversion,Chennai,33.48,67,2,2,0,0,0,0
2026-07-17,vrs26_li_doc_ad_wellness_natl,hr_decision_makers,leadgen,Mumbai,754.3,1757,8,8,0,0,0,0
2026-07-17,vrs26_li_doc_ad_wellness_natl,hr_decision_makers,leadgen,Delhi NCR,518.02,1064,4,4,0,0,0,0
2026-07-17,vrs26_li_doc_ad_wellness_natl,hr_decision_makers,leadgen,Bengaluru,527.5,1008,9,9,1,0,0,0
2026-07-17,vrs26_li_doc_ad_wellness_natl,hr_decision_makers,leadgen,Hyderabad,377.81,775,7,7,0,0,0,0
2026-07-17,vrs26_li_doc_ad_wellness_natl,hr_decision_makers,leadgen,Pune,242.5,502,0,0,0,0,0,0
2026-07-17,vrs26_li_doc_ad_wellness_natl,hr_decision_makers,leadgen,Chennai,235.71,503,4,4,1,0,0,0
2026-07-17,vrs26_li_doc_ad_wellness_natl,fitness_enthusiasts,leadgen,Mumbai,688.15,1572,12,12,2,1,1,2499
2026-07-17,vrs26_li_doc_ad_wellness_natl,fitness_enthusiasts,leadgen,Delhi NCR,593.44,1003,7,7,1,0,0,0
2026-07-17,vrs26_li_doc_ad_wellness_natl,fitness_enthusiasts,leadgen,Bengaluru,503.88,1001,2,2,1,0,0,0
2026-07-17,vrs26_li_doc_ad_wellness_natl,fitness_enthusiasts,leadgen,Hyderabad,391.73,901,6,6,0,0,0,0
2026-07-17,vrs26_li_doc_ad_wellness_natl,fitness_enthusiasts,leadgen,Pune,269.51,633,2,2,0,0,0,0
2026-07-17,vrs26_li_doc_ad_wellness_natl,fitness_enthusiasts,leadgen,Chennai,209.13,470,4,4,0,0,0,0
2026-07-17,vrs26_li_doc_ad_wellness_natl,running_clubs,leadgen,Mumbai,704.01,1370,2,2,0,0,0,0
2026-07-17,vrs26_li_doc_ad_wellness_natl,running_clubs,leadgen,Delhi NCR,578.44,1158,11,11,2,1,0,0
2026-07-17,vrs26_li_doc_ad_wellness_natl,running_clubs,leadgen,Bengaluru,524.58,1180,4,4,0,0,0,0
2026-07-17,vrs26_li_doc_ad_wellness_natl,running_clubs,leadgen,Hyderabad,417.89,667,0,0,0,0,0,0
2026-07-17,vrs26_li_doc_ad_wellness_natl,running_clubs,leadgen,Pune,223.85,482,2,2,0,0,0,0
2026-07-17,vrs26_li_doc_ad_wellness_natl,running_clubs,leadgen,Chennai,207.07,388,2,2,0,0,0,0
